collect_time,temperature,poa_global,cos_aoi,dni,dhi,wind_speed,active_power
2024-04-01 00:00:00,13.313,0.0,0.0,0.0,0.0,1.3928387,0.0
2024-04-01 00:30:00,13.063,0.0,0.0,0.0,0.0,1.43972275,0.0
2024-04-01 01:00:00,12.813,0.0,0.0,0.0,0.0,1.4866068,0.0
2024-04-01 01:30:00,12.513,0.0,0.0,0.0,0.0,1.56792455,0.0
2024-04-01 02:00:00,12.213,0.0,0.0,0.0,0.0,1.6492423,0.0
2024-04-01 02:30:00,12.063,0.0,0.0,0.0,0.0,1.6385622,0.0
2024-04-01 03:00:00,11.913,0.0,0.0,0.0,0.0,1.6278821,0.0
2024-04-01 03:30:00,11.813,0.0,0.0,0.0,0.0,1.57551835,0.0
2024-04-01 04:00:00,11.713,0.0,0.0,0.0,0.0,1.5231546,0.0
2024-04-01 04:30:00,11.563,0.0,0.0,0.0,0.0,1.52643025,0.0
2024-04-01 05:00:00,11.413,0.0,0.0,0.0,0.0,1.5297059,0.0
2024-04-01 05:30:00,12.688,0.0,0.0,0.0,0.0,1.2747549,0.0
2024-04-01 06:00:00,13.963,0.0,0.0,0.0,0.0,1.0198039,0.0
2024-04-01 06:30:00,14.463,0.0,0.0,0.0,0.0,1.2731188,0.0
2024-04-01 07:00:00,14.963,0.0,0.0,0.0,0.0,1.5264337,1.048
2024-04-01 07:30:00,14.188,31.85582003866113,0.05184865948598165,79.315855,28.2679425,1.6576441,30.376
2024-04-01 08:00:00,13.413,83.59024373260891,0.1771615849741243,158.63171,56.535885,1.7888545,107.682
2024-04-01 08:30:00,15.3130005,203.41006911936643,0.2998077060363549,388.911405,88.03224750000001,1.45344425,223.529
2024-04-01 09:00:00,17.213001,376.7649215706409,0.41768826177025625,619.1911,119.52861,1.118034,351.145
2024-04-01 09:30:00,18.8880015,498.4700310480539,0.5287860566063988,696.8509200000001,130.904705,0.559017,484.193
2024-04-01 10:00:00,20.563002,630.705078539889,0.6312000060973866,774.51074,142.2808,0.0,566.3700000000001
2024-04-01 10:30:00,22.0130015,733.7169932841093,0.7231776942713447,808.79182,148.76438000000002,0.41231057,645.799
2024-04-01 11:00:00,23.463001,832.9097787707617,0.803145367379487,843.0729,155.24796,0.82462114,708.844
2024-04-01 11:30:00,24.2880005,903.2811081194126,0.8697348911866445,854.9439199999999,158.77098999999998,1.2138715699999998,727.5
2024-04-01 12:00:00,25.113,962.6496549993037,0.9218071829689705,866.81494,162.29402,1.603122,729.631
2024-04-01 12:30:00,25.513,993.4526347008419,0.958471708786059,865.2952700000001,162.540475,1.906097,729.5509999999999
2024-04-01 13:00:00,25.913,1010.2939719473117,0.979101738496553,863.7756,162.78693,2.209072,729.679
2024-04-01 13:30:00,26.038,1000.9444449237873,0.9833450757053126,852.645125,160.671105,2.3303011,729.5590000000001
2024-04-01 14:00:00,26.163,977.6505306063139,0.9711300820026476,841.51465,158.55528,2.4515302,729.6690000000001
2024-04-01 14:30:00,26.113001,929.9369305365565,0.9426669005709977,820.809175,154.455625,2.302798,729.612
2024-04-01 15:00:00,26.063002,870.7924849695019,0.8984438459124092,800.1037,150.35597,2.1540658,726.348
2024-04-01 15:30:00,25.863001,788.0693612958607,0.839219035702018,766.33658,143.655555,1.3270329,700.659
2024-04-01 16:00:00,25.663,699.0996168120603,0.7660073970523651,732.56946,136.95514,0.5,631.5409999999999
2024-04-01 16:30:00,25.0630005,591.1526471968317,0.6800632685987906,681.6060500000001,127.00433,0.5662277499999999,553.337
2024-04-01 17:00:00,24.463001,484.86451394824456,0.5828589193896025,630.64264,117.05352,0.6324555,456.605
2024-04-01 17:30:00,23.9130005,365.2556401535374,0.4760593235252171,551.24074,102.946743,0.620365875,351.384
2024-04-01 18:00:00,23.363,258.9426027729851,0.36149363267896495,471.83884,88.839966,0.60827625,236.131
2024-04-01 18:30:00,22.238,148.1232552140832,0.2411238627708293,344.43251,65.58998700000001,0.65769151,122.7
2024-04-01 19:00:00,21.113,67.16336238759624,0.11701128855463722,217.02618,42.340008,0.70710677,46.578
2024-04-01 19:30:00,19.213001,20.884424707852798,0.0,108.51309,21.170004,1.055336785,7.566
2024-04-01 20:00:00,17.313002,0.0,0.0,0.0,0.0,1.4035668,0.0
2024-04-01 20:30:00,17.563002,0.0,0.0,0.0,0.0,1.1734824499999998,0.0
2024-04-01 21:00:00,17.813002,0.0,0.0,0.0,0.0,0.9433981,0.0
2024-04-01 21:30:00,17.363001,0.0,0.0,0.0,0.0,0.8524877,0.0
2024-04-01 22:00:00,16.913,0.0,0.0,0.0,0.0,0.7615773,0.0
2024-04-01 22:30:00,16.137999999999998,0.0,0.0,0.0,0.0,0.88328245,0.0
2024-04-01 23:00:00,15.363,0.0,0.0,0.0,0.0,1.0049876,0.0
2024-04-01 23:30:00,15.188,0.0,0.0,0.0,0.0,1.02450915,0.0
2024-04-02 00:00:00,15.013,0.0,0.0,0.0,0.0,1.0440307,0.0
2024-04-02 00:30:00,14.188,0.0,0.0,0.0,0.0,1.37201535,0.0
2024-04-02 01:00:00,13.363,0.0,0.0,0.0,0.0,1.7,0.0
2024-04-02 01:30:00,13.288,0.0,0.0,0.0,0.0,1.7246428,0.0
2024-04-02 02:00:00,13.213,0.0,0.0,0.0,0.0,1.7492856,0.0
2024-04-02 02:30:00,12.863,0.0,0.0,0.0,0.0,1.7246428,0.0
2024-04-02 03:00:00,12.513,0.0,0.0,0.0,0.0,1.7,0.0
2024-04-02 03:30:00,12.438,0.0,0.0,0.0,0.0,1.50000005,0.0
2024-04-02 04:00:00,12.363,0.0,0.0,0.0,0.0,1.3000001,0.0
2024-04-02 04:30:00,12.288,0.0,0.0,0.0,0.0,1.20226805,0.0
2024-04-02 05:00:00,12.213,0.0,0.0,0.0,0.0,1.104536,0.0
2024-04-02 05:30:00,13.738,0.0,0.0,0.0,0.0,0.80721897,0.0
2024-04-02 06:00:00,15.263,0.0,0.0,0.0,0.0,0.50990194,0.0
2024-04-02 06:30:00,15.4130005,0.0,0.0,0.0,0.0,0.68215117,0.0
2024-04-02 07:00:00,15.563001,0.0,0.0,0.0,0.0,0.8544004,0.0
2024-04-02 07:30:00,15.8630005,34.41615933720231,0.05481445481651034,84.03904,30.373855,0.791205675,28.306
2024-04-02 08:00:00,16.163,89.87979344222379,0.18003884319493052,168.07808,60.74771,0.72801095,93.641
2024-04-02 08:30:00,17.113001,209.342457017411,0.30257684275515206,396.75727,90.545185,0.544283045,185.81
2024-04-02 09:00:00,18.063002,381.8572590724902,0.420331554677471,625.43646,120.34266,0.36055514,301.419
2024-04-02 09:30:00,20.113001,502.434837751117,0.5312879524176097,698.2757799999999,132.3783,0.58339047,416.872
2024-04-02 10:00:00,22.163,632.4700363033533,0.6335473900690753,771.1151,144.41394,0.8062258,517.063
2024-04-02 10:30:00,23.638,734.1126739173108,0.7253601176038513,804.0527500000001,150.87523,0.9178944,605.7299999999999
2024-04-02 11:00:00,25.113,831.7448728175879,0.8051552285878856,836.9904,157.33652,1.029563,681.572
2024-04-02 11:30:00,25.988,901.2053042728444,0.8715675682533479,850.2284999999999,159.24776,1.0556142,721.189
2024-04-02 12:00:00,26.863,959.8875884705714,0.9234611139724311,863.4666,161.159,1.0816654,729.792
2024-04-02 12:30:00,27.5380005,991.2839424636463,0.9599484196135737,862.2978499999999,161.95205,1.2079159000000002,729.687
2024-04-02 13:00:00,28.213001,1008.7911870414139,0.9804058171510749,861.1291,162.7451,1.3341664,729.51
2024-04-02 13:30:00,28.213001,999.4522946220063,0.9844840935831601,849.67755,161.136985,1.45765255,729.638
2024-04-02 14:00:00,28.213001,976.2329342005214,0.972114463568624,838.226,159.52887,1.5811387,729.556
2024-04-02 14:30:00,28.213001,928.7303357493952,0.9435097436252032,818.28643,154.94512,1.50646035,729.549
2024-04-02 15:00:00,28.213001,869.7990340104251,0.8991606955596324,798.34686,150.36137,1.431782,728.0649999999999
2024-04-02 15:30:00,28.2380005,789.8441400729438,0.8398276159585911,767.8428650000001,143.67439000000002,1.8494694,696.03
2024-04-02 16:00:00,28.263,703.2104552565133,0.7665273047020174,737.33887,136.98741,2.2671568,620.4720000000001
2024-04-02 16:30:00,27.763,594.7627627658236,0.6805156346018562,686.3258350000001,127.05689,1.7377307,537.512
2024-04-02 17:00:00,27.263,487.9509080320033,0.5832660437206462,635.3128,117.12637,1.2083046,437.255
2024-04-02 17:30:00,26.563,367.54465761274116,0.4764442897451503,556.10258,102.67054,0.9041523,310.749
2024-04-02 18:00:00,25.863,260.3687568522272,0.3618799088850015,476.89236,88.21471,0.6,219.231
2024-04-02 18:30:00,25.263,149.56878989927986,0.2415348958912851,349.07887,65.7562865,0.4499999999999999,124.927
2024-04-02 19:00:00,24.663,68.70919577360047,0.11747009897847321,221.26538,43.297863,0.3,50.998000000000005
2024-04-02 19:30:00,23.088,21.358564842245492,0.0,110.63269,21.6489315,0.7352349999999999,10.196
2024-04-02 20:00:00,21.513,0.0,0.0,0.0,0.0,1.17047,0.0
2024-04-02 20:30:00,19.8630005,0.0,0.0,0.0,0.0,1.41288225,0.0
2024-04-02 21:00:00,18.213001,0.0,0.0,0.0,0.0,1.6552945,0.0
2024-04-02 21:30:00,18.0380005,0.0,0.0,0.0,0.0,1.9949091,0.0
2024-04-02 22:00:00,17.863,0.0,0.0,0.0,0.0,2.3345237,0.0
2024-04-02 22:30:00,17.238,0.0,0.0,0.0,0.0,2.34730425,0.0
2024-04-02 23:00:00,16.613,0.0,0.0,0.0,0.0,2.3600848,0.0
2024-04-02 23:30:00,16.038,0.0,0.0,0.0,0.0,2.5113951,0.0
2024-04-03 00:00:00,15.463,0.0,0.0,0.0,0.0,2.6627054,0.0
2024-04-03 00:30:00,15.213,0.0,0.0,0.0,0.0,2.5962637,0.0
2024-04-03 01:00:00,14.963,0.0,0.0,0.0,0.0,2.529822,0.0
2024-04-03 01:30:00,14.888,0.0,0.0,0.0,0.0,2.4824906,0.0
2024-04-03 02:00:00,14.813,0.0,0.0,0.0,0.0,2.4351592,0.0
2024-04-03 02:30:00,14.438,0.0,0.0,0.0,0.0,2.0675796,0.0
2024-04-03 03:00:00,14.063,0.0,0.0,0.0,0.0,1.7,0.0
2024-04-03 03:30:00,14.963,0.0,0.0,0.0,0.0,1.7232124999999998,0.0
2024-04-03 04:00:00,15.863,0.0,0.0,0.0,0.0,1.746425,0.0
2024-04-03 04:30:00,15.363,0.0,0.0,0.0,0.0,1.5458937,0.0
2024-04-03 05:00:00,14.863,0.0,0.0,0.0,0.0,1.3453624,0.0
2024-04-03 05:30:00,14.413,0.0,0.0,0.0,0.0,1.7274322,0.0
2024-04-03 06:00:00,13.963,0.0,0.0,0.0,0.0,2.109502,0.0
2024-04-03 06:30:00,13.888,0.0,0.0,0.0,0.0,2.2640895,0.0
2024-04-03 07:00:00,13.813,0.0,0.0,0.0,0.0,2.418677,0.1649999999999999
2024-04-03 07:30:00,14.788,36.99109888370909,0.0577588804700524,88.65357,32.4744225,1.9593385,29.349
2024-04-03 08:00:00,15.763,96.16871653548586,0.1828893110216233,177.30714,64.948845,1.5,98.533
2024-04-03 08:30:00,17.263,213.80884338387474,0.3053141000499655,399.74182,93.0559925,1.6014693,203.9
2024-04-03 09:00:00,18.763,382.9251932106167,0.42293829862717286,622.1765,121.16314,1.7029386,323.165
2024-04-03 09:30:00,19.563,503.4459546908206,0.533749129776215,697.45217,132.080935,2.3514693,443.225
2024-04-03 10:00:00,20.363,633.9193598872256,0.6358504579781384,772.72784,142.99873,3.0,564.335
2024-04-03 10:30:00,20.6630005,734.9344472792636,0.7274952610983554,805.30402,148.996845,3.23349355,661.318
2024-04-03 11:00:00,20.963001,831.8452915550729,0.8071155309723562,837.8802,154.99496,3.4669871,704.4830000000001
2024-04-03 11:30:00,21.9130005,900.5187919408995,0.8733491313854713,849.0389,158.040235,3.122738,729.7280000000001
2024-04-03 12:00:00,22.863,958.1807243176813,0.9250631263464153,860.1976,161.08551,2.7784889,729.812
2024-04-03 12:30:00,23.688,990.7350458494193,0.9613731710844505,859.977,162.406195,2.64224095,729.679
2024-04-03 13:00:00,24.513,1009.4961329587466,0.9816586599940297,859.7564,163.72688,2.505993,729.713
2024-04-03 13:30:00,24.463,1000.7748874062887,0.9855733505493253,849.09277,162.11459,2.64224095,729.7159999999999
2024-04-03 14:00:00,24.413,978.1890965687403,0.9730512845508131,838.42914,160.5023,2.7784889,729.689
2024-04-03 14:30:00,24.0630005,930.103078472044,0.9443079133772676,817.5351900000001,156.39225499999998,2.831465,729.763
2024-04-03 15:00:00,23.713001,870.6884954227942,0.8998363957763335,796.64124,152.28221,2.8844411,729.7650000000001
2024-04-03 15:30:00,23.963001,789.7990135248907,0.8403991458810447,765.0611,145.570375,2.51576605,711.808
2024-04-03 16:00:00,24.213001,702.4336499721613,0.7670147650327693,733.48096,138.85854,2.147091,652.903
2024-04-03 16:30:00,23.5380005,596.1689644021192,0.6809405802134946,685.31061,128.896625,2.377386,560.605
2024-04-03 17:00:00,22.863,491.05101694972643,0.5836511111807111,637.14026,118.93471,2.607681,462.931
2024-04-03 17:30:00,21.988,371.0861138269197,0.47681280608268745,558.64278,104.8236475,2.7743847,353.5369999999999
2024-04-03 18:00:00,21.113,264.1880385163219,0.36225548837926497,480.1453,90.712585,2.9410884,240.438
2024-04-03 18:30:00,19.838001,152.87132088771824,0.24194103185592178,352.802425,68.0518055,2.8794444500000003,131.146
2024-04-03 19:00:00,18.563002,71.3634979917512,0.1179297575980739,225.45955,45.391026,2.8178005,47.822
2024-04-03 19:30:00,17.013001,22.38755395604019,0.0,112.72977500000002,22.695513,2.51569735,10.272
2024-04-03 20:00:00,15.463,0.0,0.0,0.0,0.0,2.2135942,0.0
2024-04-03 20:30:00,14.738,0.0,0.0,0.0,0.0,2.1117847000000003,0.0
2024-04-03 21:00:00,14.013,0.0,0.0,0.0,0.0,2.0099752,0.0
2024-04-03 21:30:00,13.738,0.0,0.0,0.0,0.0,2.0062368,0.0
2024-04-03 22:00:00,13.463,0.0,0.0,0.0,0.0,2.0024984,0.0
2024-04-03 22:30:00,13.288,0.0,0.0,0.0,0.0,1.6531694,0.0
2024-04-03 23:00:00,13.113,0.0,0.0,0.0,0.0,1.3038404,0.0
2024-04-03 23:30:00,12.863,0.0,0.0,0.0,0.0,1.2019202,0.0
2024-04-04 00:00:00,12.613,0.0,0.0,0.0,0.0,1.1,0.0
2024-04-04 00:30:00,12.413,0.0,0.0,0.0,0.0,1.2571067500000002,0.0
2024-04-04 01:00:00,12.213,0.0,0.0,0.0,0.0,1.4142135,0.0
2024-04-04 01:30:00,12.363,0.0,0.0,0.0,0.0,1.40710675,0.0
2024-04-04 02:00:00,12.513,0.0,0.0,0.0,0.0,1.4,0.0
2024-04-04 02:30:00,13.163,0.0,0.0,0.0,0.0,1.192442875,0.0
2024-04-04 03:00:00,13.813,0.0,0.0,0.0,0.0,0.98488575,0.0
2024-04-04 03:30:00,12.738,0.0,0.0,0.0,0.0,1.014458225,0.0
2024-04-04 04:00:00,11.663,0.0,0.0,0.0,0.0,1.0440307,0.0
2024-04-04 04:30:00,12.163,0.0,0.0,0.0,0.0,1.014458225,0.0
2024-04-04 05:00:00,12.663,0.0,0.0,0.0,0.0,0.98488575,0.0
2024-04-04 05:30:00,11.613,0.0,0.0,0.0,0.0,1.230684025,0.0
2024-04-04 06:00:00,10.563,0.0,0.0,0.0,0.0,1.4764823,0.0
2024-04-04 06:30:00,10.463,0.0,0.0,0.0,0.0,1.49487845,0.0
2024-04-04 07:00:00,10.363,0.0,0.0,0.0,0.0,1.5132746,2.945
2024-04-04 07:30:00,11.288,38.1829792948275,0.06068000945247297,87.67946,33.489665,1.3066373,31.179
2024-04-04 08:00:00,12.213,98.29128932248571,0.1857111782851204,175.35892,66.97933,1.1,123.295
2024-04-04 08:30:00,13.463,213.18585075331356,0.30801780682186525,381.26543,97.16461,1.0908327,246.942
2024-04-04 09:00:00,14.713,375.6192004574533,0.4255069813937234,587.17194,127.34989,1.0816654,349.119
2024-04-04 09:30:00,15.913,496.1584954884079,0.5361682523147417,671.07032,137.420305,1.33140205,487.298
2024-04-04 10:00:00,17.113,628.6819639301198,0.6381080632503704,754.9687,147.49072,1.5811387,594.345
2024-04-04 10:30:00,18.313,730.5600085709103,0.7295821785591255,792.6325750000001,152.28691,1.7084473999999998,683.9879999999999
2024-04-04 11:00:00,19.513,829.3394967796578,0.8090255357916633,830.29645,157.0831,1.8357561,721.488
2024-04-04 11:30:00,20.463,895.7586878784564,0.8750790527458144,840.2300250000001,159.5775,1.7910905499999998,729.4939999999999
2024-04-04 12:00:00,21.413,951.1460819356375,0.9266129029311544,850.1636,162.0719,1.746425,729.845
2024-04-04 12:30:00,21.9380005,981.6490347797899,0.9627458528026404,848.88015,162.87863,1.6232125,729.757
2024-04-04 13:00:00,22.463001,998.4820553236206,0.9828603558924239,847.5967,163.68536,1.5,729.726
2024-04-04 13:30:00,22.6380015,991.2107988577563,0.9866131237679118,838.58055,162.08512000000002,1.4019202,729.711
2024-04-04 14:00:00,22.813002,970.24636280602,0.9739409961805384,829.5644,160.48488,1.3038404,729.837
2024-04-04 14:30:00,22.788001,922.456725520575,0.9450620178747802,808.8374,156.38614,1.526563,729.734
2024-04-04 15:00:00,22.763,863.4819605704622,0.9004716914744473,788.1104,152.2874,1.7492856,729.5939999999999
2024-04-04 15:30:00,22.763,778.9234413414579,0.8409344849351006,752.755,144.669105,1.91507535,722.081
2024-04-04 16:00:00,22.763,688.5839437823265,0.7674707277895236,717.3996,137.05081,2.0808651,669.6030000000001
2024-04-04 16:30:00,21.8630005,582.0492977749402,0.6813391196449416,666.17545,127.59453,2.776088,585.5020000000001
2024-04-04 17:00:00,20.963001,477.45594582451025,0.5840151735481963,614.9513,118.13825,3.4713109,485.197
2024-04-04 17:30:00,19.8630005,360.5447869789545,0.47716593437724214,538.54765,103.718947,3.7586483,368.37799999999993
2024-04-04 18:00:00,18.763,256.40464449031,0.362621415406363,462.144,89.299644,4.0459857,248.493
2024-04-04 18:30:00,17.588,149.10914478983824,0.24234327000493894,340.01979,67.257442,3.5930246,131.436
2024-04-04 19:00:00,16.413,70.39085847266821,0.11839119238549374,217.89558,45.21524,3.1400635,46.362
2024-04-04 19:30:00,15.263,22.296970470469734,0.0,108.94779,22.60762,2.6666174,9.269
2024-04-04 20:00:00,14.113,0.0,0.0,0.0,0.0,2.1931713,0.0
2024-04-04 20:30:00,13.613,0.0,0.0,0.0,0.0,2.18860215,0.0
2024-04-04 21:00:00,13.113,0.0,0.0,0.0,0.0,2.184033,0.0
2024-04-04 21:30:00,12.713,0.0,0.0,0.0,0.0,2.1514975,0.0
2024-04-04 22:00:00,12.313,0.0,0.0,0.0,0.0,2.118962,0.0
2024-04-04 22:30:00,12.038,0.0,0.0,0.0,0.0,2.00816425,0.0
2024-04-04 23:00:00,11.763,0.0,0.0,0.0,0.0,1.8973665,0.0
2024-04-04 23:30:00,11.663,0.0,0.0,0.0,0.0,1.85007105,0.0
2024-04-05 00:00:00,11.563,0.0,0.0,0.0,0.0,1.8027756,0.0
2024-04-05 00:30:00,11.313,0.0,0.0,0.0,0.0,1.6919572,0.0
2024-04-05 01:00:00,11.063,0.0,0.0,0.0,0.0,1.5811388,0.0
2024-04-05 01:30:00,10.913,0.0,0.0,0.0,0.0,1.50646045,0.0
2024-04-05 02:00:00,10.763,0.0,0.0,0.0,0.0,1.4317821,0.0
2024-04-05 02:30:00,10.713,0.0,0.0,0.0,0.0,1.50646045,0.0
2024-04-05 03:00:00,10.663,0.0,0.0,0.0,0.0,1.5811388,0.0
2024-04-05 03:30:00,10.488,0.0,0.0,0.0,0.0,1.50646045,0.0
2024-04-05 04:00:00,10.313,0.0,0.0,0.0,0.0,1.4317821,0.0
2024-04-05 04:30:00,10.463,0.0,0.0,0.0,0.0,1.4317821,0.0
2024-04-05 05:00:00,10.613,0.0,0.0,0.0,0.0,1.4317821,0.0
2024-04-05 05:30:00,10.788,0.0,0.0,0.0,0.0,1.6378455,0.0
2024-04-05 06:00:00,10.963,0.0,0.0,0.0,0.0,1.8439089,0.0
2024-04-05 06:30:00,10.888,0.0,0.0,0.0,0.0,1.9181974,0.0
2024-04-05 07:00:00,10.813,0.0,0.0,0.0,0.0,1.9924859,1.7
2024-04-05 07:30:00,11.363,41.122452643250746,0.06357600801577809,81.29978,36.6609075,2.00247355,30.035000000000004
2024-04-05 08:00:00,11.913,102.55793595039066,0.18850273391767577,162.59956,73.321815,2.0124612,32.817
2024-04-05 08:30:00,13.388,221.11238945939982,0.31068639514860363,400.46648,98.0692975,2.21660245,248.318
2024-04-05 09:00:00,14.863,394.70813086382304,0.42803619613152577,638.3334,122.81678,2.4207437,369.13700000000006
2024-04-05 09:30:00,16.088001,514.3863501483956,0.5385440893855471,707.1279999999999,134.44911,2.95965745,486.695
2024-04-05 10:00:00,17.313002,642.4932702513939,0.640319163402082,775.9226,146.08144,3.4985712,589.491
2024-04-05 10:30:00,18.188002,743.7851063955833,0.7316200243738152,808.6628000000001,152.07270999999997,4.0752261,684.48
2024-04-05 11:00:00,19.063002,840.9279924677145,0.8108845995599837,841.403,158.06398,4.651881,726.12
2024-04-05 11:30:00,19.688002,910.6042317174304,0.8767568926971165,853.7552000000001,161.0904,4.99146115,729.586
2024-04-05 12:00:00,20.313002,969.3328106520471,0.9281102060937739,866.1074,164.11682,5.3310413,729.521
2024-04-05 12:30:00,20.713001,1000.5525720081982,0.9640664237947917,864.63027,165.414605,5.5809965,729.5640000000001
2024-04-05 13:00:00,21.113,1017.8456553872181,0.9840110517547054,863.15314,166.71239,5.8309517,729.705
2024-04-05 13:30:00,21.263,1009.1501117828703,0.9876037359876682,853.31617,164.5805,5.97038985,729.815
2024-04-05 14:00:00,21.413,986.5404199743593,0.9747840819553544,843.4792,162.44861,6.109828,729.6750000000001
2024-04-05 14:30:00,21.388,938.9716089949451,0.9457726834930333,823.564215,158.32836,6.2033265,729.5740000000001
2024-04-05 15:00:00,21.363,879.9458875322346,0.9010673315708071,803.64923,154.20811,6.296825,729.53
2024-04-05 15:30:00,21.113,798.4984687777159,0.8414344821355129,772.144765,147.485095,6.2033265,729.73
2024-04-05 16:00:00,20.863,710.5094674239115,0.767896117924619,740.6403,140.76208,6.109828,721.6150000000001
2024-04-05 16:30:00,20.4130005,602.3669321463665,0.681712228352551,691.4475,130.35483,5.9896202,625.794
2024-04-05 17:00:00,19.963001,495.5302382620521,0.5843592304926789,642.2547,119.94758,5.8694124,515.147
2024-04-05 17:30:00,19.338001,374.50803976772755,0.4775046718416228,563.562285,105.4827125,5.6737754,394.54
2024-04-05 18:00:00,18.713001,266.5834704062794,0.3629786581357391,484.86987,91.017845,5.4781384,265.403
2024-04-05 18:30:00,17.8630005,155.00590654232678,0.24274252342399275,358.125465,68.5962715,4.977930499999999,139.228
2024-04-05 19:00:00,17.013,73.06204987029216,0.11885523630088532,231.38106,46.174698,4.4777226,47.422
2024-04-05 19:30:00,15.913,22.78059965422142,0.0,115.69053,23.087349,3.5851525,9.619
2024-04-05 20:00:00,14.813,0.0,0.0,0.0,0.0,2.6925824,0.0
2024-04-05 20:30:00,14.088,0.0,0.0,0.0,0.0,2.2195037,0.0
2024-04-05 21:00:00,13.363,0.0,0.0,0.0,0.0,1.746425,0.0
2024-04-05 21:30:00,12.963,0.0,0.0,0.0,0.0,1.58910355,0.0
2024-04-05 22:00:00,12.563,0.0,0.0,0.0,0.0,1.4317821,0.0
2024-04-05 22:30:00,12.338,0.0,0.0,0.0,0.0,1.62142955,0.0
2024-04-05 23:00:00,12.113,0.0,0.0,0.0,0.0,1.811077,0.0
2024-04-05 23:30:00,11.913,0.0,0.0,0.0,0.0,2.00667435,0.0
2024-04-06 00:00:00,11.713,0.0,0.0,0.0,0.0,2.2022717,0.0
2024-04-06 00:30:00,11.488,0.0,0.0,0.0,0.0,2.35113585,0.0
2024-04-06 01:00:00,11.263,0.0,0.0,0.0,0.0,2.5,0.0
2024-04-06 01:30:00,11.263,0.0,0.0,0.0,0.0,2.55096115,0.0
2024-04-06 02:00:00,11.263,0.0,0.0,0.0,0.0,2.6019223,0.0
2024-04-06 02:30:00,11.188,0.0,0.0,0.0,0.0,2.57571605,0.0
2024-04-06 03:00:00,11.113,0.0,0.0,0.0,0.0,2.5495098,0.0
2024-04-06 03:30:00,11.588,0.0,0.0,0.0,0.0,2.76639835,0.0
2024-04-06 04:00:00,12.063,0.0,0.0,0.0,0.0,2.9832869,0.0
2024-04-06 04:30:00,12.263,0.0,0.0,0.0,0.0,2.90585695,0.0
2024-04-06 05:00:00,12.463,0.0,0.0,0.0,0.0,2.828427,0.0
2024-04-06 05:30:00,12.338,0.0,0.0,0.0,0.0,2.8151061,0.0
2024-04-06 06:00:00,12.213,0.0,0.0,0.0,0.0,2.8017852,0.0
2024-04-06 06:30:00,12.213,0.0,0.0,0.0,0.0,3.0539201,0.0
2024-04-06 07:00:00,12.213,0.0,0.0,0.0,0.0,3.306055,3.365
2024-04-06 07:30:00,13.288,41.04970754344568,0.06644514034307199,101.8596,34.91979,3.9552005,40.774
2024-04-06 08:00:00,14.363,107.52708130802473,0.19126237024154685,203.7192,69.83958,4.604346,132.573
2024-04-06 08:30:00,15.713001,222.68556749327814,0.31331840416396767,406.232985,96.745058,5.130599999999999,257.355
2024-04-06 09:00:00,17.063002,384.3278165489914,0.43052464487438374,608.74677,123.650536,5.656854,390.986
2024-04-06 09:30:00,17.713001,502.30189778262144,0.5408755191310811,681.2833599999999,134.753423,6.6900975,513.5360000000001
2024-04-06 10:00:00,18.363,629.6938533608433,0.6424828228579622,753.81995,145.85631,7.723341,623.61
2024-04-06 10:30:00,18.863,729.8706462280096,0.7336080561158688,786.3633749999999,153.00275,7.8666675,719.607
2024-04-06 11:00:00,19.363,826.1179442738072,0.812692176502761,818.9068,160.14919,8.009994,729.835
2024-04-06 11:30:00,19.713001,894.0246693491475,0.8783823021913565,828.7755500000001,165.27158,7.960057000000001,729.712
2024-04-06 12:00:00,20.063002,951.0528946315196,0.9295548801559088,838.6443,170.39397,7.91012,729.7180000000001
2024-04-06 12:30:00,20.2630015,974.6875137306042,0.9653349150203101,819.83503,182.33636,7.805384650000001,729.691
2024-04-06 13:00:00,20.463001,984.156528159223,0.9851109552095365,801.02576,194.27875,7.7006493,729.743
2024-04-06 13:30:00,20.5380005,978.6748707135558,0.9885455584722013,798.1168299999999,188.75452,7.75160665,729.634
2024-04-06 14:00:00,20.613,960.1325366941646,0.9755810609050246,795.2079,183.23029,7.802564,729.585
2024-04-06 14:30:00,20.588001,921.6758862369265,0.9464405586121932,794.6508249999999,168.24282499999998,7.75420275,729.689
2024-04-06 15:00:00,20.563002,870.8035024027199,0.9016240731402997,794.09375,153.25536,7.7058415,729.6869999999999
2024-04-06 15:30:00,20.463001,789.2415001259653,0.8418999807346594,761.845245,146.564425,7.46989465,729.832
2024-04-06 16:00:00,20.363,701.4017674842032,0.7682918408891484,729.59674,139.87349,7.2339478,640.821
2024-04-06 16:30:00,20.088001,594.7320830794799,0.6820608489270417,680.5483999999999,129.946125,7.217320900000001,624.237
2024-04-06 17:00:00,19.813002,489.4829124564515,0.584684236103245,631.50006,120.01876,7.200694,514.374
2024-04-06 17:30:00,19.338001,370.88400061199854,0.47782995824067975,555.4174949999999,105.593045,6.954449,394.321
2024-04-06 18:00:00,18.863,264.8788393425751,0.36332811647747415,479.33493,91.16733,6.708204,265.716
2024-04-06 18:30:00,18.238,154.94418612362722,0.24313962738319675,356.22879,68.860093,6.39548335,140.237
2024-04-06 19:00:00,17.613,73.75552884210263,0.11932263632982677,233.12265,46.552856,6.0827627,47.161
2024-04-06 19:30:00,16.963001,22.96935982795357,0.0,116.561325,23.276428,5.6011665,10.909
2024-04-06 20:00:00,16.313002,0.0,0.0,0.0,0.0,5.1195703,0.0
2024-04-06 20:30:00,16.1130005,0.0,0.0,0.0,0.0,4.8053361500000005,0.0
2024-04-06 21:00:00,15.912999,0.0,0.0,0.0,0.0,4.491102,0.0
2024-04-06 21:30:00,15.6129995,0.0,0.0,0.0,0.0,4.0069425,0.0
2024-04-06 22:00:00,15.313,0.0,0.0,0.0,0.0,3.522783,0.0
2024-04-06 22:30:00,14.813,0.0,0.0,0.0,0.0,3.1196993500000003,0.0
2024-04-06 23:00:00,14.313,0.0,0.0,0.0,0.0,2.7166157,0.0
2024-04-06 23:30:00,13.938,0.0,0.0,0.0,0.0,2.54679435,0.0
2024-04-07 00:00:00,13.563,0.0,0.0,0.0,0.0,2.376973,0.0
2024-04-07 00:30:00,13.288,0.0,0.0,0.0,0.0,2.33085245,0.0
2024-04-07 01:00:00,13.013,0.0,0.0,0.0,0.0,2.2847319,0.0
2024-04-07 01:30:00,12.713,0.0,0.0,0.0,0.0,2.0817807,0.0
2024-04-07 02:00:00,12.413,0.0,0.0,0.0,0.0,1.8788295,0.0
2024-04-07 02:30:00,12.063,0.0,0.0,0.0,0.0,1.7775675,0.0
2024-04-07 03:00:00,11.713,0.0,0.0,0.0,0.0,1.6763055,0.0
2024-04-07 03:30:00,11.888,0.0,0.0,0.0,0.0,1.7560308,0.0
2024-04-07 04:00:00,12.063,0.0,0.0,0.0,0.0,1.8357561,0.0
2024-04-07 04:30:00,11.738,0.0,0.0,0.0,0.0,1.52820585,0.0
2024-04-07 05:00:00,11.413,0.0,0.0,0.0,0.0,1.2206556,0.0
2024-04-07 05:30:00,11.138,0.0,0.0,0.0,0.0,1.034591875,0.0
2024-04-07 06:00:00,10.863,0.0,0.0,0.0,0.0,0.84852815,0.0
2024-04-07 06:30:00,10.688,0.0,0.0,0.0,0.0,0.674264075,0.0
2024-04-07 07:00:00,10.513,0.0,0.0,0.0,0.0,0.5,2.8420000000000005
2024-04-07 07:30:00,11.388,41.77396949523856,0.0692857675397374,106.064505,35.06268,0.40811388,42.926
2024-04-07 08:00:00,12.263,110.00102344998842,0.19398858145241865,212.12901,70.12536,0.31622776,122.70300000000002
2024-04-07 08:30:00,14.738000499999998,224.5967740760397,0.31591247816489565,411.25344,95.98305,0.299535245,249.868
2024-04-07 09:00:00,17.213001,384.7789436756628,0.43297113639988655,610.37787,121.84074,0.28284273,384.932
2024-04-07 09:30:00,19.0130015,501.34253468359867,0.5431615263152639,679.506635,133.150915,0.759887215,498.346
2024-04-07 10:00:00,20.813002,626.5874430483786,0.6445982107785708,748.6354,144.46109,1.2369317,603.683
2024-04-07 10:30:00,21.963001,724.4089591758482,0.7355456325530698,779.3525500000001,151.13967000000002,2.48528135,696.914
2024-04-07 11:00:00,23.113,818.0602846211874,0.8144478168922578,810.0697,157.81825,3.733631,729.749
2024-04-07 11:30:00,23.563,885.8740559809314,0.8799550215590046,822.90088,160.894995,4.1717015,729.686
2024-04-07 12:00:00,24.013,943.2379321791601,0.9309468507712463,835.73206,163.97174,4.609772,729.725
2024-04-07 12:30:00,24.338,972.9585906741933,0.9665514294850864,835.1489300000001,164.27833,4.75539625,729.674
2024-04-07 13:00:00,24.663,989.288283648127,0.9861603355687654,834.5658,164.58492,4.9010205,729.679
2024-04-07 13:30:00,24.788,979.52973679658,0.9894390129097901,823.023625,163.499415,5.4072821,482.4210000000001
2024-04-07 14:00:00,24.913,956.3992181807092,0.9763324905286941,811.48145,162.41391,5.9135437,611.0680000000001
2024-04-07 14:30:00,24.588,887.4072941735435,0.9470663176233701,752.14029,174.121055,6.0668361,624.021
2024-04-07 15:00:00,24.263,811.0412740636865,0.9021426865445403,692.79913,185.8282,6.2201285,437.174
2024-04-07 15:30:00,23.463,682.8852891249016,0.8423318244926314,569.53854,204.28562,6.21006425,284.984
2024-04-07 16:00:00,22.663,563.2875665825552,0.7686587900133924,446.27795,222.74304,6.2,356.429
2024-04-07 16:30:00,21.613001,466.3201060953895,0.6823858996198914,398.62869,196.652345,6.151638849999999,597.745
2024-04-07 17:00:00,20.563002,373.6707659952493,0.5849911084825278,350.97943,170.56165,6.1032777,414.318
2024-04-07 17:30:00,19.538001,264.5796333645442,0.4781426865167834,248.056345,148.256615,5.54262255,216.44
2024-04-07 18:00:00,18.513,176.3763967594317,0.36367063364383223,145.13326,125.95158,4.9819674,129.365
2024-04-07 18:30:00,17.7380005,109.82493707165357,0.24353535166490503,98.142968,87.610073,4.9430237,51.45099999999999
2024-04-07 19:00:00,16.963001,54.379404629320064,0.11979406647434472,51.152676,49.268566,4.90408,38.258
2024-04-07 19:30:00,16.2880005,24.125808780117723,0.0,25.576338,24.634283,4.856203000000001,10.722
2024-04-07 20:00:00,15.613,0.0,0.0,0.0,0.0,4.808326,0.0
2024-04-07 20:30:00,15.138,0.0,0.0,0.0,0.0,5.2201885,0.0
2024-04-07 21:00:00,14.663,0.0,0.0,0.0,0.0,5.632051,0.0
2024-04-07 21:30:00,14.288,0.0,0.0,0.0,0.0,5.6444525,0.0
2024-04-07 22:00:00,13.913,0.0,0.0,0.0,0.0,5.656854,0.0
2024-04-07 22:30:00,13.663,0.0,0.0,0.0,0.0,6.37948315,0.0
2024-04-07 23:00:00,13.413,0.0,0.0,0.0,0.0,7.1021123,0.0
2024-04-07 23:30:00,13.463,0.0,0.0,0.0,0.0,7.49694015,0.0
2024-04-08 00:00:00,13.513,0.0,0.0,0.0,0.0,7.891768,0.0
2024-04-08 00:30:00,13.363,0.0,0.0,0.0,0.0,7.971117,0.0
2024-04-08 01:00:00,13.213,0.0,0.0,0.0,0.0,8.050466,0.0
2024-04-08 01:30:00,13.038,0.0,0.0,0.0,0.0,7.9954345,0.0
2024-04-08 02:00:00,12.863,0.0,0.0,0.0,0.0,7.940403,0.0
2024-04-08 02:30:00,12.813,0.0,0.0,0.0,0.0,7.9954345,0.0
2024-04-08 03:00:00,12.763,0.0,0.0,0.0,0.0,8.050466,0.0
2024-04-08 03:30:00,12.688,0.0,0.0,0.0,0.0,8.4889755,0.0
2024-04-08 04:00:00,12.613,0.0,0.0,0.0,0.0,8.927485,0.0
2024-04-08 04:30:00,12.638,0.0,0.0,0.0,0.0,7.9429667,0.0
2024-04-08 05:00:00,12.663,0.0,0.0,0.0,0.0,6.9584484,0.0
2024-04-08 05:30:00,12.513,0.0,0.0,0.0,0.0,6.49418685,0.0
2024-04-08 06:00:00,12.363,0.0,0.0,0.0,0.0,6.0299253,0.0
2024-04-08 06:30:00,12.238,0.0,0.0,0.0,0.0,6.0253613,0.0
2024-04-08 07:00:00,12.113,0.0,0.0,0.0,0.0,6.0207973,0.589
2024-04-08 07:30:00,12.438,40.40389641023173,0.07209633896435594,94.438355,34.2328,6.017057899999999,13.18
2024-04-08 08:00:00,12.763,104.33873625383376,0.19667995455873125,188.87671,68.4656,6.0133185,61.783
2024-04-08 08:30:00,13.438,203.26400143650528,0.3184673573706457,326.57536500000003,100.85771,6.208221399999999,44.232
2024-04-08 09:00:00,14.113,333.46344749582147,0.43537457703200827,464.27402,133.24982,6.4031243,101.609
2024-04-08 09:30:00,14.713,409.87328944447756,0.5454011933504532,464.513735,158.68457999999998,6.7072718,218.778
2024-04-08 10:00:00,15.313,482.26314608199687,0.6466645925872424,464.75345,184.11934,7.0114193,284.304
2024-04-08 10:30:00,15.663,561.2450749116477,0.7374322058566944,488.495575,203.440965,6.8091168500000006,309.995
2024-04-08 11:00:00,16.013,638.3652584124768,0.816151160135971,512.2377,222.76259,6.6068144,362.586
2024-04-08 11:30:00,16.188000000000002,691.0368025718541,0.8814748746810326,525.2716800000001,230.34146,6.9657152,661.623
2024-04-08 12:00:00,16.363,737.5990585545061,0.9322861203166324,538.30566,237.92033,7.324616,375.071
2024-04-08 12:30:00,16.463001,782.8071916064877,0.9677161389969988,559.235565,243.646225,7.3788252,403.038
2024-04-08 13:00:00,16.563002,820.2235245447853,0.9871595220646998,580.16547,249.37212,7.4330344,514.921
2024-04-08 13:30:00,16.263001,779.8709489815794,0.9902845712242051,532.892475,254.40551,7.3015557,394.034
2024-04-08 14:00:00,15.963,731.2730049694467,0.9770389682378311,485.61948,259.4389,7.170077,318.21
2024-04-08 14:30:00,15.8129995,690.3674673540618,0.9476506640581255,458.672455,258.558225,7.02923665,552.589
2024-04-08 15:00:00,15.662999,644.294289662479,0.902623960233826,431.72543,257.67755,6.8883963,354.471
2024-04-08 15:30:00,15.5879995,563.9329898251342,0.8427308641141333,394.641815,234.2509,7.093855400000001,729.703
2024-04-08 16:00:00,15.513,483.0652204801358,0.768997854539862,357.5582,210.82425,7.2993145,199.562
2024-04-08 16:30:00,15.388,430.71741405559953,0.6826882838307262,339.02254,202.061875,7.4265609,124.707
2024-04-08 17:00:00,15.263,378.01246275294545,0.5852807405838728,320.48688,193.2995,7.5538073,553.62
2024-04-08 17:30:00,14.788,290.96773353765076,0.478443714751981,297.82354999999995,150.658722,7.63857415,165.131
2024-04-08 18:00:00,14.313,206.6744402902478,0.36400700907755357,275.16022,108.017944,7.723341,303.132
2024-04-08 18:30:00,13.813,130.18176585985714,0.24393041434553572,214.103135,79.12842549999999,6.96811535,88.918
2024-04-08 19:00:00,13.313,67.8036774475496,0.12027014212531312,153.04605,50.238907,6.2128897,55.925
2024-04-08 19:30:00,13.088,24.69840363116591,0.0,76.523025,25.1194535,5.72369535,25.255000000000003
2024-04-08 20:00:00,12.863,0.0,0.0,0.0,0.0,5.234501,0.002
2024-04-08 20:30:00,12.763,0.0,0.0,0.0,0.0,5.13965015,0.0
2024-04-08 21:00:00,12.663,0.0,0.0,0.0,0.0,5.0447993,0.0
2024-04-08 21:30:00,12.663,0.0,0.0,0.0,0.0,5.0541973,0.0
2024-04-08 22:00:00,12.663,0.0,0.0,0.0,0.0,5.0635953,0.0
2024-04-08 22:30:00,12.838,0.0,0.0,0.0,0.0,4.97362065,0.0
2024-04-08 23:00:00,13.013,0.0,0.0,0.0,0.0,4.883646,0.0
2024-04-08 23:30:00,12.888,0.0,0.0,0.0,0.0,4.1680907,0.0
2024-04-09 00:00:00,12.763,0.0,0.0,0.0,0.0,3.4525354,0.0
2024-04-09 00:30:00,12.613,0.0,0.0,0.0,0.0,3.0992207,0.0
2024-04-09 01:00:00,12.463,0.0,0.0,0.0,0.0,2.745906,0.0
2024-04-09 01:30:00,12.463,0.0,0.0,0.0,0.0,2.745906,0.0
2024-04-09 02:00:00,12.463,0.0,0.0,0.0,0.0,2.745906,0.0
2024-04-09 02:30:00,12.313,0.0,0.0,0.0,0.0,2.94298475,0.0
2024-04-09 03:00:00,12.163,0.0,0.0,0.0,0.0,3.1400635,0.0
2024-04-09 03:30:00,12.163,0.0,0.0,0.0,0.0,3.20786575,0.0
2024-04-09 04:00:00,12.163,0.0,0.0,0.0,0.0,3.275668,0.0
2024-04-09 04:30:00,12.113,0.0,0.0,0.0,0.0,3.32454675,0.0
2024-04-09 05:00:00,12.063,0.0,0.0,0.0,0.0,3.3734255,0.0
2024-04-09 05:30:00,11.988,0.0,0.0,0.0,0.0,3.45447975,0.0
2024-04-09 06:00:00,11.913,0.0,0.0,0.0,0.0,3.535534,0.0
2024-04-09 06:30:00,12.038,0.0,0.0,0.0,0.0,3.77338415,0.0
2024-04-09 07:00:00,12.163,0.0,0.0,0.0,0.0,4.0112343,1.473
2024-04-09 07:30:00,12.538,37.86999883038315,0.07487537548377358,67.485015,33.477645,4.3603995,13.945999999999998
2024-04-09 08:00:00,12.913,92.53833750138983,0.1993351525218577,134.97003,66.95529,4.7095647,116.642
2024-04-09 08:30:00,13.488,181.78310720590417,0.32098186123515965,266.49647500000003,97.88414,5.45639485,91.853
2024-04-09 09:00:00,14.063,301.0792260169183,0.4377339543833015,398.02292,128.81299,6.203225,135.151
2024-04-09 09:30:00,14.688,403.6735456389958,0.5475936847763208,464.81926,151.06256000000002,6.203225,143.45299999999995
2024-04-09 10:00:00,15.313,516.2809360115218,0.6486813154476005,531.6156,173.31213,6.203225,541.472
2024-04-09 10:30:00,15.913,632.6266943453625,0.7392673083343123,605.6257499999999,186.38333,6.4110685,729.7280000000001
2024-04-09 11:00:00,16.513,754.1904692376992,0.8178019229986658,679.6359,199.45453,6.618912,549.1899999999999
2024-04-09 11:30:00,16.8630005,828.6522143153419,0.8829417588802005,709.5887299999999,202.782015,6.9264299000000005,376.026
2024-04-09 12:00:00,17.213001,896.286317708068,0.9335727596589567,739.54156,206.1095,7.2339478,482.1170000000001
2024-04-09 12:30:00,17.5130015,921.7340787617836,0.9688292779346619,732.40293,212.38418,7.283716399999999,729.6480000000001
2024-04-09 13:00:00,17.813002,935.0910006923389,0.9881088997258117,725.2643,218.65886,7.333485,729.655
2024-04-09 13:30:00,18.0130015,918.1694913277283,0.9910827536222558,704.07245,220.71826,7.179576,463.777
2024-04-09 14:00:00,18.213001,889.9531018276426,0.9777011316066819,682.8806,222.77766,7.025667,590.739
2024-04-09 14:30:00,18.2880005,852.3483324182039,0.9481943330154524,677.71575,210.05677,6.9161407,716.75
2024-04-09 15:00:00,18.363,804.5439018041479,0.9030687053035942,672.5509,197.33588,6.8066144,274.786
2024-04-09 15:30:00,18.188,731.941537240817,0.8430979638585709,649.8027,184.30539,6.703307199999999,729.635
2024-04-09 16:00:00,18.013,653.4034289526966,0.7693099281179662,627.0545,171.2749,6.6,689.08
2024-04-09 16:30:00,17.8630005,556.4717769003262,0.6829689003462539,583.6146200000001,158.38429000000002,6.4,618.4019999999999
2024-04-09 17:00:00,17.713001,461.05959285491065,0.5855540119863831,540.17474,145.49368,6.2,533.5219999999999
2024-04-09 17:30:00,17.213001,351.3747617178849,0.478733879312106,476.503185,124.07676,6.200403,390.358
2024-04-09 18:00:00,16.713001,252.16523589093853,0.3643380126872208,412.83163,102.65984,6.200806,255.738
2024-04-09 18:30:00,16.063,151.65981850828848,0.2443254967740281,312.791915,76.0415825,5.554990500000001,137.13
2024-04-09 19:00:00,15.412999,74.40871029524742,0.12075143551762142,212.7522,49.423325,4.909175,54.104
2024-04-09 19:30:00,14.6629995,24.359288367857662,0.0,106.37609999999998,24.7116625,4.15238015,13.62
2024-04-09 20:00:00,13.913,0.0,0.0,0.0,0.0,3.3955853,0.0
2024-04-09 20:30:00,13.313,0.0,0.0,0.0,0.0,3.1295746500000003,0.0
2024-04-09 21:00:00,12.713,0.0,0.0,0.0,0.0,2.863564,0.0
2024-04-09 21:30:00,12.388,0.0,0.0,0.0,0.0,2.6493616,0.0
2024-04-09 22:00:00,12.063,0.0,0.0,0.0,0.0,2.4351592,0.0
2024-04-09 22:30:00,11.763,0.0,0.0,0.0,0.0,2.2675796000000004,0.0
2024-04-09 23:00:00,11.463,0.0,0.0,0.0,0.0,2.1,0.0
2024-04-09 23:30:00,11.138,0.0,0.0,0.0,0.0,2.00131485,0.0
2024-04-10 00:00:00,10.813,0.0,0.0,0.0,0.0,1.9026297,0.0
2024-04-10 00:30:00,10.638,0.0,0.0,0.0,0.0,2.1056545,0.0
2024-04-10 01:00:00,10.463,0.0,0.0,0.0,0.0,2.3086793,0.0
2024-04-10 01:30:00,10.513,0.0,0.0,0.0,0.0,2.37089215,0.0
2024-04-10 02:00:00,10.563,0.0,0.0,0.0,0.0,2.433105,0.0
2024-04-10 02:30:00,10.638,0.0,0.0,0.0,0.0,2.5895055,0.0
2024-04-10 03:00:00,10.713,0.0,0.0,0.0,0.0,2.745906,0.0
2024-04-10 03:30:00,10.463,0.0,0.0,0.0,0.0,2.5739942,0.0
2024-04-10 04:00:00,10.213,0.0,0.0,0.0,0.0,2.4020824,0.0
2024-04-10 04:30:00,10.463,0.0,0.0,0.0,0.0,2.6724352,0.0
2024-04-10 05:00:00,10.713,0.0,0.0,0.0,0.0,2.942788,0.0
2024-04-10 05:30:00,10.988,0.0,0.0,0.0,0.0,3.1206363,0.0
2024-04-10 06:00:00,11.263,0.0,0.0,0.0,0.0,3.2984846,0.0
2024-04-10 06:30:00,11.238,0.0,0.0,0.0,0.0,3.2303811500000004,0.0
2024-04-10 07:00:00,11.213,0.0,0.0,0.0,0.0,3.1622777,6.464
2024-04-10 07:30:00,12.013,46.909972281757334,0.07762144672013627,128.425875,37.61019,3.19668835,49.186
2024-04-10 08:00:00,12.813,125.75469378681383,0.20195289170074926,256.85175,75.22038,3.231099,141.83599999999998
2024-04-10 08:30:00,14.413,242.82962954546113,0.32345486643204047,444.202625,100.475505,3.29557935,260.117
2024-04-10 09:00:00,16.013,402.3315717792554,0.4400483162559032,631.5535,125.73063,3.3600597,386.293
2024-04-10 09:30:00,17.013,520.4539142556073,0.5497382273791327,699.89005,136.534865,4.09663915,506.234
2024-04-10 10:00:00,18.013,646.822619547819,0.6506477898707522,768.2266,147.3391,4.8332186,613.643
2024-04-10 10:30:00,18.6130005,745.9081457857769,0.7410505358010177,799.24233,153.502765,4.990516700000001,705.5889999999999
2024-04-10 11:00:00,19.213001,840.5940565252545,0.8193998849638449,830.25806,159.66643,5.1478148,729.7059999999999
2024-04-10 11:30:00,19.838001,907.9220343734537,0.8843556325228399,841.47073,162.77057,5.1550894,729.608
2024-04-10 12:00:00,20.463001,964.338935961497,0.934806898132121,852.6834,165.87471,5.162364,729.7660000000001
2024-04-10 12:30:00,20.9380005,994.2185023236323,0.9698911357529312,851.57765,166.702655,5.115940350000001,729.644
2024-04-10 13:00:00,21.413,1010.4414467744114,0.9890089044993927,850.4719,167.5306,5.0695167,729.5459999999999
2024-04-10 13:30:00,21.6880005,1001.0399496105658,0.9918341263760981,840.148275,165.93723,5.23892165,729.718
2024-04-10 14:00:00,21.963001,978.0210423102883,0.9783196588087284,829.82465,164.34386,5.4083266,729.6309999999999
2024-04-10 14:30:00,21.9880005,930.6620347926862,0.9486980942037353,810.7760949999999,159.76782500000002,5.58253095,729.6610000000001
2024-04-10 15:00:00,22.013,872.0815486265283,0.903477761045504,791.72754,155.19179,5.7567353,729.8059999999999
2024-04-10 15:30:00,21.538001,791.4941392169428,0.8434340094346267,760.8039200000001,148.51556499999998,5.787834849999999,729.7040000000001
2024-04-10 16:00:00,21.063002,704.5520538995315,0.769595918910637,729.8803,141.83934,5.8189344,707.365
2024-04-10 16:30:00,20.713001,599.8099196503739,0.6832286554123699,683.245175,132.37576,5.808173849999999,616.648
2024-04-10 17:00:00,20.363,496.08900210348634,0.5858118026780716,636.61005,122.91218,5.7974133,511.466
2024-04-10 17:30:00,19.7880005,377.9998426915715,0.47901401004578603,562.7879350000001,108.51557,5.74914515,392.771
2024-04-10 18:00:00,19.213001,271.9861810914774,0.36466440111870774,488.96582,94.11896,5.700877,264.664
2024-04-10 18:30:00,18.3130005,161.72438406170966,0.244721260627935,367.857415,72.2502585,5.132981,141.661
2024-04-10 19:00:00,17.413,79.64143246438097,0.1212384932157908,246.74901,50.381557,4.565085,47.066
2024-04-10 19:30:00,16.063,24.862977144746434,0.0,123.374505,25.1907785,3.7666247,11.731000000000002
2024-04-10 20:00:00,14.713,0.0,0.0,0.0,0.0,2.9681644,0.005
2024-04-10 20:30:00,13.938,0.0,0.0,0.0,0.0,2.5576277000000003,0.0
2024-04-10 21:00:00,13.163,0.0,0.0,0.0,0.0,2.147091,0.0
2024-04-10 21:30:00,12.738,0.0,0.0,0.0,0.0,2.1330265,0.0
2024-04-10 22:00:00,12.313,0.0,0.0,0.0,0.0,2.118962,0.0
2024-04-10 22:30:00,11.888,0.0,0.0,0.0,0.0,1.94548325,0.0
2024-04-10 23:00:00,11.463,0.0,0.0,0.0,0.0,1.7720045,0.0
2024-04-10 23:30:00,11.088,0.0,0.0,0.0,0.0,1.724155,0.0
2024-04-11 00:00:00,10.713,0.0,0.0,0.0,0.0,1.6763055,0.0
2024-04-11 00:30:00,10.463,0.0,0.0,0.0,0.0,1.6763055,0.0
2024-04-11 01:00:00,10.213,0.0,0.0,0.0,0.0,1.6763055,0.0
2024-04-11 01:30:00,10.063,0.0,0.0,0.0,0.0,1.69255315,0.0
2024-04-11 02:00:00,9.913,0.0,0.0,0.0,0.0,1.7088008,0.0
2024-04-11 02:30:00,9.888,0.0,0.0,0.0,0.0,1.83928615,0.0
2024-04-11 03:00:00,9.863,0.0,0.0,0.0,0.0,1.9697715,0.0
2024-04-11 03:30:00,9.938,0.0,0.0,0.0,0.0,1.83928615,0.0
2024-04-11 04:00:00,10.013,0.0,0.0,0.0,0.0,1.7088008,0.0
2024-04-11 04:30:00,9.963,0.0,0.0,0.0,0.0,1.83928615,0.0
2024-04-11 05:00:00,9.913,0.0,0.0,0.0,0.0,1.9697715,0.0
2024-04-11 05:30:00,9.838,0.0,0.0,0.0,0.0,1.9243005,0.0
2024-04-11 06:00:00,9.763,0.0,0.0,0.0,0.0,1.8788295,0.0
2024-04-11 06:30:00,9.788,0.0,0.0,0.0,0.0,1.8788295,0.0
2024-04-11 07:00:00,9.813,0.0,0.0,0.0,0.0,1.8788295,7.452999999999999
2024-04-11 07:30:00,10.863,50.55451960380239,0.08033314695562498,132.19005,40.669655,2.0360004,58.355
2024-04-11 08:00:00,11.913,133.944722748946,0.2045319181238832,264.3801,81.33931,2.1931713,145.101
2024-04-11 08:30:00,13.6629995,250.00843540475233,0.3258852838622605,442.6538000000001,107.23127,2.5465856,253.679
2024-04-11 09:00:00,15.412999,406.28423147049847,0.44231674869380466,620.9275,133.12323,2.8999999,384.31
2024-04-11 09:30:00,16.813,523.2153177789128,0.551834089618393,687.63085,144.799285,3.4748458,525.375
2024-04-11 10:00:00,18.213001,648.1276926042733,0.6525634708712892,754.3342,156.47534,4.0496917,630.887
2024-04-11 10:30:00,18.9880005,733.9090774972397,0.7427815307447027,745.9329,180.57038,4.78256235,717.2850000000001
2024-04-11 11:00:00,19.763,809.2838297502784,0.8209448736851761,737.5316,204.66542,5.515433,729.5990000000002
2024-04-11 11:30:00,20.188,879.0198342189117,0.8857165029129563,763.40255,203.18927,5.6369527,729.5329999999999
2024-04-11 12:00:00,20.613,940.6632394217849,0.9359887140960397,789.2735,201.71312,5.7584724,729.4739999999999
2024-04-11 12:30:00,20.963001,938.4132233363699,0.9709020502953444,716.43982,243.83716,5.5907855,729.581
2024-04-11 13:00:00,21.313002,920.8085015050028,0.9898600193923293,643.60614,285.9612,5.4230986,729.631
2024-04-11 13:30:00,21.588001,920.3926724150267,0.9925393008277666,651.5227199999999,275.63067,5.463367,729.6699999999998
2024-04-11 14:00:00,21.863,909.255031510799,0.978895270464978,659.4393,265.30014,5.5036354,729.5609999999999
2024-04-11 14:30:00,21.6630005,876.2724835475735,0.9491627565779348,681.26503,230.366875,5.7047822,708.696
2024-04-11 15:00:00,21.463001,831.0391510342166,0.9038520022522153,703.09076,195.43361,5.905929,729.5809999999999
2024-04-11 15:30:00,21.0380005,762.3896386810708,0.8437399178392287,687.751955,182.00989,5.6631305,729.587
2024-04-11 16:00:00,20.613,686.3243717125608,0.7698567617312986,672.41315,168.58617,5.420332,718.896
2024-04-11 16:30:00,19.963001,579.0479366140214,0.6834684769498717,612.765505,160.61149,5.23405175,628.165
2024-04-11 17:00:00,19.313002,475.97899132396026,0.5860550090779463,553.11786,152.63681,5.0477715,489.798
2024-04-11 17:30:00,18.463001,368.24456244784983,0.479284947772075,508.91179,125.03404,4.89559425,394.533
2024-04-11 18:00:00,17.613,266.4516217546268,0.3649869364657265,464.70572,97.43127,4.743417,263.019
2024-04-11 18:30:00,16.6379995,159.72639300803553,0.24511836746359036,350.778045,74.385881,4.35665175,142.026
2024-04-11 19:00:00,15.662999,79.48063306632174,0.12173185614579167,236.85037,51.340492,3.9698865,53.349
2024-04-11 19:30:00,14.5129995,25.324198948702104,0.0,118.425185,25.670246,3.4715501,14.053999999999998
2024-04-11 20:00:00,13.363,0.0,0.0,0.0,0.0,2.9732137,0.0
2024-04-11 20:30:00,12.788,0.0,0.0,0.0,0.0,2.8695384500000003,0.0
2024-04-11 21:00:00,12.213,0.0,0.0,0.0,0.0,2.7658632,0.0
2024-04-11 21:30:00,11.888,0.0,0.0,0.0,0.0,2.60358715,0.0
2024-04-11 22:00:00,11.563,0.0,0.0,0.0,0.0,2.4413111,0.0
2024-04-11 22:30:00,11.288,0.0,0.0,0.0,0.0,2.1811242,0.0
2024-04-11 23:00:00,11.013,0.0,0.0,0.0,0.0,1.9209373,0.0
2024-04-11 23:30:00,10.538,0.0,0.0,0.0,0.0,1.65509085,0.0
2024-04-12 00:00:00,10.063,0.0,0.0,0.0,0.0,1.3892444,0.0
2024-04-12 00:30:00,9.713,0.0,0.0,0.0,0.0,1.59601,0.0
2024-04-12 01:00:00,9.363,0.0,0.0,0.0,0.0,1.8027756,0.0
2024-04-12 01:30:00,9.238,0.0,0.0,0.0,0.0,1.7029488,0.0
2024-04-12 02:00:00,9.113,0.0,0.0,0.0,0.0,1.603122,0.0
2024-04-12 02:30:00,9.113,0.0,0.0,0.0,0.0,1.501561,0.0
2024-04-12 03:00:00,9.113,0.0,0.0,0.0,0.0,1.4,0.0
2024-04-12 03:30:00,9.238,0.0,0.0,0.0,0.0,1.41589105,0.0
2024-04-12 04:00:00,9.363,0.0,0.0,0.0,0.0,1.4317821,0.0
2024-04-12 04:30:00,9.388,0.0,0.0,0.0,0.0,1.5435382999999998,0.0
2024-04-12 05:00:00,9.413,0.0,0.0,0.0,0.0,1.6552945,0.0
2024-04-12 05:30:00,9.413,0.0,0.0,0.0,0.0,1.6552945,0.0
2024-04-12 06:00:00,9.413,0.0,0.0,0.0,0.0,1.6552945,0.0
2024-04-12 06:30:00,9.563,0.0,0.0,0.0,0.0,1.84007005,0.0
2024-04-12 07:00:00,9.713,0.0,0.0,0.0,0.0,2.0248456,16.32
2024-04-12 07:30:00,10.813,51.8357552555435,0.08300907473001212,140.9203,40.86625,2.31242285,75.67699999999999
2024-04-12 08:00:00,11.913,138.63719441183412,0.20707098738825627,281.8406,81.7325,2.6000001,161.306
2024-04-12 08:30:00,13.563,255.56289567720154,0.32827203916403436,464.02592,104.60167,2.6729530500000003,338.064
2024-04-12 09:00:00,15.213,413.4618215295426,0.44453835749686,646.21124,127.47084,2.745906,326.82800000000003
2024-04-12 09:30:00,16.363,530.2967059230741,0.5538805644458348,708.04417,138.951155,3.24511735,361.506
2024-04-12 10:00:00,17.513,653.8824739049311,0.654427842349229,769.8771,150.43147,3.7443287,314.117
2024-04-12 10:30:00,18.3630005,750.1462096623193,0.7444599685382074,795.74845,157.683675,4.05046635,426.08
2024-04-12 11:00:00,19.213001,841.1635434435972,0.8224367532275425,821.6198,164.93588,4.356604,729.491
2024-04-12 11:30:00,19.9880005,909.1514840559571,0.8870244167980635,835.158075,167.44862999999998,4.4679527,344.399
2024-04-12 12:00:00,20.763,966.5875257529013,0.9371184278184514,848.69635,169.96138,4.5793014,729.7379999999999
2024-04-12 12:30:00,21.3630005,994.875061656635,0.9718624032034702,846.9567750000001,170.23895499999998,4.6750227,729.6590000000001
2024-04-12 13:00:00,21.963001,1009.5659079508534,0.9906627724863479,845.2172,170.51653,4.770744,729.8370000000001
2024-04-12 13:30:00,22.0380005,997.6342086584555,0.9931989340326637,833.14635,168.40411,4.785892799999999,729.5400000000001
2024-04-12 14:00:00,22.113,972.2525272309156,0.9794287329071678,821.0755,166.29169,4.8010416,729.439
2024-04-12 14:30:00,21.7880005,916.51079206432,0.9495891741446829,787.8174750000001,166.974625,4.92440655,435.136
2024-04-12 15:00:00,21.463001,851.0149829788711,0.9041923474936616,754.55945,167.65756,5.0477715,370.652
2024-04-12 15:30:00,21.1380015,750.6300606670009,0.8440166479387484,674.769575,181.040375,5.0063241,425.286
2024-04-12 16:00:00,20.813002,651.6684675461765,0.7700934307794494,594.9797,194.42319,4.9648767,328.273
2024-04-12 16:30:00,20.213001,557.3097618202214,0.6836893292339922,560.7764,174.88196,4.952256,216.998
2024-04-12 17:00:00,19.613,463.0690114408716,0.586284560419025,526.5731,155.34073,4.9396353,175.664
2024-04-12 17:30:00,18.813,354.55665178222523,0.4795475621802868,462.18041,133.995957,4.80059015,162.36700000000002
2024-04-12 18:00:00,18.013,256.805394850346,0.36530640531275005,397.78772,112.651184,4.661545,129.737
2024-04-12 18:30:00,17.188000000000002,157.4179388015744,0.245517498628033,305.513785,83.3878995,4.099953,107.267
2024-04-12 19:00:00,16.363,79.39167466416528,0.12223208007214915,213.23985,54.124615,3.538361,68.93599999999999
2024-04-12 19:30:00,15.288,26.663462122196105,0.0,106.619925,27.062307500000003,3.1851607,20.578
2024-04-12 20:00:00,14.213,0.0,0.0,0.0,0.0,2.8319604,0.0
2024-04-12 20:30:00,13.613,0.0,0.0,0.0,0.0,2.51256585,0.0
2024-04-12 21:00:00,13.013,0.0,0.0,0.0,0.0,2.1931713,0.0
2024-04-12 21:30:00,12.663,0.0,0.0,0.0,0.0,2.0266394,0.0
2024-04-12 22:00:00,12.313,0.0,0.0,0.0,0.0,1.8601075,0.0
2024-04-12 22:30:00,12.113,0.0,0.0,0.0,0.0,1.73782845,0.0
2024-04-12 23:00:00,11.913,0.0,0.0,0.0,0.0,1.6155494,0.0
2024-04-12 23:30:00,11.588,0.0,0.0,0.0,0.0,1.4878482,0.0
2024-04-13 00:00:00,11.263,0.0,0.0,0.0,0.0,1.360147,0.0
2024-04-13 00:30:00,11.013,0.0,0.0,0.0,0.0,1.38718025,0.0
2024-04-13 01:00:00,10.763,0.0,0.0,0.0,0.0,1.4142135,0.0
2024-04-13 01:30:00,10.638,0.0,0.0,0.0,0.0,1.40889015,0.0
2024-04-13 02:00:00,10.513,0.0,0.0,0.0,0.0,1.4035668,0.0
2024-04-13 02:30:00,10.538,0.0,0.0,0.0,0.0,1.5080092,0.0
2024-04-13 03:00:00,10.563,0.0,0.0,0.0,0.0,1.6124516,0.0
2024-04-13 03:30:00,10.863,0.0,0.0,0.0,0.0,1.81741325,0.0
2024-04-13 04:00:00,11.163,0.0,0.0,0.0,0.0,2.0223749,0.0
2024-04-13 04:30:00,11.238,0.0,0.0,0.0,0.0,2.1535534,0.0
2024-04-13 05:00:00,11.313,0.0,0.0,0.0,0.0,2.2847319,0.0
2024-04-13 05:30:00,11.363,0.0,0.0,0.0,0.0,2.4840068000000004,0.0
2024-04-13 06:00:00,11.413,0.0,0.0,0.0,0.0,2.6832817,0.0
2024-04-13 06:30:00,11.513,0.0,0.0,0.0,0.0,2.7742957,0.0
2024-04-13 07:00:00,11.613,0.0,0.0,0.0,0.0,2.8653097,7.899
2024-04-13 07:30:00,12.613,51.410671066191405,0.08564781989439145,139.521135,40.176865,3.0026866,48.71900000000001
2024-04-13 08:00:00,13.613,137.40054816806173,0.20956885177131435,279.04227,80.35373,3.1400635,132.172
2024-04-13 08:30:00,15.2880005,250.36943151384486,0.3306140601925208,447.776415,103.7038275,3.37350055,243.401
2024-04-13 09:00:00,16.963001,401.13734898904215,0.4467122562394639,616.51056,127.053925,3.6069376,367.058
2024-04-13 09:30:00,18.1630005,517.554809389343,0.555876958134935,684.2373050000001,138.06028750000002,4.2656833,482.826
2024-04-13 10:00:00,19.363,642.140783743944,0.6562404069621895,751.96405,149.06665,4.924429,581.369
2024-04-13 10:30:00,20.088001,739.3583500056043,0.7460855485374571,782.7287249999999,155.2958,5.326215299999999,664.7370000000001
2024-04-13 11:00:00,20.813002,832.2971440072961,0.8238754166197217,813.4934,161.52495,5.7280016,729.674
2024-04-13 11:30:00,21.238001,898.05565658394,0.8882794545010739,824.6050499999999,164.6541,5.9205513,729.675
2024-04-13 12:00:00,21.663,953.1382485753581,0.9381962973314303,835.7167,167.78325,6.113101,729.689
2024-04-13 12:30:00,21.963,982.7365610625479,0.9727726175791025,834.8574,169.13084500000002,6.25811265,729.707
2024-04-13 13:00:00,22.263,998.9888590200537,0.9914177364658767,833.9981,170.47844,6.4031243,729.505
2024-04-13 13:30:00,22.338,989.5712474691503,0.9938137301955146,824.5833,168.37741,6.706201999999999,729.641
2024-04-13 14:00:00,22.413,966.8303527835479,0.9799208615228792,815.1685,166.27638,7.0092797,729.603
2024-04-13 14:30:00,22.388,920.5048564149266,0.9499782512120607,796.5568499999999,162.17980999999995,6.997489849999999,729.544
2024-04-13 15:00:00,22.363,863.2078636469257,0.9044997661818373,777.9452,158.08324,6.9857,729.643
2024-04-13 15:30:00,22.438,782.8441319931667,0.8442652093030201,747.06327,150.92937,6.5494005,729.6940000000001
2024-04-13 16:00:00,22.513,696.3720595661674,0.7703069501123476,716.18134,143.7755,6.113101,679.5319999999999
2024-04-13 16:30:00,22.213,592.0885839733675,0.6838922248676477,669.19002,133.88403,6.1371348,583.766
2024-04-13 17:00:00,21.913,489.0972974441491,0.586501432090518,622.1987,123.99256,6.1611686,481.551
2024-04-13 17:30:00,21.113001,372.7037091310304,0.47980276623966794,548.5397350000001,109.6662325,6.18904045,362.675
2024-04-13 18:00:00,20.313002,268.4764178256451,0.36562363412530624,474.88077,95.339905,6.2169123,247.353
2024-04-13 18:30:00,19.363001,161.57131359812928,0.2459193714260297,359.75338,73.688055,5.5908941500000005,135.907
2024-04-13 19:00:00,18.413,81.37852554224837,0.12273975232145401,244.62599,52.036205,4.964876,56.59
2024-04-13 19:30:00,17.363001,25.67659605912894,0.0,122.312995,26.0181025,4.5072835,16.505000000000003
2024-04-13 20:00:00,16.313002,0.0,0.0,0.0,0.0,4.049691,0.0
2024-04-13 20:30:00,15.838001,0.0,0.0,0.0,0.0,3.7926125,0.0
2024-04-13 21:00:00,15.363,0.0,0.0,0.0,0.0,3.535534,0.0
2024-04-13 21:30:00,15.188,0.0,0.0,0.0,0.0,3.3250081,0.0
2024-04-13 22:00:00,15.013,0.0,0.0,0.0,0.0,3.1144822,0.0
2024-04-13 22:30:00,14.888,0.0,0.0,0.0,0.0,3.3250081,0.0
2024-04-13 23:00:00,14.763,0.0,0.0,0.0,0.0,3.535534,0.0
2024-04-13 23:30:00,14.913,0.0,0.0,0.0,0.0,3.66842475,0.0
2024-04-14 00:00:00,15.063,0.0,0.0,0.0,0.0,3.8013155,0.0
2024-04-14 00:30:00,15.163,0.0,0.0,0.0,0.0,4.00125275,0.0
2024-04-14 01:00:00,15.263,0.0,0.0,0.0,0.0,4.20119,0.0
2024-04-14 01:30:00,15.288,0.0,0.0,0.0,0.0,4.3511505,0.0
2024-04-14 02:00:00,15.313,0.0,0.0,0.0,0.0,4.501111,0.0
2024-04-14 02:30:00,15.3629995,0.0,0.0,0.0,0.0,4.652638,0.0
2024-04-14 03:00:00,15.412999,0.0,0.0,0.0,0.0,4.804165,0.0
2024-04-14 03:30:00,15.7629995,0.0,0.0,0.0,0.0,4.7520825,0.0
2024-04-14 04:00:00,16.113,0.0,0.0,0.0,0.0,4.7,0.0
2024-04-14 04:30:00,16.0129995,0.0,0.0,0.0,0.0,4.650543300000001,0.0
2024-04-14 05:00:00,15.912999,0.0,0.0,0.0,0.0,4.6010866,0.0
2024-04-14 05:30:00,16.087999500000002,0.0,0.0,0.0,0.0,4.951015,0.0
2024-04-14 06:00:00,16.263,0.0,0.0,0.0,0.0,5.3009434,0.0
2024-04-14 06:30:00,16.3630005,0.0,0.0,0.0,2.2687943,5.55219555,0.0
2024-04-14 07:00:00,16.463001,4.434969821343348,0.0,0.0,4.5375886,5.8034477,8.345
2024-04-14 07:30:00,16.9130005,55.8878524845525,0.08824795928175988,148.030015,43.6074643,5.90339015,54.271
2024-04-14 08:00:00,17.363,143.98594917708567,0.2120242556947678,296.06003,82.67734,6.0033326,140.7
2024-04-14 08:30:00,18.088001,256.76891773505224,0.3329102723744697,457.227565,105.95704,6.00832555,258.55
2024-04-14 09:00:00,18.813002,405.4512362383108,0.44883756169171224,618.3951,129.23674,6.0133185,376.375
2024-04-14 09:30:00,19.413001,520.3837136293158,0.5578225859105236,684.12623,139.63653499999998,6.562288499999999,500.921
2024-04-14 10:00:00,20.013,643.0396688024392,0.6580006820919262,749.85736,150.03633,7.1112585,610.4549999999999
2024-04-14 10:30:00,20.3630005,740.1826635270709,0.7476579905329687,780.88681,156.274895,7.41729975,700.053
2024-04-14 11:00:00,20.713001,833.1024345303967,0.8252607828344802,811.91626,162.51346,7.723341,729.5120000000001
2024-04-14 11:30:00,21.088001,898.8487888918094,0.8894817275535102,823.27988,165.6431,7.76455425,729.6809999999999
2024-04-14 12:00:00,21.463001,953.9690238942969,0.9392226167966622,834.6435,168.77274,7.8057675,729.7139999999999
2024-04-14 12:30:00,21.6630005,983.5902326096185,0.973633157140088,833.99158,170.117335,8.002883749999999,729.422
2024-04-14 13:00:00,21.863,999.9013340644682,0.9921255286283911,833.33966,171.46193,8.2,729.803
2024-04-14 13:30:00,21.838001,990.461311093278,0.994384441561816,823.54568,169.851425,8.307433499999998,729.7079999999999
2024-04-14 14:00:00,21.813002,967.7366234688471,0.9803725225485211,813.7517,168.24092,8.414867,729.737
2024-04-14 14:30:00,21.838001,920.4898101847087,0.9503309450756391,794.7353800000001,163.644355,8.372166499999999,729.513
2024-04-14 15:00:00,21.863,862.3509856294326,0.9047752821654391,775.71906,159.04779,8.329466,729.609
2024-04-14 15:30:00,21.713001,784.1649037417599,0.844486666657325,747.30448,151.88823,7.931031,729.633
2024-04-14 16:00:00,21.563002,699.5564316200168,0.7704983989340951,718.8899,144.72867,7.532596,698.169
2024-04-14 16:30:00,21.338001,595.7689339409212,0.6840782308627074,672.9877,134.831785,7.5722143,602.184
2024-04-14 17:00:00,21.113,493.04771729047127,0.5867066524189745,627.0855,124.9349,7.6118326,497.622
2024-04-14 17:30:00,20.588001,377.3888917828165,0.480051523763075,555.2172800000001,111.00312,7.513341199999999,380.71
2024-04-14 18:00:00,20.063002,273.45601028967246,0.36593949742285997,483.34906,97.07134,7.4148498,257.725
2024-04-14 18:30:00,19.363001,165.13638628255114,0.24632474782407326,368.186225,75.03032350000001,6.9956614,140.066
2024-04-14 19:00:00,18.663,83.49304101290345,0.1232555009720914,253.02339,52.989307,6.576473,54.255
2024-04-14 19:30:00,18.088,26.153258160398295,0.0,126.511695,26.4946535,6.4283,14.933000000000002
2024-04-14 20:00:00,17.513,0.0,0.0,0.0,0.0,6.280127,0.046
2024-04-14 20:30:00,17.2380005,0.0,0.0,0.0,0.0,5.9759935,0.0
2024-04-14 21:00:00,16.963001,0.0,0.0,0.0,0.0,5.67186,0.0
2024-04-14 21:30:00,16.9880005,0.0,0.0,0.0,0.0,5.4479215,0.0
2024-04-14 22:00:00,17.013,0.0,0.0,0.0,0.0,5.223983,0.0
2024-04-14 22:30:00,17.063000000000002,0.0,0.0,0.0,0.0,5.3119915,0.0
2024-04-14 23:00:00,17.113,0.0,0.0,0.0,0.0,5.4,0.0
2024-04-14 23:30:00,17.1630005,0.0,0.0,0.0,0.0,5.7536864,0.0
2024-04-15 00:00:00,17.213001,0.0,0.0,0.0,0.0,6.1073728,0.0
2024-04-15 00:30:00,17.2380005,0.0,0.0,0.0,0.0,6.4668961,0.0
2024-04-15 01:00:00,17.263,0.0,0.0,0.0,0.0,6.8264194,0.0
2024-04-15 01:30:00,17.213,0.0,0.0,0.0,0.0,6.831177,0.0
2024-04-15 02:00:00,17.163,0.0,0.0,0.0,0.0,6.8359346,0.0
2024-04-15 02:30:00,16.963,0.0,0.0,0.0,0.0,6.438315149999999,0.0
2024-04-15 03:00:00,16.763,0.0,0.0,0.0,0.0,6.0406957,0.0
2024-04-15 03:30:00,16.4880005,0.0,0.0,0.0,0.0,5.333895,0.0
2024-04-15 04:00:00,16.213001,0.0,0.0,0.0,0.0,4.6270943,0.0
2024-04-15 04:30:00,15.8380005,0.0,0.0,0.0,0.0,4.37328015,0.0
2024-04-15 05:00:00,15.463,0.0,0.0,0.0,0.0,4.119466,0.0
2024-04-15 05:30:00,15.288,0.0,0.0,0.0,0.0,4.131568,0.0
2024-04-15 06:00:00,15.113,0.0,0.0,0.0,0.0,4.14367,0.0
2024-04-15 06:30:00,14.988,0.0,0.0,0.0,1.91146495,4.05299635,0.0
2024-04-15 07:00:00,14.863,3.7364733188044292,0.0,0.0,3.8229299,3.9623227,8.973
2024-04-15 07:30:00,15.713001,57.8182217390447,0.09080805958722257,156.392975,44.40719245,3.98241085,58.851
2024-04-15 08:00:00,16.563002,150.56903361034006,0.21443593817657441,312.78595,84.991455,4.002499,154.919
2024-04-15 08:30:00,17.838001,266.327692698409,0.33515960082083945,477.848295,107.5607675,4.4532895,277.33000000000004
2024-04-15 09:00:00,19.113,418.74503258447885,0.4509133956338587,642.91064,130.13008,4.90408,402.137
2024-04-15 09:30:00,19.938,536.2783641132497,0.5597167734169778,707.393795,141.14998,5.5512335,515.6579999999999
2024-04-15 10:00:00,20.763,661.0419245381868,0.6597082009895632,771.87695,152.16988,6.198387,622.033
2024-04-15 10:30:00,21.263,760.1465931142138,0.749177035559866,803.0327749999999,158.385155,6.119541,714.922
2024-04-15 11:00:00,21.763,854.771676471156,0.82659279733016,834.1886,164.60043,6.040695,729.6310000000001
2024-04-15 11:30:00,22.188,921.8325375120471,0.8906313789691586,845.59067,167.70896,5.96398465,729.7030000000001
2024-04-15 12:00:00,22.613,977.9511352195472,0.9401977165206654,856.99274,170.81749,5.8872743,729.5619999999999
2024-04-15 12:30:00,23.113,1007.6833211625482,0.9744445260279576,855.828555,172.14191499999998,5.78661085,729.799
2024-04-15 13:00:00,23.613,1023.7427369839055,0.9927868104901832,854.66437,173.46634,5.6859474,729.588
2024-04-15 13:30:00,23.763,1013.9024559562233,0.9949118678589494,845.043685,171.34127999999998,5.81828905,729.846
2024-04-15 14:00:00,23.913,990.4437466614802,0.9807846323749244,835.423,169.21622,5.9506307,729.6239999999999
2024-04-15 14:30:00,23.8130005,942.1658607596535,0.9506482652292512,816.10805,164.61449499999998,6.07692785,729.5419999999999
2024-04-15 15:00:00,23.713001,882.7082805808469,0.9050199728570916,796.7931,160.01277,6.203225,729.669
2024-04-15 15:30:00,23.6630005,800.4417749147857,0.8446821389789034,765.14325,152.84756499999995,5.609599749999999,729.502
2024-04-15 16:00:00,23.613,711.963824492861,0.7706689106949813,733.4934,145.68236,5.0159745,689.256
2024-04-15 16:30:00,23.388,604.95318982076,0.6842484677768802,684.77667,135.78003,4.5652914,594.254
2024-04-15 17:00:00,23.163,499.4127471811231,0.5869013019216625,636.05994,125.8777,4.1146083,487.439
2024-04-15 17:30:00,22.763,381.04859499192537,0.4802948487282999,561.37517,111.54494,3.4899590000000003,372.36500000000007
2024-04-15 18:00:00,22.363,274.9903971680168,0.3662549172718876,486.6904,97.21218,2.8653097,248.32
2024-04-15 18:30:00,21.638,166.43623957806855,0.2467344341627703,370.61711,75.577725,2.14328835,135.304
2024-04-15 19:00:00,20.913,84.75426103488455,0.12377999478252791,254.54382,53.94327,1.421267,58.655
2024-04-15 19:30:00,19.238001,26.623414161679914,0.0,127.27191,26.971635,1.4539369,16.462
2024-04-15 20:00:00,17.563002,0.0,0.0,0.0,0.0,1.4866068,0.002
2024-04-15 20:30:00,16.813002,0.0,0.0,0.0,0.0,1.5947727,0.0
2024-04-15 21:00:00,16.063002,0.0,0.0,0.0,0.0,1.7029386,0.0
2024-04-15 21:30:00,16.563002,0.0,0.0,0.0,0.0,0.9514693,0.0
2024-04-15 22:00:00,17.063002,0.0,0.0,0.0,0.0,0.2,0.0
2024-04-15 22:30:00,16.2380005,0.0,0.0,0.0,0.0,0.8500000000000001,0.0
2024-04-15 23:00:00,15.412999,0.0,0.0,0.0,0.0,1.5,0.0
2024-04-15 23:30:00,15.0379995,0.0,0.0,0.0,0.0,1.57006095,0.0
2024-04-16 00:00:00,14.663,0.0,0.0,0.0,0.0,1.6401219,0.0
2024-04-16 00:30:00,14.488,0.0,0.0,0.0,0.0,1.8125326,0.0
2024-04-16 01:00:00,14.313,0.0,0.0,0.0,0.0,1.9849433,0.0
2024-04-16 01:30:00,13.788,0.0,0.0,0.0,0.0,1.8125326,0.0
2024-04-16 02:00:00,13.263,0.0,0.0,0.0,0.0,1.6401219,0.0
2024-04-16 02:30:00,13.088,0.0,0.0,0.0,0.0,1.57006095,0.0
2024-04-16 03:00:00,12.913,0.0,0.0,0.0,0.0,1.5,0.0
2024-04-16 03:30:00,13.088,0.0,0.0,0.0,0.0,1.57006095,0.0
2024-04-16 04:00:00,13.263,0.0,0.0,0.0,0.0,1.6401219,0.0
2024-04-16 04:30:00,12.963,0.0,0.0,0.0,0.0,1.6685891000000002,0.0
2024-04-16 05:00:00,12.663,0.0,0.0,0.0,0.0,1.6970563,0.0
2024-04-16 05:30:00,12.288,0.0,0.0,0.0,0.0,1.6624692,0.0
2024-04-16 06:00:00,11.913,0.0,0.0,0.0,0.0,1.6278821,0.0
2024-04-16 06:30:00,11.663,0.0,0.0,0.0,1.7142756,1.7358955,0.0
2024-04-16 07:00:00,11.413,3.3510135984850016,0.0,0.0,3.4285512,1.8439089,12.588
2024-04-16 07:30:00,12.488,59.00744148791579,0.09332668505724022,154.931825,45.3634856,2.1302591,55.724
2024-04-16 08:00:00,13.563,152.92457949843836,0.2168026401138975,309.86365,87.29842,2.4166093,138.763
2024-04-16 08:30:00,15.463,238.45384450309703,0.33736097701628714,323.49559,131.645035,2.3626443000000004,265.928
2024-04-16 09:00:00,17.363,325.5909598074446,0.4529388908407474,337.12753,175.99165,2.3086793,182.343
2024-04-16 09:30:00,18.713001,428.1768809653497,0.5615588619916724,412.929625,199.37255,2.80433965,487.1530000000001
2024-04-16 10:00:00,20.063002,542.921231633567,0.6613625172426452,488.73172,222.75345,3.3,586.277
2024-04-16 10:30:00,20.813002,625.8919573693894,0.7506424495469275,520.61928,238.037185,3.71155275,413.758
2024-04-16 11:00:00,21.563002,707.8982908253051,0.8278714347965015,552.50684,253.32092,4.1231055,729.629
2024-04-16 11:30:00,21.538001,648.3528743007998,0.8917285850521938,396.32481,299.52271,4.1496141,729.834
2024-04-16 12:00:00,21.513,565.3874087697452,0.9411219638272221,240.14278,345.7245,4.1761227,729.5590000000001
2024-04-16 12:30:00,21.388,532.7543044121423,0.9752072686856129,191.339775,352.924065,4.52322055,591.13
2024-04-16 13:00:00,21.263,494.5293192846856,0.9934022866868465,142.53677,360.12363,4.8703184,729.667
2024-04-16 13:30:00,21.263,481.36143105425595,0.995396854230589,119.913233,369.548875,5.035159350000001,531.165
2024-04-16 14:00:00,21.263,466.5239648451229,0.9811581545488526,97.289696,378.97412,5.2000003,725.833
2024-04-16 14:30:00,20.638,349.50683653110974,0.9509312694795009,50.3003148,308.30431,5.04233515,202.372
2024-04-16 15:00:00,20.013,235.27917524512029,0.9052349645459086,3.3109336,237.6345,4.88467,131.832
2024-04-16 15:30:00,20.038001,234.98365458875878,0.8448527940700848,4.6145543,236.40314,4.3948975,113.027
2024-04-16 16:00:00,20.063002,234.4499142877666,0.7708196670165544,5.918175,235.17178,3.905125,335.79200000000003
2024-04-16 16:30:00,19.913001,219.58847358413547,0.6844041031168279,17.896237499999998,212.04578,4.0626573,225.13
2024-04-16 17:00:00,19.763,202.33116022607973,0.5870865062423604,29.8743,188.91978,4.2201896,245.352
2024-04-16 17:30:00,19.163001,156.15596730063248,0.4805337979179157,16.62690295,151.51417,3.7721718,320.712
2024-04-16 18:00:00,18.563002,112.7788235140295,0.3665708557456013,3.3795059,114.10856,3.324154,204.58300000000003
2024-04-16 18:30:00,18.188002,88.77562918219361,0.2471492735625441,18.68403495,86.0629335,3.30676535,68.656
2024-04-16 19:00:00,17.813002,61.00102405050595,0.12431393572871455,33.988564,58.017307,3.2893767,44.117
2024-04-16 19:30:00,16.7380005,28.390740934117463,0.00016799704560264023,16.994282,29.0086535,3.10071025,21.704
2024-04-16 20:00:00,15.662999,0.0,0.0,0.0,0.0,2.9120438,0.025
2024-04-16 20:30:00,15.0379995,0.0,0.0,0.0,0.0,2.7209329,0.0
2024-04-16 21:00:00,14.413,0.0,0.0,0.0,0.0,2.529822,0.0
2024-04-16 21:30:00,14.038,0.0,0.0,0.0,0.0,2.52685385,0.0
2024-04-16 22:00:00,13.663,0.0,0.0,0.0,0.0,2.5238857,0.0
2024-04-16 22:30:00,13.488,0.0,0.0,0.0,0.0,2.66283545,0.0
2024-04-16 23:00:00,13.313,0.0,0.0,0.0,0.0,2.8017852,0.0
2024-04-16 23:30:00,13.413,0.0,0.0,0.0,0.0,2.64286685,0.0
2024-04-17 00:00:00,13.513,0.0,0.0,0.0,0.0,2.4839485,0.0
2024-04-17 00:30:00,13.613,0.0,0.0,0.0,0.0,2.5620121,0.0
2024-04-17 01:00:00,13.713,0.0,0.0,0.0,0.0,2.6400757,0.0
2024-04-17 01:30:00,13.738,0.0,0.0,0.0,0.0,2.6103866,0.0
2024-04-17 02:00:00,13.763,0.0,0.0,0.0,0.0,2.5806975,0.0
2024-04-17 02:30:00,13.938,0.0,0.0,0.0,0.0,2.5282906,0.0
2024-04-17 03:00:00,14.113,0.0,0.0,0.0,0.0,2.4758837,0.0
2024-04-17 03:30:00,14.538,0.0,0.0,0.0,0.0,2.59808895,0.0
2024-04-17 04:00:00,14.963,0.0,0.0,0.0,0.0,2.7202942,0.0
2024-04-17 04:30:00,14.763,0.0,0.0,0.0,0.0,2.5316845,0.0
2024-04-17 05:00:00,14.563,0.0,0.0,0.0,0.0,2.3430748,0.0
2024-04-17 05:30:00,14.313,0.0,0.0,0.0,0.0,2.3515798,0.0
2024-04-17 06:00:00,14.063,0.0,0.0,0.0,0.0,2.3600848,0.0
2024-04-17 06:30:00,14.263,0.0,0.0,0.0,1.58908985,2.72357725,0.0
2024-04-17 07:00:00,14.463,3.1063043168580893,0.0,0.0,3.1781797,3.0870697,13.127
2024-04-17 07:30:00,15.313,58.48149060709631,0.09580240730075282,143.924635,45.52794985,3.60872255,85.57900000000001
2024-04-17 08:00:00,16.163,149.3544521882522,0.21912311362360598,287.84927,87.87772,4.1303754,91.838
2024-04-17 08:30:00,17.163,258.32827951168076,0.33951334760121693,436.097135,111.82918,4.3673607,304.071
2024-04-17 09:00:00,18.163,400.0811921271554,0.45491319915745615,584.345,135.78064,4.604346,274.226
2024-04-17 09:30:00,18.9380005,517.8361865295906,0.5633482158543892,668.66353,142.05276500000002,5.0375887,466.408
2024-04-17 10:00:00,19.713001,647.2360253402637,0.662963210984562,752.98206,148.32489,5.4708314,489.109
2024-04-17 10:30:00,20.0130015,729.1306705641439,0.7520540283624916,753.79361,162.38541500000002,5.9134655,687.234
2024-04-17 11:00:00,20.313002,802.0783283955063,0.8290967029763245,754.60516,176.44594,6.3560996,719.561
2024-04-17 11:30:00,20.563002,837.3158199640924,0.8927735579176674,721.907895,193.06193,6.3924703,729.691
2024-04-17 12:00:00,20.813002,858.426896012489,0.9419957641844504,689.21063,209.67792,6.428841,729.601
2024-04-17 12:30:00,21.063002,910.5227979904598,0.9759219696144721,730.7085850000001,197.146865,6.648441500000001,729.6890000000001
2024-04-17 13:00:00,21.313002,953.1752931826042,0.9939727033367068,772.20654,184.61581,6.868042,298.022
2024-04-17 13:30:00,21.338001,949.4611347957996,0.995840288219807,764.88739,186.79685,7.101445,542.9340000000001
2024-04-17 14:00:00,21.363,933.4365951101257,0.9814940954093292,757.56824,188.97789,7.334848,280.91
2024-04-17 14:30:00,21.263,843.4813956371448,0.95118105828182,677.078735,199.417315,6.799915,708.7639999999999
2024-04-17 15:00:00,21.163,749.1906862672716,0.9054214255062936,596.58923,209.85674,6.264982,729.7239999999999
2024-04-17 15:30:00,20.5630005,699.4653585720322,0.8449998405499576,601.676215,191.63826,6.0841855,712.843
2024-04-17 16:00:00,19.963001,640.8573254949869,0.7709518886862223,606.7632,173.41978,5.903389,307.724
2024-04-17 16:30:00,19.2380005,511.08745460816016,0.6845463414372466,496.99331,172.03258499999998,5.0522895000000005,381.316
2024-04-17 17:00:00,18.513,396.075066692742,0.5872634256075914,387.22342,170.64539,4.20119,209.69
2024-04-17 17:30:00,18.7380005,311.59077844827004,0.4807694598338568,356.94464,141.65867,2.78066855,257.471
2024-04-17 18:00:00,18.963001,231.14236195914708,0.3668883034714521,326.66586,112.67195,1.3601471,195.051
2024-04-17 18:30:00,19.2880005,142.48010909179885,0.24757013431501912,243.529815,83.3214735,0.9963013,77.523
2024-04-17 19:00:00,19.613,73.11277431327666,0.12485804735375088,160.39377,53.970997,0.6324555,63.322
2024-04-17 19:30:00,18.463001,26.611573895415173,0.0008530655988715333,80.196885,26.9854985,1.4128134,21.524
2024-04-17 20:00:00,17.313002,0.0,0.0,0.0,0.0,2.1931713,0.215
2024-04-17 20:30:00,16.338001,0.0,0.0,0.0,0.0,1.99797345,0.0
2024-04-17 21:00:00,15.363,0.0,0.0,0.0,0.0,1.8027756,0.0
2024-04-17 21:30:00,14.813,0.0,0.0,0.0,0.0,1.97143445,0.0
2024-04-17 22:00:00,14.263,0.0,0.0,0.0,0.0,2.1400933,0.0
2024-04-17 22:30:00,13.988,0.0,0.0,0.0,0.0,2.3079885,0.0
2024-04-17 23:00:00,13.713,0.0,0.0,0.0,0.0,2.4758837,0.0
2024-04-17 23:30:00,13.538,0.0,0.0,0.0,0.0,3.09804935,0.0
2024-04-18 00:00:00,13.363,0.0,0.0,0.0,0.0,3.720215,0.0
2024-04-18 00:30:00,13.513,0.0,0.0,0.0,0.0,3.9301315,0.0
2024-04-18 01:00:00,13.663,0.0,0.0,0.0,0.0,4.140048,0.0
2024-04-18 01:30:00,13.713,0.0,0.0,0.0,0.0,4.3426875,0.0
2024-04-18 02:00:00,13.763,0.0,0.0,0.0,0.0,4.545327,0.0
2024-04-18 02:30:00,13.638,0.0,0.0,0.0,0.0,4.6856493,0.0
2024-04-18 03:00:00,13.513,0.0,0.0,0.0,0.0,4.8259716,0.0
2024-04-18 03:30:00,13.363,0.0,0.0,0.0,0.0,4.1543933,0.0
2024-04-18 04:00:00,13.213,0.0,0.0,0.0,0.0,3.482815,0.0
2024-04-18 04:30:00,13.363,0.0,0.0,0.0,0.0,3.5723908,0.0
2024-04-18 05:00:00,13.513,0.0,0.0,0.0,0.0,3.6619666,0.0
2024-04-18 05:30:00,13.613,0.0,0.0,0.0,0.0,3.8007548,0.0
2024-04-18 06:00:00,13.713,0.0,0.0,0.0,0.0,3.939543,0.0
2024-04-18 06:30:00,13.888,0.0,0.0,0.0,1.5025007500000005,3.966018,0.0
2024-04-18 07:00:00,14.063,2.9370425881252196,0.0,0.0,3.0050015,3.992493,11.902
2024-04-18 07:30:00,14.438,42.68262088376243,0.09823381526793572,38.0391275,39.79453875,4.33825415,49.198
2024-04-18 08:00:00,14.813,91.79817329309896,0.22139613167095115,76.078255,76.584076,4.6840153,45.464
2024-04-18 08:30:00,15.413,168.82277363034015,0.34161568341924864,149.70118250000002,120.04756799999998,4.63602165,114.095
2024-04-18 09:00:00,16.013,262.4326432016534,0.45683549980165655,223.32411,163.51106,4.588028,402.31
2024-04-18 09:30:00,16.9880005,420.4258694705117,0.5650842295115097,440.53037,173.77243,4.8420525,551.592
2024-04-18 10:00:00,17.963001,619.6404468169062,0.6645098952200164,657.73663,184.0338,5.096077,303.51700000000005
2024-04-18 10:30:00,18.4130005,637.7229755298038,0.7534116029878121,576.484085,205.376975,5.0229123,729.4960000000001
2024-04-18 11:00:00,18.863,635.3936266201981,0.8302686465556179,495.23154,226.72015,4.9497476,566.057
2024-04-18 11:30:00,19.088001,648.0704224594567,0.8937665480130728,452.53769,246.601105,4.6589068000000005,278.017
2024-04-18 12:00:00,19.313002,649.4051305222031,0.9428195623246487,409.84384,266.48206,4.368066,729.6859999999999
2024-04-18 12:30:00,19.213001,611.0686944335541,0.9765892530068617,325.4076,297.935565,4.3794828500000005,311.206
2024-04-18 13:00:00,19.113,563.2076576659588,0.9944988461878275,240.97136,329.38907,4.3908997,353.622
2024-04-18 13:30:00,18.888,540.5882930954956,0.9962430964437364,219.403205,327.936005,4.58082185,729.71
2024-04-18 14:00:00,18.663,514.6899774018763,0.9817934993333693,197.83505,326.48294,4.770744,695.3849999999999
2024-04-18 14:30:00,18.638,493.3011731911601,0.9513987686294618,193.883835,314.65272,5.10566625,729.7270000000001
2024-04-18 15:00:00,18.613,469.22313937662176,0.9055805586117918,189.93262,302.8225,5.4405885,562.171
2024-04-18 15:30:00,18.1630005,402.36440257696665,0.8451245192979306,162.666405,269.971705,5.5220795,466.718
2024-04-18 16:00:00,17.713001,336.96081398250806,0.7710668260516493,135.40019,237.12091,5.6035705,729.678
2024-04-18 16:30:00,17.3880015,276.12284125384724,0.6846764138634043,115.625985,200.86482,5.60580025,708.632
2024-04-18 17:00:00,17.063002,217.66121577962923,0.5874332435224471,95.85178,164.60873,5.60803,519.373
2024-04-18 17:30:00,16.963001,187.19015165271637,0.48100294281928213,99.106285,142.32004,5.5081785,261.594
2024-04-18 18:00:00,16.863,155.2725084163587,0.3672082673602668,102.36079,120.03135,5.408327,252.005
2024-04-18 18:30:00,16.438000000000002,106.70104615382931,0.24799789736145503,77.0807725,89.36754,5.1587510000000005,142.19199999999998
2024-04-18 19:00:00,16.013,63.98206453180091,0.1254130622800036,51.800755,58.70373,4.909175,85.74600000000001
2024-04-18 19:30:00,15.238,28.7829991180954,0.001552583883306345,25.900377500000005,29.351865,4.71567135,20.651
2024-04-18 20:00:00,14.463,0.0,0.0,0.0,0.0,4.5221677,0.416
2024-04-18 20:30:00,13.938,0.0,0.0,0.0,0.0,4.31352135,0.0
2024-04-18 21:00:00,13.413,0.0,0.0,0.0,0.0,4.104875,0.0
2024-04-18 21:30:00,13.213,0.0,0.0,0.0,0.0,3.7524375,0.0
2024-04-18 22:00:00,13.013,0.0,0.0,0.0,0.0,3.4,0.0
2024-04-18 22:30:00,12.888,0.0,0.0,0.0,0.0,3.0462912,0.0
2024-04-18 23:00:00,12.763,0.0,0.0,0.0,0.0,2.6925824,0.0
2024-04-18 23:30:00,12.613,0.0,0.0,0.0,0.0,2.3770676,0.0
2024-04-19 00:00:00,12.463,0.0,0.0,0.0,0.0,2.0615528,0.0
2024-04-19 00:30:00,12.413,0.0,0.0,0.0,0.0,1.7414098999999998,0.0
2024-04-19 01:00:00,12.363,0.0,0.0,0.0,0.0,1.421267,0.0
2024-04-19 01:30:00,12.188,0.0,0.0,0.0,0.0,1.5352546500000002,0.0
2024-04-19 02:00:00,12.013,0.0,0.0,0.0,0.0,1.6492423,0.0
2024-04-19 02:30:00,11.788,0.0,0.0,0.0,0.0,1.85539755,0.0
2024-04-19 03:00:00,11.563,0.0,0.0,0.0,0.0,2.0615528,0.0
2024-04-19 03:30:00,12.313,0.0,0.0,0.0,0.0,2.17204765,0.0
2024-04-19 04:00:00,13.063,0.0,0.0,0.0,0.0,2.2825425,0.0
2024-04-19 04:30:00,13.038,0.0,0.0,0.0,0.0,2.39127125,0.0
2024-04-19 05:00:00,13.013,0.0,0.0,0.0,0.0,2.5,0.0
2024-04-19 05:30:00,12.813,0.0,0.0,0.0,0.0,2.3567971,0.0
2024-04-19 06:00:00,12.613,0.0,0.0,0.0,0.0,2.2135942,0.0
2024-04-19 06:30:00,12.388,0.0,0.0,0.0,2.878368,1.93444435,0.0
2024-04-19 07:00:00,12.163,5.626545877129721,0.0,0.0,5.756736,1.6552945,16.936
2024-04-19 07:30:00,12.613,61.421194261206985,0.10061952425905844,155.55464,46.614323,1.6791165499999998,70.982
2024-04-19 08:00:00,13.063,155.48258661062158,0.22362049666765177,311.10928,87.47191,1.7029386,180.07299999999998
2024-04-19 08:30:00,14.3130005,262.7221426976918,0.3436669875835639,450.55014,109.34951,1.95260505,212.193
2024-04-19 09:00:00,15.563001,400.48551736805086,0.45870500670362624,589.991,131.22711,2.2022715,262.17
2024-04-19 09:30:00,16.6880015,511.57608742129173,0.5667663342353825,649.90665,144.231345,2.8425432500000003,463.749
2024-04-19 10:00:00,17.813002,629.3512924314941,0.6660022213704443,709.8223,157.23558,3.482815,548.9499999999999
2024-04-19 10:30:00,18.563002,709.6582422887399,0.7547150439775425,712.81855,172.207535,3.89198885,643.303
2024-04-19 11:00:00,19.313002,781.8780240885549,0.8313873504526695,715.8148,187.17949,4.3011627,708.459
2024-04-19 11:30:00,19.863001,841.2947301068506,0.8947078461716098,718.9741,198.35641,4.391674849999999,729.808
2024-04-19 12:00:00,20.413,890.6878992387708,0.9435938429868501,722.1334,209.53333,4.482187,694.185
2024-04-19 12:30:00,20.913,873.1528903357218,0.9772097821775699,618.93745,270.450265,4.93181835,532.251
2024-04-19 13:00:00,21.413,840.5083213499224,0.9949815387246724,515.7415,331.3672,5.3814497,729.624
2024-04-19 13:30:00,21.238001,767.080229624383,0.9966062413940184,420.482885,353.151435,5.29120565,729.6510000000001
2024-04-19 14:00:00,21.063002,688.0825893808794,0.9820574442632822,325.22427,374.93567,5.2009616,716.3420000000001
2024-04-19 14:30:00,21.038001,713.059398167779,0.9515855683755922,392.58711,344.637465,5.4434545,507.19
2024-04-19 15:00:00,21.013,726.8475884711422,0.9057135945344365,459.94995,314.33926,5.6859474,615.644
2024-04-19 15:30:00,20.663001,670.9688683562365,0.8452280956325404,478.359675,269.757965,5.5309095500000005,729.8230000000001
2024-04-19 16:00:00,20.313002,606.1185435925814,0.7711657503181921,496.7694,225.17667,5.3758717,635.412
2024-04-19 16:30:00,19.838001,538.8707794415786,0.684795568597283,518.9728,184.86243,5.23597435,548.737
2024-04-19 17:00:00,19.363,461.92761145955694,0.5875971567262398,541.1762,144.54819,5.096077,453.57
2024-04-19 17:30:00,18.638,355.18772909747196,0.48123536455522364,477.12449,126.36285,5.08279685,355.299
2024-04-19 18:00:00,17.913,259.04045313514507,0.3675317597993202,413.07278,108.17751,5.0695167,232.141
2024-04-19 18:30:00,17.163,163.16482300086454,0.24843344539416343,330.02957000000004,82.0201285,4.731346650000001,134.98999999999998
2024-04-19 19:00:00,16.413,86.24106264258685,0.12597971131488328,246.98636,55.862747,4.3931766,41.18
2024-04-19 19:30:00,15.563,27.842868930934657,0.0022671112315526274,123.49318,27.9313735,4.20967055,7.81
2024-04-19 20:00:00,14.713,0.0,0.0,0.0,0.0,4.0261645,0.074
2024-04-19 20:30:00,14.388,0.0,0.0,0.0,0.0,3.66232455,0.0
2024-04-19 21:00:00,14.063,0.0,0.0,0.0,0.0,3.2984846,0.0
2024-04-19 21:30:00,13.663,0.0,0.0,0.0,0.0,3.6573508,0.0
2024-04-19 22:00:00,13.263,0.0,0.0,0.0,0.0,4.016217,0.0
2024-04-19 22:30:00,13.188,0.0,0.0,0.0,0.0,3.663403,0.0
2024-04-19 23:00:00,13.113,0.0,0.0,0.0,0.0,3.310589,0.0
2024-04-19 23:30:00,13.338,0.0,0.0,0.0,0.0,3.3735785,0.0
2024-04-20 00:00:00,13.563,0.0,0.0,0.0,0.0,3.436568,0.0
2024-04-20 00:30:00,13.463,0.0,0.0,0.0,0.0,3.5763744,0.0
2024-04-20 01:00:00,13.363,0.0,0.0,0.0,0.0,3.7161808,0.0
2024-04-20 01:30:00,13.213,0.0,0.0,0.0,0.0,4.5118614,0.0
2024-04-20 02:00:00,13.063,0.0,0.0,0.0,0.0,5.307542,0.0
2024-04-20 02:30:00,12.363,0.0,0.0,0.0,0.0,5.6358005,0.0
2024-04-20 03:00:00,11.663,0.0,0.0,0.0,0.0,5.964059,0.0
2024-04-20 03:30:00,11.163,0.0,0.0,0.0,0.0,6.1890531,0.0
2024-04-20 04:00:00,10.663,0.0,0.0,0.0,0.0,6.4140472,0.0
2024-04-20 04:30:00,10.188,0.0,0.0,0.0,0.0,6.59080835,0.0
2024-04-20 05:00:00,9.713,0.0,0.0,0.0,0.0,6.7675695,0.0
2024-04-20 05:30:00,9.763,0.0,0.0,0.0,0.0,6.94363025,0.0
2024-04-20 06:00:00,9.813,0.0,0.0,0.0,0.0,7.119691,0.0
2024-04-20 06:30:00,10.338,0.0,0.0,0.0,2.7821362,6.9399343,0.0
2024-04-20 07:00:00,10.863,5.438434892871012,0.0,0.0,5.5642724,6.7601776,9.161
2024-04-20 07:30:00,11.438,38.654015132954676,0.10295818279657451,56.090115,33.5628562,6.800615049999999,64.264
2024-04-20 08:00:00,12.013,85.64946305514107,0.2257950470292716,112.18023,61.56144,6.8410525,64.83
2024-04-20 08:30:00,12.488,140.58417349083098,0.3456663015574271,101.701525,107.66445,6.72998225,86.404
2024-04-20 09:00:00,12.963,192.54906613894087,0.4605209740590777,91.22282,153.76746,6.618912,189.192
2024-04-20 09:30:00,14.488,344.0129199740776,0.5683940029435508,296.222725,178.51393000000002,5.2620185,176.77499999999998
2024-04-20 10:00:00,16.013,535.2803285581751,0.6674398833056244,501.22263,203.2604,3.905125,194.332
2024-04-20 10:30:00,17.013,656.2370742219732,0.7559642646035496,600.58168,203.91802,2.94880545,729.658
2024-04-20 11:00:00,18.013,786.3609373726226,0.832452942009307,699.94073,204.57564,1.9924859,729.752
2024-04-20 11:30:00,18.6130005,852.4348569607791,0.8955977847722278,721.7726150000001,206.49382,1.8163039,729.9209999999999
2024-04-20 12:00:00,19.213001,910.5405415634312,0.9443191310708445,743.6045,208.412,1.6401219,350.64
2024-04-20 12:30:00,19.6630005,944.6423055342244,0.9777842586838872,756.0272,205.1276,2.0740546,729.569
2024-04-20 13:00:00,20.113,967.4126941318941,0.9954216402659647,768.4499,201.8432,2.5079873,729.6510000000001
2024-04-20 13:30:00,20.238,972.8966035145303,0.9969307185394353,784.28818,189.950995,3.0712718,729.635
2024-04-20 14:00:00,20.363,965.5040654696229,0.9822870378652546,800.12646,178.05879,3.6345563,295.975
2024-04-20 14:30:00,20.5380005,924.6048021366611,0.9517426514973563,792.25073,169.05638,3.33796885,729.817
2024-04-20 15:00:00,20.713001,872.1257318203734,0.9058217861960087,784.375,160.05397,3.0413814,729.62
2024-04-20 15:30:00,20.6630005,792.6961263801072,0.8453118530394599,754.7601999999999,153.410435,2.7865895,729.6200000000001
2024-04-20 16:00:00,20.613,707.0233490085283,0.7712499466259589,725.1454,146.7669,2.5317976,726.406
2024-04-20 16:30:00,20.263,603.7971353095561,0.6849050635123279,680.74122,136.93113,2.3579153,637.5450000000001
2024-04-20 17:00:00,19.913,501.3642026661603,0.5877563673625473,636.33704,127.09536,2.184033,532.057
2024-04-20 17:30:00,19.263,378.69806744479763,0.4814678439598461,552.35146,112.895905,2.04069975,413.654
2024-04-20 18:00:00,18.613,270.45712062772907,0.36785979043606776,468.36588,98.69645,1.8973665,179.01000000000002
2024-04-20 18:30:00,17.863,166.87554828165662,0.248877654586949,360.65504,77.753235,1.69198665,154.946
2024-04-20 19:00:00,17.113,88.08128245401613,0.1265587152998647,252.9442,56.81002,1.4866068,61.80800000000001
2024-04-20 19:30:00,15.988,28.41355614481311,0.002997193966740965,126.47209999999998,28.40501,1.7728663999999998,17.967000000000002
2024-04-20 20:00:00,14.863,0.0,0.0,0.0,0.0,2.059126,0.845
2024-04-20 20:30:00,14.188,0.0,0.0,0.0,0.0,2.1806495,0.0
2024-04-20 21:00:00,13.513,0.0,0.0,0.0,0.0,2.302173,0.0
2024-04-20 21:30:00,13.363,0.0,0.0,0.0,0.0,2.0524743,0.0
2024-04-20 22:00:00,13.213,0.0,0.0,0.0,0.0,1.8027756,0.0
2024-04-20 22:30:00,12.788,0.0,0.0,0.0,0.0,1.35415705,0.0
2024-04-20 23:00:00,12.363,0.0,0.0,0.0,0.0,0.9055385,0.0
2024-04-20 23:30:00,12.063,0.0,0.0,0.0,0.0,0.882885515,0.0
2024-04-21 00:00:00,11.763,0.0,0.0,0.0,0.0,0.86023253,0.0
2024-04-21 00:30:00,11.463,0.0,0.0,0.0,0.0,1.290348815,0.0
2024-04-21 01:00:00,11.163,0.0,0.0,0.0,0.0,1.7204651,0.0
2024-04-21 01:30:00,10.913,0.0,0.0,0.0,0.0,1.5673393,0.0
2024-04-21 02:00:00,10.663,0.0,0.0,0.0,0.0,1.4142135,0.0
2024-04-21 02:30:00,10.438,0.0,0.0,0.0,0.0,1.3091865,0.0
2024-04-21 03:00:00,10.213,0.0,0.0,0.0,0.0,1.2041595,0.0
2024-04-21 03:30:00,10.338,0.0,0.0,0.0,0.0,1.6986654,0.0
2024-04-21 04:00:00,10.463,0.0,0.0,0.0,0.0,2.1931713,0.0
2024-04-21 04:30:00,10.413,0.0,0.0,0.0,0.0,2.12614865,0.0
2024-04-21 05:00:00,10.363,0.0,0.0,0.0,0.0,2.059126,0.0
2024-04-21 05:30:00,10.338,0.0,0.0,0.0,0.0,1.5952484500000002,0.0
2024-04-21 06:00:00,10.313,0.0,0.0,0.0,0.0,1.1313709,0.0
2024-04-21 06:30:00,10.088,0.0,0.0,0.0,4.0601745,1.28679575,0.4629999999999999
2024-04-21 07:00:00,9.863,7.936705137564835,0.0,0.0,8.120349,1.4422206,16.951
2024-04-21 07:30:00,10.338,68.25007604635186,0.10524847701765647,157.62561,52.6396425,1.3476085,75.167
2024-04-21 08:00:00,10.813,167.23537218765244,0.2279186612361777,315.25122,97.158936,1.2529964,168.847
2024-04-21 08:30:00,11.988,282.314785331644,0.34761270880665857,478.15281,117.66889799999998,1.55655195,307.773
2024-04-21 09:00:00,13.163,433.17020599260627,0.4622826994350715,641.0544,138.17886,1.8601075,430.18
2024-04-21 09:30:00,14.313,539.6182670737552,0.5699667527310093,678.69575,153.88456,2.30936525,550.2299999999999
2024-04-21 10:00:00,15.463,647.8491167633595,0.6688226193106558,716.3371,169.59026,2.758623,655.2810000000001
2024-04-21 10:30:00,16.388001,746.5741532709541,0.7571592221896706,760.93378,170.62538,3.35921045,726.552
2024-04-21 11:00:00,17.313002,843.4875087550834,0.8334655916679145,805.53046,171.6605,3.9597979,729.715
2024-04-21 11:30:00,17.8880015,903.5299786146244,0.8964367378019195,808.69623,177.90235,4.207565799999999,729.633
2024-04-21 12:00:00,18.463001,952.270684579969,0.9449959909974821,811.862,184.1442,4.4553337,729.8109999999999
2024-04-21 12:30:00,18.8630005,983.5939265124355,0.9783134210165327,817.3333749999999,182.78419,4.6674416,729.5210000000001
2024-04-21 13:00:00,19.263,1002.2725456298314,0.9958200440094795,822.80475,181.42418,4.8795495,729.787
2024-04-21 13:30:00,19.6130005,994.7607474864212,0.9972175537615775,819.621425,175.77989000000002,5.0209565000000005,729.635
2024-04-21 14:00:00,19.963001,974.069558932852,0.982483414396987,816.4381,170.1356,5.1623635,729.5519999999999
2024-04-21 14:30:00,20.1630005,926.3215236931528,0.9518712344673188,798.93127,164.141285,4.63666225,729.711
2024-04-21 15:00:00,20.363,867.6483971099599,0.9059064046980707,781.42444,158.14697,4.110961,729.767
2024-04-21 15:30:00,19.838001,787.9395354423468,0.8453770887263259,751.23777,151.55024500000002,4.3182223,251.237
2024-04-21 16:00:00,19.313002,702.1313267879215,0.771320709332943,721.0511,144.95352,4.5254836,421.6929999999999
2024-04-21 16:30:00,18.838001,577.1760966797863,0.6850061612019942,603.5254150000001,164.122055,3.8183768,213.897
2024-04-21 17:00:00,18.363,467.27036817546264,0.5879120778945568,485.99973,183.29059,3.11127,209.23400000000004
2024-04-21 17:30:00,17.563000000000002,317.23326277944136,0.4817014960525417,293.66965,178.42257,2.7732146,96.357
2024-04-21 18:00:00,16.763,207.3116058871397,0.3681933610304304,101.33957,173.55455,2.4351592,61.533
2024-04-21 18:30:00,15.738,119.20697647154427,0.24933138960109624,52.9013333,108.2761285,3.3418441000000003,108.503
2024-04-21 19:00:00,14.713,42.602464268005235,0.12715078030292776,4.4630966,42.997707,4.248529,40.706
2024-04-21 19:30:00,14.163,21.025842516828007,0.003743360810994586,2.2315483,21.4988535,4.04845265,21.923
2024-04-21 20:00:00,13.613,0.0,0.0,0.0,0.0,3.8483763,0.066
2024-04-21 20:30:00,12.863,0.0,0.0,0.0,0.0,3.49023405,0.0
2024-04-21 21:00:00,12.113,0.0,0.0,0.0,0.0,3.1320918,0.0
2024-04-21 21:30:00,11.563,0.0,0.0,0.0,0.0,3.0702069,0.0
2024-04-21 22:00:00,11.013,0.0,0.0,0.0,0.0,3.008322,0.0
2024-04-21 22:30:00,10.913,0.0,0.0,0.0,0.0,2.91572035,0.0
2024-04-21 23:00:00,10.813,0.0,0.0,0.0,0.0,2.8231187,0.0
2024-04-21 23:30:00,10.838,0.0,0.0,0.0,0.0,2.75785055,0.0
2024-04-22 00:00:00,10.863,0.0,0.0,0.0,0.0,2.6925824,0.0
2024-04-22 00:30:00,10.813,0.0,0.0,0.0,0.0,2.73643505,0.0
2024-04-22 01:00:00,10.763,0.0,0.0,0.0,0.0,2.7802877,0.0
2024-04-22 01:30:00,10.538,0.0,0.0,0.0,0.0,2.52372225,0.0
2024-04-22 02:00:00,10.313,0.0,0.0,0.0,0.0,2.2671568,0.0
2024-04-22 02:30:00,10.188,0.0,0.0,0.0,0.0,1.7699745,0.0
2024-04-22 03:00:00,10.063,0.0,0.0,0.0,0.0,1.2727922,0.0
2024-04-22 03:30:00,11.413,0.0,0.0,0.0,0.0,1.5488104,0.0
2024-04-22 04:00:00,12.763,0.0,0.0,0.0,0.0,1.8248286,0.0
2024-04-22 04:30:00,12.488,0.0,0.0,0.0,0.0,1.6230478000000002,0.0
2024-04-22 05:00:00,12.213,0.0,0.0,0.0,0.0,1.421267,0.0
2024-04-22 05:30:00,12.388,0.0,0.0,0.0,0.0,1.7712936,0.0
2024-04-22 06:00:00,12.563,0.0,0.0,0.0,0.0,2.1213202,0.0
2024-04-22 06:30:00,12.413,0.0,0.0,0.0,3.9693365,1.89881285,0.0
2024-04-22 07:00:00,12.263,7.759137788849623,0.0,0.0,7.938673,1.6763055,13.379
2024-04-22 07:30:00,13.063,63.21171227257145,0.10748913225987801,105.787665,52.8955515,1.91518565,64.567
2024-04-22 08:00:00,13.863,144.58250309907928,0.22999025912937657,211.57533,97.85243,2.1540658,123.075
2024-04-22 08:30:00,15.263,244.2722423947818,0.3495053357758935,331.761615,130.50046500000002,2.2475029,113.037
2024-04-22 09:00:00,16.663,370.4164285460474,0.46398952441140917,451.9479,163.1485,2.34094,222.88
2024-04-22 09:30:00,17.738001,470.06990513946494,0.5714841451833558,491.736525,191.638575,2.7898835,223.888
2024-04-22 10:00:00,18.813002,573.5849095896049,0.670150212021209,531.52515,220.12865,3.238827,507.64
2024-04-22 10:30:00,19.613001,688.8425839769384,0.7582999176761511,630.775275,212.240335,3.5700545000000004,318.145
2024-04-22 11:00:00,20.413,812.8200904180675,0.8344255121753212,730.0254,204.35202,3.901282,511.954
2024-04-22 11:30:00,20.588,878.9793073594337,0.8972251196554487,756.282475,200.531615,4.07196125,631.1709999999999
2024-04-22 12:00:00,20.763,937.1680560366376,0.9456250252018975,782.53955,196.71121,4.2426405,409.03
2024-04-22 12:30:00,21.138,976.06908571392,0.9787980427998053,806.593725,185.48623,4.38902825,363.3250000000001
2024-04-22 13:00:00,21.513,1003.4472720952276,0.996177674972756,830.6479,174.26125,4.535416,329.46
2024-04-22 13:30:00,21.638,996.798111584666,0.997467801071243,826.8463,170.215935,4.719747699999999,377.772
2024-04-22 14:00:00,21.763,976.8797314394784,0.9826477322460836,823.0447,166.17062,4.9040794,354.476
2024-04-22 14:30:00,21.788001,920.7838458621175,0.9519725536316551,787.7419,169.352965,4.9035699,317.63500000000005
2024-04-22 15:00:00,21.813002,855.3199327814203,0.9059687366004895,752.4391,172.53531,4.9030604,325.105
2024-04-22 15:30:00,21.663001,766.5778465118855,0.8454251108659875,700.33295,173.998355,4.7860537,283.36800000000005
2024-04-22 16:00:00,21.513,675.3926979004509,0.7713793392312671,648.2268,175.4614,4.669047,729.643
2024-04-22 16:30:00,21.138,571.2320719491235,0.6851001262408998,591.837,166.262995,4.3004839,729.835
2024-04-22 17:00:00,20.763,471.04301905007776,0.5880654884820647,535.4472,157.06459,3.9319208,610.065
2024-04-22 17:30:00,20.338,371.18354581039637,0.48193742945217066,498.72534999999993,131.63374,3.7223772,470.9980000000001
2024-04-22 18:00:00,19.913,275.75701527530845,0.3685334631523526,462.0035,106.20289,3.5128336,343.713
2024-04-22 18:30:00,19.113001,171.30209976147748,0.24979550144987125,351.13262999999995,84.3905535,3.2746395,200.957
2024-04-22 19:00:00,18.313002,92.38325585440904,0.12775659570536238,240.26176,62.578217,3.0364454,84.707
2024-04-22 19:30:00,17.413001,31.385439966608697,0.004506121217904825,120.13088,31.2891085,2.73887825,32.235
2024-04-22 20:00:00,16.513,0.0,0.0,0.0,0.0,2.4413111,0.214
2024-04-22 20:30:00,16.087999500000002,0.0,0.0,0.0,0.0,2.3308357,0.0
2024-04-22 21:00:00,15.662999,0.0,0.0,0.0,0.0,2.2203603,0.0
2024-04-22 21:30:00,15.537999,0.0,0.0,0.0,0.0,2.18372565,0.0
2024-04-22 22:00:00,15.412999,0.0,0.0,0.0,0.0,2.147091,0.0
2024-04-22 22:30:00,15.3629995,0.0,0.0,0.0,0.0,2.0859683,0.0
2024-04-22 23:00:00,15.313,0.0,0.0,0.0,0.0,2.0248456,0.0
2024-04-22 23:30:00,15.238,0.0,0.0,0.0,0.0,1.98324715,0.0
2024-04-23 00:00:00,15.163,0.0,0.0,0.0,0.0,1.9416487,0.0
2024-04-23 00:30:00,15.013,0.0,0.0,0.0,0.0,2.125164,0.0
2024-04-23 01:00:00,14.863,0.0,0.0,0.0,0.0,2.3086793,0.0
2024-04-23 01:30:00,15.113,0.0,0.0,0.0,0.0,2.3205300500000003,0.0
2024-04-23 02:00:00,15.363,0.0,0.0,0.0,0.0,2.3323808,0.0
2024-04-23 02:30:00,15.488,0.0,0.0,0.0,0.0,2.3172769,0.0
2024-04-23 03:00:00,15.613,0.0,0.0,0.0,0.0,2.302173,0.0
2024-04-23 03:30:00,16.113,0.0,0.0,0.0,0.0,2.41302935,0.0
2024-04-23 04:00:00,16.613,0.0,0.0,0.0,0.0,2.5238857,0.0
2024-04-23 04:30:00,16.438000000000002,0.0,0.0,0.0,0.0,2.2013576,0.0
2024-04-23 05:00:00,16.263,0.0,0.0,0.0,0.0,1.8788295,0.0
2024-04-23 05:30:00,15.738,0.0,0.0,0.0,0.0,2.04395075,0.0
2024-04-23 06:00:00,15.213,0.0,0.0,0.0,0.0,2.209072,0.0
2024-04-23 06:30:00,14.838,0.0,0.0,0.0,5.1921825,2.25887565,0.0
2024-04-23 07:00:00,14.463,10.1495198107678,0.0,0.0,10.384365,2.3086793,13.27
2024-04-23 07:30:00,15.813,77.68429866237108,0.10967891238593802,191.687975,57.7094745,2.45433965,38.675
2024-04-23 08:00:00,17.163,192.11741477946526,0.23200880101220922,383.37595,105.034584,2.6,83.28399999999999
2024-04-23 08:30:00,18.613001,249.567153854469,0.3513433507729195,261.063265,161.035357,2.39658565,174.04399999999998
2024-04-23 09:00:00,20.063002,277.1257385402215,0.4656408332993589,138.75058,217.03613,2.1931713,250.752
2024-04-23 09:30:00,20.788001,375.67801612674015,0.572945784864611,245.031115,239.773925,3.2179059,355.5129999999999
2024-04-23 10:00:00,21.513,493.93768206948084,0.6714224867410576,351.31165,262.51172,4.2426405,629.035
2024-04-23 10:30:00,21.7380005,468.13257501026794,0.7593863937891403,281.32088,259.04537500000004,4.51140405,295.817
2024-04-23 11:00:00,21.963001,427.4745181013543,0.8353329566135662,211.33011,255.57903,4.7801676,660.116
2024-04-23 11:30:00,22.2630015,446.36214964505814,0.8979633831110132,169.18839,300.25494000000003,4.825243,729.719
2024-04-23 12:00:00,22.563002,458.14326088505203,0.9462068720378978,127.04667,344.93085,4.8703184,532.0120000000001
2024-04-23 12:30:00,23.5130015,705.3172533567043,0.979238930658743,423.6837650000001,294.225345,4.96991755,729.487
2024-04-23 13:00:00,24.463001,960.7248908971591,0.9964954878544152,720.32086,243.51984,5.0695167,729.5340000000001
2024-04-23 13:30:00,23.8880015,764.0724254808545,0.9976825404950936,467.490585,301.275135,4.9394412,683.274
2024-04-23 14:00:00,23.313002,563.3661688768802,0.9827811718691436,214.66031,359.03043,4.8093657,542.768
2024-04-23 14:30:00,23.538001,610.0698486792901,0.9520478632550795,270.063235,359.251755,5.22647305,524.943
2024-04-23 15:00:00,23.763,648.3870101822672,0.9060100820803692,325.46616,359.47308,5.6435804,508.02400000000006
2024-04-23 15:30:00,23.9880005,591.1242197926395,0.8454572368726911,343.60631,305.35883,5.8105189500000005,267.555
2024-04-23 16:00:00,24.213001,526.7892066588581,0.7714271420074339,361.74646,251.24458,5.9774575,285.634
2024-04-23 16:30:00,24.2880005,502.0544550679536,0.6851882238197136,401.949005,229.656075,6.20509325,331.26000000000005
2024-04-23 17:00:00,24.363,465.64070176539906,0.5882177957384653,442.15155,208.06757,6.432729,260.272
2024-04-23 17:30:00,23.388,347.6312840106993,0.4821767453480163,362.203965,175.33227,6.8167115,158.27499999999998
2024-04-23 18:00:00,22.413,244.52965591977585,0.3688810773103661,282.25638,142.59697,7.200694,91.063
2024-04-23 18:30:00,21.363001,146.95569780289225,0.2502708268268043,172.176316,105.66698,6.193607500000001,44.83
2024-04-23 19:00:00,20.313002,75.2910795049499,0.12837683371684697,62.096252,68.73699,5.186521,75.471
2024-04-23 19:30:00,19.913001,33.823798954095416,0.005285965096320877,31.048126000000003,34.368495,4.545823,16.935000000000002
2024-04-23 20:00:00,19.513,0.0,0.0,0.0,0.0,3.905125,0.026
2024-04-23 20:30:00,19.388,0.0,0.0,0.0,0.0,4.2202705,0.0
2024-04-23 21:00:00,19.263,0.0,0.0,0.0,0.0,4.535416,0.0
2024-04-23 21:30:00,19.088,0.0,0.0,0.0,0.0,4.2093567,0.0
2024-04-23 22:00:00,18.913,0.0,0.0,0.0,0.0,3.8832974,0.0
2024-04-23 22:30:00,18.388,0.0,0.0,0.0,0.0,3.81381305,0.0
2024-04-23 23:00:00,17.863,0.0,0.0,0.0,0.0,3.7443287,0.0
2024-04-23 23:30:00,17.688000000000002,0.0,0.0,0.0,0.0,3.56405685,0.0
2024-04-24 00:00:00,17.513,0.0,0.0,0.0,0.0,3.383785,0.0
2024-04-24 00:30:00,17.088,0.0,0.0,0.0,0.0,3.2809174,0.0
2024-04-24 01:00:00,16.663,0.0,0.0,0.0,0.0,3.1780498,0.0
2024-04-24 01:30:00,16.488001,0.0,0.0,0.0,0.0,2.9683364,0.0
2024-04-24 02:00:00,16.313002,0.0,0.0,0.0,0.0,2.758623,0.0
2024-04-24 02:30:00,16.138001,0.0,0.0,0.0,0.0,2.4399716,0.0
2024-04-24 03:00:00,15.963,0.0,0.0,0.0,0.0,2.1213202,0.0
2024-04-24 03:30:00,16.563,0.0,0.0,0.0,0.0,2.15724575,0.0
2024-04-24 04:00:00,17.163,0.0,0.0,0.0,0.0,2.1931713,0.0
2024-04-24 04:30:00,16.963,0.0,0.0,0.0,0.0,1.450139035,0.0
2024-04-24 05:00:00,16.763,0.0,0.0,0.0,0.0,0.70710677,0.0
2024-04-24 05:30:00,16.463,0.0,0.0,0.0,0.0,0.603553385,0.0
2024-04-24 06:00:00,16.163,0.0,0.0,0.0,0.0,0.5,0.0
2024-04-24 06:30:00,15.638,0.0,0.0,0.0,5.1074355,1.26118745,0.0
2024-04-24 07:00:00,15.113,9.98385896286749,0.0,0.0,10.214871,2.0223749,16.452
2024-04-24 07:30:00,15.7880005,64.39846998228568,0.11181661810048266,40.76551,61.1692305,1.91672595,48.996
2024-04-24 08:00:00,16.463001,128.77263872197443,0.23397328583591098,81.53102,112.12359,1.811077,86.887
2024-04-24 08:30:00,17.4380005,199.32989795444345,0.3531259620461378,122.739425,159.303235,1.6621758,170.0
2024-04-24 09:00:00,18.413,278.88061943364914,0.467236051053636,163.94783,206.48288,1.5132746,221.51
2024-04-24 09:30:00,19.463,384.60927172269095,0.5743513171794322,254.447415,242.99727,1.8336702,298.753
2024-04-24 10:00:00,20.513,506.6807565706778,0.6726393092481899,344.947,279.51166,2.1540658,369.662
2024-04-24 10:30:00,21.663001,611.2842672437675,0.7604187328160518,431.3083,287.67528000000004,2.668416,493.213
2024-04-24 11:00:00,22.813002,724.8320872405641,0.8361882161798997,517.6696,295.8389,3.1827662,601.052
2024-04-24 11:30:00,23.938002,808.4733225010365,0.8986520170875568,594.20655,277.230835,3.5123204,684.601
2024-04-24 12:00:00,25.063002,892.0351269186566,0.9467422035559969,670.7435,258.62277,3.8418746,621.3240000000001
2024-04-24 12:30:00,25.663001,911.5860943364748,0.9796369220350235,650.790025,276.01222,3.6702229,729.5540000000001
2024-04-24 13:00:00,26.263,919.8841315668591,0.99677446490045,630.83655,293.40167,3.4985712,729.599
2024-04-24 13:30:00,26.2380005,887.478708862745,0.9978628760096324,579.904025,311.8674,3.5381401,729.7579999999999
2024-04-24 14:00:00,26.213001,846.4637720934285,0.9828849338027197,528.9715,330.33313,3.577709,729.6060000000001
2024-04-24 14:30:00,25.9880005,827.1753343199233,0.9520984336051819,554.05243,302.73459,3.6469449,728.803
2024-04-24 15:00:00,25.763,797.4933262803031,0.9060317531166724,579.13336,275.13605,3.7161808,729.683
2024-04-24 15:30:00,24.963,715.0015162988592,0.8454747916819135,525.152815,273.844085,4.00867175,729.6460000000001
2024-04-24 16:00:00,24.163,632.7091023169687,0.7714654265986313,471.17227,272.55212,4.3011627,729.829
2024-04-24 16:30:00,23.363001,560.60841610071,0.6852717181948127,492.620865,225.43234,4.28248185,610.235
2024-04-24 17:00:00,22.563002,479.3056995440322,0.5883701913296213,514.06946,178.31256,4.263801,427.924
2024-04-24 17:30:00,21.688002,373.5354628617607,0.48242053615883596,466.82347,149.658153,4.008732999999999,238.927
2024-04-24 18:00:00,20.813002,274.74151737892515,0.3692371717385243,419.57748,121.003746,3.753665,121.65200000000002
2024-04-24 18:30:00,19.963001,167.2651923194906,0.2507581869709433,265.05849,102.213003,3.3975232,201.54
2024-04-24 19:00:00,19.113,96.04223488151916,0.12901214831257338,110.5395,83.42226,3.0413814,59.562
2024-04-24 19:30:00,18.363,41.22687414037658,0.006083361763276414,55.26975,41.71113,2.25893185,21.408
2024-04-24 20:00:00,17.613,0.0,0.0,0.0,0.0,1.4764823,0.335
2024-04-24 20:30:00,16.838001,0.0,0.0,0.0,0.0,1.52881055,0.0
2024-04-24 21:00:00,16.063002,0.0,0.0,0.0,0.0,1.5811388,0.0
2024-04-24 21:30:00,15.513001,0.0,0.0,0.0,0.0,1.5983440999999998,0.0
2024-04-24 22:00:00,14.963,0.0,0.0,0.0,0.0,1.6155494,0.0
2024-04-24 22:30:00,14.863,0.0,0.0,0.0,0.0,1.46542195,0.0
2024-04-24 23:00:00,14.763,0.0,0.0,0.0,0.0,1.3152945,0.0
2024-04-24 23:30:00,14.563,0.0,0.0,0.0,0.0,1.15764725,0.0
2024-04-25 00:00:00,14.363,0.0,0.0,0.0,0.0,1.0,0.0
2024-04-25 00:30:00,14.063,0.0,0.0,0.0,0.0,0.820156215,0.0
2024-04-25 01:00:00,13.763,0.0,0.0,0.0,0.0,0.64031243,0.0
2024-04-25 01:30:00,13.513,0.0,0.0,0.0,0.0,0.723269115,0.0
2024-04-25 02:00:00,13.263,0.0,0.0,0.0,0.0,0.8062258,0.0
2024-04-25 02:30:00,13.063,0.0,0.0,0.0,0.0,0.7936254,0.0
2024-04-25 03:00:00,12.863,0.0,0.0,0.0,0.0,0.781025,0.0
2024-04-25 03:30:00,13.088,0.0,0.0,0.0,0.0,1.0424327,0.0
2024-04-25 04:00:00,13.313,0.0,0.0,0.0,0.0,1.3038404,0.0
2024-04-25 04:30:00,13.063,0.0,0.0,0.0,0.0,1.3019202,0.0
2024-04-25 05:00:00,12.813,0.0,0.0,0.0,0.0,1.3,0.0
2024-04-25 05:30:00,12.563,0.0,0.0,0.0,0.0,1.03078865,0.0
2024-04-25 06:00:00,12.313,0.0,0.0,0.0,0.0,0.7615773,0.0
2024-04-25 06:30:00,12.838,0.0,0.0,0.0,5.035318,0.7447941250000001,0.0
2024-04-25 07:00:00,13.363,9.842885875932843,0.0,0.0,10.070636,0.72801095,17.636
2024-04-25 07:30:00,14.4630005,70.91275824948397,0.11390108581471828,94.414855,61.422158,1.034825875,107.43
2024-04-25 08:00:00,15.563001,155.01639290333992,0.23588275003643858,188.82971,112.77368,1.3416408,195.019
2024-04-25 08:30:00,16.638001,233.99412194427617,0.35485241656024474,205.26487,164.431045,1.4518453999999998,159.203
2024-04-25 09:00:00,17.713001,315.7634041791123,0.46877464211153086,221.70003,216.08841,1.56205,187.883
2024-04-25 09:30:00,18.6380015,395.17240362757065,0.5757004271531779,248.764275,256.86134500000003,1.43294525,293.694
2024-04-25 10:00:00,19.563002,477.93477453985486,0.6738005845093953,275.82852,297.63428,1.3038405,387.303
2024-04-25 10:30:00,20.463001,635.0740471981851,0.7613970552231717,508.66841,250.83565,1.9138631,552.014
2024-04-25 11:00:00,21.363,824.1057112487504,0.8369916187181984,741.5083,204.03702,2.5238857,665.3910000000001
2024-04-25 11:30:00,21.4130005,784.9942714147644,0.8992915450735536,561.9549099999999,282.792785,2.9240199,525.779
2024-04-25 12:00:00,21.463001,718.0193163211948,0.9472317238215379,382.40152,361.54855,3.3241541,729.4929999999999
2024-04-25 12:30:00,21.6630005,855.545362177552,0.9799928833831005,593.6787850000001,276.013805,3.71390555,729.6749999999998
2024-04-25 13:00:00,21.863,994.2460407918692,0.9970156139672912,804.95605,190.47906,4.103657,729.8900000000001
2024-04-25 13:30:00,21.938,992.0314442667687,0.9980099334549316,813.2581749999999,178.80844000000002,4.457031150000001,729.658
2024-04-25 14:00:00,22.013,976.6522306451739,0.9829602364219988,821.5603,167.13782,4.8104053,729.6260000000001
2024-04-25 14:30:00,21.8630005,933.7729653397075,0.9521255485489581,809.897825,160.746805,5.04527835,729.49
2024-04-25 15:00:00,21.713001,879.4352068949412,0.9060350708988748,798.23535,154.35579,5.2801514,729.597
2024-04-25 15:30:00,21.5630005,800.6084061317503,0.8454791050046443,769.6561750000001,148.335085,5.430237050000001,729.4989999999999
2024-04-25 16:00:00,21.413,715.2919716436402,0.7714955022817312,741.077,142.31438,5.5803227,684.336
2024-04-25 16:30:00,20.988001,611.3279027872522,0.6853518696116874,697.14452,132.676775,5.4250238500000005,597.6020000000001
2024-04-25 17:00:00,20.563002,507.9536762827677,0.5885238587313081,653.21204,123.03917,5.269725,497.196
2024-04-25 17:30:00,19.538001,394.40283274740716,0.4826698821403334,585.766695,111.599568,4.40827725,346.16099999999994
2024-04-25 18:00:00,18.513,291.39194611436363,0.3696026988402711,518.32135,100.159966,3.5468295,77.841
2024-04-25 18:30:00,17.338,183.02103848413697,0.2512583839941148,411.2267450000001,80.208043,2.84696025,225.513
2024-04-25 19:00:00,16.163,99.00950368702343,0.12966317145665782,304.13214,60.25612,2.147091,69.882
2024-04-25 19:30:00,14.963,30.836449669794796,0.006898756135627175,152.06607,30.128060000000005,1.8351228,23.904
2024-04-25 20:00:00,13.763,0.0,0.0,0.0,0.0,1.5231546,2.1740000000000004
2024-04-25 20:30:00,13.063,0.0,0.0,0.0,0.0,1.41349755,0.0
2024-04-25 21:00:00,12.363,0.0,0.0,0.0,0.0,1.3038405,0.0
2024-04-25 21:30:00,11.938,0.0,0.0,0.0,0.0,1.1236193,0.0
2024-04-25 22:00:00,11.513,0.0,0.0,0.0,0.0,0.9433981,0.0
2024-04-25 22:30:00,11.088,0.0,0.0,0.0,0.0,1.01253175,0.0
2024-04-25 23:00:00,10.663,0.0,0.0,0.0,0.0,1.0816654,0.0
2024-04-25 23:30:00,10.313,0.0,0.0,0.0,0.0,1.1239279,0.0
2024-04-26 00:00:00,9.963,0.0,0.0,0.0,0.0,1.1661904,0.0
2024-04-26 00:30:00,9.788,0.0,0.0,0.0,0.0,0.99540577,0.0
2024-04-26 01:00:00,9.613,0.0,0.0,0.0,0.0,0.82462114,0.0
2024-04-26 01:30:00,9.488,0.0,0.0,0.0,0.0,0.86507982,0.0
2024-04-26 02:00:00,9.363,0.0,0.0,0.0,0.0,0.9055385,0.0
2024-04-26 02:30:00,9.163,0.0,0.0,0.0,0.0,0.7569073749999999,0.0
2024-04-26 03:00:00,8.963,0.0,0.0,0.0,0.0,0.60827625,0.0
2024-04-26 03:30:00,9.363,0.0,0.0,0.0,0.0,0.7284022,0.0
2024-04-26 04:00:00,9.763,0.0,0.0,0.0,0.0,0.84852815,0.0
2024-04-26 04:30:00,9.438,0.0,0.0,0.0,0.0,0.8852413,0.0
2024-04-26 05:00:00,9.113,0.0,0.0,0.0,0.0,0.92195445,0.0
2024-04-26 05:30:00,8.838000000000001,0.0,0.0,0.0,0.0,1.217614525,0.0
2024-04-26 06:00:00,8.563,0.0,0.0,0.0,0.0,1.5132746,0.0
2024-04-26 06:30:00,8.663,0.0,0.0,6.8854755,6.216057,1.1597502,1.4369999999999998
2024-04-26 07:00:00,8.763,12.169702126806898,0.0,13.770951,12.432114,0.8062258,23.636
2024-04-26 07:30:00,9.988,82.93315335633875,0.11593118888152416,248.2560955,55.061747,0.81542347,83.964
2024-04-26 08:00:00,11.213,210.9004571972368,0.23773626883041232,482.74124,97.69138,0.82462114,194.107
2024-04-26 08:30:00,12.388,325.5611055728149,0.35652200131931305,591.62217,115.91842,0.94381787,326.169
2024-04-26 09:00:00,13.563,462.55007893281925,0.4702561115329959,700.5031,134.14546,1.0630146,454.8250000000001
2024-04-26 09:30:00,14.6880005,578.7809324491471,0.5769928404403946,755.3848800000001,143.421905,0.961623565,571.038
2024-04-26 10:00:00,15.813001,699.578353889178,0.674906257496448,810.26666,152.69835,0.86023253,673.103
2024-04-26 10:30:00,16.8630005,793.5118592175332,0.762321520245962,832.10923,158.687275,1.207933765,729.7340000000002
2024-04-26 11:00:00,17.913,881.0224516708774,0.8377435289659624,853.9518,164.6762,1.555635,729.724
2024-04-26 11:30:00,18.788,942.5855302825851,0.8998825250300777,860.4945,166.921175,2.0525724,729.6170000000001
2024-04-26 12:00:00,19.663,992.5237680647092,0.9476761683818977,867.0372,169.16615,2.5495098,729.7760000000001
2024-04-26 12:30:00,20.1880005,1019.543696530128,0.980307709147619,864.563,170.13356499999998,2.9026370000000004,729.7579999999999
2024-04-26 13:00:00,20.713001,1032.8507333168732,0.9972199669782775,862.0888,171.10098,3.2557642,729.8639999999999
2024-04-26 13:30:00,20.713001,1020.686143958042,0.9981248584359833,851.5699999999999,168.621815,3.61282535,729.863
2024-04-26 14:00:00,20.713001,995.0276693487444,0.9830083132606566,841.0512,166.14265,3.9698865,729.6289999999999
2024-04-26 14:30:00,20.3630005,944.6598809000562,0.9521305022857918,818.80165,163.13139,4.47592695,729.7080000000001
2024-04-26 15:00:00,20.013,883.5335798859497,0.9060213619807175,796.5521,160.12013,4.9819674,729.804
2024-04-26 15:30:00,19.8630005,800.3630571356589,0.8454715068786393,763.3826799999999,153.544615,4.9819674,729.722
2024-04-26 16:00:00,19.713001,711.422309185575,0.7715186736528372,730.21326,146.9691,4.9819674,667.253
2024-04-26 16:30:00,19.1630005,608.3612408886192,0.6854299287393842,686.93208,136.79512499999998,4.9511667,592.6110000000001
2024-04-26 17:00:00,18.613,505.8901157937269,0.5886799671212192,643.6509,126.62115,4.920366,538.273
2024-04-26 17:30:00,17.7880005,391.2740607573612,0.48292584485264783,577.733165,112.24192,5.012143,422.749
2024-04-26 18:00:00,16.963001,286.91859300082047,0.36997858826632135,511.81543,97.86269,5.10392,298.759
2024-04-26 18:30:00,15.9380005,179.58937646518808,0.2517721936288248,402.002655,78.875995,4.9236685,168.42
2024-04-26 19:00:00,14.913,97.27598438560568,0.13033050562754966,292.18988,59.8893,4.743417,74.624
2024-04-26 19:30:00,14.088,30.727052835075842,0.0077325610462589235,146.09494,29.94465,4.09217355,26.443
2024-04-26 20:00:00,13.263,0.0,0.0,0.0,0.0,3.4409301,2.755
2024-04-26 20:30:00,12.763,0.0,0.0,0.0,0.0,3.1106089,0.0
2024-04-26 21:00:00,12.263,0.0,0.0,0.0,0.0,2.7802877,0.0
2024-04-26 21:30:00,11.888,0.0,0.0,0.0,0.0,2.4601905000000004,0.0
2024-04-26 22:00:00,11.513,0.0,0.0,0.0,0.0,2.1400933,0.0
2024-04-26 22:30:00,11.338,0.0,0.0,0.0,0.0,1.8946678,0.0
2024-04-26 23:00:00,11.163,0.0,0.0,0.0,0.0,1.6492423,0.0
2024-04-26 23:30:00,11.013,0.0,0.0,0.0,0.0,1.4267009000000002,0.0
2024-04-27 00:00:00,10.863,0.0,0.0,0.0,0.0,1.2041595,0.0
2024-04-27 00:30:00,10.713,0.0,0.0,0.0,0.0,1.210356,0.0
2024-04-27 01:00:00,10.563,0.0,0.0,0.0,0.0,1.2165525,0.0
2024-04-27 01:30:00,10.363,0.0,0.0,0.0,0.0,1.210356,0.0
2024-04-27 02:00:00,10.163,0.0,0.0,0.0,0.0,1.2041595,0.0
2024-04-27 02:30:00,9.938,0.0,0.0,0.0,0.0,1.3669327,0.0
2024-04-27 03:00:00,9.713,0.0,0.0,0.0,0.0,1.5297059,0.0
2024-04-27 03:30:00,9.088,0.0,0.0,0.0,0.0,1.57107875,0.0
2024-04-27 04:00:00,8.463,0.0,0.0,0.0,0.0,1.6124516,0.0
2024-04-27 04:30:00,8.388,0.0,0.0,0.0,0.0,1.7062258,0.0
2024-04-27 05:00:00,8.313,0.0,0.0,0.0,0.0,1.8,0.0
2024-04-27 05:30:00,8.338000000000001,0.0,0.0,0.0,0.0,1.78600225,0.0
2024-04-27 06:00:00,8.363,0.0,0.0,0.0,0.0,1.7720045,0.0
2024-04-27 06:30:00,8.663,0.0,0.0,6.8704095,7.377722,1.53600225,1.5739999999999998
2024-04-27 07:00:00,8.963,14.440284488653122,0.0,13.740819,14.755444,1.3,30.273
2024-04-27 07:30:00,10.288,84.95003302354662,0.11790584234017819,254.5387895,55.850392,1.8172617,89.83
2024-04-27 08:00:00,11.613,214.08604160550868,0.23953296100124313,495.33676,96.94534,2.3345234,200.447
2024-04-27 08:30:00,12.738,327.07947797455665,0.35813404810126204,587.7762,117.911245,2.6378058,325.07899999999995
2024-04-27 09:00:00,13.863,458.5611750082386,0.4716800096161062,680.21564,138.87715,2.9410882,450.197
2024-04-27 09:30:00,14.8879995,574.0720628769758,0.5782283276269776,741.79092,145.71894,3.4485482,562.6189999999999
2024-04-27 10:00:00,15.912999,695.618481917007,0.6759563170519527,803.3662,152.56073,3.9560082,668.902
2024-04-27 10:30:00,16.787999499999998,791.345232326799,0.7631923291667406,829.1507,158.03388,4.3317246,729.288
2024-04-27 11:00:00,17.663,881.3251216678511,0.8384443511762114,854.9352,163.50703,4.707441,729.712
2024-04-27 11:30:00,18.488001,940.6383132364934,0.9004255511973784,859.0353,165.788475,4.842194,729.7379999999999
2024-04-27 12:00:00,19.313002,988.0906477917139,0.9480763052076003,863.1354,168.06992,4.976947,729.595
2024-04-27 12:30:00,19.863001,1014.6687757205655,0.9805823217700833,860.42815,169.06439999999998,4.97141535,729.505
2024-04-27 13:00:00,20.413,1027.6048880450444,0.9973885789146772,857.7209,170.05888,4.9658837,729.623
2024-04-27 13:30:00,20.663,1015.5431828671617,0.9982088142589651,846.87855,168.09793,5.12301785,729.5939999999999
2024-04-27 14:00:00,20.913,990.0882491590736,0.9830304098639271,836.0362,166.13698,5.280152,729.7370000000001
2024-04-27 14:30:00,20.788,940.0652797881316,0.9521145950931226,815.47437,161.69639,5.30559665,729.757
2024-04-27 15:00:00,20.663,879.225584075826,0.9059919529188639,794.91254,157.2558,5.3310413,729.606
2024-04-27 15:30:00,20.463,795.6101150209704,0.8454533212456826,758.8985700000001,152.59181999999998,4.96877915,729.669
2024-04-27 16:00:00,20.263,706.6840388037374,0.7715362331878786,722.8846,147.92784,4.606517,713.5709999999999
2024-04-27 16:30:00,19.6130005,600.6869244596726,0.6855071282787415,671.2714,139.947005,5.0134245,622.683
2024-04-27 17:00:00,18.963001,496.9781371689905,0.588839662186601,619.6582,131.96617,5.420332,520.014
2024-04-27 17:30:00,18.2630015,386.2807584560243,0.48318945718553086,559.25122,116.1916,5.4382605,402.201
2024-04-27 18:00:00,17.563002,284.76893230440055,0.3703657362997254,498.84424,100.41703,5.456189,277.79099999999994
2024-04-27 18:30:00,16.8880015,178.5810105668578,0.25230035410610163,391.77142,80.2948035,5.12079185,157.03900000000002
2024-04-27 19:00:00,16.213001,96.75947225345013,0.13101471228505732,284.6986,60.172577,4.7853947,65.003
2024-04-27 19:30:00,15.2880005,30.95197300089878,0.008585145537442263,142.3493,30.086288499999995,4.0151955,23.419
2024-04-27 20:00:00,14.363,0.0,0.0,0.0,0.0,3.2449963,2.931
2024-04-27 20:30:00,13.638,0.0,0.0,0.0,0.0,3.055153,0.0
2024-04-27 21:00:00,12.913,0.0,0.0,0.0,0.0,2.8653097,0.0
2024-04-27 21:30:00,12.513,0.0,0.0,0.0,0.0,2.7297671,0.0
2024-04-27 22:00:00,12.113,0.0,0.0,0.0,0.0,2.5942245,0.0
2024-04-27 22:30:00,11.963,0.0,0.0,0.0,0.0,2.4855987500000003,0.0
2024-04-27 23:00:00,11.813,0.0,0.0,0.0,0.0,2.376973,0.0
2024-04-27 23:30:00,11.763,0.0,0.0,0.0,0.0,2.5831191,0.0
2024-04-28 00:00:00,11.713,0.0,0.0,0.0,0.0,2.7892652,0.0
2024-04-28 00:30:00,11.663,0.0,0.0,0.0,0.0,2.7231656,0.0
2024-04-28 01:00:00,11.613,0.0,0.0,0.0,0.0,2.657066,0.0
2024-04-28 01:30:00,11.463,0.0,0.0,0.0,0.0,2.62853305,0.0
2024-04-28 02:00:00,11.313,0.0,0.0,0.0,0.0,2.6000001,0.0
2024-04-28 02:30:00,11.188,0.0,0.0,0.0,0.0,2.6865425,0.0
2024-04-28 03:00:00,11.063,0.0,0.0,0.0,0.0,2.7730849,0.0
2024-04-28 03:30:00,11.113,0.0,0.0,0.0,0.0,2.65145345,0.0
2024-04-28 04:00:00,11.163,0.0,0.0,0.0,0.0,2.529822,0.0
2024-04-28 04:30:00,11.188,0.0,0.0,0.0,0.0,2.3929624,0.0
2024-04-28 05:00:00,11.213,0.0,0.0,0.0,0.0,2.2561028,0.0
2024-04-28 05:30:00,11.238,0.0,0.0,0.0,0.0,2.4743426,0.0
2024-04-28 06:00:00,11.263,0.0,0.0,0.0,0.0,2.6925824,0.0
2024-04-28 06:30:00,11.613,0.0,0.0,6.851898,7.306378499999999,2.92743005,1.209
2024-04-28 07:00:00,11.963,14.300645114523283,0.0,13.703796,14.612757,3.1622777,17.537
2024-04-28 07:30:00,13.088,80.97239900194731,0.11982401172249164,214.815473,56.2016485,3.728811850000001,84.19200000000001
2024-04-28 08:00:00,14.213,196.51562379307802,0.24127199778508301,415.92715,97.79054,4.295346,194.204
2024-04-28 08:30:00,15.188,304.14829827163413,0.35968794214799643,510.945975,121.942895,4.778262,321.431
2024-04-28 09:00:00,16.163,431.2195231234774,0.4730459402144061,605.9648,146.09525,5.261178,348.771
2024-04-28 09:30:00,16.788,544.7505566778841,0.5794067119970235,674.4199,154.991505,5.72291825,436.94
2024-04-28 10:00:00,17.413,666.2937729601509,0.676950802899207,742.875,163.88776,6.1846585,171.473
2024-04-28 10:30:00,17.863001,766.4834800751171,0.7640097314434419,785.2894,166.38293499999995,6.33462775,729.677
2024-04-28 11:00:00,18.313002,864.1472621882333,0.8390945341717228,827.7038,168.87811,6.484597,729.7439999999999
2024-04-28 11:30:00,18.838001,924.9024915543098,0.9009212579533742,829.2728999999999,176.853165,6.470301,729.517
2024-04-28 12:00:00,19.363,973.9582053240442,0.9484329372128255,830.842,184.82822,6.456005,729.641
2024-04-28 12:30:00,19.813,999.5518527953599,0.9808176727574373,831.57777,182.52302,6.408018,728.619
2024-04-28 13:00:00,20.263,1012.1425784942868,0.997522527369039,832.31354,180.21782,6.360031,729.668
2024-04-28 13:30:00,20.663001,1006.2233613404944,0.9982629799114608,831.16967,174.65818000000002,6.456064899999999,729.635
2024-04-28 14:00:00,21.063002,987.04224665578,0.9830277801693121,830.0258,169.09854,6.5520988,729.703
2024-04-28 14:30:00,20.863001,938.1846142266008,0.952079128122872,810.06095,165.10128500000002,6.73220305,729.5569999999999
2024-04-28 15:00:00,20.663,878.5672662566167,0.9059481635293585,790.0961,161.10403,6.9123073,729.5799999999999
2024-04-28 15:30:00,20.0630005,791.5958597635163,0.845425857711928,748.25432,157.76987,6.7671204,729.694
2024-04-28 16:00:00,19.463001,700.2556713671689,0.7715494515929111,706.41254,154.43571,6.6219335,720.8259999999999
2024-04-28 16:30:00,19.1380015,597.2242191553704,0.6855846720350067,659.65797,144.555725,6.49098225,625.691
2024-04-28 17:00:00,18.813002,495.7247760186437,0.5890040539425512,612.9034,134.67574,6.360031,522.968
2024-04-28 17:30:00,18.213001,388.58536034295577,0.4834617101727875,557.56205,119.23145,6.281628,410.122
2024-04-28 18:00:00,17.613,289.534581238603,0.3707649918393499,502.2207,103.78716,6.203225,282.04400000000004
2024-04-28 18:30:00,16.613,183.22233334300734,0.2528435514955249,399.560285,82.783362,5.7872223,159.313
2024-04-28 19:00:00,15.613,100.17000759565113,0.13171629682126534,296.89987,61.779564,5.3712196,68.328
2024-04-28 19:30:00,14.813,31.935592352678892,0.009456819609997674,148.449935,30.889782,4.5651043,25.706
2024-04-28 20:00:00,14.013,0.0,0.0,0.0,0.0,3.758989,3.2180000000000004
2024-04-28 20:30:00,13.463,0.0,0.0,0.0,0.0,3.42302935,0.0
2024-04-28 21:00:00,12.913,0.0,0.0,0.0,0.0,3.0870697,0.0
2024-04-28 21:30:00,12.688,0.0,0.0,0.0,0.0,3.3615007,0.0
2024-04-28 22:00:00,12.463,0.0,0.0,0.0,0.0,3.6359317,0.0
2024-04-28 22:30:00,12.438,0.0,0.0,0.0,0.0,3.87527,0.0
2024-04-28 23:00:00,12.413,0.0,0.0,0.0,0.0,4.1146083,0.0
2024-04-28 23:30:00,12.313,0.0,0.0,0.0,0.0,3.90730415,0.0
2024-04-29 00:00:00,12.213,0.0,0.0,0.0,0.0,3.7,0.0
2024-04-29 00:30:00,12.063,0.0,0.0,0.0,0.0,3.5892527000000003,0.0
2024-04-29 01:00:00,11.913,0.0,0.0,0.0,0.0,3.4785054,0.0
2024-04-29 01:30:00,11.613,0.0,0.0,0.0,0.0,3.5281072,0.0
2024-04-29 02:00:00,11.313,0.0,0.0,0.0,0.0,3.577709,0.0
2024-04-29 02:30:00,11.238,0.0,0.0,0.0,0.0,3.667684,0.0
2024-04-29 03:00:00,11.163,0.0,0.0,0.0,0.0,3.757659,0.0
2024-04-29 03:30:00,11.238,0.0,0.0,0.0,0.0,3.7288295,0.0
2024-04-29 04:00:00,11.313,0.0,0.0,0.0,0.0,3.7,0.0
2024-04-29 04:30:00,11.188,0.0,0.0,0.0,0.0,3.48477825,0.0
2024-04-29 05:00:00,11.063,0.0,0.0,0.0,0.0,3.2695565,0.0
2024-04-29 05:30:00,10.938,0.0,0.0,0.0,0.0,3.22301625,0.0
2024-04-29 06:00:00,10.813,0.0,0.0,0.0,0.0,3.176476,0.0
2024-04-29 06:30:00,11.138,0.0,0.0,6.8303805,8.450674,3.4328246,2.0810000000000004
2024-04-29 07:00:00,11.463,16.53732085389426,0.0,13.660761,16.901348,3.6891732,23.508
2024-04-29 07:30:00,12.938,81.2759089814309,0.12168472561559444,201.4901405,57.776284,3.9916776,93.587
2024-04-29 08:00:00,14.413,191.56414777737334,0.24295261534891938,389.31952,98.65122,4.294182,79.17999999999999
2024-04-29 08:30:00,15.763,296.59002909479494,0.3611831343403052,477.18626,125.97226,4.70100935,263.227
2024-04-29 09:00:00,17.113,419.53375702466195,0.47435357236208847,565.053,153.2933,5.1078367,237.166
2024-04-29 09:30:00,17.863,519.283912957412,0.5805278803743232,609.26265,167.1087,5.39689205,262.668
2024-04-29 10:00:00,18.613,622.6632852982012,0.6778898154912004,653.4723,180.9241,5.6859474,181.453
2024-04-29 10:30:00,19.0380005,708.6801578826894,0.7647740332901222,684.1145,186.29749,6.0092017,284.095
2024-04-29 11:00:00,19.463001,791.470562483073,0.839694578497544,714.7567,191.67088,6.332456,297.872
2024-04-29 11:30:00,19.963001,859.234334281309,0.9013703253680415,728.3824500000001,202.92436,6.550013,657.442
2024-04-29 12:00:00,20.463001,918.0687641359498,0.9487469060575768,742.0082,214.17784,6.76757,215.292
2024-04-29 12:30:00,20.7880005,948.270183276485,0.9810147446400819,752.3712499999999,209.91177,6.848247499999999,729.5629999999999
2024-04-29 13:00:00,21.113,967.196220928264,0.9976229125640087,762.7343,205.6457,6.928925,724.33
2024-04-29 13:30:00,21.213001,953.3872499540684,0.9982885480945903,743.625575,210.607885,7.022903,562.216
2024-04-29 14:00:00,21.313002,927.9949842539269,0.9830016825434684,724.51685,215.57007,7.116881,375.489
2024-04-29 14:30:00,21.238001,883.4413042730405,0.952025397449908,713.6774,203.68805,7.021459500000001,548.7330000000001
2024-04-29 15:00:00,21.163,828.905669610959,0.9058912989967959,702.83795,191.80603,6.926038,729.743
2024-04-29 15:30:00,20.838,754.5317355053623,0.845390401817711,678.641845,180.53879,6.74059425,729.627
2024-04-29 16:00:00,20.513,674.3618521953206,0.7715595663523387,654.44574,169.27155,6.5551505,311.369
2024-04-29 16:30:00,20.013,581.8801185070972,0.6856637218746962,623.108,154.65066000000002,6.53487475,574.2280000000001
2024-04-29 17:00:00,19.513,488.5129262965269,0.5891742024040106,591.77026,140.02977,6.514599,253.858
2024-04-29 17:30:00,18.813,377.6161874647567,0.48374353749624666,525.18446,124.00287,6.356493,184.39
2024-04-29 18:00:00,18.113,277.4873815479998,0.371177139963757,458.59866,107.97597,6.198387,145.682
2024-04-29 18:30:00,17.338001,174.43771686912925,0.2534024026037782,353.34319,85.684766,5.739742700000001,208.084
2024-04-29 19:00:00,16.563002,95.38903324474563,0.13243569098801894,248.08772,63.393562,5.2810984,100.246
2024-04-29 19:30:00,15.788001,32.55026540142842,0.010347816417327557,124.04386,31.696781,5.107328450000001,44.81
2024-04-29 20:00:00,15.013,0.0,0.0,0.0,0.0,4.9335585,2.129
2024-04-29 20:30:00,14.588,0.0,0.0,0.0,0.0,4.5548406,0.0
2024-04-29 21:00:00,14.163,0.0,0.0,0.0,0.0,4.1761227,0.0
2024-04-29 21:30:00,14.063,0.0,0.0,0.0,0.0,4.1141415,0.0
2024-04-29 22:00:00,13.963,0.0,0.0,0.0,0.0,4.0521603,0.0
2024-04-29 22:30:00,13.888,0.0,0.0,0.0,0.0,4.23345415,0.0
2024-04-29 23:00:00,13.813,0.0,0.0,0.0,0.0,4.414748,0.0
2024-04-29 23:30:00,13.813,0.0,0.0,0.0,0.0,4.43504085,0.0
2024-04-30 00:00:00,13.813,0.0,0.0,0.0,0.0,4.4553337,0.0
2024-04-30 00:30:00,13.838,0.0,0.0,0.0,0.0,4.39849635,0.0
2024-04-30 01:00:00,13.863,0.0,0.0,0.0,0.0,4.341659,0.0
2024-04-30 01:30:00,13.838,0.0,0.0,0.0,0.0,4.2305625,0.0
2024-04-30 02:00:00,13.813,0.0,0.0,0.0,0.0,4.119466,0.0
2024-04-30 02:30:00,13.638,0.0,0.0,0.0,0.0,4.131568,0.0
2024-04-30 03:00:00,13.463,0.0,0.0,0.0,0.0,4.14367,0.0
2024-04-30 03:30:00,13.338,0.0,0.0,0.0,0.0,4.03270215,0.0
2024-04-30 04:00:00,13.213,0.0,0.0,0.0,0.0,3.9217343,0.0
2024-04-30 04:30:00,13.038,0.0,0.0,0.0,0.0,4.03270215,0.0
2024-04-30 05:00:00,12.863,0.0,0.0,0.0,0.0,4.14367,0.0
2024-04-30 05:30:00,12.738,0.0,0.0,0.0,0.0,4.38051435,0.0
2024-04-30 06:00:00,12.613,0.0,0.0,0.0,0.0,4.6173587,0.0
2024-04-30 06:30:00,12.538,0.0,0.0,6.803825,8.385523,4.85671785,2.152
2024-04-30 07:00:00,12.463,16.42928009167818,0.0014296916389767204,13.60765,16.771046,5.096077,22.306000000000004
2024-04-30 07:30:00,13.063,77.46414908171269,0.1234870906732011,165.12400000000002,58.1486305,5.54887175,156.303
2024-04-30 08:00:00,13.663,175.17914612311878,0.24457412969820116,316.64035,99.526215,6.0016665,141.214
2024-04-30 08:30:00,14.388,274.3572721847172,0.3626191557406932,403.551165,129.9995575,6.61918925,121.778
2024-04-30 09:00:00,15.113,391.57169020024264,0.47560265410641944,490.46198,160.4729,7.236712,115.51000000000002
2024-04-30 09:30:00,15.563,486.18534375542004,0.5815917959464921,519.93429,186.06919,7.2765658,591.6320000000001
2024-04-30 10:00:00,16.013,582.207637715969,0.6787735276016169,549.4066,211.66548,7.3164196,729.6100000000001
2024-04-30 10:30:00,16.563000000000002,657.3098231709189,0.7654856078234562,553.1756,236.45944,7.3164196,436.241
2024-04-30 11:00:00,17.113,726.4086842271801,0.8402450448929948,556.9446,261.2534,7.3164196,319.308
2024-04-30 11:30:00,17.438000000000002,796.031615592386,0.9017734858093805,589.3367499999999,267.078665,7.4238438,418.743
2024-04-30 12:00:00,17.763,860.7605757764356,0.9490190967720425,621.7289,272.90393,7.531268,457.807
2024-04-30 12:30:00,18.088,886.9707658722104,0.981174553476964,629.42155,271.326585,7.555752699999999,338.677
2024-04-30 13:00:00,18.413,903.7117511803258,0.9976908576787684,637.1142,269.74924,7.5802374,729.643
2024-04-30 13:30:00,18.5630005,904.4440902406689,0.9982867233349975,627.237,280.23265000000004,7.6634247,488.963
2024-04-30 14:00:00,18.713001,895.3306023839714,0.9829533756726376,617.3598,290.71606,7.746612,729.727
2024-04-30 14:30:00,18.7630015,855.1026591373574,0.9519546878004544,638.04205,248.94190000000003,7.679222299999999,514.452
2024-04-30 15:00:00,18.813002,803.6237597390993,0.9058226415154196,658.7243,207.16774,7.6118326,729.7139999999999
2024-04-30 15:30:00,18.6380015,720.8662976413933,0.8453482047058509,603.2202,211.832015,7.434276799999999,682.3009999999999
2024-04-30 16:00:00,18.463001,637.53408442421,0.771567769595847,547.7161,216.49629,7.256721,728.8709999999999
2024-04-30 16:30:00,18.1130005,552.9307688670773,0.685745383958884,540.2557999999999,183.586045,7.0725585,645.5260000000001
2024-04-30 17:00:00,17.763,463.9753161927157,0.5893511023423867,532.7955,150.6758,6.888396,308.621
2024-04-30 17:30:00,17.413001,365.56824458867334,0.4840357990545177,481.29283,133.456735,6.536527250000001,103.768
2024-04-30 18:00:00,17.063002,274.95013235010936,0.37160288456565777,429.79016,116.23767,6.1846585,381.672
2024-04-30 18:30:00,16.538001,175.3544781280188,0.2539774369245835,330.95516,92.30147,5.89456055,226.115
2024-04-30 19:00:00,16.013,98.27199307922122,0.13317323453028923,232.12016,68.36527,5.6044626,81.24
2024-04-30 19:30:00,15.263000000000002,35.21211045351166,0.01125827391236187,116.6035804,34.406379099999995,5.3853495,27.056000000000004
2024-04-30 20:00:00,14.513,0.0,0.0,1.0870008,0.4474882,5.1662364,2.878
2024-04-30 20:30:00,14.063,0.0,0.0,0.5435004,0.2237441,5.0940942,0.0
2024-04-30 21:00:00,13.613,0.0,0.0,0.0,0.0,5.021952,0.0
2024-04-30 21:30:00,13.613,0.0,0.0,0.0,0.0,4.8646965,0.0
2024-04-30 22:00:00,13.613,0.0,0.0,0.0,0.0,4.707441,0.0
2024-04-30 22:30:00,13.513,0.0,0.0,0.0,0.0,4.71221575,0.0
2024-04-30 23:00:00,13.413,0.0,0.0,0.0,0.0,4.7169905,0.0
2024-04-30 23:30:00,13.288,0.0,0.0,0.0,0.0,4.549956099999999,0.0
2024-05-01 00:00:00,13.163,0.0,0.0,0.0,0.0,4.3829217,0.0
2024-05-01 00:30:00,13.113,0.0,0.0,0.0,0.0,4.339134,0.0
2024-05-01 01:00:00,13.063,0.0,0.0,0.0,0.0,4.2953463,0.0
2024-05-01 01:30:00,12.838,0.0,0.0,0.0,0.0,3.80296765,0.0
2024-05-01 02:00:00,12.613,0.0,0.0,0.0,0.0,3.310589,0.0
2024-05-01 02:30:00,12.388,0.0,0.0,0.0,0.0,3.36189935,0.0
2024-05-01 03:00:00,12.163,0.0,0.0,0.0,0.0,3.4132097,0.0
2024-05-01 03:30:00,12.463,0.0,0.0,0.0,0.0,3.20493735,0.0
2024-05-01 04:00:00,12.763,0.0,0.0,0.0,0.0,2.996665,0.0
2024-05-01 04:30:00,12.813,0.0,0.0,0.0,0.0,3.10845675,0.0
2024-05-01 05:00:00,12.863,0.0,0.0,0.0,0.0,3.2202485,0.0
2024-05-01 05:30:00,12.963,0.0,0.0,0.0,0.0,3.43015175,0.0
2024-05-01 06:00:00,13.063,0.0,0.0,0.0,0.0,3.640055,0.0
2024-05-01 06:30:00,13.213,0.0,0.0,0.0,8.327141,3.9862453,1.55
2024-05-01 07:00:00,13.363,16.27764096245784,0.0033472263608829915,0.0,16.654282,4.3324356,22.56
2024-05-01 07:30:00,13.863,59.82865381992119,0.12523030770288487,73.46618,51.688451,4.5431908,64.589
2024-05-01 08:00:00,14.363,121.14461839730069,0.24613595244932576,146.93236,86.72262,4.753946,69.659
2024-05-01 08:30:00,15.0129995,208.48520834897448,0.3639956327331019,221.41618,130.28348499999998,5.069555149999999,150.013
2024-05-01 09:00:00,15.662999,311.88514623562514,0.47679302681190416,295.9,173.84435,5.3851643,205.29
2024-05-01 09:30:00,16.6130005,421.47123817244517,0.5825985115122574,393.749835,194.95595,5.45844565,316.072
2024-05-01 10:00:00,17.563002,547.4364665694598,0.6796021962035612,491.59967,216.06755,5.531727,340.081
2024-05-01 10:30:00,18.163001,644.0934663738655,0.7661449053820664,554.163335,221.73875500000003,5.6520375000000005,575.01
2024-05-01 11:00:00,18.763,744.2149553229511,0.8407465628702888,616.727,227.40996,5.772348,357.922
2024-05-01 11:30:00,19.1130005,796.3893782720584,0.9021315306451254,619.6074,239.10568,5.991009,352.081
2024-05-01 12:00:00,19.463001,840.0369819376501,0.9492504424332058,622.4878,250.8014,6.20967,695.314
2024-05-01 12:30:00,19.6880005,872.3556087970617,0.9812981514280142,639.58255,246.010065,6.5609886500000005,729.539
2024-05-01 13:00:00,19.913,895.5137141310362,0.9977275092599076,656.6773,241.21873,6.9123073,565.208
2024-05-01 13:30:00,20.163,910.197575356146,0.9982587202247634,683.37205,228.389665,7.03456115,528.4110000000001
2024-05-01 14:00:00,20.413,913.6156054354722,0.9828841146754662,710.0668,215.5606,7.156815,470.316
2024-05-01 14:30:00,20.5630005,860.4521753823935,0.9518682665917997,679.51545,213.771015,6.9462705,588.9929999999999
2024-05-01 15:00:00,20.713001,799.3787142867407,0.9057434423671168,648.9641,211.98143,6.735726,729.549
2024-05-01 15:30:00,20.3130005,730.3269736946523,0.8453004733776183,612.09935,213.801615,6.580727899999999,714.262
2024-05-01 16:00:00,19.913,658.091220020319,0.7715751966751337,575.2346,215.6218,6.4257298,709.4580000000001
2024-05-01 16:30:00,19.5630005,559.8356938588198,0.6858306958894608,521.40845,203.905025,6.4257298,609.962
2024-05-01 17:00:00,19.213001,465.8775212609936,0.5895356692214854,467.5823,192.18825,6.4257298,511.883
2024-05-01 17:30:00,18.5630005,358.96377746774016,0.48433926592632925,397.31785,168.52608500000002,6.2763596,176.71699999999998
2024-05-01 18:00:00,17.913,264.51107956382225,0.37204283263702226,327.0534,144.86392,6.1269894,259.356
2024-05-01 18:30:00,17.238001,173.00408451538672,0.25456908049081395,238.13395,114.166675,5.66205195,129.20299999999995
2024-05-01 19:00:00,16.563002,101.91605393135274,0.13392915886273382,149.2145,83.46943,5.1971145,95.624
2024-05-01 19:30:00,15.613001,42.59406264397346,0.012188218622804245,76.55427999999999,42.44305385,4.66011,36.306
2024-05-01 20:00:00,14.663,1.390123229414833,0.0,3.89406,1.4166777,4.1231055,2.2350000000000003
2024-05-01 20:30:00,14.063,0.0,0.0,1.9470300000000005,0.70833885,3.76449125,0.0
2024-05-01 21:00:00,13.463,0.0,0.0,0.0,0.0,3.405877,0.0
2024-05-01 21:30:00,13.163,0.0,0.0,0.0,0.0,3.1606764,0.0
2024-05-01 22:00:00,12.863,0.0,0.0,0.0,0.0,2.9154758,0.0
2024-05-01 22:30:00,12.963,0.0,0.0,0.0,0.0,2.86663815,0.0
2024-05-01 23:00:00,13.063,0.0,0.0,0.0,0.0,2.8178005,0.0
2024-05-01 23:30:00,12.863,0.0,0.0,0.0,0.0,2.72988475,0.0
2024-05-02 00:00:00,12.663,0.0,0.0,0.0,0.0,2.641969,0.0
2024-05-02 00:30:00,12.538,0.0,0.0,0.0,0.0,2.6857189,0.0
2024-05-02 01:00:00,12.413,0.0,0.0,0.0,0.0,2.7294688,0.0
2024-05-02 01:30:00,12.463,0.0,0.0,0.0,0.0,2.75397885,0.0
2024-05-02 02:00:00,12.513,0.0,0.0,0.0,0.0,2.7784889,0.0
2024-05-02 02:30:00,12.388,0.0,0.0,0.0,0.0,2.82102645,0.0
2024-05-02 03:00:00,12.263,0.0,0.0,0.0,0.0,2.863564,0.0
2024-05-02 03:30:00,12.313,0.0,0.0,0.0,0.0,2.791929,0.0
2024-05-02 04:00:00,12.363,0.0,0.0,0.0,0.0,2.720294,0.0
2024-05-02 04:30:00,12.388,0.0,0.0,0.0,0.0,2.6687722000000003,0.0
2024-05-02 05:00:00,12.413,0.0,0.0,0.0,0.0,2.6172504,0.0
2024-05-02 05:30:00,12.263,0.0,0.0,0.0,0.0,2.4683666,0.0
2024-05-02 06:00:00,12.113,0.0,0.0,0.0,0.0,2.3194828,0.0
2024-05-02 06:30:00,12.113,0.0,0.0,6.7423875,10.639618,2.5827664,2.538
2024-05-02 07:00:00,12.113,20.88602490086699,0.005205942034853461,13.484775,21.279236,2.84605,34.2
2024-05-02 07:30:00,12.988,88.91820292174451,0.126913686900378,237.3786875,59.787093,2.9738313,91.458
2024-05-02 08:00:00,13.863,210.99581526117709,0.2476376056283147,461.2726,98.29495,3.1016126,186.314
2024-05-02 08:30:00,14.938,318.54106183997135,0.3653123011464685,559.3674000000001,115.465665,3.2128833,303.451
2024-05-02 09:00:00,16.013,445.8445506224225,0.47792463834170823,657.4622,132.63638,3.324154,454.66
2024-05-02 09:30:00,17.288001,555.8587003827466,0.5835481814677316,710.5998750000001,141.711265,3.1198149,528.663
2024-05-02 10:00:00,18.563002,670.3805362285462,0.6803761731265231,763.73755,150.78615,2.9154758,637.627
2024-05-02 10:30:00,19.938002,761.7531079587878,0.7667524626661195,789.6074550000001,155.877725,2.66604255,642.606
2024-05-02 11:00:00,21.313002,847.8670132012111,0.8411998382048393,815.47736,160.9693,2.4166093,729.6030000000001
2024-05-02 11:30:00,22.288001,903.0581102517782,0.9024453159592574,814.89841,166.5136,2.20830465,729.9000000000001
2024-05-02 12:00:00,23.263,946.5751625688247,0.9494419280475782,814.31946,172.0579,2.0,729.648
2024-05-02 12:30:00,23.938,968.1339134007129,0.9813866287835561,809.13446,172.53217,2.11018015,727.378
2024-05-02 13:00:00,24.613,976.8219631091381,0.9977340374001624,803.94946,173.00644,2.2203603,729.825
2024-05-02 13:30:00,24.888,949.1468117684541,0.9982057617860989,761.08098,188.348975,2.34001755,729.751
2024-05-02 14:00:00,25.163,910.0243221950235,0.9827951477026565,718.2125,203.69151,2.4596748,720.168
2024-05-02 14:30:00,25.263,885.1857321064294,0.9517673788769224,737.3413499999999,182.424925,2.4319189000000003,729.811
2024-05-02 15:00:00,25.363,847.7489689210737,0.9056549153396747,756.4702,161.15834,2.404163,729.7539999999999
2024-05-02 15:30:00,25.188,754.4263315313794,0.8452483627391867,703.54058,158.79516999999998,1.7610985,728.155
2024-05-02 16:00:00,25.013,658.8719047299772,0.7715829170499384,650.61096,156.432,1.118034,665.6990000000001
2024-05-02 16:30:00,24.6130005,569.429394510583,0.6859206166232967,623.73233,141.28231499999998,1.16109675,578.5899999999999
2024-05-02 17:00:00,24.213001,478.30723138393904,0.5897287283538005,596.8537,126.13263,1.2041595,482.215
2024-05-02 17:30:00,23.4130005,371.35489854190746,0.48465460899547286,532.17691,113.5852625,1.5240342,375.593
2024-05-02 18:00:00,22.613,274.68297255142767,0.3724974825722589,467.50012,101.037895,1.8439089,264.67900000000003
2024-05-02 18:30:00,21.563,179.12063377787092,0.2551776441767199,385.73053,81.275919,1.81217915,153.782
2024-05-02 19:00:00,20.513,101.78592239736881,0.13470357558343146,303.96094,61.513943,1.7804494,71.91399999999999
2024-05-02 19:30:00,19.313,33.60031455392057,0.013137554610159499,155.68282969999998,31.91229535,1.62846585,29.435
2024-05-02 20:00:00,18.113,2.2687488120773707,0.0,7.4047194,2.3106477,1.4764823,4.786
2024-05-02 20:30:00,17.088001,0.0,0.0,3.7023597,1.15532385,1.54601585,0.0
2024-05-02 21:00:00,16.063002,0.0,0.0,0.0,0.0,1.6155494,0.0
2024-05-02 21:30:00,15.613001,0.0,0.0,0.0,0.0,1.1077747,0.0
2024-05-02 22:00:00,15.163,0.0,0.0,0.0,0.0,0.6,0.0
2024-05-02 22:30:00,15.013,0.0,0.0,0.0,0.0,0.52360681,0.0
2024-05-02 23:00:00,14.863,0.0,0.0,0.0,0.0,0.44721362,0.0
2024-05-02 23:30:00,14.588,0.0,0.0,0.0,0.0,0.63591738,0.0
2024-05-03 00:00:00,14.313,0.0,0.0,0.0,0.0,0.82462114,0.0
2024-05-03 00:30:00,14.163,0.0,0.0,0.0,0.0,1.34638757,0.0
2024-05-03 01:00:00,14.013,0.0,0.0,0.0,0.0,1.868154,0.0
2024-05-03 01:30:00,13.713,0.0,0.0,0.0,0.0,1.9648534,0.0
2024-05-03 02:00:00,13.413,0.0,0.0,0.0,0.0,2.0615528,0.0
2024-05-03 02:30:00,13.113,0.0,0.0,0.0,0.0,1.8385511,0.0
2024-05-03 03:00:00,12.813,0.0,0.0,0.0,0.0,1.6155494,0.0
2024-05-03 03:30:00,12.863,0.0,0.0,0.0,0.0,1.26054395,0.0
2024-05-03 04:00:00,12.913,0.0,0.0,0.0,0.0,0.9055385,0.0
2024-05-03 04:30:00,12.788,0.0,0.0,0.0,0.0,1.054849,0.0
2024-05-03 05:00:00,12.663,0.0,0.0,0.0,0.0,1.2041595,0.0
2024-05-03 05:30:00,13.013,0.0,0.0,0.0,0.0,1.27476095,0.0
2024-05-03 06:00:00,13.363,0.0,0.0,0.0,0.0,1.3453624,0.0
2024-05-03 06:30:00,12.863,10.35778005426315,0.0,13.4154175,10.5793115,1.3246014499999998,4.022
2024-05-03 07:00:00,12.363,20.903511792027025,0.007005062775747487,26.830835,21.158623,1.3038405,25.065999999999995
2024-05-03 07:30:00,13.913,94.7743979943729,0.12853666096993765,265.0494975,61.6980615,1.015925725,94.978
2024-05-03 08:00:00,15.463,226.04947726933676,0.24907873406880526,503.26816,102.2375,0.72801095,189.789
2024-05-03 08:30:00,17.313,338.5282552395172,0.36656901775989614,605.03801,117.94457,0.791205675,305.705
2024-05-03 09:00:00,19.163,471.3432870628693,0.47899755349274004,706.80786,133.65164,0.8544004,423.251
2024-05-03 09:30:00,20.763,583.4432042413983,0.584441071097601,756.5982799999999,141.590935,1.3004127,531.4019999999999
2024-05-03 10:00:00,22.363,698.9561867483849,0.6810959130585829,806.3887,149.53023,1.746425,625.1949999999999
2024-05-03 10:30:00,23.713001,792.2232833674949,0.7673089093751054,829.99797,154.6735,1.72468185,710.805
2024-05-03 11:00:00,25.063002,879.389436618034,0.8416056581400463,853.60724,159.81677,1.7029387,729.5889999999999
2024-05-03 11:30:00,25.913001,940.9914618888922,0.9027157663367392,860.40494,162.771335,1.72611215,729.537
2024-05-03 12:00:00,26.763,991.082898529512,0.9495945929090869,867.20264,165.7259,1.7492856,729.557
2024-05-03 12:30:00,27.138,1016.7333753803233,0.9814411149146675,864.41897,166.304075,1.8180409,729.501
2024-05-03 13:00:00,27.513,1028.7857190225905,0.9977116353419448,861.6353,166.88225,1.8867962,729.544
2024-05-03 13:30:00,27.288001,1010.147522292392,0.9981290778105345,844.98415,164.52115,2.2719311,729.7090000000001
2024-05-03 14:00:00,27.063002,978.3590504757542,0.9826877131422387,828.333,162.16005,2.657066,729.68
2024-05-03 14:30:00,26.2630015,913.1218405395134,0.9516532435403195,784.294215,165.02419500000002,3.30843195,729.5899999999999
2024-05-03 15:00:00,25.463001,839.4694233711084,0.9055582320644422,740.25543,167.88834,3.9597979,729.501
2024-05-03 15:30:00,24.8130005,765.6379563452531,0.8451929702636456,718.1823400000001,157.549325,4.14380745,729.611
2024-05-03 16:00:00,24.163,685.2578361092319,0.7715919284134234,696.10925,147.21031,4.327817,658.734
2024-05-03 16:30:00,23.663,586.0848186261961,0.6860160202180782,651.6791049999999,138.468405,4.427754999999999,588.481
2024-05-03 17:00:00,23.163,488.1344589812785,0.5899310085058928,607.24896,129.7265,4.527693,482.814
2024-05-03 17:30:00,22.413,377.94399898116393,0.48498239263534876,539.92618,116.25804,3.99950195,375.837
2024-05-03 18:00:00,21.663,278.54472448486365,0.37296721809997063,472.6034,102.78958,3.4713109,262.501
2024-05-03 18:30:00,20.663,181.2195618944188,0.2558033180298858,387.80771,82.61766,3.18909955,156.265
2024-05-03 19:00:00,19.663,102.8120362207336,0.13549647141164706,303.01202,62.44574,2.9068882,77.358
2024-05-03 19:30:00,18.538,34.68231851209158,0.014106059203898043,156.830682,32.8447157,2.70743775,23.428
2024-05-03 20:00:00,17.413,3.1851345382055616,0.0,10.649344,3.2436914,2.5079873,6.011
2024-05-03 20:30:00,16.662999499999998,0.0,0.0,5.324672,1.6218457000000002,2.0188466,0.0
2024-05-03 21:00:00,15.912999,0.0,0.0,0.0,0.0,1.5297059,0.0
2024-05-03 21:30:00,15.5129995,0.0,0.0,0.0,0.0,1.01485295,0.0
2024-05-03 22:00:00,15.113,0.0,0.0,0.0,0.0,0.5,0.0
2024-05-03 22:30:00,14.463,0.0,0.0,0.0,0.0,0.50495097,0.0
2024-05-03 23:00:00,13.813,0.0,0.0,0.0,0.0,0.50990194,0.0
2024-05-03 23:30:00,13.188,0.0,0.0,0.0,0.0,0.50495097,0.0
2024-05-04 00:00:00,12.563,0.0,0.0,0.0,0.0,0.5,0.0
2024-05-04 00:30:00,12.038,0.0,0.0,0.0,0.0,0.5415476,0.0
2024-05-04 01:00:00,11.513,0.0,0.0,0.0,0.0,0.5830952,0.0
2024-05-04 01:30:00,11.188,0.0,0.0,0.0,0.0,1.034851,0.0
2024-05-04 02:00:00,10.863,0.0,0.0,0.0,0.0,1.4866068,0.0
2024-05-04 02:30:00,10.388,0.0,0.0,0.0,0.0,1.4933033999999998,0.0
2024-05-04 03:00:00,9.913,0.0,0.0,0.0,0.0,1.5,0.0
2024-05-04 03:30:00,10.113,0.0,0.0,0.0,0.0,1.00495097,0.0
2024-05-04 04:00:00,10.313,0.0,0.0,0.0,0.0,0.50990194,0.0
2024-05-04 04:30:00,9.838,0.0,0.0,0.0,0.0,0.43522854,0.0
2024-05-04 05:00:00,9.363,0.0,0.0,0.0,0.0,0.36055514,0.0
2024-05-04 05:30:00,9.163,0.0,0.0,0.0,0.0,0.73027757,0.0
2024-05-04 06:00:00,8.963,0.0,0.0,0.0,0.0,1.1,0.0
2024-05-04 06:30:00,9.188,11.447756236680531,0.0,13.345385,11.694601,0.9772002,4.489
2024-05-04 07:00:00,9.413,23.128895052598352,0.008743943289657451,26.69077,23.389202,0.8544004,23.048
2024-05-04 07:30:00,11.038,97.00910714832537,0.13009879482436726,267.0956,63.279234,0.539003605,95.248
2024-05-04 08:00:00,12.663,228.73317863614682,0.2504591141698928,507.50043,103.169266,0.22360681,198.316
2024-05-04 08:30:00,14.2380005,341.5847028066577,0.36776576801500455,608.72925,118.920113,0.43195962,319.469
2024-05-04 09:00:00,15.813001,474.59314000839845,0.48001196066619195,709.95807,134.67096,0.64031243,445.672
2024-05-04 09:30:00,16.913000500000003,585.9809717528276,0.5852775621001604,757.16275,143.18631,0.64031243,560.767
2024-05-04 10:00:00,18.013,700.2435618816344,0.6817619779545256,804.36743,151.70166,0.64031243,651.7539999999999
2024-05-04 10:30:00,18.9880005,790.0278097894924,0.7678149715134721,823.203615,157.358045,0.8300581650000001,728.4250000000001
2024-05-04 11:00:00,19.963001,873.0310180320221,0.8419648936519364,842.0398,163.01443,1.0198039,729.78
2024-05-04 11:30:00,20.5630005,932.5156197619513,0.9029438760979224,847.459475,165.92523,1.88285495,729.625
2024-05-04 12:00:00,21.163,980.5389432256692,0.9497095309000245,852.87915,168.83603,2.745906,729.71
2024-05-04 12:30:00,20.9380005,1003.0790321736387,0.9814627777418122,846.526025,170.39424,3.9662135,616.705
2024-05-04 13:00:00,20.713001,1012.1471817138731,0.9976615182253831,840.1729,171.95245,5.186521,632.343
2024-05-04 13:30:00,20.6130005,989.2097748143283,0.9980299030201707,813.5878,175.46007500000002,5.835559,729.6259999999999
2024-05-04 14:00:00,20.513,953.7903959274523,0.9825630373207537,787.0027,178.9677,6.484597,729.596
2024-05-04 14:30:00,20.213,870.1951073382137,0.9515270506906228,704.60218,199.34086,6.37478935,238.249
2024-05-04 15:00:00,19.913,782.3588184810862,0.9054545192496657,622.20166,219.71402,6.2649817,729.6600000000001
2024-05-04 15:30:00,19.338,669.5507821097253,0.8451353332021508,552.76098,203.38999,5.929811,502.801
2024-05-04 16:00:00,18.763,558.733848555319,0.7716031540827182,483.3203,187.06596,5.5946403,380.971
2024-05-04 16:30:00,18.463,496.1107386412908,0.6861176935834502,475.863535,170.78992499999998,5.61911035,695.038
2024-05-04 17:00:00,18.163,429.8493565424342,0.590143140100859,468.40677,154.51389,5.6435804,160.135
2024-05-04 17:30:00,17.713,341.2605696334174,0.485323073454854,423.52356,136.8793775,5.334259,550.478
2024-05-04 18:00:00,17.263,259.41142569711945,0.37345230776355604,378.64035,119.244865,5.0249376,124.255
2024-05-04 18:30:00,16.613,164.64512125888854,0.2564461715627944,288.938965,91.6520805,4.66305015,162.009
2024-05-04 19:00:00,15.963,90.24596471127786,0.13630770936814335,199.23758,64.059296,4.3011627,28.273
2024-05-04 19:30:00,15.313,35.12322334952762,0.01509338509296718,104.87851175,34.0644785,3.3712369,41.529
2024-05-04 20:00:00,14.663,3.992156605989524,0.0,10.5194435,4.069661,2.4413111,6.242999999999999
2024-05-04 20:30:00,13.888,0.0,0.0,5.25972175,2.0348305,1.64785575,0.0
2024-05-04 21:00:00,13.113,0.0,0.0,0.0,0.0,0.8544004,0.0
2024-05-04 21:30:00,12.588,0.0,0.0,0.0,0.0,0.78775535,0.0
2024-05-04 22:00:00,12.063,0.0,0.0,0.0,0.0,0.7211103,0.0
2024-05-04 22:30:00,11.613,0.0,0.0,0.0,0.0,0.8605551499999999,0.0
2024-05-04 23:00:00,11.163,0.0,0.0,0.0,0.0,1.0,0.0
2024-05-04 23:30:00,11.213,0.0,0.0,0.0,0.0,1.21589105,0.0
2024-05-05 00:00:00,11.263,0.0,0.0,0.0,0.0,1.4317821,0.0
2024-05-05 00:30:00,11.438,0.0,0.0,0.0,0.0,2.03118555,0.0
2024-05-05 01:00:00,11.613,0.0,0.0,0.0,0.0,2.630589,0.0
2024-05-05 01:30:00,11.638,0.0,0.0,0.0,0.0,2.4333285,0.0
2024-05-05 02:00:00,11.663,0.0,0.0,0.0,0.0,2.236068,0.0
2024-05-05 02:30:00,11.638,0.0,0.0,0.0,0.0,2.568034,0.0
2024-05-05 03:00:00,11.613,0.0,0.0,0.0,0.0,2.9,0.0
2024-05-05 03:30:00,11.613,0.0,0.0,0.0,0.0,3.057016,0.0
2024-05-05 04:00:00,11.613,0.0,0.0,0.0,0.0,3.214032,0.0
2024-05-05 04:30:00,11.763,0.0,0.0,0.0,0.0,2.96532385,0.0
2024-05-05 05:00:00,11.913,0.0,0.0,0.0,0.0,2.7166157,0.0
2024-05-05 05:30:00,11.563,0.0,0.0,0.0,0.0,3.18313645,0.0
2024-05-05 06:00:00,11.213,0.0,0.0,0.0,0.0,3.6496572,0.0
2024-05-05 06:30:00,11.588,6.8258145371940255,0.0,0.0,6.983753999999999,3.88638135,1.278
2024-05-05 07:00:00,11.963,13.651629074388053,0.010422074374498432,0.0,13.967508,4.1231055,19.239
2024-05-05 07:30:00,12.313,62.55824728491136,0.13159979008857317,74.6379,53.835694,4.43852575,37.888000000000005
2024-05-05 08:00:00,12.663,129.40466205899548,0.25177865741710753,149.2758,93.70388,4.753946,48.194
2024-05-05 08:30:00,13.138,198.40135893571443,0.36890266861899323,195.012915,128.885655,5.7015031,79.80799999999999
2024-05-05 09:00:00,13.613,276.89404901644787,0.4809681735553167,240.75003,164.06743,6.6490602,153.757
2024-05-05 09:30:00,14.113,350.08169250009314,0.5860581534446376,296.038315,179.487,7.475734600000001,697.472
2024-05-05 10:00:00,14.613,431.80760343657045,0.6823750371189321,351.3266,194.90657,8.302409,282.58
2024-05-05 10:30:00,14.963,500.7004669240914,0.7682714708006154,349.92285,235.419885,8.266116,270.911
2024-05-05 11:00:00,15.313,565.2084910214367,0.8422784982700869,348.5191,275.9332,8.229823,389.533
2024-05-05 11:30:00,15.4879995,591.7616214762675,0.9031307076747525,356.584915,273.74129,8.4195605,197.46400000000003
2024-05-05 12:00:00,15.662999,614.1201697457934,0.9497878885596528,364.65073,271.54938,8.609298,284.22900000000004
2024-05-05 12:30:00,15.8630005,655.7397895529848,0.9814528216347355,391.417175,275.15459,8.362357750000001,297.439
2024-05-05 13:00:00,16.063002,692.5589480933925,0.9975849209609746,418.18362,278.7598,8.1154175,178.517
2024-05-05 13:30:00,16.588001,711.5473813859085,0.9979094750494142,442.172775,273.35773,8.45884525,296.887
2024-05-05 14:00:00,17.113,723.1805753239216,0.982422332736198,466.16193,267.95566,8.802273,353.35299999999995
2024-05-05 14:30:00,17.213001,722.1648355106714,0.951389960277636,477.947365,270.23251500000003,8.801421,347.773
2024-05-05 15:00:00,17.313002,713.0654093816013,0.9053448578185359,489.7328,272.50937,8.800569,245.369
2024-05-05 15:30:00,17.313002,685.6072965571575,0.8450764283457659,544.5618999999999,227.03087,8.857301,573.467
2024-05-05 16:00:00,17.313002,643.6339560424077,0.77161744346343,599.391,181.55237,8.914033,234.456
2024-05-05 16:30:00,16.7630015,518.2332953971228,0.6862263377192416,497.79926,177.78876,8.830230499999999,301.785
2024-05-05 17:00:00,16.213001,406.03457256623585,0.5903656573143953,396.20752,174.02515,8.746428,669.0040000000001
2024-05-05 17:30:00,15.938,333.8968578620817,0.4856770033369417,382.928635,149.565795,8.4429195,141.592
2024-05-05 18:00:00,15.662999,261.93879153334524,0.373952908868794,369.64975,125.10644,8.139411,109.613
2024-05-05 18:30:00,15.2129995,176.18619336558214,0.25710615864119646,304.425035,99.155215,7.881529,88.84100000000001
2024-05-05 19:00:00,14.763,104.92931434253387,0.13713703458137477,239.20032,73.20399,7.623647,108.254
2024-05-05 19:30:00,14.263,40.495191188749516,0.016099067057511927,127.3103105,39.028855500000006,7.149487150000001,42.251
2024-05-05 20:00:00,13.763,4.7651361389767475,0.0,15.420301,4.853721,6.6753273,5.8420000000000005
2024-05-05 20:30:00,13.513,0.0,0.0,7.710150499999999,2.4268605,6.0441375,0.0
2024-05-05 21:00:00,13.263,0.0,0.0,0.0,0.0,5.4129477,0.0
2024-05-05 21:30:00,13.163,0.0,0.0,0.0,0.0,5.022720850000001,0.0
2024-05-05 22:00:00,13.063,0.0,0.0,0.0,0.0,4.632494,0.0
2024-05-05 22:30:00,12.963,0.0,0.0,0.0,0.0,4.46392,0.0
2024-05-05 23:00:00,12.863,0.0,0.0,0.0,0.0,4.295346,0.0
2024-05-05 23:30:00,12.813,0.0,0.0,0.0,0.0,4.138276,0.0
2024-05-06 00:00:00,12.763,0.0,0.0,0.0,0.0,3.981206,0.0
2024-05-06 00:30:00,12.588,0.0,0.0,0.0,0.0,3.92257085,0.0
2024-05-06 01:00:00,12.413,0.0,0.0,0.0,0.0,3.8639357,0.0
2024-05-06 01:30:00,12.313,0.0,0.0,0.0,0.0,3.8247173,0.0
2024-05-06 02:00:00,12.213,0.0,0.0,0.0,0.0,3.7854989,0.0
2024-05-06 02:30:00,11.963,0.0,0.0,0.0,0.0,3.56905495,0.0
2024-05-06 03:00:00,11.713,0.0,0.0,0.0,0.0,3.352611,0.0
2024-05-06 03:30:00,11.738,0.0,0.0,0.0,0.0,3.29030675,0.0
2024-05-06 04:00:00,11.763,0.0,0.0,0.0,0.0,3.2280025,0.0
2024-05-06 04:30:00,11.688,0.0,0.0,0.0,0.0,3.29105225,0.0
2024-05-06 05:00:00,11.613,0.0,0.0,0.0,0.0,3.354102,0.0
2024-05-06 05:30:00,11.463,0.0,0.0,0.0,0.0,3.2399009000000003,0.0
2024-05-06 06:00:00,11.313,0.0,0.0,0.0,0.0,3.1256998,0.0
2024-05-06 06:30:00,11.288,12.478642381043894,0.0,13.199725,12.749501,3.06368305,5.733
2024-05-06 07:00:00,11.263,25.275109880296036,0.012039081049349426,26.39945,25.499002,3.0016663,21.37
2024-05-06 07:30:00,12.688,97.55308719559319,0.13303948236978771,239.90001,66.7668085,3.25368795,44.792
2024-05-06 08:00:00,14.113,221.04384785092915,0.2530374069085188,453.40057,108.034615,3.5057096,114.099
2024-05-06 08:30:00,15.113,327.815493704478,0.36997996341233186,547.677985,126.6899825,4.21100445,158.09199999999998
2024-05-06 09:00:00,16.113,453.3915653359448,0.48186662649516293,641.9554,145.34535,4.9162993,395.424
2024-05-06 09:30:00,16.6630005,562.5246270513862,0.586783456388551,691.725775,157.53001999999998,5.67723345,693.631
2024-05-06 10:00:00,17.213001,675.6024018815151,0.6829358620559698,741.49615,169.71469,6.4381676,692.258
2024-05-06 10:30:00,17.6380015,758.4365916004053,0.7686793194985692,753.663875,179.33540499999998,6.5928798,729.593
2024-05-06 11:00:00,18.063002,834.2629269692618,0.8425475030931644,765.8316,188.95612,6.747592,729.702
2024-05-06 11:30:00,18.563002,910.6412463174694,0.9032773869837086,800.6985500000001,186.72358,6.7972445,729.726
2024-05-06 12:00:00,19.063002,979.4091782552582,0.9498308609331368,835.5655,184.49104,6.846897,729.6560000000001
2024-05-06 12:30:00,19.438002,1015.1981894117357,0.9814124838803627,851.581975,177.69693,6.875984000000001,729.468
2024-05-06 13:00:00,19.813002,1038.541523698941,0.9974830954627584,867.59845,170.90282,6.905071,729.511
2024-05-06 13:30:00,19.988001,1028.397500211506,0.9977690325626347,860.501275,167.51887499999998,6.9543208,729.5809999999999
2024-05-06 14:00:00,20.163,1004.7757268952389,0.982266797168896,853.4041,164.13493,7.0035706,729.7
2024-05-06 14:30:00,20.338,957.4897822705227,0.9512431022738603,835.7484,160.277495,6.9347138,729.5559999999999
2024-05-06 15:00:00,20.513,899.0368355000641,0.9052302842077474,818.0927,156.42006,6.865857,729.5759999999999
2024-05-06 15:30:00,20.438,820.6217630331498,0.8450171745099384,791.51875,150.01422000000002,6.69559615,729.546
2024-05-06 16:00:00,20.363,735.3337236435884,0.7716355757191184,764.9448,143.60838,6.5253353,729.738
2024-05-06 16:30:00,20.088001,631.8148530396682,0.6863425725517467,722.94823,134.554885,6.4642298,656.118
2024-05-06 17:00:00,19.813002,528.3436797887239,0.5905990040636567,680.95166,125.50139,6.4031243,551.15
2024-05-06 17:30:00,19.288001,413.2449466888937,0.48604443645866974,616.97548,113.095785,6.209884150000001,433.965
2024-05-06 18:00:00,18.763,307.6417234428824,0.3744690754819392,552.9993,100.69018,6.016644,304.749
2024-05-06 18:30:00,18.063,198.25894421305463,0.25778312634348743,450.02545,82.62281,5.633203,174.672
2024-05-06 19:00:00,17.363,111.8269638191837,0.13798408390298988,347.0516,64.55544,5.249762,74.112
2024-05-06 19:30:00,16.262999999999998,38.182675650261636,0.017122532120562254,185.310094,35.371599200000006,4.4366482,28.431
2024-05-06 20:00:00,15.163,6.080028500847625,0.0,23.568588,6.1877584,3.6235344,7.182
2024-05-06 20:30:00,14.138,0.0,0.0,11.784294,3.0938792,3.13180505,0.0
2024-05-06 21:00:00,13.113,0.0,0.0,0.0,0.0,2.6400757,0.0
2024-05-06 21:30:00,12.588,0.0,0.0,0.0,0.0,2.1802704,0.0
2024-05-06 22:00:00,12.063,0.0,0.0,0.0,0.0,1.7204651,0.0
2024-05-06 22:30:00,11.738,0.0,0.0,0.0,0.0,1.5882435,0.0
2024-05-06 23:00:00,11.413,0.0,0.0,0.0,0.0,1.4560219,0.0
2024-05-06 23:30:00,11.263,0.0,0.0,0.0,0.0,1.5526321,0.0
2024-05-07 00:00:00,11.113,0.0,0.0,0.0,0.0,1.6492423,0.0
2024-05-07 00:30:00,10.888,0.0,0.0,0.0,0.0,1.56792455,0.0
2024-05-07 01:00:00,10.663,0.0,0.0,0.0,0.0,1.4866068,0.0
2024-05-07 01:30:00,10.363,0.0,0.0,0.0,0.0,1.50815635,0.0
2024-05-07 02:00:00,10.063,0.0,0.0,0.0,0.0,1.5297059,0.0
2024-05-07 02:30:00,10.013,0.0,0.0,0.0,0.0,1.63806545,0.0
2024-05-07 03:00:00,9.963,0.0,0.0,0.0,0.0,1.746425,0.0
2024-05-07 03:30:00,10.388,0.0,0.0,0.0,0.0,1.82846115,0.0
2024-05-07 04:00:00,10.813,0.0,0.0,0.0,0.0,1.9104973,0.0
2024-05-07 04:30:00,11.288,0.0,0.0,0.0,0.0,1.9065635,0.0
2024-05-07 05:00:00,11.763,0.0,0.0,0.0,0.0,1.9026297,0.0
2024-05-07 05:30:00,12.588,0.0,0.0,0.0,0.0,1.8907296,0.0
2024-05-07 06:00:00,13.413,0.0,0.0,0.0,0.0,1.8788295,0.0
2024-05-07 06:30:00,13.488,12.438929764171975,0.0,19.688975,12.700034,1.81405755,6.603999999999999
2024-05-07 07:00:00,13.563,25.41319137945503,0.01359471102764562,39.37795,25.400068,1.7492856,36.029
2024-05-07 07:30:00,14.463,101.60466812727086,0.13441782923196569,280.01362500000005,64.987521,1.367085675,101.149
2024-05-07 08:00:00,15.363,235.42137761143815,0.254235525028052,520.6493,104.574974,0.98488575,213.207
2024-05-07 08:30:00,16.6630005,347.22008322089306,0.37099801103746366,617.412325,119.320607,0.92255914,338.36
2024-05-07 09:00:00,17.963001,478.00690438879155,0.48270786235829616,714.17535,134.06624,0.86023253,458.27199999999993
2024-05-07 09:30:00,19.2880005,589.1791979868565,0.5874541828045445,761.411325,142.159205,1.082036515,563.3670000000001
2024-05-07 10:00:00,20.613,703.1672217685903,0.6834453154647049,808.6473,150.25217,1.3038405,661.068
2024-05-07 10:30:00,21.6630005,793.4949015679402,0.7690395103150074,829.4101499999999,154.915725,1.591335,727.772
2024-05-07 11:00:00,22.713001,877.2932955230956,0.8427730077527948,850.173,159.57928,1.8788295,729.589
2024-05-07 11:30:00,23.3880015,937.858737200853,0.9033850956350499,856.471785,162.58519,1.8694685,729.671
2024-05-07 12:00:00,24.063002,986.973071035991,0.9498396852352732,862.77057,165.5911,1.8601075,729.6460000000001
2024-05-07 12:30:00,24.463001,1011.2435216823246,0.9813430299504877,859.5035849999999,165.69668,1.46156105,729.6110000000001
2024-05-07 13:00:00,24.863,1022.0458243097291,0.9973573076138378,856.2366,165.80226,1.0630146,729.7639999999999
2024-05-07 13:30:00,24.888,1007.7290772568547,0.9976098140052345,841.0942,166.45195,0.8007655300000001,729.805
2024-05-07 14:00:00,24.913,980.3837956800937,0.9820976142499477,825.9518,167.10164,0.53851646,729.836
2024-05-07 14:30:00,24.463,874.5823279642516,0.9510875790858225,679.264,228.949395,0.8100909300000001,729.8409999999999
2024-05-07 15:00:00,24.013,769.9080460113853,0.9051117945898264,532.5762,290.79715,1.0816654,729.675
2024-05-07 15:30:00,24.2380005,741.8836561145033,0.8449584384913397,611.3494499999999,226.486925,1.4310574,729.6879999999999
2024-05-07 16:00:00,24.463001,695.3094000281999,0.7716582673803178,690.1227,162.1767,1.7804494,699.384
2024-05-07 16:30:00,23.8130005,582.9040899864175,0.6864669460875517,615.8618,160.228365,1.6335281,623.463
2024-05-07 17:00:00,23.163,477.50152424617625,0.590843544491302,541.6009,158.28003,1.4866068,529.903
2024-05-07 17:30:00,22.538,384.9965277326212,0.48642554098284724,516.463735,134.4587825,1.80631805,408.828
2024-05-07 18:00:00,21.913,294.2984658832896,0.37500077107439567,491.32657,110.637535,2.1260293,257.097
2024-05-07 18:30:00,21.138,190.0515864897174,0.25847682831429963,386.819635,90.8184075,2.0889288500000003,178.38
2024-05-07 19:00:00,20.363,109.28339152536952,0.13884839966064727,282.3127,70.99928,2.0518284,68.53099999999999
2024-05-07 19:30:00,19.313,41.37213747983101,0.018163113524276242,151.275591,39.1505852,1.7365477,25.031
2024-05-07 20:00:00,18.263,7.164278567598952,0.0,20.238482,7.3018904,1.421267,6.596
2024-05-07 20:30:00,17.338,0.0,0.0,10.119241,3.6509452,1.203076375,0.0
2024-05-07 21:00:00,16.413,0.0,0.0,0.0,0.0,0.98488575,0.0
2024-05-07 21:30:00,15.863,0.0,0.0,0.0,0.0,1.094522625,0.0
2024-05-07 22:00:00,15.313,0.0,0.0,0.0,0.0,1.2041595,0.0
2024-05-07 22:30:00,15.838,0.0,0.0,0.0,0.0,1.02927995,0.0
2024-05-07 23:00:00,16.363,0.0,0.0,0.0,0.0,0.8544004,0.0
2024-05-07 23:30:00,16.0880005,0.0,0.0,0.0,0.0,0.7772002,0.0
2024-05-08 00:00:00,15.813001,0.0,0.0,0.0,0.0,0.7,0.0
2024-05-08 00:30:00,15.6630005,0.0,0.0,0.0,0.0,0.6499999999999999,0.0
2024-05-08 01:00:00,15.513,0.0,0.0,0.0,0.0,0.6,0.0
2024-05-08 01:30:00,14.538,0.0,0.0,0.0,0.0,0.8830952000000001,0.0
2024-05-08 02:00:00,13.563,0.0,0.0,0.0,0.0,1.1661904,0.0
2024-05-08 02:30:00,12.988,0.0,0.0,0.0,0.0,1.3213363500000002,0.0
2024-05-08 03:00:00,12.413,0.0,0.0,0.0,0.0,1.4764823,0.0
2024-05-08 03:30:00,12.413,0.0,0.0,0.0,0.0,1.3901614,0.0
2024-05-08 04:00:00,12.413,0.0,0.0,0.0,0.0,1.3038405,0.0
2024-05-08 04:30:00,12.488,0.0,0.0,0.0,0.0,1.222008,0.0
2024-05-08 05:00:00,12.563,0.0,0.0,0.0,0.0,1.1401755,0.0
2024-05-08 05:30:00,12.613,0.0,0.0,0.0,0.0,1.42155705,0.0
2024-05-08 06:00:00,12.663,0.0,0.0,0.0,0.0,1.7029386,0.0
2024-05-08 06:30:00,12.688,13.519204924280487,0.0,19.579403,13.8054,1.6324942999999998,6.729000000000001
2024-05-08 07:00:00,12.713,27.62926976411335,0.015088813370672595,39.158806,27.6108,1.56205,37.848
2024-05-08 07:30:00,14.163,101.23265320248728,0.13573488876757642,278.828753,64.39051,1.67545225,101.224
2024-05-08 08:00:00,15.613,232.1440267127731,0.2553732723026569,518.4987,101.17022,1.7888545,211.133
2024-05-08 08:30:00,17.213001,344.10066733786937,0.37195726434890153,613.75872,116.91136,1.79442725,333.432
2024-05-08 09:00:00,18.813002,474.689241022724,0.4834925128763899,709.01874,132.6525,1.8,451.958
2024-05-08 09:30:00,20.163001,585.2753264915001,0.5880711267419695,756.185245,140.835955,2.1,558.403
2024-05-08 10:00:00,21.513,698.7009899417633,0.6839043343193563,803.35175,149.01941,2.4,647.992
2024-05-08 10:30:00,22.2380005,789.0681007893526,0.7693531013048135,824.838075,153.729895,2.90660485,724.212
2024-05-08 11:00:00,22.963001,873.0818658948624,0.8429561673998354,846.3244,158.44038,3.4132097,729.7270000000001
2024-05-08 11:30:00,23.338001,931.9230656405346,0.9034550602134389,848.8083799999999,163.572475,3.8119551,729.549
2024-05-08 12:00:00,23.713001,979.0289772868778,0.9498156325810897,851.29236,168.70457,4.2107005,729.523
2024-05-08 12:30:00,23.6880005,1003.561932667784,0.9812457478033096,849.7661800000001,167.7554,4.510033099999999,729.633
2024-05-08 13:00:00,23.663,1014.8791995253762,0.9972088342402633,848.24,166.80623,4.8093657,729.804
2024-05-08 13:30:00,23.5630005,997.9139976295487,0.9974330572839929,827.6061500000001,170.415175,4.91715165,729.7
2024-05-08 14:00:00,23.463001,968.2367297478531,0.9819159558528099,806.9723,174.02412,5.0249376,729.548
2024-05-08 14:30:00,23.2630015,927.0715262407449,0.9509244705837859,799.68317,164.757705,4.91715165,464.817
2024-05-08 15:00:00,23.063002,874.5176714479772,0.9049903524604089,792.39404,155.49129,4.8093657,616.308
2024-05-08 15:30:00,21.788001,679.3597370253545,0.844901045052191,516.48882,245.058725,4.7133622,501.958
2024-05-08 16:00:00,20.513,514.2019169418721,0.7716861845261225,240.5836,334.62616,4.6173587,514.8739999999999
2024-05-08 16:30:00,20.188,453.64206667700057,0.6865999485195502,234.83334,297.80266,4.28098765,331.726
2024-05-08 17:00:00,19.863,391.67505053339033,0.5910995787513009,229.08308,260.97916,3.9446166,363.717
2024-05-08 17:30:00,19.513,317.3438520033494,0.4868204161870007,191.212875,228.53233,4.1414095500000006,253.05900000000003
2024-05-08 18:00:00,19.163,249.83841844177454,0.37554788668438743,153.34267,196.0855,4.3382025,168.466
2024-05-08 18:30:00,18.5630005,172.095270397244,0.2591869435950443,106.2983165,147.50707,3.8311783,121.009
2024-05-08 19:00:00,17.963001,105.11689007684117,0.1397294488632527,59.253963,98.92864,3.3241541,67.119
2024-05-08 19:30:00,17.1880005,52.667885358901785,0.019220069822938043,29.6269815,53.229234,2.94757305,24.291
2024-05-08 20:00:00,16.413,7.359538927770168,0.0,0.0,7.529828,2.570992,4.916
2024-05-08 20:30:00,15.9880005,0.0,0.0,0.0,3.764914,2.40910615,0.0
2024-05-08 21:00:00,15.563001,0.0,0.0,0.0,0.0,2.2472203,0.0
2024-05-08 21:30:00,15.3380005,0.0,0.0,0.0,0.0,2.02499795,0.0
2024-05-08 22:00:00,15.113,0.0,0.0,0.0,0.0,1.8027756,0.0
2024-05-08 22:30:00,14.863,0.0,0.0,0.0,0.0,1.88754195,0.0
2024-05-08 23:00:00,14.613,0.0,0.0,0.0,0.0,1.9723083,0.0
2024-05-08 23:30:00,14.538,0.0,0.0,0.0,0.0,1.69678765,0.0
2024-05-09 00:00:00,14.463,0.0,0.0,0.0,0.0,1.421267,0.0
2024-05-09 00:30:00,14.363,0.0,0.0,0.0,0.0,1.4916585,0.0
2024-05-09 01:00:00,14.263,0.0,0.0,0.0,0.0,1.56205,0.0
2024-05-09 01:30:00,14.288,0.0,0.0,0.0,0.0,1.67545225,0.0
2024-05-09 02:00:00,14.313,0.0,0.0,0.0,0.0,1.7888545,0.0
2024-05-09 02:30:00,14.238,0.0,0.0,0.0,0.0,1.16368548,0.0
2024-05-09 03:00:00,14.163,0.0,0.0,0.0,0.0,0.53851646,0.0
2024-05-09 03:30:00,14.263,0.0,0.0,0.0,0.0,1.42034473,0.0
2024-05-09 04:00:00,14.363,0.0,0.0,0.0,0.0,2.302173,0.0
2024-05-09 04:30:00,14.313,0.0,0.0,0.0,0.0,2.6045306,0.0
2024-05-09 05:00:00,14.263,0.0,0.0,0.0,0.0,2.9068882,0.0
2024-05-09 05:30:00,14.088,0.0,0.0,0.0,0.0,3.0416821,0.0
2024-05-09 06:00:00,13.913,0.0,0.0,0.0,0.0,3.176476,0.0
2024-05-09 06:30:00,13.538,10.087304385601751,0.0,0.0,10.32071,2.2246341000000003,2.9410000000000003
2024-05-09 07:00:00,13.163,20.174608771203502,0.016521310424655624,0.0,20.64142,1.2727922,44.053
2024-05-09 07:30:00,13.088,50.451260398679366,0.1369907916433645,13.2483475,49.73921300000001,1.08360972,71.48400000000001
2024-05-09 08:00:00,13.013,83.89321220211863,0.25645098001642047,26.496695,78.837006,0.89442724,95.634
2024-05-09 08:30:00,13.663,122.66399478934424,0.372858244009141,29.3174425,114.243523,0.559017025,260.869
2024-05-09 09:00:00,14.313,161.92937581185586,0.48422127363481604,32.13819,149.65004,0.22360681,433.241
2024-05-09 09:30:00,15.988,346.00763881410097,0.5886351412121047,276.484345,186.23751,0.539003605,281.105
2024-05-09 10:00:00,17.663,576.5626494766208,0.6843139088248086,520.8305,222.82498,0.8544004,316.24
2024-05-09 10:30:00,18.763,695.6022776981713,0.7696211972621633,627.8835750000001,213.93161,1.06751265,443.47399999999993
2024-05-09 11:00:00,19.863,824.2121934572112,0.8430981768466775,734.93665,205.03824,1.2806249,729.499
2024-05-09 11:30:00,20.763,881.921788195546,0.903488539404747,760.322375,194.71447,1.79139895,729.414
2024-05-09 12:00:00,21.663,931.6041522203208,0.9497599982800637,785.7081,184.3907,2.302173,729.53
2024-05-09 12:30:00,22.1880005,934.4077834937946,0.9811219415016066,743.444,204.5779,2.763538,729.54
2024-05-09 13:00:00,22.713001,923.7307754696667,0.99703896012023,701.1799,224.7651,3.224903,415.104
2024-05-09 13:30:00,22.8880015,936.6701931907717,0.9972400001907653,721.7338,216.699225,3.6483788,224.577
2024-05-09 14:00:00,23.063002,937.9505568023661,0.9817229858943458,742.2877,208.63335,4.0718546,418.914
2024-05-09 14:30:00,23.038001,850.122433085528,0.9507548411869448,636.6496500000001,245.905055,3.9154218,305.486
2024-05-09 15:00:00,23.013,760.9145525926995,0.9048668988442276,531.0116,283.17676,3.758989,709.8009999999999
2024-05-09 15:30:00,23.2380005,677.4911421523102,0.8448457900532002,463.41829,289.47043,3.16984325,611.568
2024-05-09 16:00:00,23.463001,596.9946059461652,0.7717199585843183,395.82498,295.7641,2.5806975,287.806
2024-05-09 16:30:00,22.713001,484.0796419460314,0.6867420304276812,313.51751,273.123625,2.59418925,576.701
2024-05-09 17:00:00,21.963001,382.74948405122956,0.5913673632734767,231.21004,250.48315,2.607681,235.643
2024-05-09 17:30:00,21.713001,335.36092185906614,0.4872291143932707,300.88601,191.769405,2.3346169,208.263
2024-05-09 18:00:00,21.463001,270.8737471749929,0.3761102640972092,370.56198,133.05566,2.0615528,148.30599999999998
2024-05-09 18:30:00,21.0380005,177.06877677945337,0.25991310065301093,276.00462500000003,106.79419,1.6411042,126.512
2024-05-09 19:00:00,20.613,104.67785606668393,0.14062664749504572,181.44727,80.53272,1.2206556,85.75800000000001
2024-05-09 19:30:00,19.563,45.938161772825026,0.02029260910568344,104.7388015,44.576923,0.99111645,26.066000000000003
2024-05-09 20:00:00,18.513,8.463941642119954,0.0,28.030333,8.621126,0.7615773,1.457
2024-05-09 20:30:00,17.713,0.0,0.0,14.0151665,4.310563,0.93980565,0.0
2024-05-09 21:00:00,16.913,0.0,0.0,0.0,0.0,1.118034,0.0
2024-05-09 21:30:00,16.5630005,0.0,0.0,0.0,0.0,1.25543635,0.0
2024-05-09 22:00:00,16.213001,0.0,0.0,0.0,0.0,1.3928387,0.0
2024-05-09 22:30:00,16.013001,0.0,0.0,0.0,0.0,1.81445335,0.0
2024-05-09 23:00:00,15.813001,0.0,0.0,0.0,0.0,2.236068,0.0
2024-05-09 23:30:00,15.5880005,0.0,0.0,0.0,0.0,2.3927889,0.0
2024-05-10 00:00:00,15.363,0.0,0.0,0.0,0.0,2.5495098,0.0
2024-05-10 00:30:00,14.913,0.0,0.0,0.0,0.0,2.7461489,0.0
2024-05-10 01:00:00,14.463,0.0,0.0,0.0,0.0,2.942788,0.0
2024-05-10 01:30:00,14.113,0.0,0.0,0.0,0.0,3.0342439,0.0
2024-05-10 02:00:00,13.763,0.0,0.0,0.0,0.0,3.1256998,0.0
2024-05-10 02:30:00,13.488,0.0,0.0,0.0,0.0,3.1628499000000003,0.0
2024-05-10 03:00:00,13.213,0.0,0.0,0.0,0.0,3.2,0.0
2024-05-10 03:30:00,13.813,0.0,0.0,0.0,0.0,3.1532224,0.0
2024-05-10 04:00:00,14.413,0.0,0.0,0.0,0.0,3.1064448,0.0
2024-05-10 04:30:00,14.188,0.0,0.0,0.0,0.0,3.05405555,0.0
2024-05-10 05:00:00,13.963,0.0,0.0,0.0,0.0,3.0016663,0.0
2024-05-10 05:30:00,13.738,0.0,0.0,0.0,0.0,2.9645613500000003,0.0
2024-05-10 06:00:00,13.513,0.0,0.0,0.0,0.0,2.9274564,0.0
2024-05-10 06:30:00,13.438,12.301028980670212,0.0,6.455413,12.5768385,2.9844189,6.787000000000001
2024-05-10 07:00:00,13.363,24.83306063955889,0.017892168806121905,12.910826,25.153677,3.0413814,35.934
2024-05-10 07:30:00,13.813,55.51940159940177,0.13818571221077303,19.4985895,54.016021,2.7796586000000003,71.04299999999999
2024-05-10 08:00:00,14.263,87.76432007292213,0.25746902182091197,26.086353,82.878365,2.5179358,235.457
2024-05-10 08:30:00,14.488,99.07325027698458,0.37370151115095085,18.8478545,94.1178875,2.4683065500000003,114.052
2024-05-10 09:00:00,14.713,108.64098211668423,0.4848948781533337,11.609356,105.35741,2.4186773,111.32099999999998
2024-05-10 09:30:00,15.688,250.14885419656906,0.589147114073177,117.65283800000002,184.477945,2.47424965,690.78
2024-05-10 10:00:00,16.663,411.81567503144396,0.6846750605122581,223.69632,263.59848,2.529822,215.045
2024-05-10 10:30:00,16.863001,400.0957524166814,0.7698449303909296,178.422485,267.907105,2.3384565,158.806
2024-05-10 11:00:00,17.063002,379.09080565297165,0.8432002540670649,133.14865,272.21573,2.147091,34.583
2024-05-10 11:30:00,18.163001,515.7841070176904,0.9034868106081173,262.02185,283.805815,1.7406287,3.039
2024-05-10 12:00:00,19.263,662.504714344771,0.9496740917695224,390.89505,295.3959,1.3341664,72.183
2024-05-10 12:30:00,19.6130005,725.2205885050489,0.9809729245877812,452.68715,284.48024,1.65196895,729.6809999999999
2024-05-10 13:00:00,19.963001,783.8698023055174,0.996848974903951,514.47925,273.56458,1.9697715,686.7280000000001
2024-05-10 13:30:00,19.4880005,781.7469031312523,0.997031880897041,520.262725,265.32602,2.18592695,729.639
2024-05-10 14:00:00,19.013,771.369865268933,0.9815198643671081,526.0462,257.08746,2.4020824,729.773
2024-05-10 14:30:00,18.788001,698.0818093791993,0.9505797473605607,471.869765,251.90649,1.72305655,729.711
2024-05-10 15:00:00,18.563002,621.9237148018876,0.9047423631092308,417.69333,246.72552,1.0440307,171.24
2024-05-10 15:30:00,17.788001,490.32759088148464,0.8447934543835813,331.01391,213.318385,1.55279175,17.313
2024-05-10 16:00:00,17.013,365.9271840831342,0.7717602031490549,244.33449,179.91125,2.0615528,34.894
2024-05-10 16:30:00,17.663001,408.55447277165047,0.6868936221424976,357.428735,164.782085,3.0332749000000003,202.906
2024-05-10 17:00:00,18.313002,427.10193203083514,0.5916471323374463,470.52298,149.65292,4.004997,312.17
2024-05-10 17:30:00,17.6380015,329.4477609649256,0.4876516644035834,394.915755,138.136375,4.7579478,118.784
2024-05-10 18:00:00,16.963001,245.2941136421983,0.3766877207358292,319.30853,126.61983,5.5108986,76.747
2024-05-10 18:30:00,16.0130005,165.6304194806628,0.26065490327700974,262.72917,98.48971,5.6679223,68.48899999999999
2024-05-10 19:00:00,15.063,98.46135267254283,0.14153938713310263,206.14981,70.35959,5.824946,16.435000000000002
2024-05-10 19:30:00,14.438,38.62099504518413,0.021379915777982646,106.7215937,36.9118484,6.29958085,49.432
2024-05-10 20:00:00,13.813,3.3955578128348263,0.0,7.2933774,3.4641068,6.7742157,0.199
2024-05-10 20:30:00,13.938,0.0,0.0,3.6466887,1.7320534000000003,6.32181385,0.0
2024-05-10 21:00:00,14.063,0.0,0.0,0.0,0.0,5.869412,0.0
2024-05-10 21:30:00,14.113,0.0,0.0,0.0,0.0,5.417144,0.0
2024-05-10 22:00:00,14.163,0.0,0.0,0.0,0.0,4.964876,0.0
2024-05-10 22:30:00,14.188,0.0,0.0,0.0,0.0,5.0456392,0.0
2024-05-10 23:00:00,14.213,0.0,0.0,0.0,0.0,5.1264024,0.0
2024-05-10 23:30:00,14.188,0.0,0.0,0.0,0.0,5.0330191,0.0
2024-05-11 00:00:00,14.163,0.0,0.0,0.0,0.0,4.9396358,0.0
2024-05-11 00:30:00,14.138,0.0,0.0,0.0,0.0,4.7730764,0.0
2024-05-11 01:00:00,14.113,0.0,0.0,0.0,0.0,4.606517,0.0
2024-05-11 01:30:00,14.113,0.0,0.0,0.0,0.0,4.27303,0.0
2024-05-11 02:00:00,14.113,0.0,0.0,0.0,0.0,3.939543,0.0
2024-05-11 02:30:00,14.138,0.0,0.0,0.0,0.0,3.7090242,0.0
2024-05-11 03:00:00,14.163,0.0,0.0,0.0,0.0,3.4785054,0.0
2024-05-11 03:30:00,14.163,0.0,0.0,0.0,0.0,3.80080545,0.0
2024-05-11 04:00:00,14.163,0.0,0.0,0.0,0.0,4.1231055,0.0
2024-05-11 04:30:00,14.088,0.0,0.0,0.0,0.0,4.20922575,0.0
2024-05-11 05:00:00,14.013,0.0,0.0,0.0,0.0,4.295346,0.0
2024-05-11 05:30:00,13.838,0.0,0.0,0.0,0.0,4.3837410000000006,0.0
2024-05-11 06:00:00,13.663,0.0,0.0,0.0,0.0,4.472136,0.0
2024-05-11 06:30:00,13.663,10.038673627794426,0.0,6.420612,10.2621595,4.4910625,0.0
2024-05-11 07:00:00,13.663,20.32391642548934,0.019201375967001975,12.841224,20.524319,4.509989,3.99
2024-05-11 07:30:00,13.913,87.3814978112616,0.13931984482730467,167.06195200000002,65.3017045,4.7694527,36.87
2024-05-11 08:00:00,14.163,191.16393095940745,0.2584277902899912,321.28268,110.07909,5.0289164,76.44500000000001
2024-05-11 08:30:00,14.763,302.3203489079133,0.37448764446813915,475.003215,126.008845,5.4491642,335.677
2024-05-11 09:00:00,15.363,445.99370023787503,0.4855140759847162,628.72375,141.9386,5.869412,252.689
2024-05-11 09:30:00,15.963001,536.4791588151465,0.5896079475315201,639.311175,160.67936,5.91170125,558.718
2024-05-11 10:00:00,16.563002,623.5062258331152,0.6849888234275787,649.8986,179.42012,5.9539905,576.003
2024-05-11 10:30:00,17.363001,702.533248690566,0.7700254435215386,660.57075,194.87825,5.92868975,411.511
2024-05-11 11:00:00,18.163,775.4557010438759,0.8432636257707,671.2429,210.33638,5.903389,110.569
2024-05-11 11:30:00,18.838,811.0660695130955,0.9034511580433884,635.75915,238.180715,5.75214075,329.148
2024-05-11 12:00:00,19.513,833.9535240926944,0.9495592274677598,600.2754,266.02505,5.6008925,413.944
2024-05-11 12:30:00,19.688,852.5477608624478,0.9808000138387578,599.2604699999999,266.735775,5.821207749999999,426.554
2024-05-11 13:00:00,19.863,861.8652247908376,0.9966401698619878,598.24554,267.4465,6.041523,207.117
2024-05-11 13:30:00,19.838001,847.0165564660175,0.9968099377492734,602.8021699999999,247.43711,6.1901465,692.14
2024-05-11 14:00:00,19.813002,822.6509352283379,0.9813077501931602,607.3588,227.42772,6.33877,529.395
2024-05-11 14:30:00,19.713001,797.6623995440539,0.950400243468753,613.6387199999999,215.006965,6.0303288,729.6629999999999
2024-05-11 15:00:00,19.613,763.0643404459229,0.9046176717284113,619.91864,202.58621,5.7218876,729.6850000000001
2024-05-11 15:30:00,18.463001,508.81174364891143,0.844744815487398,317.267123,244.14273,5.26354645,435.504
2024-05-11 16:00:00,17.313002,290.609423810075,0.7718075280653486,14.615606,285.69925,4.8052053,330.636
2024-05-11 16:30:00,16.863001,253.16311948072604,0.6870551502146602,22.6644105,242.96044,5.0502429,189.453
2024-05-11 17:00:00,16.413,214.03420332477813,0.5919391166497053,30.713215,200.22163,5.2952805,223.354
2024-05-11 17:30:00,16.288,182.67725237845994,0.4880880918904503,53.015505000000005,160.19481000000002,5.327658899999999,241.427
2024-05-11 18:00:00,16.163,146.16408452524382,0.37728007157733284,75.317795,120.16799,5.3600373,146.255
2024-05-11 18:30:00,15.963,128.41589416090997,0.2614119536572435,116.3101025,99.92436,5.4871523,114.094
2024-05-11 19:00:00,15.763,100.68431632738934,0.14246705877783347,157.30241,79.68073,5.6142673,75.544
2024-05-11 19:30:00,14.938,46.05053724109252,0.022481174849386113,94.97492,44.7070255,5.4871523,66.019
2024-05-11 20:00:00,14.113,9.556874280507625,0.0,32.64743,9.733321,5.3600373,8.719999999999999
2024-05-11 20:30:00,13.738,0.0,0.0,16.323715,4.8666605,4.80898545,0.0
2024-05-11 21:00:00,13.363,0.0,0.0,0.0,0.0,4.2579336,0.0
2024-05-11 21:30:00,13.113,0.0,0.0,0.0,0.0,4.1069708,0.0
2024-05-11 22:00:00,12.863,0.0,0.0,0.0,0.0,3.956008,0.0
2024-05-11 22:30:00,12.913,0.0,0.0,0.0,0.0,3.89438085,0.0
2024-05-11 23:00:00,12.963,0.0,0.0,0.0,0.0,3.8327537,0.0
2024-05-11 23:30:00,12.938,0.0,0.0,0.0,0.0,3.67279365,0.0
2024-05-12 00:00:00,12.913,0.0,0.0,0.0,0.0,3.5128336,0.0
2024-05-12 00:30:00,12.788,0.0,0.0,0.0,0.0,3.5092716,0.0
2024-05-12 01:00:00,12.663,0.0,0.0,0.0,0.0,3.5057096,0.0
2024-05-12 01:30:00,12.613,0.0,0.0,0.0,0.0,3.5142463,0.0
2024-05-12 02:00:00,12.563,0.0,0.0,0.0,0.0,3.522783,0.0
2024-05-12 02:30:00,12.538,0.0,0.0,0.0,0.0,3.5113915,0.0
2024-05-12 03:00:00,12.513,0.0,0.0,0.0,0.0,3.5,0.0
2024-05-12 03:30:00,12.588,0.0,0.0,0.0,0.0,3.45660485,0.0
2024-05-12 04:00:00,12.663,0.0,0.0,0.0,0.0,3.4132097,0.0
2024-05-12 04:30:00,12.588,0.0,0.0,0.0,0.0,3.61251665,0.0
2024-05-12 05:00:00,12.513,0.0,0.0,0.0,0.0,3.8118236,0.0
2024-05-12 05:30:00,12.513,0.0,0.0,0.0,0.0,3.92828665,0.0
2024-05-12 06:00:00,12.513,0.0,0.0,0.0,0.0,4.0447497,0.0
2024-05-12 06:30:00,12.638,13.366118192071008,0.0,19.1609915,13.649072500000004,4.1372032,5.195
2024-05-12 07:00:00,12.763,27.515879785984414,0.0204489261905472,38.321983,27.298145,4.2296567,19.48
2024-05-12 07:30:00,13.538,80.28066152571466,0.140393389377211,123.7056765,64.1589475,4.36538385,14.572000000000005
2024-05-12 08:00:00,14.313,153.31682994673733,0.25932768221321634,209.08937,101.01975,4.501111,54.075
2024-05-12 08:30:00,15.213,253.16134727219026,0.37521722561295384,319.551565,135.452885,5.35700035,488.639
2024-05-12 09:00:00,16.113,376.4469473590603,0.4860796184360484,430.01376,169.88602,6.2128897,563.727
2024-05-12 09:30:00,16.713001,496.29456696389957,0.5900185444890234,541.62175,178.57799,6.50129365,596.011
2024-05-12 10:00:00,17.313002,633.6591076161135,0.68525623138579,653.22974,187.26996,6.7896976,514.8040000000001
2024-05-12 10:30:00,17.813002,732.0881005048482,0.7701638784871729,712.74362,183.59925,6.83904695,729.478
2024-05-12 11:00:00,18.313002,831.5247159983688,0.843289517079008,772.2575,179.92854,6.8883963,729.549
2024-05-12 11:30:00,18.663001,905.6145045263345,0.9033828639798805,805.59,176.88123000000002,6.9669811500000005,729.6569999999999
2024-05-12 12:00:00,19.013,971.91559084621,0.9494167176865228,838.9225,173.83392,7.045566,729.5550000000001
2024-05-12 12:30:00,19.213,1002.2591093716804,0.9806045240096247,846.94465,169.79039,7.19463535,729.688
2024-05-12 13:00:00,19.413,1019.954911102205,0.9964138345643114,854.9668,165.74686,7.3437047,729.7429999999999
2024-05-12 13:30:00,19.388,1008.2144867006099,0.9965754079492921,844.829225,163.95821,7.5425756,729.65
2024-05-12 14:00:00,19.363,983.4085469971305,0.9810878019309952,834.69165,162.16956,7.7414465,729.727
2024-05-12 14:30:00,19.138,935.5197435681034,0.950217384515773,815.572355,158.38319,7.83619925,729.6659999999999
2024-05-12 15:00:00,18.913,876.9814935726228,0.9044937530252317,796.45306,154.59682,7.930952,729.595
2024-05-12 15:30:00,19.138,793.7760143522987,0.8447006540687615,756.34783,153.37900000000002,7.428495,729.78
2024-05-12 16:00:00,19.363,706.0231772872892,0.7718625479920652,716.2426,152.16118,6.926038,724.726
2024-05-12 16:30:00,19.213001,610.663862387968,0.6872270477237312,685.77685,138.5682075,6.7191670000000006,639.0540000000001
2024-05-12 17:00:00,19.063002,513.6803613196583,0.592243555252017,655.3111,124.975235,6.512296,535.162
2024-05-12 17:30:00,18.6380015,404.97175521687905,0.48853843273361436,597.6802,112.7465475,6.26654665,423.196
2024-05-12 18:00:00,18.213001,304.4651158459268,0.3778871437099232,540.0493,100.51786,6.0207973,296.176
2024-05-12 18:30:00,17.6880005,199.4249599885494,0.2621838680367411,444.64068,83.216515,5.62764915,174.44600000000003
2024-05-12 19:00:00,17.163,115.39030954839913,0.14340906936052017,349.23206,65.91517,5.234501,76.72999999999999
2024-05-12 19:30:00,16.588,42.762939064635205,0.023595589067041765,197.5944065,38.49922575,4.6890855,30.739
2024-05-12 20:00:00,16.013,10.893900460888597,0.0,45.956753,11.0832815,4.14367,9.054
2024-05-12 20:30:00,15.413,0.0,0.0,22.9783765,5.54164075,3.6726161,0.0
2024-05-12 21:00:00,14.813,0.0,0.0,0.0,0.0,3.2015622,0.0
2024-05-12 21:30:00,14.338,0.0,0.0,0.0,0.0,2.69736675,0.0
2024-05-12 22:00:00,13.863,0.0,0.0,0.0,0.0,2.1931713,0.0
2024-05-12 22:30:00,13.388,0.0,0.0,0.0,0.0,1.8598025,0.0
2024-05-12 23:00:00,12.913,0.0,0.0,0.0,0.0,1.5264337,0.0
2024-05-12 23:30:00,12.463,0.0,0.0,0.0,0.0,1.4432904,0.0
2024-05-13 00:00:00,12.013,0.0,0.0,0.0,0.0,1.3601471,0.0
2024-05-13 00:30:00,11.613,0.0,0.0,0.0,0.0,1.2821533,0.0
2024-05-13 01:00:00,11.213,0.0,0.0,0.0,0.0,1.2041595,0.0
2024-05-13 01:30:00,10.838,0.0,0.0,0.0,0.0,1.063056975,0.0
2024-05-13 02:00:00,10.463,0.0,0.0,0.0,0.0,0.92195445,0.0
2024-05-13 02:30:00,10.263,0.0,0.0,0.0,0.0,0.8852413,0.0
2024-05-13 03:00:00,10.063,0.0,0.0,0.0,0.0,0.84852815,0.0
2024-05-13 03:30:00,9.838,0.0,0.0,0.0,0.0,0.647870885,0.0
2024-05-13 04:00:00,9.613,0.0,0.0,0.0,0.0,0.44721362,0.0
2024-05-13 04:30:00,9.488,0.0,0.0,0.0,0.0,0.5151544100000001,0.0
2024-05-13 05:00:00,9.363,0.0,0.0,0.0,0.0,0.5830952,0.0
2024-05-13 05:30:00,9.088,0.0,0.0,0.0,0.0,0.497702885,0.0
2024-05-13 06:00:00,8.813,0.0,0.0,0.0,0.0,0.41231057,0.0
2024-05-13 06:30:00,9.338,16.680325478316583,0.0,31.771948,17.02252,0.4754135149999999,8.679
2024-05-13 07:00:00,9.863,34.73541147896126,0.021634816384694024,63.543896,34.04504,0.53851646,39.443000000000005
2024-05-13 07:30:00,12.013,111.40663855777971,0.14140654635774466,303.728768,69.51513,0.6723711299999999,105.298
2024-05-13 08:00:00,14.163,245.06367241223217,0.2601690931634868,543.91364,104.98522,0.8062258,217.311
2024-05-13 08:30:00,16.137999999999998,356.27353207237815,0.3758908334034755,633.948945,119.02939,1.1242232,342.664
2024-05-13 09:00:00,18.113,484.6868427145249,0.4865922525891382,723.98425,133.07356,1.4422206,465.621
2024-05-13 09:30:00,19.2880005,593.8074415710774,0.5903798024556991,767.505525,140.839745,2.19843895,571.898
2024-05-13 10:00:00,20.463001,704.9149288139639,0.6854783119449216,811.0268,148.60593,2.9546573,665.492
2024-05-13 10:30:00,21.1880005,794.563416511442,0.7702613703003434,831.29535,153.407275,3.5175494,728.518
2024-05-13 11:00:00,21.913,877.6298735723506,0.84327914603701,851.5639,158.20862,4.0804415,729.677
2024-05-13 11:30:00,22.463,937.1862517627058,0.9032832036962024,857.70657,160.77429999999998,4.22310875,729.7049999999999
2024-05-13 12:00:00,23.013,985.3518810565063,0.9492478681549359,863.84924,163.33998,4.365776,729.656
2024-05-13 12:30:00,23.538001,994.675844180256,0.9803877640038784,835.58862,173.69072,4.52489565,729.594
2024-05-13 13:00:00,24.063002,989.8420851739583,0.9961712537784688,807.328,184.04146,4.6840153,729.7239999999999
2024-05-13 13:30:00,23.713001,904.0284305544384,0.9963295252490872,674.9902,231.94528000000005,4.3028748,729.683
2024-05-13 14:00:00,23.363,809.6930622812529,0.9808611763321115,542.6524,279.8491,3.9217343,729.711
2024-05-13 14:30:00,23.338001,806.6984220079955,0.9500322256006376,585.73205,251.803805,3.78089465,729.784
2024-05-13 15:00:00,23.313002,791.7212109607437,0.9043715375474248,628.8117,223.75851,3.640055,729.716
2024-05-13 15:30:00,22.713001,696.8038650186209,0.8446617553781106,574.4851,212.57074,4.0392615,729.739
2024-05-13 16:00:00,22.113,601.5985472886908,0.7719258846380893,520.1585,201.38297,4.438468,712.671
2024-05-13 16:30:00,21.763,520.4533540869234,0.6874097573786193,480.67689,191.58459,4.20983685,624.107
2024-05-13 17:00:00,21.413,441.4229862191731,0.592560699503209,441.19528,181.78621,3.9812057,524.236
2024-05-13 17:30:00,20.9380005,349.6077315196668,0.48900273787311344,403.308625,153.98727,3.9361105,413.81
2024-05-13 18:00:00,20.463001,263.1048416628229,0.3785087819816354,365.42197,126.18833,3.8910153,292.047
2024-05-13 18:30:00,19.838001,183.16255474942852,0.26297028306887027,329.708545,97.564145,3.65430845,171.71699999999998
2024-05-13 19:00:00,19.213001,110.57115484207583,0.1443648488102886,293.99512,68.93996,3.4176016,77.043
2024-05-13 19:30:00,18.3130005,44.03868067599747,0.02472238661565041,170.62409,40.327193,2.9617973,31.482
2024-05-13 20:00:00,17.413,11.5122981218347,0.0,47.25306,11.714426,2.505993,9.597
2024-05-13 20:30:00,16.463,0.0,0.0,23.62653,5.857213,2.1543843000000003,0.0
2024-05-13 21:00:00,15.513,0.0,0.0,0.0,0.0,1.8027756,0.0
2024-05-13 21:30:00,14.963,0.0,0.0,0.0,0.0,1.78739005,0.0
2024-05-13 22:00:00,14.413,0.0,0.0,0.0,0.0,1.7720045,0.0
2024-05-13 22:30:00,14.038,0.0,0.0,0.0,0.0,1.78739005,0.0
2024-05-13 23:00:00,13.663,0.0,0.0,0.0,0.0,1.8027756,0.0
2024-05-13 23:30:00,13.363,0.0,0.0,0.0,0.0,1.6446912,0.0
2024-05-14 00:00:00,13.063,0.0,0.0,0.0,0.0,1.4866068,0.0
2024-05-14 00:30:00,12.713,0.0,0.0,0.0,0.0,1.4233769,0.0
2024-05-14 01:00:00,12.363,0.0,0.0,0.0,0.0,1.360147,0.0
2024-05-14 01:30:00,12.188,0.0,0.0,0.0,0.0,1.40808445,0.0
2024-05-14 02:00:00,12.013,0.0,0.0,0.0,0.0,1.4560219,0.0
2024-05-14 02:30:00,11.988,0.0,0.0,0.0,0.0,1.4244303,0.0
2024-05-14 03:00:00,11.963,0.0,0.0,0.0,0.0,1.3928387,0.0
2024-05-14 03:30:00,12.088,0.0,0.0,0.0,0.0,1.29641935,0.0
2024-05-14 04:00:00,12.213,0.0,0.0,0.0,0.0,1.2,0.0
2024-05-14 04:30:00,12.138,0.0,0.0,0.0,0.0,1.2519201999999998,0.0
2024-05-14 05:00:00,12.063,0.0,0.0,0.0,0.0,1.3038404,0.0
2024-05-14 05:30:00,11.963,0.0,0.0,0.0,0.0,1.30956745,0.0
2024-05-14 06:00:00,11.863,0.0,0.0,0.0,0.0,1.3152945,0.0
2024-05-14 06:30:00,12.238,16.645152067416515,0.0,31.6135275,16.986625,1.2659235,9.673
2024-05-14 07:00:00,12.613,34.72929176437384,0.02275904878917439,63.227055,33.97325,1.2165525,41.568
2024-05-14 07:30:00,13.713,110.08700263802888,0.14235951902126612,293.9467475,69.30634,1.4641384,106.871
2024-05-14 08:00:00,14.813,240.10444267468017,0.26095241905959643,524.66644,104.63943,1.7117243,214.77
2024-05-14 08:30:00,15.838,349.29418085608927,0.3765090447580457,616.669735,118.176595,1.86084975,337.863
2024-05-14 09:00:00,16.863,476.19455809814326,0.4870527216978366,708.67303,131.71376,2.0099752,453.473
2024-05-14 09:30:00,17.988,584.1783681831636,0.590692613461823,752.067665,140.12386500000002,2.1722493,557.327
2024-05-14 10:00:00,19.113,694.2552442956949,0.6856560858385371,795.4623,148.53397,2.3345234,653.863
2024-05-14 10:30:00,20.1630005,783.4261276437857,0.7703190461440463,816.9291499999999,153.351435,2.2852957,724.969
2024-05-14 11:00:00,21.213001,866.3821906223881,0.8432337222159035,838.396,158.1689,2.236068,729.63
2024-05-14 11:30:00,22.1380015,924.4678782910528,0.9031534436941873,843.8655699999999,160.744135,1.677051,729.779
2024-05-14 12:00:00,23.063002,971.3020461033891,0.9490539759059814,849.33514,163.31937,1.118034,729.735
2024-05-14 12:30:00,23.088001,840.3079011870201,0.980151034481442,635.1399200000001,218.414065,0.8505646,729.691
2024-05-14 13:00:00,23.113,689.5371442193914,0.9959137048453105,420.9447,273.50876,0.5830952,729.8240000000001
2024-05-14 13:30:00,22.613,636.2114737620393,0.9960735171478574,357.86778000000004,283.605745,1.0021811,729.715
2024-05-14 14:00:00,22.113,578.265636159058,0.9806290254024994,294.79086,293.70273,1.421267,729.781
2024-05-14 14:30:00,22.138,597.9692451825405,0.9498458188977442,316.965695,301.483615,1.390707,729.5329999999999
2024-05-14 15:00:00,22.163,611.2847349697352,0.9042519550343413,339.14053,309.2645,1.360147,729.7909999999999
2024-05-14 15:30:00,21.863001,522.2229048489113,0.8446289062098227,289.91166,281.803025,1.3065717,729.578
2024-05-14 16:00:00,21.563002,435.9006973901271,0.7719981638267734,240.68279,254.34155,1.2529964,410.29100000000005
2024-05-14 16:30:00,21.438002,410.50835230758327,0.6876037287738263,290.271205,214.11396,1.2991794,604.2719999999999
2024-05-14 17:00:00,21.313002,373.239198908907,0.5928908105249634,339.85962,173.88637,1.3453624,540.231
2024-05-14 17:30:00,20.5130015,299.1374437953326,0.48948107096719423,278.20671,165.375145,1.8226812,140.932
2024-05-14 18:00:00,19.713001,236.28675489165016,0.37914484698723866,216.5538,156.86392,2.3,179.035
2024-05-14 18:30:00,18.9880005,176.52985097682253,0.26377085415463275,231.973715,117.2443875,2.581782,128.08100000000002
2024-05-14 19:00:00,18.263,112.45706292474841,0.14533384869770127,247.39363,77.624855,2.863564,52.847
2024-05-14 19:30:00,17.513,48.12757756823478,0.02586082014778513,133.04463049999998,45.384406,2.50182865,18.722
2024-05-14 20:00:00,16.763,12.871474080938198,0.0,18.695631,13.143957,2.1400933,2.96
2024-05-14 20:30:00,16.413001,0.0,0.0,9.3478155,6.5719785,1.7219669,0.0
2024-05-14 21:00:00,16.063002,0.0,0.0,0.0,0.0,1.3038405,0.0
2024-05-14 21:30:00,15.963001,0.0,0.0,0.0,0.0,0.72263093,0.0
2024-05-14 22:00:00,15.863,0.0,0.0,0.0,0.0,0.14142136,0.0
2024-05-14 22:30:00,15.513,0.0,0.0,0.0,0.0,0.276865965,0.0
2024-05-14 23:00:00,15.163,0.0,0.0,0.0,0.0,0.41231057,0.0
2024-05-14 23:30:00,14.688,0.0,0.0,0.0,0.0,0.386432855,0.0
2024-05-15 00:00:00,14.213,0.0,0.0,0.0,0.0,0.36055514,0.0
2024-05-15 00:30:00,13.938,0.0,0.0,0.0,0.0,0.500433785,0.0
2024-05-15 01:00:00,13.663,0.0,0.0,0.0,0.0,0.64031243,0.0
2024-05-15 01:30:00,13.438,0.0,0.0,0.0,0.0,0.952611715,0.0
2024-05-15 02:00:00,13.213,0.0,0.0,0.0,0.0,1.264911,0.0
2024-05-15 02:30:00,13.638,0.0,0.0,0.0,0.0,1.1732882,0.0
2024-05-15 03:00:00,14.063,0.0,0.0,0.0,0.0,1.0816654,0.0
2024-05-15 03:30:00,13.188,0.0,0.0,0.0,0.0,0.90138785,0.0
2024-05-15 04:00:00,12.313,0.0,0.0,0.0,0.0,0.7211103,0.0
2024-05-15 04:30:00,12.038,0.0,0.0,0.0,0.0,0.51866903,0.0
2024-05-15 05:00:00,11.763,0.0,0.0,0.0,0.0,0.31622776,0.0
2024-05-15 05:30:00,11.963,0.0,0.0,0.0,0.0,0.53890253,0.0
2024-05-15 06:00:00,12.163,0.0,0.0,0.0,0.0,0.7615773,0.0
2024-05-15 06:30:00,12.488,15.507925910017896,0.0,31.459205000000004,15.8231705,0.85513028,13.091
2024-05-15 07:00:00,12.813,32.51467134663684,0.023821637047106662,62.91841,31.646341,0.94868326,34.011
2024-05-15 07:30:00,14.563001,102.9653713304294,0.1432525190437134,232.685615,70.8364875,0.92155525,65.481
2024-05-15 08:00:00,16.313002,213.5623635832382,0.261678061369744,402.45282,110.026634,0.89442724,207.436
2024-05-15 08:30:00,17.838001,308.3362477207585,0.37707243946496677,477.56881,129.941332,0.653368905,319.10400000000004
2024-05-15 09:00:00,19.363,417.6798436713366,0.48746176931378193,552.6848,149.85603,0.41231057,426.574
2024-05-15 09:30:00,20.5380005,529.1451546103705,0.5909578675110438,628.49645,158.7938,0.765172285,532.979
2024-05-15 10:00:00,21.713001,650.201185520807,0.6857905697110281,704.3081,167.73157,1.118034,614.8489999999999
2024-05-15 10:30:00,22.6130005,740.5572296541853,0.7703380273317973,737.93597,172.137595,1.8743115,719.859
2024-05-15 11:00:00,23.513,827.5483315946876,0.8431544478678331,771.56384,176.54362,2.630589,664.74
2024-05-15 11:30:00,23.9880005,888.8139484008524,0.902994842065318,785.35324,178.819625,3.29645585,467.009
2024-05-15 12:00:00,24.463001,940.5427676282625,0.948836328830898,799.14264,181.09563,3.9623227,237.816
2024-05-15 12:30:00,24.6130005,959.4128899140806,0.979895626605041,784.4144,189.678505,4.34600805,729.76
2024-05-15 13:00:00,24.763,965.5823193461825,0.9956424556321587,769.68616,198.26138,4.7296934,729.7570000000001
2024-05-15 13:30:00,24.7380005,953.4354018461836,0.9958086020736291,755.22983,200.496475,4.9358387,729.7189999999999
2024-05-15 14:00:00,24.713001,929.7407585472918,0.9803924928548735,740.7735,202.73157,5.141984,679.2930000000001
2024-05-15 14:30:00,24.2630015,873.3891090990218,0.9496592094270011,695.0071,213.271415,5.3004608,729.801
2024-05-15 15:00:00,23.813002,810.2482954882771,0.9041359295497053,649.2407,223.81126,5.4589376,729.546
2024-05-15 15:30:00,23.363001,761.3724473518641,0.8446028895020845,681.23357,185.71957,5.4410183,729.573
2024-05-15 16:00:00,22.913,699.4226363789589,0.772080009629407,713.22644,147.62788,5.423099,729.4869999999999
2024-05-15 16:30:00,22.638,604.5086270095072,0.6878094121139959,679.36247,136.388918,5.1635895000000005,700.227
2024-05-15 17:00:00,22.363,508.6504477881806,0.5932341526603111,645.4985,125.149956,4.90408,513.173
2024-05-15 17:30:00,22.013,399.6624445833289,0.48997350166322395,583.869,113.400533,4.55204,334.679
2024-05-15 18:00:00,21.663,299.78957983157864,0.3797952082278519,522.2395,101.65111,4.2,272.207
2024-05-15 18:30:00,20.988001,197.2531280796798,0.2645852486224012,427.98253,84.44890000000001,3.9027756,180.86
2024-05-15 19:00:00,20.313002,115.41424183289288,0.14631553564549027,333.72556,67.24669,3.6055512,67.773
2024-05-15 19:30:00,19.2630015,45.15289145359906,0.027010160432436925,193.86619,40.364142,2.8634357,44.831
2024-05-15 20:00:00,18.213001,13.248061355645856,0.0,54.00682,13.481594,2.1213202,8.693999999999999
2024-05-15 20:30:00,17.2630015,0.0,0.0,27.00341,6.740797000000001,1.7624434999999998,0.0
2024-05-15 21:00:00,16.313002,0.0,0.0,0.0,0.0,1.4035668,0.0
2024-05-15 21:30:00,16.0630015,0.0,0.0,0.0,0.0,1.5561838,0.0
2024-05-15 22:00:00,15.813001,0.0,0.0,0.0,0.0,1.7088008,0.0
2024-05-15 22:30:00,15.6380005,0.0,0.0,0.0,0.0,1.89483295,0.0
2024-05-15 23:00:00,15.463,0.0,0.0,0.0,0.0,2.0808651,0.0
2024-05-15 23:30:00,15.488,0.0,0.0,0.0,0.0,2.2119699500000003,0.0
2024-05-16 00:00:00,15.513,0.0,0.0,0.0,0.0,2.3430748,0.0
2024-05-16 00:30:00,15.088,0.0,0.0,0.0,0.0,2.16148685,0.0
2024-05-16 01:00:00,14.663,0.0,0.0,0.0,0.0,1.9798989,0.0
2024-05-16 01:30:00,14.413,0.0,0.0,0.0,0.0,1.8221153,0.0
2024-05-16 02:00:00,14.163,0.0,0.0,0.0,0.0,1.6643317,0.0
2024-05-16 02:30:00,13.913,0.0,0.0,0.0,0.0,1.324608725,0.0
2024-05-16 03:00:00,13.663,0.0,0.0,0.0,0.0,0.98488575,0.0
2024-05-16 03:30:00,13.963,0.0,0.0,0.0,0.0,1.340971025,0.0
2024-05-16 04:00:00,14.263,0.0,0.0,0.0,0.0,1.6970563,0.0
2024-05-16 04:30:00,14.088,0.0,0.0,0.0,0.0,1.4849242500000002,0.0
2024-05-16 05:00:00,13.913,0.0,0.0,0.0,0.0,1.2727922,0.0
2024-05-16 05:30:00,13.663,0.0,0.0,0.0,0.0,1.1772288,0.0
2024-05-16 06:00:00,13.413,0.0,0.0,0.0,0.0,1.0816654,0.0
2024-05-16 06:30:00,14.038,16.591154061759905,0.0,37.57177,16.92284,0.8762429,16.99
2024-05-16 07:00:00,14.663,35.047567149360134,0.02482261317260707,75.14354,33.84568,0.6708204,53.753
2024-05-16 07:30:00,16.387999999999998,110.81683759476797,0.14408577328149438,302.77527,68.21025,0.78262382,107.67
2024-05-16 08:00:00,18.113,240.35053400887733,0.26234643351197795,530.407,102.57482,0.89442724,189.64
2024-05-16 08:30:00,19.813,348.48445677263805,0.37758160606793706,617.316325,116.405645,1.0324486199999998,293.233
2024-05-16 09:00:00,21.513,473.12964385512424,0.4878201446508673,704.22565,130.23647,1.17047,390.505
2024-05-16 09:30:00,22.8630005,579.9324116954646,0.5911764572956176,748.403325,137.618715,1.435235,494.72
2024-05-16 10:00:00,24.213001,689.0114451178288,0.685882780101585,792.581,145.00096,1.7,584.66
2024-05-16 10:30:00,25.3880015,777.1354085710337,0.7703194324969507,813.11472,149.92381,1.8562306,656.8030000000001
2024-05-16 11:00:00,26.563002,858.9619742887196,0.8430425202492076,833.64844,154.84666,2.0124612,721.6750000000001
2024-05-16 11:30:00,27.2630015,917.7151259851095,0.9028086498691186,840.2328500000001,157.494345,2.04666315,729.5519999999999
2024-05-16 12:00:00,27.963001,965.418029850137,0.948596206078252,846.81726,160.14203,2.0808651,729.669
2024-05-16 12:30:00,28.2630015,990.7834952133123,0.979622821433395,844.9358500000001,160.89824,1.78373595,729.7450000000001
2024-05-16 13:00:00,28.563002,1003.1413425167354,0.9953587629253395,843.05444,161.65445,1.4866068,729.8009999999999
2024-05-16 13:30:00,28.588001,990.3284308377655,0.9955359867868653,831.7492950000001,159.94522999999998,1.5495291999999998,729.919
2024-05-16 14:00:00,28.613,964.7449908007305,0.9801527105519972,820.44415,158.23601,1.6124516,729.7049999999999
2024-05-16 14:30:00,28.938,916.9934321923929,0.9494734305895072,800.252925,155.011795,1.5495291999999998,729.87
2024-05-16 15:00:00,29.263,858.9594411362855,0.9040243741633205,780.0617,151.78758,1.4866068,729.7610000000001
2024-05-16 15:30:00,27.563,782.0757091173631,0.84458447822101,750.0689649999999,146.93948,2.8622654,711.5
2024-05-16 16:00:00,25.863,699.4162860890626,0.7721720375465555,720.07623,142.09138,4.237924,636.883
2024-05-16 16:30:00,24.938,602.6665914103697,0.6880272507934212,680.9642650000001,133.205685,4.2479288,549.6800000000001
2024-05-16 17:00:00,24.013,505.8934234884706,0.5935909855302802,641.8523,124.31999,4.2579336,471.013
2024-05-16 17:30:00,23.063,398.74722084276897,0.4904800973090685,583.76508,112.209055,4.229561800000001,365.39
2024-05-16 18:00:00,22.113,299.94771064399106,0.3804597355747853,525.67786,100.09812,4.20119,262.71500000000003
2024-05-16 18:30:00,21.613,197.976902872976,0.26541313706023306,434.37913,83.06421499999999,3.3005950000000004,166.24
2024-05-16 19:00:00,21.113,115.96446148445797,0.14730938259069182,343.0804,66.03031,2.4,93.109
2024-05-16 19:30:00,20.2880005,45.158232694636496,0.02816968778433516,201.508025,39.90044,2.03216585,45.97
2024-05-16 20:00:00,19.463001,13.53812950720658,0.0,59.93565,13.77057,1.6643317,12.211
2024-05-16 20:30:00,18.7880005,0.0,0.0,29.967825,6.885285,1.12371345,0.0
2024-05-16 21:00:00,18.113,0.0,0.0,0.0,0.0,0.5830952,0.0
2024-05-16 21:30:00,18.063,0.0,0.0,0.0,0.0,1.91789325,0.0
2024-05-16 22:00:00,18.013,0.0,0.0,0.0,0.0,3.2526913,0.0
2024-05-16 22:30:00,17.688000000000002,0.0,0.0,0.0,0.0,3.25422775,0.0
2024-05-16 23:00:00,17.363,0.0,0.0,0.0,0.0,3.2557642,0.0
2024-05-16 23:30:00,16.988,0.0,0.0,0.0,0.0,3.1899321,0.0
2024-05-17 00:00:00,16.613,0.0,0.0,0.0,0.0,3.1241,0.0
2024-05-17 00:30:00,16.5380005,0.0,0.0,0.0,0.0,3.373817,0.0
2024-05-17 01:00:00,16.463001,0.0,0.0,0.0,0.0,3.623534,0.0
2024-05-17 01:30:00,16.4880005,0.0,0.0,0.0,0.0,3.335742,0.0
2024-05-17 02:00:00,16.513,0.0,0.0,0.0,0.0,3.04795,0.0
2024-05-17 02:30:00,16.638,0.0,0.0,0.0,0.0,2.97397495,0.0
2024-05-17 03:00:00,16.763,0.0,0.0,0.0,0.0,2.8999999,0.0
2024-05-17 03:30:00,17.538001,0.0,0.0,0.0,0.0,2.79536235,0.0
2024-05-17 04:00:00,18.313002,0.0,0.0,0.0,0.0,2.6907248,0.0
2024-05-17 04:30:00,18.313002,0.0,0.0,0.0,0.0,2.44194805,0.0
2024-05-17 05:00:00,18.313002,0.0,0.0,0.0,0.0,2.1931713,0.0
2024-05-17 05:30:00,18.413001,0.0,0.0,0.0,0.0,2.32642305,0.0
2024-05-17 06:00:00,18.513,0.0,0.0,0.0,0.0,2.4596748,0.0
2024-05-17 06:30:00,18.838,17.66442584521597,0.0,37.3996275,18.0210325,2.6598724,7.754
2024-05-17 07:00:00,19.163,37.255832639830224,0.025762033985475965,74.799255,36.042065,2.86007,23.789
2024-05-17 07:30:00,20.613001,111.68736146989568,0.14485953008605348,281.8025525,72.00394750000001,2.35198945,49.24
2024-05-17 08:00:00,22.063002,234.93769313396078,0.262957966949459,488.80585,107.96583,1.8439089,126.995
2024-05-17 08:30:00,23.913001,311.6820381332891,0.37803714758780277,452.427615,142.753995,2.09242445,190.128
2024-05-17 09:00:00,25.763,377.9784901923409,0.48812860781051204,416.04938,177.54216,2.34094,196.192
2024-05-17 09:30:00,27.288001,471.94657029283593,0.5913492828281912,431.35574,220.12272,3.496948,541.664
2024-05-17 10:00:00,28.813002,565.2170436388607,0.6859337373628758,446.6621,262.70328,4.652956,422.765
2024-05-17 10:30:00,28.663001,606.1142246056344,0.770264380743786,405.26672,298.61504,4.6035375,565.0150000000001
2024-05-17 11:00:00,28.513,635.7738082705025,0.8428991339094601,363.87134,334.5268,4.554119,684.383
2024-05-17 11:30:00,29.663001,711.168853936442,0.9025961125352288,459.656585,300.178225,4.6179995,340.908
2024-05-17 12:00:00,30.813002,790.2471038845347,0.9483348785346551,555.44183,265.82965,4.68188,335.61400000000003
2024-05-17 12:30:00,31.5129995,819.485727705623,0.9793338894631489,530.454925,303.20709,4.8573859,511.313
2024-05-17 13:00:00,32.212997,839.4572067969416,0.995063871012808,505.46802,340.58453,5.0328918,729.597
2024-05-17 13:30:00,31.8129985,683.5347729767127,0.9952568640187058,332.62858,358.205945,4.5320104,352.65700000000004
2024-05-17 14:00:00,31.413,525.0626522285277,0.9799107952220963,159.78914,375.82736,4.031129,326.711
2024-05-17 14:30:00,30.9380005,437.48956608167737,0.9492894999926215,145.60855,305.13141,3.67764155,264.226
2024-05-17 15:00:00,30.463001,348.84637112045783,0.9039181859680183,131.42796,234.43546,3.3241541,206.585
2024-05-17 15:30:00,30.3880015,325.8673018597331,0.844574429633193,93.0294785,252.37668,3.91817985,158.41
2024-05-17 16:00:00,30.313002,306.73786321336553,0.7722748481434742,54.630997,270.3179,4.5122056,87.737
2024-05-17 16:30:00,28.8880015,251.99761713789948,0.6882576744920387,52.6421415,220.4462,4.2586013000000005,79.265
2024-05-17 17:00:00,27.463001,197.07090479962605,0.5939615566743838,50.653286,170.5745,4.004997,94.167
2024-05-17 17:30:00,27.3880015,200.54752553731015,0.49100091522320477,60.9100055,174.305095,3.58126375,86.982
2024-05-17 18:00:00,27.313002,201.42087794950498,0.3811382913121102,71.166725,178.03569,3.1575305,77.859
2024-05-17 18:30:00,26.913001,155.07489818234853,0.2662541852780406,96.3742175,132.10041,2.4418991,49.372
2024-05-17 19:00:00,26.513,102.56557924519926,0.1483148607613,121.58171,86.16513,1.7262677,104.687
2024-05-17 19:30:00,26.2380005,52.04206284411504,0.029338684145891792,73.29006150000001,50.867416000000006,1.02124773,34.086000000000006
2024-05-17 20:00:00,25.963001,15.250452902038585,0.0,24.998413,15.569702,0.31622776,6.610000000000001
2024-05-17 20:30:00,24.8130005,0.0,0.0,12.4992065,7.784851,0.7103818799999999,0.0
2024-05-17 21:00:00,23.663,0.0,0.0,0.0,0.0,1.104536,0.0
2024-05-17 21:30:00,22.838,0.0,0.0,0.0,0.0,2.0860542,0.0
2024-05-17 22:00:00,22.013,0.0,0.0,0.0,0.0,3.0675724,0.0
2024-05-17 22:30:00,21.713,0.0,0.0,0.0,0.0,2.0081278300000003,0.0
2024-05-17 23:00:00,21.413,0.0,0.0,0.0,0.0,0.94868326,0.0
2024-05-17 23:30:00,21.0630005,0.0,0.0,0.0,0.0,0.586145035,0.0
2024-05-18 00:00:00,20.713001,0.0,0.0,0.0,0.0,0.22360681,0.0
2024-05-18 00:30:00,20.6380015,0.0,0.0,0.0,0.0,1.094147555,0.0
2024-05-18 01:00:00,20.563002,0.0,0.0,0.0,0.0,1.9646883,0.0
2024-05-18 01:30:00,20.313002,0.0,0.0,0.0,0.0,2.3332697,0.0
2024-05-18 02:00:00,20.063002,0.0,0.0,0.0,0.0,2.7018511,0.0
2024-05-18 02:30:00,20.5130015,0.0,0.0,0.0,0.0,1.9210133,0.0
2024-05-18 03:00:00,20.963001,0.0,0.0,0.0,0.0,1.1401755,0.0
2024-05-18 03:30:00,21.338001,0.0,0.0,0.0,0.0,1.7958528500000002,0.0
2024-05-18 04:00:00,21.713001,0.0,0.0,0.0,0.0,2.4515302,0.0
2024-05-18 04:30:00,21.4880005,0.0,0.0,0.0,0.0,1.8965855,0.0
2024-05-18 05:00:00,21.263,0.0,0.0,0.0,0.0,1.3416408,0.0
2024-05-18 05:30:00,21.213,0.0,0.0,0.0,0.0,1.66329205,0.0
2024-05-18 06:00:00,21.163,0.0,0.0,0.0,0.0,1.9849433,0.0
2024-05-18 06:30:00,21.463,8.793075957053306,0.0,0.0,8.996535,1.8770619,6.593999999999999
2024-05-18 07:00:00,21.763,17.586151914106612,0.026639986191876533,0.0,17.99307,1.7691805,36.804
2024-05-18 07:30:00,22.088,40.641805481246955,0.14557406420813898,0.0,41.58219799999999,1.46768545,104.435
2024-05-18 08:00:00,22.413,63.697459048387294,0.2635131158482478,0.0,65.171326,1.1661904,193.563
2024-05-18 08:30:00,24.363001,142.23356685128934,0.378439685862823,40.30371,129.783323,1.1683302,278.198
2024-05-18 09:00:00,26.313002,229.63231924491413,0.4883879336881818,80.60742,194.39532,1.17047,375.034
2024-05-18 09:30:00,27.563002,411.7485795999877,0.5914772548400549,395.96096,179.82533999999998,1.1553227499999998,474.1859999999999
2024-05-18 10:00:00,28.813002,652.7509746023702,0.6859444685056176,711.3145,165.25536,1.1401755,558.083
2024-05-18 10:30:00,29.463001,674.6372383144768,0.7701739938226494,609.07572,207.102595,1.000204015,611.664
2024-05-18 11:00:00,30.113,673.3815937000223,0.8427254821959332,506.83694,248.94983,0.86023253,674.2980000000001
2024-05-18 11:30:00,30.463001,787.2950654928563,0.9023584706463922,622.2381399999999,227.029365,1.684109915,721.4570000000001
2024-05-18 12:00:00,30.813002,904.6908674876229,0.9480536088574568,737.63934,205.1089,2.5079873,729.71
2024-05-18 12:30:00,31.213001,930.357872368345,0.97903008991817,743.20882,202.186225,2.4560752,729.5799999999999
2024-05-18 13:00:00,31.613,944.9528804243643,0.9947590102413737,748.7783,199.26355,2.4041631,729.707
2024-05-18 13:30:00,32.4129985,943.4652807226611,0.9949724103162034,749.24885,197.05492500000005,2.37361895,729.6600000000001
2024-05-18 14:00:00,33.212997,930.3437626271842,0.9796678456370413,749.7194,194.8463,2.3430748,729.675
2024-05-18 14:30:00,32.6129985,823.8236414441874,0.9491084160051793,599.39675,256.455925,2.8268319,729.492
2024-05-18 15:00:00,32.013,719.8758734034967,0.9038182420547431,449.0741,318.06555,3.310589,538.5889999999999
2024-05-18 15:30:00,31.063,594.65613859344,0.8445734807776103,330.31704,320.705505,3.07039175,517.972
2024-05-18 16:00:00,30.113,480.77034898639556,0.7723890220381499,211.55998,323.34546,2.8301945,529.076
2024-05-18 16:30:00,29.738,415.44907416250373,0.6885010937787307,201.86083,281.66292,2.7880502500000004,280.577
2024-05-18 17:00:00,29.363,349.78214519300286,0.594346095912282,192.16168,239.98038,2.745906,261.66
2024-05-18 17:30:00,27.938,253.40389392101366,0.4915359968841087,134.67049,190.859405,2.7183154,174.416
2024-05-18 18:00:00,26.513,168.31482784971186,0.3818307242328573,77.1793,141.73843,2.6907248,190.632
2024-05-18 18:30:00,25.6130005,122.49386501065032,0.26710804837388036,50.917942,111.22003,2.49970205,160.306
2024-05-18 19:00:00,24.713001,82.62314900077291,0.14933143391104062,24.656584,80.70163,2.3086793,96.19
2024-05-18 19:30:00,24.1380015,47.48148425360177,0.03051642751385605,14.1843475,48.101725,1.295761015,29.113
2024-05-18 20:00:00,23.563002,15.156111325868457,0.0,3.712111,15.50182,0.28284273,10.687
2024-05-18 20:30:00,23.463001,0.0,0.0,1.8560555,7.750910000000001,0.4106795949999999,0.0
2024-05-18 21:00:00,23.363,0.0,0.0,0.0,0.0,0.53851646,0.0
2024-05-18 21:30:00,23.363,0.0,0.0,0.0,0.0,1.59307833,0.0
2024-05-18 22:00:00,23.363,0.0,0.0,0.0,0.0,2.6476402,0.0
2024-05-18 22:30:00,23.0380005,0.0,0.0,0.0,0.0,2.4418541,0.0
2024-05-18 23:00:00,22.713001,0.0,0.0,0.0,0.0,2.236068,0.0
2024-05-18 23:30:00,22.4130005,0.0,0.0,0.0,0.0,1.8126562,0.0
2024-05-19 00:00:00,22.113,0.0,0.0,0.0,0.0,1.3892444,0.0
2024-05-19 00:30:00,22.013,0.0,0.0,0.0,0.0,1.79575795,0.0
2024-05-19 01:00:00,21.913,0.0,0.0,0.0,0.0,2.2022715,0.0
2024-05-19 01:30:00,21.663,0.0,0.0,0.0,0.0,2.71358725,0.0
2024-05-19 02:00:00,21.413,0.0,0.0,0.0,0.0,3.224903,0.0
2024-05-19 02:30:00,20.8130005,0.0,0.0,0.0,0.0,2.8773625,0.0
2024-05-19 03:00:00,20.213001,0.0,0.0,0.0,0.0,2.529822,0.0
2024-05-19 03:30:00,20.463001,0.0,0.0,0.0,0.0,2.02812785,0.0
2024-05-19 04:00:00,20.713001,0.0,0.0,0.0,0.0,1.5264337,0.0
2024-05-19 04:30:00,20.8880015,0.0,0.0,0.0,0.0,2.2132168,0.0
2024-05-19 05:00:00,21.063002,0.0,0.0,0.0,0.0,2.8999999,0.0
2024-05-19 05:30:00,20.738001,0.0,0.0,0.0,0.0,2.76244045,0.0
2024-05-19 06:00:00,20.413,0.0,0.0,0.0,0.0,2.624881,0.0
2024-05-19 06:30:00,20.413,18.717617285576303,0.0,43.25171,19.090088,2.6953722,12.73
2024-05-19 07:00:00,20.413,39.81032343883191,0.02745658920397949,86.50342,38.180176,2.7658634,81.715
2024-05-19 07:30:00,21.588,115.3912872383261,0.14622967945961382,271.01158,77.02865800000001,2.7838243,106.26
2024-05-19 08:00:00,22.763,234.35030829244812,0.264012359449967,455.51974,115.87714,2.8017852,91.35200000000002
2024-05-19 08:30:00,24.313,339.17112774009536,0.37878986357742145,569.55037,124.705835,2.8646208,369.115
2024-05-19 09:00:00,25.863,466.77190861328927,0.48859891365858765,683.581,133.53453,2.9274564,230.385
2024-05-19 09:30:00,27.063,562.970975502769,0.5915612960634222,704.7907,146.534735,3.5137282,618.783
2024-05-19 10:00:00,28.263,657.2884727294933,0.6859160080772502,726.0004,159.53494,4.1,402.21
2024-05-19 10:30:00,29.288001,758.1758840020668,0.7700493966086068,781.149585,156.061415,4.50204,721.669
2024-05-19 11:00:00,30.313002,858.5918039539465,0.8425227573029272,836.29877,152.58789,4.90408,699.403
2024-05-19 11:30:00,30.663001,914.4901687475951,0.9020969595608617,835.745235,158.95821999999998,5.2751587,596.2860000000001
2024-05-19 12:00:00,31.013,958.69879094715,0.9477536506869205,835.1917,165.32855,5.6462374,729.683
2024-05-19 12:30:00,31.688,973.7077667824628,0.9787126695464043,823.78982,165.52015,5.349974400000001,729.575
2024-05-19 13:00:00,32.363,975.6411038007479,0.9944453954341822,812.38794,165.71175,5.0537114,729.684
2024-05-19 13:30:00,32.863,960.4156242981974,0.9946837841113066,782.7401199999999,180.28409,4.75676605,729.759
2024-05-19 14:00:00,33.363,933.5051629741625,0.9794249403611369,753.0923,194.85643,4.4598207,729.796
2024-05-19 14:30:00,33.363,879.3727271019537,0.9489311552433207,710.65205,204.584985,3.86239325,456.065
2024-05-19 15:00:00,33.363,817.997904766952,0.9037253967803979,668.2118,214.31354,3.2649658,625.919
2024-05-19 15:30:00,32.813,725.48955536452,0.8445823455629212,578.7598,238.19928,2.3535932,729.7919999999999
2024-05-19 16:00:00,32.263,637.2382335885679,0.772515116949271,489.3078,262.08502,1.4422206,522.26
2024-05-19 16:30:00,30.7380005,534.2305655573157,0.688757897105147,428.927735,241.750435,1.7946558,529.6370000000001
2024-05-19 17:00:00,29.213001,437.55765515126524,0.5947448123097857,368.54767,221.41585,2.147091,269.32500000000005
2024-05-19 17:30:00,27.6380015,347.478237364355,0.4920853649412929,316.724215,194.505105,2.5035805,325.949
2024-05-19 18:00:00,26.063002,266.214239286262,0.38253686677039905,264.90076,167.59436,2.86007,161.024
2024-05-19 18:30:00,24.738001,176.0951747634451,0.2679743680035611,161.133371,135.3633725,2.8460152,115.721
2024-05-19 19:00:00,23.413,109.57665665782224,0.15035855566306408,57.365982,103.132385,2.8319604,41.398
2024-05-19 19:30:00,22.5630005,60.32735329617759,0.03170218949181551,32.530605,60.585599,2.69660505,31.324
2024-05-19 20:00:00,21.713001,17.640933324259457,0.0,7.695228,18.038813,2.5612497,6.747
2024-05-19 20:30:00,20.9130005,0.0,0.0,3.847614,9.0194065,2.4659518,0.0
2024-05-19 21:00:00,20.113,0.0,0.0,0.0,0.0,2.3706539,0.0
2024-05-19 21:30:00,19.763,0.0,0.0,0.0,0.0,2.4630201,0.0
2024-05-19 22:00:00,19.413,0.0,0.0,0.0,0.0,2.5553863,0.0
2024-05-19 22:30:00,19.038,0.0,0.0,0.0,0.0,2.3324443,0.0
2024-05-19 23:00:00,18.663,0.0,0.0,0.0,0.0,2.1095023,0.0
2024-05-19 23:30:00,18.238001,0.0,0.0,0.0,0.0,1.77064215,0.0
2024-05-20 00:00:00,17.813002,0.0,0.0,0.0,0.0,1.431782,0.0
2024-05-20 00:30:00,17.613001,0.0,0.0,0.0,0.0,1.6172788,0.0
2024-05-20 01:00:00,17.413,0.0,0.0,0.0,0.0,1.8027756,0.0
2024-05-20 01:30:00,17.463,0.0,0.0,0.0,0.0,1.6031711999999998,0.0
2024-05-20 02:00:00,17.513,0.0,0.0,0.0,0.0,1.4035668,0.0
2024-05-20 02:30:00,17.388,0.0,0.0,0.0,0.0,1.35943065,0.0
2024-05-20 03:00:00,17.263,0.0,0.0,0.0,0.0,1.3152945,0.0
2024-05-20 03:30:00,17.6130005,0.0,0.0,0.0,0.0,1.259727,0.0
2024-05-20 04:00:00,17.963001,0.0,0.0,0.0,0.0,1.2041595,0.0
2024-05-20 04:30:00,18.0130015,0.0,0.0,0.0,0.0,1.23453525,0.0
2024-05-20 05:00:00,18.063002,0.0,0.0,0.0,0.0,1.264911,0.0
2024-05-20 05:30:00,18.663001,0.0,0.0,0.0,0.0,1.20254325,0.0
2024-05-20 06:00:00,19.263,0.0,0.0,0.0,0.0,1.1401755,0.0
2024-05-20 06:30:00,19.2380005,18.693084936118925,0.0,43.07313,19.0650675,1.47147555,16.807
2024-05-20 07:00:00,19.213001,39.81652771554011,0.028211994848090467,86.14626,38.130135,1.8027756,58.18299999999999
2024-05-20 07:30:00,20.4380005,115.03892257737753,0.14682670821886992,314.96258,69.8142275,2.0059238,105.812
2024-05-20 08:00:00,21.663,244.0075399112425,0.26445620140055126,543.7789,101.49832,2.209072,175.751
2024-05-20 08:30:00,22.5630005,351.90231722607416,0.3790883434610858,628.813675,114.430655,2.4802175,297.22700000000003
2024-05-20 09:00:00,23.463001,475.7531772744452,0.48876235458748185,713.84845,127.36299,2.751363,412.156
2024-05-20 09:30:00,24.588001,582.4561315874588,0.5916023400941708,757.379825,134.371645,2.9264878000000003,511.429
2024-05-20 10:00:00,25.713001,691.2304449584631,0.6858493968339979,800.9112,141.3803,3.1016126,602.288
2024-05-20 10:30:00,26.6630005,778.7652374332876,0.7698917156316537,819.3521499999999,146.97035,3.4176218,683.084
2024-05-20 11:00:00,27.613,859.646178750033,0.8422921486752465,837.7931,152.5604,3.733631,727.6089999999999
2024-05-20 11:30:00,28.263,918.455158032962,0.9018128077234088,844.8893,154.75268999999997,3.733631,729.6379999999999
2024-05-20 12:00:00,28.913,966.2686485125736,0.9474362469188946,851.9855,156.94498,3.733631,729.537
2024-05-20 12:30:00,29.4380005,989.5589178665427,0.9783828608934471,847.3301,158.277765,3.6591603,729.7249999999999
2024-05-20 13:00:00,29.963001,999.7479694335613,0.9941242241899426,842.6747,159.61055,3.5846896,729.8120000000001
2024-05-20 13:30:00,30.0380005,958.3462637517124,0.9943921240817736,787.2478000000001,173.776775,3.3813697,729.559
2024-05-20 14:00:00,30.113,905.5885504150683,0.9791831362080785,731.8209,187.943,3.1780498,729.558
2024-05-20 14:30:00,30.013,862.7224858799183,0.9487586711451134,720.467885,178.07411000000002,3.2450745000000003,729.8130000000001
2024-05-20 15:00:00,29.913,810.1277008495952,0.9036404804920664,709.11487,168.20522,3.3120992,729.6899999999999
2024-05-20 15:30:00,30.138,761.8673497142936,0.8446017136614848,720.52945,151.963795,2.9770341,728.7660000000001
2024-05-20 16:00:00,30.363,702.8103226268656,0.7726536667347895,731.94403,135.72237,2.641969,576.194
2024-05-20 16:30:00,30.463001,604.3303083100391,0.6890284500727929,683.521715,132.358675,1.92306425,291.77500000000003
2024-05-20 17:00:00,30.563002,507.44213803527845,0.5951578936667578,635.0994,128.99498,1.2041595,348.978
2024-05-20 17:30:00,30.238001,384.8327948097442,0.4926490229162593,520.3959199999999,128.85805,1.10207975,319.689
2024-05-20 18:00:00,29.913,282.94706850420175,0.38325653488190636,405.69244,128.72112,1.0,145.31400000000002
2024-05-20 18:30:00,29.1880005,197.4761607480238,0.2688527725093427,360.15023499999995,101.705635,0.853553385,170.445
2024-05-20 19:00:00,28.463001,121.46504683819384,0.15139566991804018,314.60803,74.69015,0.70710677,93.748
2024-05-20 19:30:00,27.3880015,51.97369658673453,0.032895235879323796,190.120745,46.307133,0.603553385,49.891000000000005
2024-05-20 20:00:00,26.313002,17.604506294064578,0.0,65.63346,17.924116,0.5,15.218
2024-05-20 20:30:00,25.038001,0.0,0.0,32.81673,8.962058,0.456155285,0.269
2024-05-20 21:00:00,23.763,0.0,0.0,0.0,0.0,0.41231057,0.0
2024-05-20 21:30:00,22.888,0.0,0.0,0.0,0.0,0.737662585,0.0
2024-05-20 22:00:00,22.013,0.0,0.0,0.0,0.0,1.0630146,0.0
2024-05-20 22:30:00,21.6130005,0.0,0.0,0.0,0.0,1.02648203,0.0
2024-05-20 23:00:00,21.213001,0.0,0.0,0.0,0.0,0.98994946,0.0
2024-05-20 23:30:00,20.8630005,0.0,0.0,0.0,0.0,0.89808763,0.0
2024-05-21 00:00:00,20.513,0.0,0.0,0.0,0.0,0.8062258,0.0
2024-05-21 00:30:00,20.288001,0.0,0.0,0.0,0.0,0.94162935,0.0
2024-05-21 01:00:00,20.063002,0.0,0.0,0.0,0.0,1.0770329,0.0
2024-05-21 01:30:00,19.913001,0.0,0.0,0.0,0.0,1.43990425,0.0
2024-05-21 02:00:00,19.763,0.0,0.0,0.0,0.0,1.8027756,0.0
2024-05-21 02:30:00,19.388,0.0,0.0,0.0,0.0,1.7076136,0.0
2024-05-21 03:00:00,19.013,0.0,0.0,0.0,0.0,1.6124516,0.0
2024-05-21 03:30:00,18.3630005,0.0,0.0,0.0,0.0,1.389321,0.0
2024-05-21 04:00:00,17.713001,0.0,0.0,0.0,0.0,1.1661904,0.0
2024-05-21 04:30:00,17.6880005,0.0,0.0,0.0,0.0,1.193423,0.0
2024-05-21 05:00:00,17.663,0.0,0.0,0.0,0.0,1.2206556,0.0
2024-05-21 05:30:00,17.738001,0.0,0.0,0.0,0.0,1.2830089999999998,0.0
2024-05-21 06:00:00,17.813002,0.0,0.0,0.0,0.0,1.3453624,0.0
2024-05-21 06:30:00,18.413001,20.85130115030701,0.0,36.77349,21.281935,1.19469655,16.221
2024-05-21 07:00:00,19.013,43.828579583880995,0.028906384507793176,73.54698,42.56387,1.0440307,58.375
2024-05-21 07:30:00,20.463,117.10936463578004,0.1473655083831729,263.23344,79.649675,1.23264885,109.31199999999998
2024-05-21 08:00:00,21.913,234.88671391957212,0.26484516658846063,452.9199,116.73548,1.421267,199.521
2024-05-21 08:30:00,23.763,342.01844295292597,0.37933580499256153,573.76067,125.637165,1.66588215,305.07500000000005
2024-05-21 09:00:00,25.613,473.3839969247606,0.48887907549802184,694.60144,134.53885,1.9104973,408.012
2024-05-21 09:30:00,26.513,578.6613356190785,0.5916013280995741,739.582,141.32718,2.47840325,504.8250000000001
2024-05-21 10:00:00,27.413,686.4497823443608,0.6857456785616283,784.56256,148.11551,3.0463092,599.405
2024-05-21 10:30:00,28.113001,772.2356423765445,0.7697020760367086,800.74908,155.193155,2.8441391,648.739
2024-05-21 11:00:00,28.813002,851.2436663523022,0.8420348401799291,816.9356,162.2708,2.641969,721.816
2024-05-21 11:30:00,30.213001,910.8236367482148,0.9015072340969054,829.8459,161.17155000000002,1.813427375,729.4789999999999
2024-05-21 12:00:00,31.613,960.2442917184616,0.947102627381862,842.7562,160.0723,0.98488575,729.5659999999999
2024-05-21 12:30:00,32.4129985,967.911636570455,0.9780418802754464,797.86913,186.2733,1.547193875,729.738
2024-05-21 13:00:00,33.212997,961.3678121490992,0.993796675185284,752.98206,212.4743,2.109502,729.5360000000001
2024-05-21 13:30:00,33.3129985,943.5508711816922,0.9940985478048373,733.853915,213.56875,2.0597386,729.5540000000001
2024-05-21 14:00:00,33.413,914.6748989428633,0.9789434672702525,714.72577,214.6632,2.0099752,729.684
2024-05-21 14:30:00,33.0629985,867.655497347165,0.9485918933849888,665.8639350000001,236.62635,3.17811885,373.721
2024-05-21 15:00:00,32.712997,814.5470276763547,0.9035642993282281,617.0021,258.5895,4.3462625,201.235
2024-05-21 15:30:00,30.6629985,642.621371454856,0.8446322507079326,422.2094100000001,289.69038,4.76639175,496.987
2024-05-21 16:00:00,28.613,490.7222366077287,0.7728051819609525,227.41672,320.79126,5.186521,569.453
2024-05-21 16:30:00,28.588001,507.6911104553212,0.6893130963291829,377.915085,250.732245,4.9051861500000005,534.933
2024-05-21 17:00:00,28.563002,494.1205621127146,0.595585507732535,528.41345,180.67323,4.6238513,470.447
2024-05-21 17:30:00,28.713001,392.8390130080898,0.4932269567284581,483.478255,155.588155,4.03601955,297.916
2024-05-21 18:00:00,28.863,297.7397835142592,0.38398952982157447,438.54306,130.50308,3.4481878,259.857
2024-05-21 18:30:00,28.0380005,193.9502993632547,0.2697428788635101,299.737715,114.5789325,4.11679125,141.99200000000002
2024-05-21 19:00:00,27.213001,121.38541694372842,0.15244221291033214,160.93237,98.654785,4.7853947,89.116
2024-05-21 19:30:00,25.8130005,59.71245173638869,0.03409482881612787,86.620195,57.8448775,3.0446176,46.628
2024-05-21 20:00:00,24.413,16.66577169966406,0.0,12.30802,17.03497,1.3038405,26.189
2024-05-21 20:30:00,23.713,0.0,0.0,6.15401,8.517485,1.0124754,0.044
2024-05-21 21:00:00,23.013,0.0,0.0,0.0,0.0,0.7211103,0.0
2024-05-21 21:30:00,22.538001,0.0,0.0,0.0,0.0,0.8322541999999999,0.0
2024-05-21 22:00:00,22.063002,0.0,0.0,0.0,0.0,0.9433981,0.0
2024-05-21 22:30:00,22.113001,0.0,0.0,0.0,0.0,0.9433981,0.0
2024-05-21 23:00:00,22.163,0.0,0.0,0.0,0.0,0.9433981,0.0
2024-05-21 23:30:00,21.3130005,0.0,0.0,0.0,0.0,0.901815315,0.0
2024-05-22 00:00:00,20.463001,0.0,0.0,0.0,0.0,0.86023253,0.0
2024-05-22 00:30:00,20.5630005,0.0,0.0,0.0,0.0,1.314706515,0.0
2024-05-22 01:00:00,20.663,0.0,0.0,0.0,0.0,1.7691805,0.0
2024-05-22 01:30:00,20.913,0.0,0.0,0.0,0.0,2.36867245,0.0
2024-05-22 02:00:00,21.163,0.0,0.0,0.0,0.0,2.9681644,0.0
2024-05-22 02:30:00,20.988001,0.0,0.0,0.0,0.0,2.6351687,0.0
2024-05-22 03:00:00,20.813002,0.0,0.0,0.0,0.0,2.302173,0.0
2024-05-22 03:30:00,21.3880015,0.0,0.0,0.0,0.0,2.4964489,0.0
2024-05-22 04:00:00,21.963001,0.0,0.0,0.0,0.0,2.6907248,0.0
2024-05-22 04:30:00,22.2630015,0.0,0.0,0.0,0.0,2.26731685,0.0
2024-05-22 05:00:00,22.563002,0.0,0.0,0.0,0.0,1.8439089,0.0
2024-05-22 05:30:00,22.788001,0.0,0.0,0.0,0.0,1.32506735,0.0
2024-05-22 06:00:00,23.013,0.0,0.0,0.0,0.0,0.8062258,0.0
2024-05-22 06:30:00,22.563,8.748299518982149,0.0,0.0,8.9507225,1.039509,1.602
2024-05-22 07:00:00,22.113,17.496599037964298,0.029539964868248392,0.0,17.901445,1.2727922,13.197
2024-05-22 07:30:00,22.2880005,48.52633831046758,0.14784645909309235,0.0,49.6491675,1.73753185,24.754
2024-05-22 08:00:00,22.463001,79.55607758297086,0.2651797968757401,0.0,81.39689,2.2022715,25.859
2024-05-22 08:30:00,23.8630005,137.73793403804254,0.3795329402413946,17.7799415,133.960055,1.40113575,57.379
2024-05-22 09:00:00,25.263,199.81064490724134,0.4889499035684985,35.559883,186.52322,0.6,133.144
2024-05-22 09:30:00,27.288001,281.06432192801964,0.5915592049608216,79.5412815,239.068495,1.5298374,164.82899999999998
2024-05-22 10:00:00,29.313002,370.286123573517,0.6856058964424333,123.52268,291.61377,2.4596748,164.44700000000003
2024-05-22 10:30:00,30.2630015,466.97493210658337,0.7694815982306141,178.60399999999998,336.174575,2.9298374000000003,131.434
2024-05-22 11:00:00,31.213001,570.1917227789797,0.8417520070482793,233.68532,380.73538,3.4,193.132
2024-05-22 11:30:00,29.8630005,527.8442598979036,0.9011814454244436,178.9193,373.968015,4.210478,201.274
2024-05-22 12:00:00,28.513,477.2669926279573,0.9467540064996242,124.15328,367.20065,5.020956,302.452
2024-05-22 12:30:00,29.313,598.1074896682095,0.9776909258493073,209.221675,401.15785,4.4144212,371.475
2024-05-22 13:00:00,30.113,719.7488983255563,0.9934639066619226,294.29007,435.11505,3.8078864,579.6690000000001
2024-05-22 13:30:00,30.338001,694.7507793275196,0.9938041506671157,275.39667,428.771225,4.0264417,729.779
2024-05-22 14:00:00,30.563002,665.780047080094,0.9787069442366342,256.50327,422.4274,4.244997,431.877
2024-05-22 14:30:00,30.788001,660.3990165771181,0.9484317275893452,263.15616,418.401215,4.757361,724.951
2024-05-22 15:00:00,31.013,650.6600533932947,0.9034976353087651,269.80905,414.37503,5.269725,729.785
2024-05-22 15:30:00,31.238,692.0129895221947,0.8446745987193787,494.4658950000001,277.406525,3.9950095,668.173
2024-05-22 16:00:00,31.463,697.672614130312,0.7729701506844293,719.12274,140.43802,2.720294,610.337
2024-05-22 16:30:00,31.113,609.8255863419516,0.6896121586373112,694.96212,129.43108999999998,2.61414065,538.469
2024-05-22 17:00:00,30.763,519.1466603969932,0.5960278035062926,670.8015,118.42416,2.5079873,437.556
2024-05-22 17:30:00,30.213,411.5207519423317,0.49381913615075035,613.87585,107.883265,1.95577705,346.294
2024-05-22 18:00:00,29.663,311.70249573255745,0.384735639762363,556.9502,97.34237,1.4035668,251.345
2024-05-22 18:30:00,28.513,207.97435605446447,0.2706442943789695,465.36461,82.24384,1.2517834,162.464
2024-05-22 19:00:00,27.363,124.00244296949452,0.15349761494140482,373.77902,67.14531,1.1,98.051
2024-05-22 19:30:00,25.888,50.661309998804654,0.03530022851415587,232.27947,42.8715125,1.2226812,52.162
2024-05-22 20:00:00,24.413,18.295328372956416,0.0,90.77992,18.597715,1.3453624,15.028
2024-05-22 20:30:00,22.988001,0.0,0.0,45.38996,9.2988575,2.0040339,0.135
2024-05-22 21:00:00,21.563002,0.0,0.0,0.0,0.0,2.6627054,0.0
2024-05-22 21:30:00,20.938002,0.0,0.0,0.0,0.0,2.8577864,0.0
2024-05-22 22:00:00,20.313002,0.0,0.0,0.0,0.0,3.0528674,0.0
2024-05-22 22:30:00,19.913001,0.0,0.0,0.0,0.0,2.7913447,0.0
2024-05-22 23:00:00,19.513,0.0,0.0,0.0,0.0,2.529822,0.0
2024-05-22 23:30:00,18.788001,0.0,0.0,0.0,0.0,2.0711368,0.0
2024-05-23 00:00:00,18.063002,0.0,0.0,0.0,0.0,1.6124516,0.0
2024-05-23 00:30:00,17.563002,0.0,0.0,0.0,0.0,1.4103781,0.0
2024-05-23 01:00:00,17.063002,0.0,0.0,0.0,0.0,1.2083046,0.0
2024-05-23 01:30:00,17.088001,0.0,0.0,0.0,0.0,1.55283555,0.0
2024-05-23 02:00:00,17.113,0.0,0.0,0.0,0.0,1.8973665,0.0
2024-05-23 02:30:00,17.1630005,0.0,0.0,0.0,0.0,1.9449262,0.0
2024-05-23 03:00:00,17.213001,0.0,0.0,0.0,0.0,1.9924859,0.0
2024-05-23 03:30:00,16.8630005,0.0,0.0,0.0,0.0,1.426359215,0.0
2024-05-23 04:00:00,16.513,0.0,0.0,0.0,0.0,0.86023253,0.0
2024-05-23 04:30:00,16.3630005,0.0,0.0,0.0,0.0,1.181781065,0.0
2024-05-23 05:00:00,16.213001,0.0,0.0,0.0,0.0,1.5033296,0.0
2024-05-23 05:30:00,15.3880005,0.0,0.0,0.0,0.0,1.8333302,0.0
2024-05-23 06:00:00,14.563,0.0,0.0,0.0,0.0,2.1633308,0.0
2024-05-23 06:30:00,15.288,20.839840923188387,0.0,60.835888,21.23584,1.8249688,10.949
2024-05-23 07:00:00,16.013,45.343579689539396,0.03011296426841521,121.671776,42.47168,1.4866068,46.14
2024-05-23 07:30:00,17.888,129.12989943323214,0.14826995715986074,371.0062879999999,75.15555,1.66118145,113.741
2024-05-23 08:00:00,19.763,271.2380147006121,0.2654606476570983,620.3408,107.83942,1.8357561,220.548
2024-05-23 08:30:00,21.188,384.23505627581017,0.37968045055248856,699.9769799999999,119.27958,2.15278685,335.404
2024-05-23 09:00:00,22.613,511.58488614268805,0.48897567101240025,779.61316,130.71974,2.4698176,447.84
2024-05-23 09:30:00,23.338001,619.8823920942546,0.591476916398907,814.939055,137.67610000000002,3.1874713,551.068
2024-05-23 10:00:00,24.063002,728.1545193043579,0.6854310904222473,850.26495,144.63246,3.905125,643.671
2024-05-23 10:30:00,24.463001,814.8718306502919,0.7692313954871999,864.64215,148.56020999999998,4.304689,718.676
2024-05-23 11:00:00,24.863,893.8136718005335,0.8414448137701355,879.01935,152.48796,4.704253,729.467
2024-05-23 11:30:00,25.338001,951.694245539931,0.9008366344084618,882.480275,154.70108,4.82042565,729.567
2024-05-23 12:00:00,25.813002,997.7272643992493,0.9463915817263414,885.9412,156.9142,4.9365983,729.573
2024-05-23 12:30:00,26.163001,1022.2535646470208,0.9773311762987854,882.96565,156.73751,4.88128495,729.4910000000001
2024-05-23 13:00:00,26.513,1033.2694205361618,0.9931270553483269,879.9901,156.56082,4.8259716,729.698
2024-05-23 13:30:00,26.663001,1022.6216133628758,0.993510004999721,870.0514000000001,155.45004,4.9134858,729.546
2024-05-23 14:00:00,26.813002,998.7046316949541,0.9784745537238471,860.1127,154.33926,5.001,729.968
2024-05-23 14:30:00,26.863001,952.9335483046748,0.9482790548306445,843.20795,150.72860500000002,4.9010208,729.6469999999999
2024-05-23 15:00:00,26.913,896.0843720577352,0.9034412459760501,826.3032,147.11795,4.8010416,729.6460000000001
2024-05-23 15:30:00,26.988001,819.3694117309994,0.8447293758337687,799.97237,141.469065,4.4005208,729.5899999999999
2024-05-23 16:00:00,27.063002,735.7907349262146,0.7731490381820436,773.64154,135.82018,4.0,691.3
2024-05-23 16:30:00,26.8880015,636.4726938095284,0.6899259386150489,734.88372,128.038545,3.7507142,606.203
2024-05-23 17:00:00,26.713001,536.4927801407034,0.5964849109723167,696.1259,120.25691,3.5014284,508.0
2024-05-23 17:30:00,26.1130005,425.3710078558745,0.4944255144812706,638.16765,109.259395,3.6013898,401.149
2024-05-23 18:00:00,25.513,322.0927071010991,0.38549463934251427,580.2094,98.26188,3.7013512,287.206
2024-05-23 18:30:00,24.638,215.68928658976984,0.2715566161222547,488.6326,83.150895,3.7013512,174.70600000000002
2024-05-23 19:00:00,23.763,128.94010919550578,0.15456129966359156,397.0558,68.03991,3.7013512,83.823
2024-05-23 19:30:00,22.638,52.64736946453177,0.03651069231884783,249.48506,43.9310135,3.3313849,34.658
2024-05-23 20:00:00,21.513,19.50634569290626,0.0,101.91432,19.822117,2.9614186,12.282
2024-05-23 20:30:00,20.313,0.0,0.0,50.95716,9.9110585,2.2712787,0.478
2024-05-23 21:00:00,19.113,0.0,0.0,0.0,0.0,1.5811388,0.0
2024-05-23 21:30:00,18.238,0.0,0.0,0.0,0.0,1.4008972,0.0
2024-05-23 22:00:00,17.363,0.0,0.0,0.0,0.0,1.2206556,0.0
2024-05-23 22:30:00,17.2880005,0.0,0.0,0.0,0.0,1.26032785,0.0
2024-05-23 23:00:00,17.213001,0.0,0.0,0.0,0.0,1.3000001,0.0
2024-05-23 23:30:00,16.6380015,0.0,0.0,0.0,0.0,1.05000005,0.0
2024-05-24 00:00:00,16.063002,0.0,0.0,0.0,0.0,0.8,0.0
2024-05-24 00:30:00,15.638001,0.0,0.0,0.0,0.0,0.45,0.0
2024-05-24 01:00:00,15.213,0.0,0.0,0.0,0.0,0.1,0.0
2024-05-24 01:30:00,15.013,0.0,0.0,0.0,0.0,0.262132035,0.0
2024-05-24 02:00:00,14.813,0.0,0.0,0.0,0.0,0.42426407,0.0
2024-05-24 02:30:00,14.738,0.0,0.0,0.0,0.0,0.683831085,0.0
2024-05-24 03:00:00,14.663,0.0,0.0,0.0,0.0,0.9433981,0.0
2024-05-24 03:30:00,14.988,0.0,0.0,0.0,0.0,0.932676275,0.0
2024-05-24 04:00:00,15.313,0.0,0.0,0.0,0.0,0.92195445,0.0
2024-05-24 04:30:00,15.163,0.0,0.0,0.0,0.0,0.92195445,0.0
2024-05-24 05:00:00,15.013,0.0,0.0,0.0,0.0,0.92195445,0.0
2024-05-24 05:30:00,14.863,0.0,0.0,0.0,0.0,1.031064975,0.0
2024-05-24 06:00:00,14.713,0.0,0.0,0.0,0.0,1.1401755,0.0
2024-05-24 06:30:00,15.438,21.902975333651774,0.0,54.565355,22.332268,1.1086042,11.883
2024-05-24 07:00:00,16.163,47.14814753348948,0.030625631100410944,109.13071,44.664536,1.0770329,44.888000000000005
2024-05-24 07:30:00,17.963,124.37151441210088,0.14863641570278016,345.61880499999995,74.050963,0.999493675,111.196
2024-05-24 08:00:00,19.763,256.8529823450166,0.26568828670038885,582.1069,103.43739,0.92195445,210.849
2024-05-24 08:30:00,21.163001,366.9083692093699,0.3797790456405392,663.290085,115.826995,1.242002225,321.373
2024-05-24 09:00:00,22.563002,491.83096632954397,0.4889572143357283,744.47327,128.2166,1.56205,430.16100000000006
2024-05-24 09:30:00,23.3880015,597.8964716893875,0.5913554084007556,782.107685,135.274135,2.8169523,531.279
2024-05-24 10:00:00,24.213001,704.675898875643,0.6852222967844284,819.7421,142.33167,4.0718546,619.737
2024-05-24 10:30:00,24.6130005,791.5718625130585,0.7689525736501199,837.679215,146.318095,4.6764765,697.3159999999999
2024-05-24 11:00:00,25.013,871.5734420259616,0.8411144138372414,855.61633,150.30452,5.2810984,729.797
2024-05-24 11:30:00,25.513,930.259225536251,0.9004739794705071,860.93164,153.08227,5.313094700000001,729.6289999999999
2024-05-24 12:00:00,26.013,977.6070936826163,0.9460165332810632,866.24695,155.86002,5.345091,729.7289999999999
2024-05-24 12:30:00,26.213,998.600340644093,0.9769637904888137,856.744475,159.26105,5.551781699999999,729.535
2024-05-24 13:00:00,26.413,1006.1919080555872,0.9927872359944625,847.242,162.66208,5.7584724,729.896
2024-05-24 13:30:00,26.4380005,992.9189325334363,0.993217159441348,831.82675,164.442245,5.8203244,729.6610000000001
2024-05-24 14:00:00,26.463001,967.060107643836,0.9782472574171073,816.4115,166.22241,5.8821764,729.819
2024-05-24 14:30:00,26.2630015,912.9941884636853,0.9481347305117546,782.1452,169.662755,5.88472535,729.8810000000001
2024-05-24 15:00:00,26.063002,850.0532274803415,0.9033958629453844,747.8789,173.1031,5.8872743,729.8409999999999
2024-05-24 15:30:00,26.113001,775.8709187894393,0.8447971745380565,720.531,166.10883,5.8128705,729.7990000000001
2024-05-24 16:00:00,26.163,695.9820107918666,0.7733422848643386,693.1831,159.11456,5.7384667,675.734
2024-05-24 16:30:00,25.638,608.4217664766484,0.6902547142631695,671.5964349999999,144.16718,5.7662146,592.892
2024-05-24 17:00:00,25.113,517.811955963647,0.5969569382027106,650.00977,129.2198,5.7939625,497.421
2024-05-24 17:30:00,24.338001,414.9097380311793,0.49504602527437047,608.4174499999999,113.36697,5.5625019,396.35
2024-05-24 18:00:00,23.563002,316.5915193179521,0.3862662860031071,566.82513,97.51414,5.3310413,281.752
2024-05-24 18:30:00,22.813002,212.67465836832883,0.27247942686389676,478.369315,82.4981,5.0361745,171.78000000000003
2024-05-24 19:00:00,22.063002,127.69492445945247,0.15563267961578198,389.9135,67.48206,4.7413077,83.649
2024-05-24 19:30:00,21.1380015,52.81751587174582,0.037725469904349204,247.199437,43.8886645,3.98310535,34.306
2024-05-24 20:00:00,20.213001,19.97196026557626,0.0,104.485374,20.295269,3.224903,12.337
2024-05-24 20:30:00,19.2630015,0.0,0.0,52.242687,10.1476345,2.6248743,0.254
2024-05-24 21:00:00,18.313002,0.0,0.0,0.0,0.0,2.0248456,0.0
2024-05-24 21:30:00,17.913001,0.0,0.0,0.0,0.0,1.8124228,0.0
2024-05-24 22:00:00,17.513,0.0,0.0,0.0,0.0,1.6,0.0
2024-05-24 22:30:00,17.313000000000002,0.0,0.0,0.0,0.0,1.601561,0.0
2024-05-24 23:00:00,17.113,0.0,0.0,0.0,0.0,1.603122,0.0
2024-05-24 23:30:00,16.963001,0.0,0.0,0.0,0.0,1.5532258,0.0
2024-05-25 00:00:00,16.813002,0.0,0.0,0.0,0.0,1.5033296,0.0
2024-05-25 00:30:00,16.613001,0.0,0.0,0.0,0.0,1.35374455,0.0
2024-05-25 01:00:00,16.413,0.0,0.0,0.0,0.0,1.2041595,0.0
2024-05-25 01:30:00,16.262999999999998,0.0,0.0,0.0,0.0,1.2205456,0.0
2024-05-25 02:00:00,16.113,0.0,0.0,0.0,0.0,1.2369317,0.0
2024-05-25 02:30:00,15.863,0.0,0.0,0.0,0.0,1.28928625,0.0
2024-05-25 03:00:00,15.613,0.0,0.0,0.0,0.0,1.3416408,0.0
2024-05-25 03:30:00,15.413,0.0,0.0,0.0,0.0,1.2298374,0.0
2024-05-25 04:00:00,15.213,0.0,0.0,0.0,0.0,1.118034,0.0
2024-05-25 04:30:00,15.063,0.0,0.0,0.0,0.0,1.118034,0.0
2024-05-25 05:00:00,14.913,0.0,0.0,0.0,0.0,1.118034,0.0
2024-05-25 05:30:00,14.838,0.0,0.0,0.0,0.0,1.09753345,0.0
2024-05-25 06:00:00,14.763,0.0,0.0,0.0,0.0,1.0770329,0.0
2024-05-25 06:30:00,15.263,20.801703133195193,0.0,60.428753,21.1969775,1.1569823,14.291
2024-05-25 07:00:00,15.763,45.35944423827641,0.031078234990932395,120.857506,42.393955,1.2369317,47.80499999999999
2024-05-25 07:30:00,17.413001,124.95379989474765,0.1489462657251763,352.213303,73.51930250000001,1.4786984,111.632
2024-05-25 08:00:00,19.063002,258.5320854959045,0.26586329607575115,583.5691,104.64465,1.7204651,203.75
2024-05-25 08:30:00,20.213001,368.3834315855484,0.37982944575804595,665.59835,116.392035,2.45553825,312.467
2024-05-25 09:00:00,21.363,493.26835445755313,0.4888953766879941,747.6276,128.13942,3.1906114,422.501
2024-05-25 09:30:00,21.988,600.3775168993918,0.5911956296312052,787.4954,134.65175,3.7423967,524.392
2024-05-25 10:00:00,22.613,708.5983790023329,0.6849805505080683,827.3632,141.16408,4.294182,618.254
2024-05-25 10:30:00,23.063,796.5520147819942,0.7686462333661153,845.1880699999999,145.72489000000002,4.65507825,696.731
2024-05-25 11:00:00,23.513,877.5205416041144,0.8407619517492925,863.01294,150.2857,5.0159745,729.635
2024-05-25 11:30:00,23.888,935.6367488036682,0.9000946464405137,867.7978499999999,152.54635,5.276109249999999,729.553
2024-05-25 12:00:00,24.263,982.2814593962811,0.945630025430413,872.58276,154.807,5.536244,729.738
2024-05-25 12:30:00,24.638,1006.0259897347473,0.9765899082596526,868.67233,155.177335,5.75852325,729.509
2024-05-25 13:00:00,25.013,1016.4668076636899,0.9924455415835663,864.7619,155.54767,5.9808025,729.773
2024-05-25 13:30:00,25.338,1003.693752830862,0.9929266385048275,853.075925,153.96427,5.86963745,729.562
2024-05-25 14:00:00,25.663,977.9674085925856,0.9780259909302583,841.38995,152.38087,5.7584724,729.785
2024-05-25 14:30:00,25.713,930.3269425123151,0.947999582460578,821.7405249999999,148.80728,5.489312849999999,729.938
2024-05-25 15:00:00,25.763,872.147138922166,0.9033621892382088,802.0911,145.23369,5.2201533,729.7040000000001
2024-05-25 15:30:00,25.788001,797.2387257505084,0.8448785581774795,774.873675,140.55881,4.56263915,727.0540000000001
2024-05-25 16:00:00,25.813002,715.9104959747398,0.7735503019452803,747.65625,135.88393,3.905125,663.4780000000001
2024-05-25 16:30:00,25.813002,608.1612632085663,0.6905987348446074,679.604875,137.928085,3.267857,579.809
2024-05-25 17:00:00,25.813002,505.4621627683286,0.5974439654512892,611.5535,139.97224,2.630589,474.688
2024-05-25 17:30:00,24.988001,374.52647093916454,0.49568057566365714,461.6437,146.729185,2.6615857,330.55300000000005
2024-05-25 18:00:00,24.163,271.9608007497378,0.38705031261958894,311.7339,153.48613,2.6925824,264.89
2024-05-25 18:30:00,23.263,177.5199857741987,0.27341228707784104,185.08255,129.111992,2.0480746,122.368
2024-05-25 19:00:00,22.363,111.68500807501357,0.15671114771950737,58.4312,104.737854,1.4035668,69.416
2024-05-25 19:30:00,21.738,59.288661538405755,0.03894379435856371,29.2156,59.415079,1.1048963,46.77
2024-05-25 20:00:00,21.113,13.773602779501903,0.0,0.0,14.092304,0.8062258,17.131999999999998
2024-05-25 20:30:00,20.588001,0.0,0.0,0.0,7.046151999999999,1.0739333,0.002
2024-05-25 21:00:00,20.063002,0.0,0.0,0.0,0.0,1.3416408,0.0
2024-05-25 21:30:00,19.2630015,0.0,0.0,0.0,0.0,1.8873729,0.0
2024-05-25 22:00:00,18.463001,0.0,0.0,0.0,0.0,2.433105,0.0
2024-05-25 22:30:00,18.0130015,0.0,0.0,0.0,0.0,1.93244355,0.0
2024-05-25 23:00:00,17.563002,0.0,0.0,0.0,0.0,1.4317821,0.0
2024-05-25 23:30:00,17.188002,0.0,0.0,0.0,0.0,1.4229978,0.0
2024-05-26 00:00:00,16.813002,0.0,0.0,0.0,0.0,1.4142135,0.0
2024-05-26 00:30:00,16.688002,0.0,0.0,0.0,0.0,1.6688759,0.0
2024-05-26 01:00:00,16.563002,0.0,0.0,0.0,0.0,1.9235383,0.0
2024-05-26 01:30:00,16.5130015,0.0,0.0,0.0,0.0,1.8837236,0.0
2024-05-26 02:00:00,16.463001,0.0,0.0,0.0,0.0,1.8439089,0.0
2024-05-26 02:30:00,16.1630005,0.0,0.0,0.0,0.0,1.92195445,0.0
2024-05-26 03:00:00,15.863,0.0,0.0,0.0,0.0,2.0,0.0
2024-05-26 03:30:00,16.113,0.0,0.0,0.0,0.0,1.85,0.0
2024-05-26 04:00:00,16.363,0.0,0.0,0.0,0.0,1.7,0.0
2024-05-26 04:30:00,16.1379995,0.0,0.0,0.0,0.0,1.9901755,0.0
2024-05-26 05:00:00,15.912999,0.0,0.0,0.0,0.0,2.280351,0.0
2024-05-26 05:30:00,16.0129995,0.0,0.0,0.0,0.0,2.49387425,0.0
2024-05-26 06:00:00,16.113,0.0,0.0,0.0,0.0,2.7073975,0.0
2024-05-26 06:30:00,16.338001,17.474372142881506,0.0,30.121156500000005,17.835715,2.5630374,16.274
2024-05-26 07:00:00,16.563002,36.84463443059159,0.03147107158432939,60.242313,35.67143,2.4186773,58.801
2024-05-26 07:30:00,17.063002,91.11061363857353,0.14919996133401112,154.3484965,69.37243000000001,3.0204156500000003,103.312
2024-05-26 08:00:00,17.563002,167.30043908311114,0.2659862777036545,248.45468,103.07343,3.622154,192.145
2024-05-26 08:30:00,18.213001,263.4922794662988,0.3798323873910978,357.87319,129.464245,4.056628,160.237
2024-05-26 09:00:00,18.863,382.313982759875,0.4887910135811781,467.2917,155.85506,4.491102,138.26600000000002
2024-05-26 09:30:00,19.463001,470.5939092405429,0.5909985370357572,501.47805,176.153145,4.719414349999999,194.102
2024-05-26 10:00:00,20.063002,561.3093373305102,0.6847068906190447,535.6644,196.45123,4.9477267,470.95900000000006
2024-05-26 10:30:00,20.338001,612.2318833403706,0.7683134749755431,514.34735,219.30516,5.0336485,465.244
2024-05-26 11:00:00,20.613,653.9045629267277,0.8403885673620963,493.0303,242.15909,5.1195703,176.70600000000002
2024-05-26 11:30:00,20.813,696.8317287358994,0.899699792181887,497.47839,251.823645,5.2523673,282.966
2024-05-26 12:00:00,21.013,733.3710913283671,0.9452332092464036,501.92648,261.4882,5.3851643,462.15
2024-05-26 12:30:00,20.513,703.750044522243,0.9762106522189372,459.00177,258.336,4.85879995,428.752
2024-05-26 13:00:00,20.013,665.1930584798655,0.9921030440618116,416.07706,255.1838,4.3324356,528.71
2024-05-26 13:30:00,20.763,647.429104061812,0.9926394421603059,375.27649,278.499035,3.7544558,530.871
2024-05-26 14:00:00,21.513,624.4824313528577,0.9778116621901076,334.47592,301.81427,3.176476,101.585
2024-05-26 14:30:00,21.563,679.733746274572,0.9478744080738459,438.69078,266.82103,4.13774775,65.173
2024-05-26 15:00:00,21.613,720.8208564750347,0.9033408951524072,542.90564,231.82779,5.0990195,446.696
2024-05-26 15:30:00,20.563,615.2359444874327,0.8449740555748073,476.099395,214.592055,5.31582495,729.5330000000001
2024-05-26 16:00:00,19.513,512.1968048277329,0.7737734648301245,409.29315,197.35632,5.5326304,729.717
2024-05-26 16:30:00,20.288001,482.85798551771927,0.6909582130722534,430.066825,187.42301,4.72718235,466.647
2024-05-26 17:00:00,21.063002,445.4812251722481,0.5979460362703031,450.8405,177.4897,3.9217343,162.707
2024-05-26 17:30:00,20.463001,333.75176677404147,0.49632903648263504,376.427435,148.437035,4.163138849999999,310.838
2024-05-26 18:00:00,19.863,235.07205730769263,0.3878464167287657,302.01437,119.38437,4.4045434,154.215
2024-05-26 18:30:00,19.463001,179.6585859874216,0.27435472345372797,309.764285,95.778995,4.7027717,198.969
2024-05-26 19:00:00,19.063002,121.5122077681927,0.15779606515229877,317.5142,72.17362,5.001,124.147
2024-05-26 19:30:00,18.438002,54.4525278445952,0.04016486959030444,212.232785,46.475848,4.48166135,38.755
2024-05-26 20:00:00,17.813002,20.44673504635349,0.0,106.95137,20.778076,3.9623227,15.674
2024-05-26 20:30:00,17.113001,0.0,0.0,53.475685,10.389038,3.58194245,0.326
2024-05-26 21:00:00,16.413,0.0,0.0,0.0,0.0,3.2015622,0.0
2024-05-26 21:30:00,16.137999999999998,0.0,0.0,0.0,0.0,3.2386151,0.0
2024-05-26 22:00:00,15.863,0.0,0.0,0.0,0.0,3.275668,0.0
2024-05-26 22:30:00,15.788,0.0,0.0,0.0,0.0,3.3407727,0.0
2024-05-26 23:00:00,15.713,0.0,0.0,0.0,0.0,3.4058774,0.0
2024-05-26 23:30:00,15.588,0.0,0.0,0.0,0.0,3.3559662,0.0
2024-05-27 00:00:00,15.463,0.0,0.0,0.0,0.0,3.306055,0.0
2024-05-27 00:30:00,15.313,0.0,0.0,0.0,0.0,3.3537627,0.0
2024-05-27 01:00:00,15.163,0.0,0.0,0.0,0.0,3.4014704,0.0
2024-05-27 01:30:00,15.088,0.0,0.0,0.0,0.0,3.40734005,0.0
2024-05-27 02:00:00,15.013,0.0,0.0,0.0,0.0,3.4132097,0.0
2024-05-27 02:30:00,15.113,0.0,0.0,0.0,0.0,3.4912616,0.0
2024-05-27 03:00:00,15.213,0.0,0.0,0.0,0.0,3.5693135,0.0
2024-05-27 03:30:00,15.488,0.0,0.0,0.0,0.0,3.37368165,0.0
2024-05-27 04:00:00,15.763,0.0,0.0,0.0,0.0,3.1780498,0.0
2024-05-27 04:30:00,15.638,0.0,0.0,0.0,0.0,3.2511019,0.0
2024-05-27 05:00:00,15.513,0.0,0.0,0.0,0.0,3.324154,0.0
2024-05-27 05:30:00,15.4629995,0.0,0.0,0.0,0.0,3.462077,0.0
2024-05-27 06:00:00,15.412999,0.0,0.0,0.0,0.0,3.6,0.0
2024-05-27 06:30:00,15.5629995,20.735980339480623,0.0,36.040965,21.1642325,3.95058135,9.295
2024-05-27 07:00:00,15.713,43.764488375770206,0.03180447161735211,72.08193,42.328465,4.3011627,26.448
2024-05-27 07:30:00,16.4630005,111.77539961867421,0.149397989266151,247.303995,76.0956075,4.6010916,54.847
2024-05-27 08:00:00,17.213001,220.60177998424587,0.2660578630506985,422.52606,109.86275,4.9010205,213.34
2024-05-27 08:30:00,17.713001,308.6663503558593,0.3797886329729822,453.72194,138.25163500000002,5.35438705,322.476
2024-05-27 09:00:00,18.213001,401.463099955664,0.48864500237640046,484.91782,166.64052,5.8077536,441.463
2024-05-27 09:30:00,18.5130015,476.1806121814534,0.5907651048609714,485.58313,191.681985,5.805600650000001,189.601
2024-05-27 10:00:00,18.813002,546.9092403325252,0.6844023685615541,486.24844,216.72345,5.8034477,85.232
2024-05-27 10:30:00,19.338001,633.9331280475476,0.76795540605633,532.53417,227.26667,5.90214035,251.056
2024-05-27 11:00:00,19.863,722.0276650772872,0.8399954023553745,578.8199,237.80989,6.000833,339.19000000000005
2024-05-27 11:30:00,20.638,775.9832749852131,0.8992905698514214,591.4049,245.9841,5.90084765,729.624
2024-05-27 12:00:00,21.413,823.121342698995,0.9448272265511465,603.9899,254.15831,5.8008623,729.6589999999999
2024-05-27 12:30:00,21.863001,872.8371989182588,0.9758271302068952,648.5007800000001,240.948385,5.85085485,729.595
2024-05-27 13:00:00,22.313002,914.8716420808943,0.9917607952370291,693.01166,227.73846,5.9008474,729.6610000000001
2024-05-27 13:30:00,22.463001,894.3805635438989,0.9923565450935684,673.0909300000001,226.686535,5.8043682,729.696
2024-05-27 14:00:00,22.613,863.8414510735699,0.977605149000623,653.1702,225.63461,5.707889,610.2840000000001
2024-05-27 14:30:00,22.5380005,830.5029289519213,0.947759970191244,646.905625,217.68282,5.814519,369.55
2024-05-27 15:00:00,22.463001,788.1963991386688,0.9033326124632906,640.64105,209.73103,5.921149,729.573
2024-05-27 15:30:00,21.6630005,663.6718631803022,0.8450841536080845,504.923095,238.949255,5.960991,287.587
2024-05-27 16:00:00,20.863,550.2235151105838,0.7740121041961157,369.20514,268.16748,6.000833,340.669
2024-05-27 16:30:00,20.313,424.4586507215754,0.6913333147656286,269.40944,242.047785,6.000833,670.418
2024-05-27 17:00:00,19.763,313.46716367663697,0.5984631458592449,169.61374,215.92809,6.000833,331.31999999999994
2024-05-27 17:30:00,19.413001,252.2827950694236,0.49699122949106644,148.4261175,181.908295,5.600897,461.56299999999993
2024-05-27 18:00:00,19.063002,194.52482307806406,0.3886542468481946,127.238495,147.8885,5.200961,237.866
2024-05-27 18:30:00,18.788001,146.9889489621869,0.2753062144093488,111.7250595,118.5138375,4.969552,150.781
2024-05-27 19:00:00,18.513,102.67440182245251,0.15888674639800754,96.211624,89.139175,4.738143,94.595
2024-05-27 19:30:00,17.963,55.30727274434934,0.04138785511358453,73.0152645,53.3268985,4.6885543,72.234
2024-05-27 20:00:00,17.413,17.18300519286254,0.0,49.818905,17.514622,4.6389656,18.148
2024-05-27 20:30:00,16.963,0.0,0.0,24.9094525,8.757311,4.1936493,0.2299999999999999
2024-05-27 21:00:00,16.513,0.0,0.0,0.0,0.0,3.748333,0.0
2024-05-27 21:30:00,16.238,0.0,0.0,0.0,0.0,3.7302376,0.0
2024-05-27 22:00:00,15.963,0.0,0.0,0.0,0.0,3.7121422,0.0
2024-05-27 22:30:00,15.863,0.0,0.0,0.0,0.0,3.7087718,0.0
2024-05-27 23:00:00,15.763,0.0,0.0,0.0,0.0,3.7054014,0.0
2024-05-27 23:30:00,15.688,0.0,0.0,0.0,0.0,3.6055555,0.0
2024-05-28 00:00:00,15.613,0.0,0.0,0.0,0.0,3.5057096,0.0
2024-05-28 00:30:00,15.563,0.0,0.0,0.0,0.0,3.4791225,0.0
2024-05-28 01:00:00,15.513,0.0,0.0,0.0,0.0,3.4525354,0.0
2024-05-28 01:30:00,15.438,0.0,0.0,0.0,0.0,3.4033187,0.0
2024-05-28 02:00:00,15.363,0.0,0.0,0.0,0.0,3.354102,0.0
2024-05-28 02:30:00,15.163,0.0,0.0,0.0,0.0,3.2964645,0.0
2024-05-28 03:00:00,14.963,0.0,0.0,0.0,0.0,3.238827,0.0
2024-05-28 03:30:00,15.163,0.0,0.0,0.0,0.0,3.272441,0.0
2024-05-28 04:00:00,15.363,0.0,0.0,0.0,0.0,3.306055,0.0
2024-05-28 04:30:00,15.438,0.0,0.0,0.0,0.0,3.60559,0.0
2024-05-28 05:00:00,15.513,0.0,0.0,0.0,0.0,3.905125,0.0
2024-05-28 05:30:00,15.288,0.0,0.0,0.0,0.0,3.7553381,0.0
2024-05-28 06:00:00,15.063,0.0,0.0,0.0,0.0,3.6055512,0.0
2024-05-28 06:30:00,15.3130005,21.85232715165826,0.0,65.897765,22.263515,3.75853645,13.458000000000002
2024-05-28 07:00:00,15.563001,47.93249869921966,0.03207881478152668,131.79553,44.52703,3.9115217,49.167
2024-05-28 07:30:00,16.788000500000003,128.05293298077072,0.14954088294987686,365.98474,74.336345,4.3604437,118.363
2024-05-28 08:00:00,18.013,262.6353700148358,0.26607872715597386,600.17395,104.14566,4.8093657,226.864
2024-05-28 08:30:00,18.663001,372.6570331435891,0.37969898456273765,676.327625,116.644545,5.45509265,351.01700000000005
2024-05-28 09:00:00,19.313002,496.3260950624774,0.4884582553618514,752.4813,129.14343,6.1008196,471.104
2024-05-28 09:30:00,19.938002,604.4484412367315,0.5904963368959392,790.78985,137.36167999999998,6.3564648,571.411
2024-05-28 10:00:00,20.563002,713.3692045001035,0.6840680593011377,829.0984,145.57993,6.61211,669.6879999999999
2024-05-28 10:30:00,20.988001,802.3245434195767,0.767573151189692,850.364415,148.44957,6.906402,727.887
2024-05-28 11:00:00,21.413,884.8124501232663,0.8395836084896622,871.63043,151.31921,7.200694,729.568
2024-05-28 11:30:00,21.738001,946.1254456659099,0.8988681354596594,880.560465,152.532605,7.35334585,729.809
2024-05-28 12:00:00,22.063002,996.2761586836259,0.9444132145923514,889.4905,153.746,7.5059977,729.765
2024-05-28 12:30:00,22.288001,1021.9750714056183,0.9754404380145146,886.939615,154.14327,7.315652350000001,729.8969999999999
2024-05-28 13:00:00,22.513,1034.207555585103,0.9914198274543642,884.38873,154.54054,7.125307,729.693
2024-05-28 13:30:00,22.638,1023.7449187907011,0.9920788953064373,874.811645,152.982115,7.00685165,729.8679999999999
2024-05-28 14:00:00,22.763,1000.0050346771864,0.9774072955746441,865.23456,151.42369,6.8883963,729.712
2024-05-28 14:30:00,22.763,953.455006503427,0.9476569915858636,847.6879799999999,147.39544,6.7818618,729.7059999999999
2024-05-28 15:00:00,22.763,895.854879150788,0.9033379269536475,830.1414,143.36719,6.6753273,729.745
2024-05-28 15:30:00,22.663001,818.0049359947309,0.8452092878872475,802.0839,137.809045,6.6486304,729.6179999999999
2024-05-28 16:00:00,22.563002,733.4983879865817,0.7742664948936646,774.0264,132.2509,6.6219335,709.558
2024-05-28 16:30:00,22.288001,634.6392834722986,0.6917241462466088,732.640915,126.376815,6.5054934,621.8149999999999
2024-05-28 17:00:00,22.013,535.5707670810364,0.5989952271438617,691.25543,120.50273,6.3890533,529.624
2024-05-28 17:30:00,21.663001,426.6298699660256,0.4976669123621335,636.670865,109.16802,6.02516265,421.982
2024-05-28 18:00:00,21.313002,324.7547515614849,0.38947338659946107,582.0863,97.83331,5.661272,306.746
2024-05-28 18:30:00,20.838001,214.05759701089318,0.27626617376423873,451.99305,89.55474699999999,5.0767438,190.749
2024-05-28 19:00:00,20.363,131.82510031524805,0.15998244262299363,321.8998,81.276184,4.4922156,94.868
2024-05-28 19:30:00,19.6630005,60.91718772474884,0.04261184944902929,218.9638,52.248995,3.54418325,41.056
2024-05-28 20:00:00,18.963001,22.846686457328033,0.0,116.0278,23.221806,2.5961509,15.566
2024-05-28 20:30:00,17.9380005,0.0,0.0,58.0139,11.610903,1.9944948,0.292
2024-05-28 21:00:00,16.913,0.0,0.0,0.0,0.0,1.3928387,0.0
2024-05-28 21:30:00,16.412999499999998,0.0,0.0,0.0,0.0,1.32291755,0.0
2024-05-28 22:00:00,15.912999,0.0,0.0,0.0,0.0,1.2529964,0.0
2024-05-28 22:30:00,15.7629995,0.0,0.0,0.0,0.0,1.4342729,0.0
2024-05-28 23:00:00,15.613,0.0,0.0,0.0,0.0,1.6155494,0.0
2024-05-28 23:30:00,16.1630005,0.0,0.0,0.0,0.0,1.4077747,0.0
2024-05-29 00:00:00,16.713001,0.0,0.0,0.0,0.0,1.2,0.0
2024-05-29 00:30:00,15.5130005,0.0,0.0,0.0,0.0,1.401561,0.0
2024-05-29 01:00:00,14.313,0.0,0.0,0.0,0.0,1.603122,0.0
2024-05-29 01:30:00,14.288,0.0,0.0,0.0,0.0,1.6747735,0.0
2024-05-29 02:00:00,14.263,0.0,0.0,0.0,0.0,1.746425,0.0
2024-05-29 02:30:00,15.313,0.0,0.0,0.0,0.0,1.6232125,0.0
2024-05-29 03:00:00,16.363,0.0,0.0,0.0,0.0,1.5,0.0
2024-05-29 03:30:00,16.512999999999998,0.0,0.0,0.0,0.0,1.3824554999999998,0.0
2024-05-29 04:00:00,16.663,0.0,0.0,0.0,0.0,1.264911,0.0
2024-05-29 04:30:00,16.663,0.0,0.0,0.0,0.0,1.07966912,0.0
2024-05-29 05:00:00,16.663,0.0,0.0,0.0,0.0,0.89442724,0.0
2024-05-29 05:30:00,16.663,0.0,0.0,0.0,0.0,0.751351745,0.0
2024-05-29 06:00:00,16.663,0.0,0.0,0.0,0.0,0.60827625,0.355
2024-05-29 06:30:00,16.637999999999998,22.92656615068965,0.0,65.732415,23.362667,0.4541381249999999,16.208000000000002
2024-05-29 07:00:00,16.613,50.098729554141855,0.03229454792405356,131.46483,46.725334,0.3,50.392
2024-05-29 07:30:00,17.463001,128.56223374036784,0.14962924054072532,366.958165,74.67083699999999,0.291421365,121.085
2024-05-29 08:00:00,18.313002,261.73797642038795,0.26604960618301704,602.4515,102.61634,0.28284273,225.835
2024-05-29 08:30:00,19.613001,372.2683462550476,0.3795643006586025,680.6483499999999,114.644215,0.391421365,340.786
2024-05-29 09:00:00,20.913,496.8733794540842,0.4882317354967422,758.8452,126.67209,0.5,447.615
2024-05-29 09:30:00,21.888,603.9382477960845,0.5901932809113876,797.9494500000001,132.72683,0.45,549.435
2024-05-29 10:00:00,22.863,711.9044794056581,0.6837050742289,837.0537,138.78157,0.4,637.0640000000001
2024-05-29 10:30:00,23.563,799.3414422721241,0.7671678630882807,853.9908,142.8825,0.4,715.1379999999999
2024-05-29 11:00:00,24.263,879.610614658545,0.8391543567429429,870.9279,146.98343,0.4,729.628
2024-05-29 11:30:00,24.8630005,939.3780881466502,0.8984336548856778,876.99625,149.317315,0.504138125,729.585
2024-05-29 12:00:00,25.463001,987.7488032791221,0.9439923108314521,883.0646,151.6512,0.60827625,729.512
2024-05-29 12:30:00,25.7380005,999.799358325106,0.9750516618513301,852.5968,166.315635,1.152666275,729.642
2024-05-29 13:00:00,26.013,997.6008101008433,0.9910811537125603,822.129,180.98007,1.6970563,729.4000000000001
2024-05-29 13:30:00,25.513,890.2353105618693,0.9918074118849859,642.3029,254.296995,1.9897994,729.6229999999999
2024-05-29 14:00:00,25.013,775.5258885277724,0.977218908007419,462.4768,327.61392,2.2825425,416.277
2024-05-29 14:30:00,25.038001,817.3086701401993,0.9475661482376085,602.676725,247.528975,1.99274055,729.6379999999999
2024-05-29 15:00:00,25.063002,839.9634958393449,0.9033573696162964,742.87665,167.44403,1.7029386,729.7829999999999
2024-05-29 15:30:00,24.6380015,735.8967747568213,0.8453498320811467,642.039,193.178915,1.3514693,729.6239999999999
2024-05-29 16:00:00,24.213001,636.5984138896132,0.7745368436369272,541.20135,218.9138,1.0,723.6850000000001
2024-05-29 16:30:00,23.8630005,568.8522049202386,0.6921307405671545,562.9187750000001,180.000165,1.2433033999999998,624.539
2024-05-29 17:00:00,23.513,491.57364014270956,0.5995421358284222,584.6362,141.08653,1.4866068,521.75
2024-05-29 17:30:00,22.913001,391.04386496875895,0.498355762870313,525.4843000000001,129.53877,1.8834789,433.46
2024-05-29 18:00:00,22.313002,299.2829599027556,0.39030333831206987,466.3324,117.99101,2.280351,283.185
2024-05-29 18:30:00,21.538001,202.49475259075618,0.2772339339704512,386.740785,96.048725,1.8347977,183.882
2024-05-29 19:00:00,20.763,122.75860167231102,0.1610823249667764,307.14917,74.10644,1.3892444,96.594
2024-05-29 19:30:00,20.013,56.530647123879426,0.04383587378542457,207.69074,48.0164175,0.9446222,34.824
2024-05-29 20:00:00,19.263,21.57038486058062,0.0,108.23231,21.926395,0.5,13.693
2024-05-29 20:30:00,18.438,0.0,0.0,54.116155000000006,10.9631975,0.391421365,0.7060000000000001
2024-05-29 21:00:00,17.613,0.0,0.0,0.0,0.0,0.28284273,0.0
2024-05-29 21:30:00,17.012999999999998,0.0,0.0,0.0,0.0,0.50542684,0.0
2024-05-29 22:00:00,16.413,0.0,0.0,0.0,0.0,0.72801095,0.0
2024-05-29 22:30:00,16.288,0.0,0.0,0.0,0.0,0.966085225,0.0
2024-05-29 23:00:00,16.163,0.0,0.0,0.0,0.0,1.2041595,0.0
2024-05-29 23:30:00,16.063,0.0,0.0,0.0,0.0,1.18731475,0.0
2024-05-30 00:00:00,15.963,0.0,0.0,0.0,0.0,1.17047,0.0
2024-05-30 00:30:00,15.8880005,0.0,0.0,0.0,0.0,1.2560554,0.0
2024-05-30 01:00:00,15.813001,0.0,0.0,0.0,0.0,1.3416408,0.0
2024-05-30 01:30:00,15.738,0.0,0.0,0.0,0.0,1.24090815,0.0
2024-05-30 02:00:00,15.662999,0.0,0.0,0.0,0.0,1.1401755,0.0
2024-05-30 02:30:00,15.2879995,0.0,0.0,0.0,0.0,1.11092045,0.0
2024-05-30 03:00:00,14.913,0.0,0.0,0.0,0.0,1.0816654,0.0
2024-05-30 03:30:00,15.013,0.0,0.0,0.0,0.0,0.9439456,0.0
2024-05-30 04:00:00,15.113,0.0,0.0,0.0,0.0,0.8062258,0.0
2024-05-30 04:30:00,15.013,0.0,0.0,0.0,0.0,1.2933376,0.0
2024-05-30 05:00:00,14.913,0.0,0.0,0.0,0.0,1.7804494,0.0
2024-05-30 05:30:00,14.838,0.0,0.0,0.0,0.0,1.7402247,0.0
2024-05-30 06:00:00,14.763,0.0,0.0,0.0,0.0,1.7,0.316
2024-05-30 06:30:00,14.988,21.802134515605992,0.0,47.69441,22.237997,1.81046865,14.993
2024-05-30 07:00:00,15.213,46.69984660453824,0.03245220533524008,95.38882,44.475994,1.9209373,72.482
2024-05-30 07:30:00,16.163,118.02770143404044,0.14966374475164584,282.65256,76.943752,2.2805065,117.778
2024-05-30 08:00:00,17.113,232.82970961651634,0.26597131652195505,469.9163,109.41151,2.6400757,236.888
2024-05-30 08:30:00,18.363,339.5116780624731,0.37938551417192934,578.8209999999999,121.03021,2.77777575,339.15599999999995
2024-05-30 09:00:00,19.613,467.5723823470122,0.4879664730712796,687.7257,132.64891,2.9154758,468.919
2024-05-30 09:30:00,20.513,573.6510371346275,0.5898570436501742,733.212675,141.34336000000002,3.02776965,560.961
2024-05-30 10:00:00,21.413,682.4322743452474,0.6833145742883021,778.69965,150.03781,3.1400635,598.035
2024-05-30 10:30:00,21.863001,732.2532615597858,0.7667407336556183,748.8492249999999,157.69091,3.3602831,729.626
2024-05-30 11:00:00,22.313002,768.855314226317,0.8387088461923378,718.9988,165.34401,3.5805027,729.423
2024-05-30 11:30:00,22.488001,801.1974058433622,0.8979883104290735,692.66743,178.890695,3.80581585,353.151
2024-05-30 12:00:00,22.663,821.2874634247376,0.9435656571138469,666.33606,192.43738,4.031129,729.747
2024-05-30 12:30:00,22.788,835.6891494513337,0.9746618801106177,648.2268300000001,203.996665,3.9195078,544.5360000000001
2024-05-30 13:00:00,22.913,839.5050409960265,0.9907457670400518,630.1176,215.55595,3.8078866,729.642
2024-05-30 13:30:00,23.663,843.9438844911101,0.9915429820513161,624.2251,225.569435,3.422166,521.442
2024-05-30 14:00:00,24.413,838.9131853710214,0.9770407491016211,618.3326,235.58292,3.0364454,729.776
2024-05-30 14:30:00,24.0630005,757.9313310727007,0.9474880620752688,499.39843,287.66331,2.92178955,729.604
2024-05-30 15:00:00,23.713001,678.4456655313699,0.9033914075064517,380.46426,339.7437,2.8071337,102.496
2024-05-30 15:30:00,23.213001,684.62760395284,0.8455060870450396,498.50505,265.84182,3.37333835,267.344
2024-05-30 16:00:00,22.713001,669.2536453003532,0.7748232766830866,616.54584,191.93994,3.939543,71.908
2024-05-30 16:30:00,22.5380005,513.3692636100088,0.6925530440182672,440.58435,210.31008,3.4813932000000003,112.34
2024-05-30 17:00:00,22.363,383.74402487315945,0.6001036360123538,264.62286,228.68022,3.0232434,619.881
2024-05-30 17:30:00,22.313,363.4540129745875,0.4990573638987382,388.41798000000006,171.703935,3.4641842,139.764
2024-05-30 18:00:00,22.263,314.628263831948,0.39114350780425183,512.2131,114.72765,3.905125,333.47200000000004
2024-05-30 18:30:00,21.788001,214.11775800356085,0.2782087310313173,428.21771,95.593135,3.3354941,129.74200000000002
2024-05-30 19:00:00,21.313002,131.5161281414574,0.16218546983666526,344.22232,76.45862,2.7658632,138.16500000000002
2024-05-30 19:30:00,20.688002,60.45341644278011,0.045058858002905926,208.097633,51.7202365,2.237332,79.086
2024-05-30 20:00:00,20.063002,26.465280049394103,0.0,71.972946,26.981853,1.7088008,15.723
2024-05-30 20:30:00,19.238001,0.0,0.0,35.986473,13.4909265,1.6159777,0.646
2024-05-30 21:00:00,18.413,0.0,0.0,0.0,0.0,1.5231546,0.0
2024-05-30 21:30:00,17.863001,0.0,0.0,0.0,0.0,1.4722108,0.0
2024-05-30 22:00:00,17.313002,0.0,0.0,0.0,0.0,1.421267,0.0
2024-05-30 22:30:00,16.863001,0.0,0.0,0.0,0.0,1.41774025,0.0
2024-05-30 23:00:00,16.413,0.0,0.0,0.0,0.0,1.4142135,0.0
2024-05-30 23:30:00,15.838,0.0,0.0,0.0,0.0,1.0878954,0.0
2024-05-31 00:00:00,15.263,0.0,0.0,0.0,0.0,0.7615773,0.0
2024-05-31 00:30:00,15.013,0.0,0.0,0.0,0.0,0.586943935,0.0
2024-05-31 01:00:00,14.763,0.0,0.0,0.0,0.0,0.41231057,0.0
2024-05-31 01:30:00,14.763,0.0,0.0,0.0,0.0,0.7718407350000001,0.0
2024-05-31 02:00:00,14.763,0.0,0.0,0.0,0.0,1.1313709,0.0
2024-05-31 02:30:00,14.863,0.0,0.0,0.0,0.0,1.01289907,0.0
2024-05-31 03:00:00,14.963,0.0,0.0,0.0,0.0,0.89442724,0.0
2024-05-31 03:30:00,14.863,0.0,0.0,0.0,0.0,1.7278384699999998,0.0
2024-05-31 04:00:00,14.763,0.0,0.0,0.0,0.0,2.5612497,0.0
2024-05-31 04:30:00,14.763,0.0,0.0,0.0,0.0,2.34010585,0.0
2024-05-31 05:00:00,14.763,0.0,0.0,0.0,0.0,2.118962,0.0
2024-05-31 05:30:00,14.538,0.0,0.0,0.0,0.0,1.97871975,0.0
2024-05-31 06:00:00,14.313,0.0,0.0,0.0,0.0,1.8384775,0.378
2024-05-31 06:30:00,14.588,22.902847325270397,0.0,65.439535,23.338497,1.813666,18.603
2024-05-31 07:00:00,14.863,50.066126219221886,0.03255242850274753,130.87907,46.676994,1.7888545,64.237
2024-05-31 07:30:00,16.4130005,126.47250520755185,0.14964518181963024,358.52016000000003,73.830897,1.601534,121.376
2024-05-31 08:00:00,17.963001,255.66559094037567,0.2658447726358892,586.16125,100.9848,1.4142135,135.855
2024-05-31 08:30:00,19.6380015,363.6794294307697,0.37916364900137617,665.691075,111.969805,1.46374405,332.626
2024-05-31 09:00:00,21.313002,486.12655043814516,0.487663580680655,745.2209,122.95481,1.5132746,439.583
2024-05-31 09:30:00,22.738001,592.128140681383,0.5894888040971998,784.87135,129.152805,2.0719318,550.49
2024-05-31 10:00:00,24.163,699.2651843467745,0.6828977813484167,824.5218,135.3508,2.630589,629.3019999999999
2024-05-31 10:30:00,25.038,786.2798518369309,0.766293003362039,841.577,140.07629500000002,3.267857,703.567
2024-05-31 11:00:00,25.913,866.3164850902834,0.8382483112683435,858.6322,144.80179,3.905125,729.8130000000001
2024-05-31 11:30:00,26.088,925.7482723491476,0.8975333059003188,865.0951,147.178905,4.30893675,729.6250000000001
2024-05-31 12:00:00,26.263,974.0200548483587,0.9431344025665052,871.558,149.55602,4.7127485,729.836
2024-05-31 12:30:00,26.438,999.6506306619584,0.974272164101423,869.84545,149.51335999999998,4.52259205,729.7850000000001
2024-05-31 13:00:00,26.613,1012.1566549621045,0.9904146391238492,868.1329,149.4707,4.3324356,729.6859999999999
2024-05-31 13:30:00,27.113,1001.7067141711732,0.9912864577949133,858.311385,147.98934,3.70975265,729.5459999999999
2024-05-31 14:00:00,27.613,978.270698345284,0.976873533143529,848.48987,146.50798,3.0870697,729.476
2024-05-31 14:30:00,27.738,934.7996271042554,0.9474232940665375,832.798535,143.04031500000002,2.4922181,729.788
2024-05-31 15:00:00,27.863,880.3780748400889,0.9034404353314252,817.1072,139.57265,1.8973665,729.787
2024-05-31 15:30:00,27.6630005,805.9632349310998,0.8456782711877724,791.228285,134.556245,2.26966775,729.6030000000001
2024-05-31 16:00:00,27.463001,724.7490081838988,0.7751258291735162,765.34937,129.53984,2.641969,687.0590000000001
2024-05-31 16:30:00,27.3130005,628.639396893894,0.6929909047240111,728.2577550000001,122.407255,2.30332865,601.151
2024-05-31 17:00:00,27.163,531.5891038288513,0.6006793883388712,691.16614,115.27467,1.9646883,508.001
2024-05-31 17:30:00,26.863001,423.1042742350638,0.49977119140022236,635.09252,104.98544,2.03353395,409.1950000000001
2024-05-31 18:00:00,26.563002,321.95827519453195,0.391993192410569,579.0189,94.69621,2.1023796,295.744
2024-05-31 18:30:00,25.8880015,218.25482366673265,0.2791896928678758,490.99912,81.2303,2.397481,183.906
2024-05-31 19:00:00,25.213001,133.16189032724324,0.16329084794681673,402.97934,67.76439,2.6925824,92.083
2024-05-31 19:30:00,24.1630005,57.734441213492666,0.04627963054120942,270.041345,45.6149515,2.10950805,41.8
2024-05-31 20:00:00,23.113,23.115002878488102,0.0,137.10335,23.465513,1.5264337,17.449
2024-05-31 20:30:00,21.9130005,0.0,0.0,68.551675,11.7327565,1.5280698,1.378
2024-05-31 21:00:00,20.713001,0.0,0.0,0.0,0.0,1.5297059,0.0
2024-05-31 21:30:00,20.0630005,0.0,0.0,0.0,0.0,1.76984055,0.0
2024-05-31 22:00:00,19.413,0.0,0.0,0.0,0.0,2.0099752,0.0
2024-05-31 22:30:00,18.9380005,0.0,0.0,0.0,0.0,1.9549876,0.0
2024-05-31 23:00:00,18.463001,0.0,0.0,0.0,0.0,1.9,0.0
2024-05-31 23:30:00,18.1130005,0.0,0.0,0.0,0.0,1.45990195,0.0
2024-06-01 00:00:00,17.763,0.0,0.0,0.0,0.0,1.0198039,0.0
2024-06-01 00:30:00,17.638,0.0,0.0,0.0,0.0,1.17698515,0.0
2024-06-01 01:00:00,17.513,0.0,0.0,0.0,0.0,1.3341664,0.0
2024-06-01 01:30:00,17.338,0.0,0.0,0.0,0.0,1.3170832,0.0
2024-06-01 02:00:00,17.163,0.0,0.0,0.0,0.0,1.3,0.0
2024-06-01 02:30:00,17.088,0.0,0.0,0.0,0.0,1.4500000000000002,0.0
2024-06-01 03:00:00,17.013,0.0,0.0,0.0,0.0,1.6,0.0
2024-06-01 03:30:00,16.638,0.0,0.0,0.0,0.0,1.4324555,0.0
2024-06-01 04:00:00,16.263,0.0,0.0,0.0,0.0,1.264911,0.0
2024-06-01 04:30:00,16.213,0.0,0.0,0.0,0.0,1.312529,0.0
2024-06-01 05:00:00,16.163,0.0,0.0,0.0,0.0,1.360147,0.0
2024-06-01 05:30:00,16.213,0.0,0.0,0.0,0.0,1.39596455,0.0
2024-06-01 06:00:00,16.263,0.0,0.0,0.0,0.0,1.4317821,0.64
2024-06-01 06:30:00,16.788001,22.901183450649587,0.0,71.2499,23.328268,1.52211685,18.332
2024-06-01 07:00:00,17.313002,50.447287853368074,0.03259598225449369,142.4998,46.656536,1.6124516,50.509
2024-06-01 07:30:00,18.538001,128.7115998123188,0.1495744567044369,373.8818250000001,73.767633,1.66935965,117.997
2024-06-01 08:00:00,19.763,260.57554400762314,0.2656710011284523,605.26385,100.87873,1.7262677,218.969
2024-06-01 08:30:00,20.913001,369.7382951083929,0.3788998327881215,685.296675,110.690665,2.02287525,332.43300000000005
2024-06-01 09:00:00,22.063002,493.3481437790739,0.4873242645541052,765.3295,120.5026,2.3194828,446.626
2024-06-01 09:30:00,23.188002,600.5654334666508,0.5890898232241168,803.51427,126.78931,2.7487662,546.611
2024-06-01 10:00:00,24.313002,708.4847488397932,0.6824559862884185,841.69904,133.07602,3.1780496,639.347
2024-06-01 10:30:00,25.313002,794.4474409278231,0.7658259675842668,857.54599,136.233665,3.37578165,714.4189999999999
2024-06-01 11:00:00,26.313002,873.0766263509173,0.8377740263315676,873.39294,139.39131,3.5735137,729.6370000000001
2024-06-01 11:30:00,27.113001,930.3725307158172,0.8970698694682206,876.97802,141.335935,3.710945,729.6189999999999
2024-06-01 12:00:00,27.913,976.0598135327357,0.9426997047621581,880.5631,143.28056,3.8483763,729.684
2024-06-01 12:30:00,28.4380005,999.5409349192911,0.9738835775921033,875.22675,144.344715,3.73595535,729.659
2024-06-01 13:00:00,28.963001,1009.6593849533497,0.9900887183508076,869.8904,145.40887,3.6235344,729.622
2024-06-01 13:30:00,29.1880005,996.7031490200621,0.9910386525224962,856.9461,144.47904,3.24442205,729.7379999999999
2024-06-01 14:00:00,29.413,970.8338515504198,0.976717921311057,844.0018,143.54921,2.8653097,729.6460000000001
2024-06-01 14:30:00,29.4380005,922.4827799092252,0.9473723385652525,818.9757999999999,143.97650499999995,2.64199335,729.7359999999999
2024-06-01 15:00:00,29.463001,864.070784782428,0.9035047689215412,793.9498,144.4038,2.418677,729.672
2024-06-01 15:30:00,29.3130005,791.3075078731415,0.8458665132490661,770.00635,137.91719999999998,2.6670764,729.663
2024-06-01 16:00:00,29.163,711.7668144509666,0.7754444374744914,746.0629,131.4306,2.9154758,676.796
2024-06-01 16:30:00,28.738001,617.699698009496,0.6934440647344333,709.537765,124.2666,2.911182,595.995
2024-06-01 17:00:00,28.313002,522.7749957051152,0.6012689420321466,673.01263,117.1026,2.9068882,510.66
2024-06-01 17:30:00,27.838001,417.4498838265294,0.5004966066555664,619.530865,106.77024,2.6461301,413.086
2024-06-01 18:00:00,27.363,319.01345235761886,0.39285157364807805,566.0491,96.43788,2.385372,300.418
2024-06-01 18:30:00,26.488,217.1223493598506,0.2801758325760409,482.07975,82.16270750000001,2.6529942,186.19
2024-06-01 19:00:00,25.613,132.91861756538162,0.16439731831878876,398.1104,67.887535,2.9206164,97.09900000000002
2024-06-01 19:30:00,24.488,58.17408552740176,0.04749691341774455,267.873285,45.837186,2.51505935,47.766000000000005
2024-06-01 20:00:00,23.363,23.43152719509859,0.0,137.63617,23.786837,2.1095023,21.267
2024-06-01 20:30:00,22.138,0.0,0.0,68.818085,11.8934185,2.0034344,1.314
2024-06-01 21:00:00,20.913,0.0,0.0,0.0,0.0,1.8973665,0.0
2024-06-01 21:30:00,20.263,0.0,0.0,0.0,0.0,1.94993245,0.0
2024-06-01 22:00:00,19.613,0.0,0.0,0.0,0.0,2.0024984,0.0
2024-06-01 22:30:00,19.138,0.0,0.0,0.0,0.0,2.11142945,0.0
2024-06-01 23:00:00,18.663,0.0,0.0,0.0,0.0,2.2203605,0.0
2024-06-01 23:30:00,18.338,0.0,0.0,0.0,0.0,1.98339275,0.0
2024-06-02 00:00:00,18.013,0.0,0.0,0.0,0.0,1.746425,0.0
2024-06-02 00:30:00,17.8630005,0.0,0.0,0.0,0.0,1.7746003,0.0
2024-06-02 01:00:00,17.713001,0.0,0.0,0.0,0.0,1.8027756,0.0
2024-06-02 01:30:00,17.5630005,0.0,0.0,0.0,0.0,1.87221215,0.0
2024-06-02 02:00:00,17.413,0.0,0.0,0.0,0.0,1.9416487,0.0
2024-06-02 02:30:00,17.3130005,0.0,0.0,0.0,0.0,1.9325935,0.0
2024-06-02 03:00:00,17.213001,0.0,0.0,0.0,0.0,1.9235383,0.0
2024-06-02 03:30:00,16.8630005,0.0,0.0,0.0,0.0,1.64184265,0.0
2024-06-02 04:00:00,16.513,0.0,0.0,0.0,0.0,1.360147,0.0
2024-06-02 04:30:00,16.438000000000002,0.0,0.0,0.0,0.0,1.3471567,0.0
2024-06-02 05:00:00,16.363,0.0,0.0,0.0,0.0,1.3341664,0.0
2024-06-02 05:30:00,16.363,0.0,0.0,0.0,0.0,1.43193615,0.0
2024-06-02 06:00:00,16.363,0.0,0.0,0.0,0.0,1.5297059,3.264
2024-06-02 06:30:00,16.713001,23.969901892689506,0.0,65.200785,24.430316999999995,1.81604275,33.746
2024-06-02 07:00:00,17.063002,52.18877786552957,0.032583764751839696,130.40157,48.860634,2.1023796,53.007
2024-06-02 07:30:00,18.413001,130.77941204708569,0.1494526021560562,385.456005,74.131987,2.15232565,121.593
2024-06-02 08:00:00,19.763,268.42844651184015,0.2654511488226537,640.51044,99.40334,2.2022717,228.412
2024-06-02 08:30:00,21.138,378.5040373128437,0.37859530386947143,707.70117,111.13937,2.42495595,340.68
2024-06-02 09:00:00,22.513,500.0726604925652,0.48694983036688794,774.8919,122.8754,2.6476402,451.247
2024-06-02 09:30:00,23.8630005,606.7332557320719,0.5886614486506314,809.7677249999999,129.659045,2.9246012,552.6320000000001
2024-06-02 10:00:00,25.213001,713.4081674020223,0.6819905524772198,844.64355,136.44269,3.2015622,640.7139999999999
2024-06-02 10:30:00,26.4380005,800.3629087515963,0.7653409789811102,860.88626,140.075095,3.1049420000000003,709.893
2024-06-02 11:00:00,27.663,880.0224585398828,0.8372873069823076,877.12897,143.7075,3.0083218,729.604
2024-06-02 11:30:00,28.588,937.2406879095604,0.8965992539481838,880.43866,145.58617,3.0248516,729.552
2024-06-02 12:00:00,29.513,982.7897111179304,0.9422627290647894,883.74835,147.46484,3.0413814,729.77
2024-06-02 12:30:00,29.938,1006.1790821186752,0.9734971753421915,877.7168549999999,148.98217499999998,3.1331422,729.853
2024-06-02 13:00:00,30.363,1016.1489109930908,0.9897689276112539,871.68536,150.49951,3.224903,729.613
2024-06-02 13:30:00,30.4130005,1003.6946929865745,0.9908003382844047,860.200165,148.51524999999998,3.4461636,729.6619999999999
2024-06-02 14:00:00,30.463001,978.267743149764,0.9765745184589797,848.71497,146.53099,3.6674242,729.8689999999999
2024-06-02 14:30:00,30.3130005,933.3971159701003,0.9473356197874357,830.874435,143.55106999999998,3.8461733,729.6370000000001
2024-06-02 15:00:00,30.163,877.7709513458889,0.90358464156451,813.0339,140.57115,4.0249224,729.903
2024-06-02 15:30:00,29.863001,802.6666124051424,0.8460708486296177,786.9192,134.615835,4.0249224,729.618
2024-06-02 16:00:00,29.563002,720.8445330820837,0.7757789355876205,760.8045,128.66052,4.0249224,695.38
2024-06-02 16:30:00,29.088001,626.3494985572935,0.6939121567220705,724.570615,122.00757,3.94183935,613.422
2024-06-02 17:00:00,28.613,530.7842728003676,0.6018717319817679,688.33673,115.35462,3.8587563,522.837
2024-06-02 17:30:00,27.963001,423.45091544775755,0.5012328538331048,630.476365,106.76778,3.77396475,415.478
2024-06-02 18:00:00,27.313002,323.82610586680426,0.39371771537371414,572.616,98.18094,3.6891732,303.13700000000006
2024-06-02 18:30:00,26.438002,221.1707834561545,0.28116604732920775,488.86966,83.833725,3.38487875,190.507
2024-06-02 19:00:00,25.563002,136.10680364982457,0.16550362793391546,405.12332,69.48651,3.0805843,95.982
2024-06-02 19:30:00,24.413001,59.90872123817462,0.048709322640607955,272.87413,47.0150885,2.71182955,43.346
2024-06-02 20:00:00,23.263,24.17698997026686,0.0,140.62494,24.543667,2.3430748,18.79
2024-06-02 20:30:00,21.938,0.0,0.0,70.31247,12.2718335,2.31280865,1.3530000000000002
2024-06-02 21:00:00,20.613,0.0,0.0,0.0,0.0,2.2825425,0.0
2024-06-02 21:30:00,19.9130005,0.0,0.0,0.0,0.0,2.04680975,0.0
2024-06-02 22:00:00,19.213001,0.0,0.0,0.0,0.0,1.811077,0.0
2024-06-02 22:30:00,18.9130005,0.0,0.0,0.0,0.0,1.79996575,0.0
2024-06-02 23:00:00,18.613,0.0,0.0,0.0,0.0,1.7888545,0.0
2024-06-02 23:30:00,18.5380005,0.0,0.0,0.0,0.0,1.6576441,0.0
2024-06-03 00:00:00,18.463001,0.0,0.0,0.0,0.0,1.5264337,0.0
2024-06-03 00:30:00,18.4130005,0.0,0.0,0.0,0.0,1.4340372499999998,0.0
2024-06-03 01:00:00,18.363,0.0,0.0,0.0,0.0,1.3416408,0.0
2024-06-03 01:30:00,18.263,0.0,0.0,0.0,0.0,1.3867114,0.0
2024-06-03 02:00:00,18.163,0.0,0.0,0.0,0.0,1.431782,0.0
2024-06-03 02:30:00,18.012999999999998,0.0,0.0,0.0,0.0,1.4774683,0.0
2024-06-03 03:00:00,17.863,0.0,0.0,0.0,0.0,1.5231546,0.0
2024-06-03 03:30:00,17.063000000000002,0.0,0.0,0.0,0.0,1.5678031,0.0
2024-06-03 04:00:00,16.263,0.0,0.0,0.0,0.0,1.6124516,0.0
2024-06-03 04:30:00,16.288001,0.0,0.0,0.0,0.0,1.767995,0.0
2024-06-03 05:00:00,16.313002,0.0,0.0,0.0,0.0,1.9235384,0.0
2024-06-03 05:30:00,16.413001,0.0,0.0,0.0,0.0,1.89182295,0.0
2024-06-03 06:00:00,16.513,0.0,0.0,0.0,0.0,1.8601075,0.898
2024-06-03 06:30:00,17.463,23.97932953468242,0.0,76.94181,24.422867,1.6682949,21.536
2024-06-03 07:00:00,18.413,52.96246335258533,0.032516809022431946,153.88362,48.845734,1.4764823,54.832
2024-06-03 07:30:00,20.138,132.83406149078132,0.14928077949540938,390.90961,75.463055,1.6723181500000002,123.471
2024-06-03 08:00:00,21.863,267.518914528225,0.2651864828210412,627.9356,102.080376,1.868154,205.11400000000003
2024-06-03 08:30:00,23.463001,378.00365908969553,0.3782514107337679,703.6103,112.4618305,2.038613,331.603
2024-06-03 09:00:00,25.063002,501.8798944491882,0.4865416821310835,779.285,122.843285,2.209072,439.363
2024-06-03 09:30:00,26.538001,608.5497765777117,0.5882051130295315,813.4931750000001,129.6362125,2.5750801,539.465
2024-06-03 10:00:00,28.013,715.0835436474799,0.6815029138280577,847.70135,136.42914,2.9410882,637.682
2024-06-03 10:30:00,29.188,802.0255476768301,0.7648394452369333,862.2443499999999,141.146785,2.7905821,708.2289999999999
2024-06-03 11:00:00,30.363,881.4079660603605,0.8367895076252662,876.78735,145.86443,2.640076,729.578
2024-06-03 11:30:00,31.213,938.5448483250872,0.8961227343123427,877.780275,149.80328500000002,2.6663292,672.51
2024-06-03 12:00:00,32.063,983.8207233585724,0.9418246462080054,878.7732,153.74214,2.6925824,729.703
2024-06-03 12:30:00,32.588,1009.9099961399776,0.973114000833842,877.20845,153.649945,2.73553565,729.5269999999999
2024-06-03 13:00:00,33.113,1022.8129333830618,0.9894561623227678,875.6437,153.55775,2.7784889,729.666
2024-06-03 13:30:00,33.438,1003.3118042424277,0.9905722441817103,839.5956249999999,169.358695,1.90402595,729.754
2024-06-03 14:00:00,33.763,971.4805662100666,0.9764438720110035,803.54755,185.15964,1.029563,729.6059999999999
2024-06-03 14:30:00,32.863,915.7594987188243,0.94731349126961,756.6309550000001,198.02209,1.68204335,729.8100000000001
2024-06-03 15:00:00,31.963,852.4789068154083,0.9036802040870211,709.71436,210.88454,2.3345237,449.208
2024-06-03 15:30:00,32.288,767.9503697856159,0.8462912201593368,653.3502550000001,215.47893,2.02166225,574.198
2024-06-03 16:00:00,32.613,682.265778921251,0.7761290567090474,596.98615,220.07332,1.7088008,454.2
2024-06-03 16:30:00,31.988,596.6692236934937,0.6943947062396496,581.678275,193.67511,1.158538525,515.639
2024-06-03 17:00:00,31.363,507.8131856447755,0.6024870817761581,566.3704,167.2769,0.60827625,487.703
2024-06-03 17:30:00,30.7880005,416.1955929909725,0.5019790637555852,547.32815,141.998165,0.806631925,476.431
2024-06-03 18:00:00,30.213001,324.7709386998881,0.3945905682329897,528.2859,116.71943,1.0049876,313.744
2024-06-03 18:30:00,29.2630015,225.18446584147094,0.28215912335019033,473.15461,92.052395,1.4038816,185.303
2024-06-03 19:00:00,28.313002,136.6910502569923,0.16660841729323758,418.02332,67.38536,1.8027756,97.622
2024-06-03 19:30:00,26.838001,60.5498417427118,0.049915374235125924,265.685655,47.698411500000006,1.59780715,45.575
2024-06-03 20:00:00,25.363,27.53123916883677,0.0,113.34799,28.011463,1.3928387,15.749
2024-06-03 20:30:00,24.113,0.0,0.0,56.673995,14.0057315,1.14363297,1.183
2024-06-03 21:00:00,22.863,0.0,0.0,0.0,0.0,0.89442724,0.0
2024-06-03 21:30:00,22.238,0.0,0.0,0.0,0.0,0.92155525,0.0
2024-06-03 22:00:00,21.613,0.0,0.0,0.0,0.0,0.94868326,0.0
2024-06-03 22:30:00,21.4130005,0.0,0.0,0.0,0.0,0.904457895,0.0
2024-06-03 23:00:00,21.213001,0.0,0.0,0.0,0.0,0.86023253,0.0
2024-06-03 23:30:00,21.3130005,0.0,0.0,0.0,0.0,0.877329885,0.0
2024-06-04 00:00:00,21.413,0.0,0.0,0.0,0.0,0.89442724,0.0
2024-06-04 00:30:00,21.113001,0.0,0.0,0.0,0.0,1.00623062,0.0
2024-06-04 01:00:00,20.813002,0.0,0.0,0.0,0.0,1.118034,0.0
2024-06-04 01:30:00,21.5130015,0.0,0.0,0.0,0.0,0.9862172,0.0
2024-06-04 02:00:00,22.213001,0.0,0.0,0.0,0.0,0.8544004,0.0
2024-06-04 02:30:00,21.8630005,0.0,0.0,0.0,0.0,1.0102954,0.0
2024-06-04 03:00:00,21.513,0.0,0.0,0.0,0.0,1.1661904,0.0
2024-06-04 03:30:00,21.713,0.0,0.0,0.0,0.0,0.8830952000000001,0.0
2024-06-04 04:00:00,21.913,0.0,0.0,0.0,0.0,0.6,0.0
2024-06-04 04:30:00,22.238001,0.0,0.0,0.0,0.0,0.4499999999999999,0.0
2024-06-04 05:00:00,22.563002,0.0,0.0,0.0,0.0,0.3,0.0
2024-06-04 05:30:00,22.7630015,0.0,0.0,0.0,0.0,0.30811388,0.0
2024-06-04 06:00:00,22.963001,0.0,0.0,0.0,0.0,0.31622776,0.327
2024-06-04 06:30:00,22.088001,23.96488052753417,0.0,70.931135,24.416672,0.4743416299999999,20.501
2024-06-04 07:00:00,21.213001,52.52557002639912,0.032396274015147095,141.86227,48.833344,0.6324555,57.895
2024-06-04 07:30:00,23.1380015,128.73137412363337,0.1490602693620688,373.481,74.041957,0.5283597849999999,118.422
2024-06-04 08:00:00,25.063002,258.46846716909016,0.26487838112259837,605.09973,99.25057,0.42426407,206.169
2024-06-04 08:30:00,26.988001,366.12371951780233,0.37786960264997027,679.8561400000001,109.829335,0.42426407,308.505
2024-06-04 09:00:00,28.913,487.0810211966339,0.4861013130405573,754.61255,120.4081,0.42426407,413.869
2024-06-04 09:30:00,30.038,592.0716094925962,0.5877223253202808,791.12015,126.722055,0.750648485,507.915
2024-06-04 10:00:00,31.163,697.5724017643643,0.6809945665975813,827.62775,133.03601,1.0770329,590.134
2024-06-04 10:30:00,32.363,783.594819468564,0.7643228216206162,844.4585,136.747905,1.41172895,659.728
2024-06-04 11:00:00,33.563,862.6301406208414,0.8362820149627116,861.28925,140.4598,1.746425,717.073
2024-06-04 11:30:00,34.363,921.1505381720909,0.8956416022569226,866.9857750000001,142.396275,2.1460047,729.6410000000001
2024-06-04 12:00:00,35.163,968.466035658293,0.9413866280880792,872.6823,144.33275,2.5455844,729.852
2024-06-04 12:30:00,35.163,993.1923959112094,0.9727350834109015,868.7228500000001,145.389975,3.0928198,729.77
2024-06-04 13:00:00,35.163,1004.7576478251027,0.9891512889921564,864.7634,146.4472,3.6400552,729.7289999999999
2024-06-04 13:30:00,34.712999999999994,978.8412912884494,0.9903550564161652,828.9089,155.414045,3.6646142,729.616
2024-06-04 14:00:00,34.263,940.7585313496837,0.9763264735198124,793.0544,164.38089,3.6891732,729.702
2024-06-04 14:30:00,34.212999999999994,877.6128737320103,0.947306238958271,745.5364,169.82997999999998,3.6952622,729.603
2024-06-04 15:00:00,34.163,807.1077729103743,0.9037915294434145,698.0184,175.27907,3.7013512,729.612
2024-06-04 15:30:00,34.962999999999994,749.1322316667406,0.8465274841206393,689.956925,164.1214,3.0855844,713.149
2024-06-04 16:00:00,35.763,683.3728339594091,0.7764944405544608,681.89545,152.96373,2.4698176,647.2719999999999
2024-06-04 16:30:00,35.212999999999994,603.8717763827977,0.6948911403234996,671.9915249999999,135.988205,2.8627909,568.429
2024-06-04 17:00:00,34.663,519.2512726344604,0.6031142133667008,662.0876,119.01268,3.2557642,481.828
2024-06-04 17:30:00,33.988,414.9546343029458,0.5027342644715037,608.2101,108.66116,3.222404,385.46199999999993
2024-06-04 18:00:00,33.313,317.6576719380581,0.39546898098372646,554.3326,98.30964,3.1890438,280.869
2024-06-04 18:30:00,32.113,219.76696003427304,0.283153747811875,483.7492,82.90435500000001,3.04452185,180.924
2024-06-04 19:00:00,30.913,136.4389310230713,0.1677102325664813,413.1658,67.49907,2.8999999,102.967
2024-06-04 19:30:00,29.213,60.39601030804936,0.051113496427840736,282.3524,46.321051,2.5465856,55.62100000000001
2024-06-04 20:00:00,27.513,24.781185221959216,0.0,151.539,25.143032,2.1931713,22.908
2024-06-04 20:30:00,25.913001,0.0,0.0,75.7695,12.571516000000004,1.793005,1.4179999999999997
2024-06-04 21:00:00,24.313002,0.0,0.0,0.0,0.0,1.3928387,0.0
2024-06-04 21:30:00,23.788001,0.0,0.0,0.0,0.0,1.3928387,0.0
2024-06-04 22:00:00,23.263,0.0,0.0,0.0,0.0,1.3928387,0.0
2024-06-04 22:30:00,23.088,0.0,0.0,0.0,0.0,1.36910055,0.0
2024-06-04 23:00:00,22.913,0.0,0.0,0.0,0.0,1.3453624,0.0
2024-06-04 23:30:00,22.963,0.0,0.0,0.0,0.0,1.3833147,0.0
2024-06-05 00:00:00,23.013,0.0,0.0,0.0,0.0,1.421267,0.0
2024-06-05 00:30:00,22.8630005,0.0,0.0,0.0,0.0,1.52457455,0.0
2024-06-05 01:00:00,22.713001,0.0,0.0,0.0,0.0,1.6278821,0.0
2024-06-05 01:30:00,22.5130015,0.0,0.0,0.0,0.0,1.7439948,0.0
2024-06-05 02:00:00,22.313002,0.0,0.0,0.0,0.0,1.8601075,0.0
2024-06-05 02:30:00,23.2630015,0.0,0.0,0.0,0.0,1.7785819,0.0
2024-06-05 03:00:00,24.213001,0.0,0.0,0.0,0.0,1.6970563,0.0
2024-06-05 03:30:00,24.7380005,0.0,0.0,0.0,0.0,1.40754515,0.0
2024-06-05 04:00:00,25.263,0.0,0.0,0.0,0.0,1.118034,0.0
2024-06-05 04:30:00,25.338,0.0,0.0,0.0,0.0,0.81396797,0.0
2024-06-05 05:00:00,25.413,0.0,0.0,0.0,0.0,0.50990194,0.0
2024-06-05 05:30:00,25.213,0.0,0.0,0.0,0.0,0.76973247,0.0
2024-06-05 06:00:00,25.013,0.0,0.0,0.0,0.0,1.029563,0.451
2024-06-05 06:30:00,23.888,22.883896175969603,0.0,76.76101,23.3021375,1.33484245,20.091
2024-06-05 07:00:00,22.763,50.71479761709389,0.03222342479049383,153.52202,46.604275,1.6401219,56.341
2024-06-05 07:30:00,24.763,129.7645501181144,0.14879245199167443,383.96826,73.5860525,1.48714415,116.87
2024-06-05 08:00:00,26.763,262.02818142913577,0.2645283132634397,614.4145,100.56783,1.3341664,205.798
2024-06-05 08:30:00,28.338,370.65894265870065,0.377451411031109,690.8617999999999,110.476935,1.2193512,308.957
2024-06-05 09:00:00,29.913,492.91475183808336,0.4856302878399355,767.3091,120.38604,1.104536,411.344
2024-06-05 09:30:00,31.5629985,598.4917578422483,0.5872146544866799,802.6808249999999,126.707065,1.24868735,505.898
2024-06-05 10:00:00,33.212997,704.2725667071036,0.6804670547168012,838.05255,133.02809,1.3928387,590.472
2024-06-05 10:30:00,33.7879985,789.2036189362236,0.7637925982151508,851.652975,137.283905,2.1053196,668.022
2024-06-05 11:00:00,34.363,866.5789228819068,0.8357662372964776,865.2534,141.53972,2.8178005,723.4769999999999
2024-06-05 11:30:00,34.363,923.3207195995158,0.8951571577749394,863.60323,148.168085,3.3563344500000003,729.628
2024-06-05 12:00:00,34.363,968.1454644986486,0.9409498417229989,861.95306,154.79645,3.8948684,729.707
2024-06-05 12:30:00,34.963,992.0153625668705,0.972361434746551,860.59418,152.660335,3.8612001,729.697
2024-06-05 13:00:00,35.563,1002.9819193464477,0.9888551442548554,859.2353,150.52422,3.8275318,729.4869999999999
2024-06-05 13:30:00,35.988,981.4448703251064,0.9901494199228824,832.1084350000001,154.98426,3.49490465,729.432
2024-06-05 14:00:00,36.413,947.5850317063122,0.9762227628746313,804.98157,159.4443,3.1622775,729.661
2024-06-05 14:30:00,36.388,915.7069117811409,0.9473140879030307,804.231965,151.48072000000002,3.4533031000000003,729.5569999999999
2024-06-05 15:00:00,36.363,872.2322508848413,0.903918621776821,803.48236,143.51714,3.7443287,729.778
2024-06-05 15:30:00,36.838,800.3478536735415,0.8467794215266229,781.803495,136.128445,2.013585715,690.3870000000001
2024-06-05 16:00:00,37.313,721.2374547756309,0.7768746466318106,760.12463,128.73975,0.28284273,639.1579999999999
2024-06-05 16:30:00,36.838,626.5009918243574,0.6954008024856916,722.4650650000001,122.55343,0.501976515,544.845
2024-06-05 17:00:00,36.363,530.9333809623494,0.6037522635253874,684.8055,116.36711,0.7211103,472.636
2024-06-05 17:30:00,35.638,419.00208288470424,0.5034973988819873,607.1959300000001,112.83473,0.62981338,376.526
2024-06-05 18:00:00,34.913,318.9829768441074,0.3963517188601159,529.58636,109.30235,0.53851646,137.16899999999998
2024-06-05 18:30:00,34.138,218.92647925872143,0.28414852764635645,455.220565,89.94198,0.53851646,182.894
2024-06-05 19:00:00,33.363,134.36309767321274,0.16880754447998697,380.85477,70.58161,0.53851646,103.097
2024-06-05 19:30:00,31.713001,62.24185253290511,0.0523020482218456,254.983455,49.390535,0.8349436800000001,55.108
2024-06-05 20:00:00,30.063002,27.739452001422105,0.0,129.11214,28.19946,1.1313709,22.839
2024-06-05 20:30:00,28.5130015,0.0,0.0,64.55607,14.099729999999996,1.4849242500000002,1.408
2024-06-05 21:00:00,26.963001,0.0,0.0,0.0,0.0,1.8384776,0.0
2024-06-05 21:30:00,25.963001,0.0,0.0,0.0,0.0,1.7207998,0.0
2024-06-05 22:00:00,24.963001,0.0,0.0,0.0,0.0,1.603122,0.0
2024-06-05 22:30:00,24.3880015,0.0,0.0,0.0,0.0,1.4961832,0.0
2024-06-05 23:00:00,23.813002,0.0,0.0,0.0,0.0,1.3892444,0.0
2024-06-05 23:30:00,23.613001,0.0,0.0,0.0,0.0,1.3310183,0.0
2024-06-06 00:00:00,23.413,0.0,0.0,0.0,0.0,1.2727922,0.0
2024-06-06 00:30:00,23.263,0.0,0.0,0.0,0.0,1.3796995,0.0
2024-06-06 01:00:00,23.113,0.0,0.0,0.0,0.0,1.4866068,0.0
2024-06-06 01:30:00,23.013,0.0,0.0,0.0,0.0,1.60353595,0.0
2024-06-06 02:00:00,22.913,0.0,0.0,0.0,0.0,1.7204651,0.0
2024-06-06 02:30:00,23.038,0.0,0.0,0.0,0.0,1.64125755,0.0
2024-06-06 03:00:00,23.163,0.0,0.0,0.0,0.0,1.56205,0.0
2024-06-06 03:30:00,22.963,0.0,0.0,0.0,0.0,1.5715943499999998,0.0
2024-06-06 04:00:00,22.763,0.0,0.0,0.0,0.0,1.5811387,0.0
2024-06-06 04:30:00,22.4880005,0.0,0.0,0.0,0.0,1.69195715,0.0
2024-06-06 05:00:00,22.213001,0.0,0.0,0.0,0.0,1.8027756,0.0
2024-06-06 05:30:00,22.1630005,0.0,0.0,0.0,0.0,1.7916124999999998,0.0
2024-06-06 06:00:00,22.113,0.0,0.0,0.0,0.0,1.7804494,0.39
2024-06-06 06:30:00,22.963001,23.95646519624889,0.0,70.79278,24.408098000000003,1.5848469,21.039
2024-06-06 07:00:00,23.813002,52.44361225266738,0.03199960405686574,141.58556,48.816196,1.3892444,61.837
2024-06-06 07:30:00,25.688002,128.96294674769206,0.14847877909441431,358.97513,76.732,1.47724595,134.757
2024-06-06 08:00:00,27.563002,255.65229641598685,0.2641378130347293,576.3647,104.647804,1.5652475,216.561
2024-06-06 08:30:00,29.438002,341.2013759352287,0.3769984233923468,527.0020999999999,144.405832,1.2298373699999998,295.976
2024-06-06 09:00:00,31.313002,413.34960015092395,0.4851302184533465,477.6395,184.16386,0.89442724,457.9210000000001
2024-06-06 09:30:00,32.363001,482.86564627074847,0.5866837071104137,449.623535,222.28648,0.89721362,435.80099999999993
2024-06-06 10:00:00,33.413,543.1856837618052,0.6799219497649502,421.60757,260.4091,0.9,522.043
2024-06-06 10:30:00,33.488,547.5535565092822,0.7632502825228803,327.07755,303.07877,1.6849088,678.046
2024-06-06 11:00:00,33.563,533.5314392155177,0.835243590062981,232.54753,345.74844,2.4698176,426.508
2024-06-06 11:30:00,34.163,572.7756460835429,0.8946706978632432,239.97838,364.80822,1.80499655,425.85
2024-06-06 12:00:00,34.763,609.5426384927041,0.9405154413076596,247.40923,383.868,1.1401755,552.282
2024-06-06 12:30:00,34.462999999999994,502.38697857201305,0.9719940443426551,132.19958250000002,381.627175,1.88252825,240.16600000000005
2024-06-06 13:00:00,34.163,387.7248212127358,0.9885685338729435,16.989935,379.38635,2.624881,186.84
2024-06-06 13:30:00,33.763,391.91635193628906,0.989955940849307,31.3851375,368.961275,2.185653,132.721
2024-06-06 14:00:00,33.363,395.45149791667853,0.9761331341856411,45.78034,358.5362,1.746425,185.792
2024-06-06 14:30:00,32.813,363.7398460157412,0.94733721142265,23.4036487,349.29651,1.8991267,176.09900000000002
2024-06-06 15:00:00,32.263,333.3020388641766,0.9040614286777495,1.0269574,340.05682,2.0518284,133.939
2024-06-06 15:30:00,33.263,520.4047033712371,0.8470467532149051,308.7101037,262.87048000000004,2.2789107,576.837
2024-06-06 16:00:00,34.263,664.5554894243164,0.7772691719437664,616.39325,185.68414,2.505993,729.563
2024-06-06 16:30:00,34.087999999999994,572.2704944548794,0.6959229726533214,574.428825,172.98272,3.0453413,665.976
2024-06-06 17:00:00,33.913,481.39418566028814,0.6044003056338185,532.4644,160.2813,3.5846896,499.21
2024-06-06 17:30:00,33.087999999999994,406.93091245698105,0.5042673479438541,557.4232999999999,125.991975,3.3575923,173.57999999999998
2024-06-06 18:00:00,32.263,323.45258910374736,0.3972374878510509,582.3822,91.70265,3.130495,126.472
2024-06-06 18:30:00,31.813,213.5700825800439,0.2851420143444803,455.74313,83.8026875,2.1483427,102.535
2024-06-06 19:00:00,31.363,131.0429659782797,0.16989877319802005,329.10406,75.902725,1.1661904,104.288
2024-06-06 19:30:00,30.063,62.669337817573854,0.05347934391210945,220.361165,51.5005685,1.1421122,47.23
2024-06-06 20:00:00,28.763,26.64054464953942,0.0,111.61827,27.098412,1.118034,13.009
2024-06-06 20:30:00,27.538001,0.0,0.0,55.809135,13.549205999999998,1.51426565,0.07
2024-06-06 21:00:00,26.313002,0.0,0.0,0.0,0.0,1.9104973,0.0
2024-06-06 21:30:00,26.163001,0.0,0.0,0.0,0.0,1.379512725,0.0
2024-06-06 22:00:00,26.013,0.0,0.0,0.0,0.0,0.84852815,0.0
2024-06-06 22:30:00,25.813,0.0,0.0,0.0,0.0,1.346218525,0.0
2024-06-06 23:00:00,25.613,0.0,0.0,0.0,0.0,1.8439089,0.0
2024-06-06 23:30:00,24.838001,0.0,0.0,0.0,0.0,1.57387465,0.0
2024-06-07 00:00:00,24.063002,0.0,0.0,0.0,0.0,1.3038404,0.0
2024-06-07 00:30:00,23.863001,0.0,0.0,0.0,0.0,1.03270885,0.0
2024-06-07 01:00:00,23.663,0.0,0.0,0.0,0.0,0.7615773,0.0
2024-06-07 01:30:00,23.6880005,0.0,0.0,0.0,0.0,1.4414487500000002,0.0
2024-06-07 02:00:00,23.713001,0.0,0.0,0.0,0.0,2.1213202,0.0
2024-06-07 02:30:00,23.1880005,0.0,0.0,0.0,0.0,2.5722818,0.0
2024-06-07 03:00:00,22.663,0.0,0.0,0.0,0.0,3.0232434,0.0
2024-06-07 03:30:00,22.613001,0.0,0.0,0.0,0.0,2.9693596,0.0
2024-06-07 04:00:00,22.563002,0.0,0.0,0.0,0.0,2.9154758,0.0
2024-06-07 04:30:00,21.938002,0.0,0.0,0.0,0.0,1.92943695,0.0
2024-06-07 05:00:00,21.313002,0.0,0.0,0.0,0.0,0.9433981,0.0
2024-06-07 05:30:00,21.0130015,0.0,0.0,0.0,0.0,1.236552,0.0
2024-06-07 06:00:00,20.713001,0.0,0.0,0.0,0.0,1.5297059,0.164
2024-06-07 06:30:00,21.4880005,22.85295068596935,0.0,58.95404500000001,23.296173,0.92296683,23.683
2024-06-07 07:00:00,22.263,49.446677022226694,0.03172620004520467,117.90809,46.592346,0.31622776,63.092
2024-06-07 07:30:00,23.763,120.74971021111216,0.14812074214542084,312.441645,75.59864300000001,0.269917285,113.018
2024-06-07 08:00:00,25.263,236.92898536659274,0.2637084476427632,506.9752,104.60494,0.22360681,132.417
2024-06-07 08:30:00,26.788001,349.65574670425985,0.3765122538244546,628.8272,113.6837375,0.3667543749999999,153.086
2024-06-07 09:00:00,28.313002,486.3350527257044,0.48460273626156164,750.6792,122.762535,0.50990194,420.626
2024-06-07 09:30:00,29.438002,593.2164529865695,0.5861311019234569,795.10968,126.7639025,1.01980392,497.111
2024-06-07 10:00:00,30.563002,702.152720183054,0.6793608281202339,839.54016,130.76527,1.5297059,574.6
2024-06-07 10:30:00,31.488001,788.7508740472871,0.7626973795880158,856.46153,133.99338999999998,2.2681826,645.3499999999999
2024-06-07 11:00:00,32.413,868.2840229014906,0.8347154792589393,873.3829,137.22151,3.0066593,697.7199999999999
2024-06-07 11:30:00,32.988,930.4855130588257,0.8941835034295553,881.635725,139.739385,3.05655205,729.6890000000001
2024-06-07 12:00:00,33.563,981.5954714200948,0.9400845588047895,889.88855,142.25726,3.1064448,729.605
2024-06-07 12:30:00,33.463,1009.8473514477662,0.971633873932749,889.260405,142.840675,1.82248063,729.657
2024-06-07 13:00:00,33.363,1024.8270106755554,0.9882922310048082,888.63226,143.42409,0.53851646,729.772
2024-06-07 13:30:00,32.813,1014.3474792117705,0.989775188696326,878.5902100000001,141.544265,1.6006109300000002,729.7629999999999
2024-06-07 14:00:00,32.263,990.636054091426,0.9760579417313889,868.54816,139.66444,2.6627054,729.69
2024-06-07 14:30:00,31.663001,921.8982133091492,0.9473757407237151,821.25243,141.128675,3.1820283,729.803
2024-06-07 15:00:00,31.063002,844.6714579922632,0.9042198542967682,773.9567,142.59291,3.7013512,729.6469999999999
2024-06-07 15:30:00,31.463001,795.7058200793041,0.8473291561917137,778.500475,133.825825,2.38919205,724.622
2024-06-07 16:00:00,31.863,736.230766907384,0.7776774701917907,783.04425,125.05874,1.0770329,663.0640000000001
2024-06-07 16:30:00,31.138,633.0339575341803,0.6964568889367765,735.65976,118.95949,2.1196552000000004,588.8019999999999
2024-06-07 17:00:00,30.413,530.528431228786,0.6050573736446067,688.27527,112.86024,3.1622775,501.818
2024-06-07 17:30:00,28.738001,419.353462133657,0.5050429563702864,622.987235,103.9928375,4.3596276,398.92
2024-06-07 18:00:00,27.063002,317.38786296991054,0.39812496164841343,557.6992,95.125435,5.5569777,292.102
2024-06-07 18:30:00,25.963001,215.9816742299815,0.2861327317502734,461.62570000000005,84.0818025,5.48865485,185.107
2024-06-07 19:00:00,24.863,134.939974856324,0.17098231642207334,365.5522,73.03817,5.420332,99.168
2024-06-07 19:30:00,24.188,63.46503971289072,0.05464368096862694,260.283615,49.733095,5.06866125,50.11899999999999
2024-06-07 20:00:00,23.513,26.04735685980065,0.0,155.01503,26.42802,4.7169905,23.256
2024-06-07 20:30:00,22.913001,0.0,0.0,77.507515,13.214009999999998,3.94673325,2.708
2024-06-07 21:00:00,22.313002,0.0,0.0,0.0,0.0,3.176476,0.0
2024-06-07 21:30:00,22.313002,0.0,0.0,0.0,0.0,3.22301625,0.0
2024-06-07 22:00:00,22.313002,0.0,0.0,0.0,0.0,3.2695565,0.0
2024-06-07 22:30:00,22.213001,0.0,0.0,0.0,0.0,3.3347782500000003,0.0
2024-06-07 23:00:00,22.113,0.0,0.0,0.0,0.0,3.4,0.0
2024-06-07 23:30:00,21.938,0.0,0.0,0.0,0.0,3.2652475,0.0
2024-06-08 00:00:00,21.763,0.0,0.0,0.0,0.0,3.130495,0.0
2024-06-08 00:30:00,21.563,0.0,0.0,0.0,0.0,3.1184699,0.0
2024-06-08 01:00:00,21.363,0.0,0.0,0.0,0.0,3.1064448,0.0
2024-06-08 01:30:00,21.113,0.0,0.0,0.0,0.0,3.42538675,0.0
2024-06-08 02:00:00,20.863,0.0,0.0,0.0,0.0,3.7443287,0.0
2024-06-08 02:30:00,20.7880005,0.0,0.0,0.0,0.0,3.6901302,0.0
2024-06-08 03:00:00,20.713001,0.0,0.0,0.0,0.0,3.6359317,0.0
2024-06-08 03:30:00,20.9880005,0.0,0.0,0.0,0.0,3.51870095,0.0
2024-06-08 04:00:00,21.263,0.0,0.0,0.0,0.0,3.4014702,0.0
2024-06-08 04:30:00,21.288001,0.0,0.0,0.0,0.0,3.42772675,0.0
2024-06-08 05:00:00,21.313002,0.0,0.0,0.0,0.0,3.4539833,0.0
2024-06-08 05:30:00,21.438002,0.0,0.0,0.0,0.0,3.52212395,0.0
2024-06-08 06:00:00,21.563002,0.0,0.0,0.0,0.0,3.5902646,0.624
2024-06-08 06:30:00,22.063002,23.961188130170903,0.0,76.605185,24.40439,3.6772852,18.61
2024-06-08 07:00:00,22.563002,52.73388928587724,0.03140461723012243,153.21037,48.80878,3.7643058,51.248
2024-06-08 07:30:00,23.6380015,129.6168976105222,0.1477198431625652,387.910605,73.2507,3.8525589,112.084
2024-06-08 08:00:00,24.713001,260.60442288900117,0.2632417890309943,622.61084,97.69262,3.940812,207.838
2024-06-08 08:30:00,25.7880005,369.532841190153,0.3759945154160619,695.85972,108.41785,4.7058217,315.47399999999993
2024-06-08 09:00:00,26.863,491.36618154410286,0.4840494659649117,769.1086,119.14308,5.4708314,423.2310000000001
2024-06-08 09:30:00,27.438,595.8901085750767,0.5855584455555803,803.4276,124.95392,6.070831699999999,526.0
2024-06-08 10:00:00,28.013,700.4430440299083,0.6787852489878659,837.7466,130.76476,6.670832,615.741
2024-06-08 10:30:00,28.313,786.520614833491,0.7621353726654693,853.4931999999999,134.535395,7.06268065,692.683
2024-06-08 11:00:00,28.613,865.3988158095591,0.8341832849826194,869.2398,138.30603,7.4545293,729.814
2024-06-08 11:30:00,28.888,924.4880432885152,0.8936968260189322,874.8566249999999,140.285325,7.73226165,729.749
2024-06-08 12:00:00,29.163,972.3135845742731,0.9396582940387779,880.47345,142.26462,8.009994,729.7900000000001
2024-06-08 12:30:00,29.163,998.648442259697,0.9712818510739185,878.123125,142.84960999999998,8.105302,729.7790000000001
2024-06-08 13:00:00,29.163,1011.8045202402118,0.9880269733922786,875.7728,143.4346,8.20061,729.4639999999999
2024-06-08 13:30:00,29.288,1002.5961241445323,0.9896076971150647,866.45035,142.051775,7.95062965,729.8420000000001
2024-06-08 14:00:00,29.413,980.3376972454608,0.9759975043274293,857.1279,140.66895,7.7006493,729.797
2024-06-08 14:30:00,29.363001,938.0512847030152,0.9474297727563191,842.0433,137.30451499999998,7.65164015,729.775
2024-06-08 15:00:00,29.313002,884.6620754519602,0.9043937705014077,826.9587,133.94008,7.602631,729.7090000000001
2024-06-08 15:30:00,29.538001,813.6868729918697,0.8476262779289863,804.7297149999999,129.045117,7.6513155,729.696
2024-06-08 16:00:00,29.763,735.2508723981548,0.7780989689978192,782.50073,124.150154,7.7,686.0160000000001
2024-06-08 16:30:00,29.4880005,641.2030367131758,0.6970017674283687,748.565245,117.627047,7.801265499999999,608.911
2024-06-08 17:00:00,29.213001,545.3829281153191,0.6057224840943947,714.62976,111.10394,7.902531,516.5509999999999
2024-06-08 17:30:00,28.6630005,437.18122981446265,0.5058230565495904,660.99293,101.879115,7.801265499999999,413.371
2024-06-08 18:00:00,28.113,335.49877886638046,0.39901280704735187,607.3561,92.65429,7.7,301.179
2024-06-08 18:30:00,27.563,229.95976004325155,0.28711920244028544,522.16554,79.914605,7.350357150000001,189.619
2024-06-08 19:00:00,27.013,142.10051582998233,0.17205657643082786,436.97498,67.17492,7.0007143,97.826
2024-06-08 19:30:00,26.388,63.49074277389552,0.0557933672632279,302.47254,46.927359,6.8518493,43.93
2024-06-08 20:00:00,25.763,26.31346574001541,0.0,167.9701,26.679798,6.7029843,17.0
2024-06-08 20:30:00,25.313,0.0,0.0,83.98505,13.339899,6.47118765,2.39
2024-06-08 21:00:00,24.863,0.0,0.0,0.0,0.0,6.239391,0.0
2024-06-08 21:30:00,24.688,0.0,0.0,0.0,0.0,6.0321685,0.0
2024-06-08 22:00:00,24.513,0.0,0.0,0.0,0.0,5.824946,0.0
2024-06-08 22:30:00,24.338,0.0,0.0,0.0,0.0,5.695456999999999,0.0
2024-06-08 23:00:00,24.163,0.0,0.0,0.0,0.0,5.565968,0.0
2024-06-08 23:30:00,23.9380005,0.0,0.0,0.0,0.0,5.312806,0.0
2024-06-09 00:00:00,23.713001,0.0,0.0,0.0,0.0,5.059644,0.0
2024-06-09 00:30:00,23.3630005,0.0,0.0,0.0,0.0,4.886196249999999,0.0
2024-06-09 01:00:00,23.013,0.0,0.0,0.0,0.0,4.7127485,0.0
2024-06-09 01:30:00,22.763,0.0,0.0,0.0,0.0,4.5885257500000005,0.0
2024-06-09 02:00:00,22.513,0.0,0.0,0.0,0.0,4.464303,0.0
2024-06-09 02:30:00,22.288001,0.0,0.0,0.0,0.0,4.36815235,0.0
2024-06-09 03:00:00,22.063002,0.0,0.0,0.0,0.0,4.2720017,0.0
2024-06-09 03:30:00,22.038001,0.0,0.0,0.0,0.0,4.00415485,0.0
2024-06-09 04:00:00,22.013,0.0,0.0,0.0,0.0,3.736308,0.0
2024-06-09 04:30:00,21.888,0.0,0.0,0.0,0.0,3.8098027,0.0
2024-06-09 05:00:00,21.763,0.0,0.0,0.0,0.0,3.8832974,0.0
2024-06-09 05:30:00,21.663001,0.0,0.0,0.0,0.0,3.8580254,0.0
2024-06-09 06:00:00,21.563002,0.0,0.0,0.0,0.0,3.8327534,1.086
2024-06-09 06:30:00,21.988001,23.969297972425665,0.0,82.473975,24.404133,4.02172695,18.656
2024-06-09 07:00:00,22.413,53.057962540588896,0.031036254744224258,164.94795,48.808266,4.2107005,48.213
2024-06-09 07:30:00,23.638,131.46506404224886,0.1472775729196805,401.535875,73.2397005,4.5877886,115.251
2024-06-09 08:00:00,24.863,264.37733329950436,0.26273939223112874,638.1238,97.671135,4.9648767,216.216
2024-06-09 08:30:00,25.638,374.9944952588414,0.37544679901928724,712.89725,107.8029275,6.28243835,329.12699999999995
2024-06-09 09:00:00,26.413,498.7786682987424,0.483472005223313,787.6707,117.93472,7.6,441.896
2024-06-09 09:30:00,27.013,606.1043481306839,0.5849673133757637,822.57467,124.350575,7.65,543.32
2024-06-09 10:00:00,27.613,713.4273866923742,0.6781967367336507,857.47864,130.76643,7.7,637.6500000000001
2024-06-09 10:30:00,28.088001,801.5921487521358,0.7615657073506428,873.77557,134.5389,7.802847,719.278
2024-06-09 11:00:00,28.563002,882.4285751451919,0.8336483476705638,890.0725,138.31137,7.905694,729.884
2024-06-09 11:30:00,28.838001,941.3684224011769,0.8932118763554265,894.65575,139.769025,7.957844000000001,729.653
2024-06-09 12:00:00,29.113,988.6806315473409,0.9392377057239665,899.239,141.22668,8.009994,729.739
2024-06-09 12:30:00,29.313,1014.2661264384733,0.9709388628325936,895.42275,141.827465,8.0162315,729.626
2024-06-09 13:00:00,29.513,1026.354540572142,0.9877734597761343,891.6065,142.42825,8.022469,729.611
2024-06-09 13:30:00,29.688,1017.3881583335415,0.9894539631130536,882.3949250000001,141.06034,7.9662945,729.7289999999999
2024-06-09 14:00:00,29.863,995.1338327323526,0.9759521073297072,873.18335,139.69243,7.91012,729.588
2024-06-09 14:30:00,29.963001,951.5223031881094,0.9474993749658079,857.0726950000001,136.34353,7.75538875,729.828
2024-06-09 15:00:00,30.063002,896.6642040273789,0.9045830243316578,840.96204,132.99463,7.6006575,729.643
2024-06-09 15:30:00,29.8880015,823.4565982691897,0.8479377463621007,816.922305,128.117725,7.33586275,729.751
2024-06-09 16:00:00,29.713001,742.8557725887424,0.7785330822642335,792.88257,123.24082,7.071068,692.777
2024-06-09 16:30:00,29.5630005,646.3211621564753,0.6975568167762605,756.471585,116.74135,7.0290995,614.124
2024-06-09 17:00:00,29.413,548.3489386060164,0.6063946526371613,720.0606,110.24188,6.987131,523.414
2024-06-09 17:30:00,28.988001,439.9888288878189,0.5066064867491907,666.23248,101.47439,6.807928,419.582
2024-06-09 18:00:00,28.563002,338.134546508858,0.3998997035660093,612.40436,92.7069,6.628725,306.324
2024-06-09 18:30:00,27.963001,232.57525499933018,0.2880999685555508,529.116655,79.98861,6.3363652,193.238
2024-06-09 19:00:00,27.363,144.22120181965437,0.17311998164039558,445.82895,67.27032,6.0440054,99.08
2024-06-09 19:30:00,26.263,64.5686092373054,0.05692674314381856,312.10052,47.094815,5.260864,44.345
2024-06-09 20:00:00,25.163,26.56418401952886,0.0,178.37209,26.91931,4.4777226,20.077
2024-06-09 20:30:00,23.913,0.0,0.0,89.186045,13.459655,3.7920837,2.395
2024-06-09 21:00:00,22.663,0.0,0.0,0.0,0.0,3.1064448,0.0
2024-06-09 21:30:00,21.888,0.0,0.0,0.0,0.0,2.60797355,0.0
2024-06-09 22:00:00,21.113,0.0,0.0,0.0,0.0,2.1095023,0.0
2024-06-09 22:30:00,20.9130005,0.0,0.0,0.0,0.0,2.2090908,0.0
2024-06-09 23:00:00,20.713001,0.0,0.0,0.0,0.0,2.3086793,0.0
2024-06-09 23:30:00,20.6130005,0.0,0.0,0.0,0.0,2.47437765,0.0
2024-06-10 00:00:00,20.513,0.0,0.0,0.0,0.0,2.640076,0.0
2024-06-10 00:30:00,20.413001,0.0,0.0,0.0,0.0,2.5947929,0.0
2024-06-10 01:00:00,20.313002,0.0,0.0,0.0,0.0,2.5495098,0.0
2024-06-10 01:30:00,20.1380015,0.0,0.0,0.0,0.0,2.50966385,0.0
2024-06-10 02:00:00,19.963001,0.0,0.0,0.0,0.0,2.4698179,0.0
2024-06-10 02:30:00,19.8130005,0.0,0.0,0.0,0.0,2.35294295,0.0
2024-06-10 03:00:00,19.663,0.0,0.0,0.0,0.0,2.236068,0.0
2024-06-10 03:30:00,19.4380005,0.0,0.0,0.0,0.0,2.1950669,0.0
2024-06-10 04:00:00,19.213001,0.0,0.0,0.0,0.0,2.1540658,0.0
2024-06-10 04:30:00,19.0630005,0.0,0.0,0.0,0.0,2.0832635,0.0
2024-06-10 05:00:00,18.913,0.0,0.0,0.0,0.0,2.0124612,0.0
2024-06-10 05:30:00,18.863001,0.0,0.0,0.0,0.0,1.94564535,0.0
2024-06-10 06:00:00,18.813002,0.0,0.0,0.0,0.0,1.8788295,1.119
2024-06-10 06:30:00,19.5130015,23.978271315683962,0.0,88.3535,24.404755,1.90118395,20.379
2024-06-10 07:00:00,20.213001,53.36775174835915,0.03062249439462626,176.707,48.80951,1.9235384,49.82899999999999
2024-06-10 07:30:00,21.9130005,133.30777907154697,0.1467953983338201,415.28398,73.2339,2.0224293,114.679
2024-06-10 08:00:00,23.613,268.1796240519973,0.26220278248724266,653.86096,97.65829,2.1213202,217.573
2024-06-10 08:30:00,25.338001,379.0729387876883,0.3748706603961679,724.812805,107.796083,2.38069795,331.693
2024-06-10 09:00:00,27.063002,502.24070492430474,0.4828719120371122,795.76465,117.933876,2.6400757,438.9090000000001
2024-06-10 09:30:00,28.363001,609.0616663063182,0.584359237330639,829.386575,123.788363,3.5132091,537.069
2024-06-10 10:00:00,29.663,715.5873845665286,0.6775967694868534,863.0085,129.64285,4.3863425,626.1370000000001
2024-06-10 10:30:00,30.413,802.712226019353,0.7609897811208906,877.2976,133.44012500000002,4.96129325,696.9409999999999
2024-06-10 11:00:00,31.163,882.1713639292391,0.8331119587373071,891.5867,137.2374,5.536244,729.612
2024-06-10 11:30:00,31.613,941.1187704061566,0.8927298162567339,895.4373,139.23650500000002,5.72489385,729.5310000000001
2024-06-10 12:00:00,32.063,988.3634542012776,0.9388238048059179,899.2879,141.23561,5.9135437,729.585
2024-06-10 12:30:00,32.413,1012.9574244040981,0.9706057506383472,894.88725,141.32891,5.8502991,729.595
2024-06-10 13:00:00,32.763,1024.0431819694686,0.9875323463761261,890.4866,141.42221,5.7870545,729.611
2024-06-10 13:30:00,32.8629985,1013.6198388290552,0.9893144452234279,879.708085,140.06903,5.81970215,729.615
2024-06-10 14:00:00,32.962997,989.9724710760161,0.9759220025318668,868.92957,138.71585,5.8523498,729.4180000000001
2024-06-10 14:30:00,32.9129985,945.0398653386891,0.9475845869207108,851.187885,135.382315,5.61875725,729.565
2024-06-10 15:00:00,32.863,889.0613595910912,0.9047874413194903,833.4462,132.04878,5.3851647,729.566
2024-06-10 15:30:00,32.863,817.513682504122,0.8482631748606123,810.1839,127.6566075,5.10763935,729.4559999999999
2024-06-10 16:00:00,32.863,738.554897329846,0.7789792167442685,786.9216,123.264435,4.830114,672.3739999999999
2024-06-10 16:30:00,32.488,642.2700957719848,0.6981212461813976,750.688125,116.3214,4.80932075,596.812
2024-06-10 17:00:00,32.113,544.5642659237091,0.6070729034230412,714.45465,109.378365,4.7885275,509.119
2024-06-10 17:30:00,31.488,436.87946372267334,0.5073921017189862,661.516525,100.2247625,4.7869611,410.116
2024-06-10 18:00:00,30.863,335.53290195148406,0.4007843551027021,608.5784,91.07116,4.7853947,302.224
2024-06-10 18:30:00,29.963001,231.00226808053117,0.2890736042814614,525.7954,78.8422,4.59780505,192.88
2024-06-10 19:00:00,29.063002,143.5531056611443,0.17417099987123844,443.0124,66.61324,4.4102154,101.008
2024-06-10 19:30:00,27.8880015,64.62929929424408,0.05804219520301624,310.78375,46.8798125,3.55603325,43.904
2024-06-10 20:00:00,26.713001,26.78826342385011,0.0,178.5551,27.146385,2.7018511,18.387
2024-06-10 20:30:00,25.3130005,0.0,0.0,89.27755,13.573192499999998,2.2111581,2.869
2024-06-10 21:00:00,23.913,0.0,0.0,0.0,0.0,1.7204651,0.0
2024-06-10 21:30:00,23.138,0.0,0.0,0.0,0.0,1.46438485,0.0
2024-06-10 22:00:00,22.363,0.0,0.0,0.0,0.0,1.2083046,0.0
2024-06-10 22:30:00,22.013,0.0,0.0,0.0,0.0,1.42877345,0.0
2024-06-10 23:00:00,21.663,0.0,0.0,0.0,0.0,1.6492423,0.0
2024-06-10 23:30:00,21.538,0.0,0.0,0.0,0.0,1.3903066000000002,0.0
2024-06-11 00:00:00,21.413,0.0,0.0,0.0,0.0,1.1313709,0.0
2024-06-11 00:30:00,21.388,0.0,0.0,0.0,0.0,1.0373845,0.0
2024-06-11 01:00:00,21.363,0.0,0.0,0.0,0.0,0.9433981,0.0
2024-06-11 01:30:00,21.513,0.0,0.0,0.0,0.0,1.00320635,0.0
2024-06-11 02:00:00,21.663,0.0,0.0,0.0,0.0,1.0630146,0.0
2024-06-11 02:30:00,22.1880005,0.0,0.0,0.0,0.0,1.2332907,0.0
2024-06-11 03:00:00,22.713001,0.0,0.0,0.0,0.0,1.4035668,0.0
2024-06-11 03:30:00,22.5630005,0.0,0.0,0.0,0.0,1.34209585,0.0
2024-06-11 04:00:00,22.413,0.0,0.0,0.0,0.0,1.2806249,0.0
2024-06-11 04:30:00,22.588,0.0,0.0,0.0,0.0,1.17181975,0.0
2024-06-11 05:00:00,22.763,0.0,0.0,0.0,0.0,1.0630146,0.0
2024-06-11 05:30:00,22.8630005,0.0,0.0,0.0,0.0,0.9346202,0.0
2024-06-11 06:00:00,22.963001,0.0,0.0,0.0,0.0,0.8062258,0.407
2024-06-11 06:30:00,22.338001,22.887196200225493,0.0,82.46698,23.296982,0.81542347,19.08
2024-06-11 07:00:00,21.713001,50.74957528638789,0.030164696742483503,164.93396,46.593964,0.82462114,59.409
2024-06-11 07:30:00,23.7380005,128.91217891438893,0.14627475814813146,398.92283,71.43620200000001,0.4830212499999999,116.96
2024-06-11 08:00:00,25.763,260.93615641603685,0.26163345051726217,632.9117,96.27844,0.14142136,193.462
2024-06-11 08:30:00,27.638,368.9736562111468,0.37426761521376817,702.5306499999999,106.505763,0.36225828,286.724
2024-06-11 09:00:00,29.513,489.1027707707897,0.4822506996065832,772.1496,116.733086,0.5830952,374.489
2024-06-11 09:30:00,30.888,593.6891283917879,0.5837357008085151,806.9829,122.063488,0.5608058300000001,464.502
2024-06-11 10:00:00,32.263,698.4141470399045,0.6769867740370771,841.8162,127.39389,0.53851646,544.019
2024-06-11 10:30:00,33.188,784.0580367065845,0.7604089384022092,857.10155,130.69853999999998,0.58548598,630.642
2024-06-11 11:00:00,34.113,862.4328342588525,0.8325753559483909,872.3869,134.00319,0.6324555,692.74
2024-06-11 11:30:00,34.713,920.006885306443,0.8922517543823832,874.74235,137.101105,0.746344015,728.6320000000001
2024-06-11 12:00:00,35.313,966.0119464929707,0.9384175506846114,877.0978,140.19902,0.86023253,729.5550000000001
2024-06-11 12:30:00,35.463,990.9607386276712,0.9702833070594351,873.6948,140.307685,0.833229165,729.6669999999999
2024-06-11 13:00:00,35.613,1002.7733280315967,0.9873042442679887,870.2918,140.41635,0.8062258,729.7239999999999
2024-06-11 13:30:00,35.738,993.2860302299837,0.989189561515981,860.3836,139.07774999999998,0.85588215,729.643
2024-06-11 14:00:00,35.863,970.8618104692332,0.9759074068318934,850.4754,137.73915,0.9055385,729.709
2024-06-11 14:30:00,35.938,927.8330566085792,0.9476854196701717,832.58017,135.866805,1.1328428,729.744
2024-06-11 15:00:00,36.013,874.0368006715562,0.9050068255420792,814.68494,133.99446,1.3601471,726.1320000000001
2024-06-11 15:30:00,36.163,799.8269475134998,0.8486021629887084,789.1231700000001,127.70701,0.9963013,675.449
2024-06-11 16:00:00,36.313,718.7571018225979,0.7794367734589882,763.5614,121.41956,0.6324555,615.802
2024-06-11 16:30:00,36.1379985,622.5579460722452,0.6986942675215313,722.7307000000001,115.86319,0.5223830349999999,541.601
2024-06-11 17:00:00,35.962997,526.0000319308274,0.607756271826887,681.9,110.30682,0.41231057,461.867
2024-06-11 17:30:00,35.5379985,422.4870427363469,0.5081787759974928,631.515125,100.71293,0.206155285,369.97
2024-06-11 18:00:00,35.113,324.97785764372173,0.4016654938129765,581.13025,91.11904,0.0,270.754
2024-06-11 18:30:00,34.438,224.9800265102876,0.2900387202088825,505.83233500000006,78.159805,0.18027757,180.59
2024-06-11 19:00:00,33.763,140.41337431394732,0.17520814309928318,430.53442,65.20057,0.36055514,108.969
2024-06-11 19:30:00,32.388,63.84985570152715,0.05913816140194496,302.06469500000003,46.2806285,0.48027757,58.459
2024-06-11 20:00:00,31.013,26.992371984155294,0.0,173.59497,27.360687,0.6,26.342
2024-06-11 20:30:00,29.438,0.0,0.0,86.797485,13.6803435,0.760977225,2.857
2024-06-11 21:00:00,27.863,0.0,0.0,0.0,0.0,0.92195445,0.0
2024-06-11 21:30:00,26.988,0.0,0.0,0.0,0.0,0.9534201,0.0
2024-06-11 22:00:00,26.113,0.0,0.0,0.0,0.0,0.98488575,0.0
2024-06-11 22:30:00,25.888,0.0,0.0,0.0,0.0,0.873231525,0.0
2024-06-11 23:00:00,25.663,0.0,0.0,0.0,0.0,0.7615773,0.0
2024-06-11 23:30:00,26.213,0.0,0.0,0.0,0.0,0.6723362500000001,0.0
2024-06-12 00:00:00,26.763,0.0,0.0,0.0,0.0,0.5830952,0.0
2024-06-12 00:30:00,26.663001,0.0,0.0,0.0,0.0,0.8915476,0.0
2024-06-12 01:00:00,26.563002,0.0,0.0,0.0,0.0,1.2,0.0
2024-06-12 01:30:00,26.663001,0.0,0.0,0.0,0.0,1.5013877999999998,0.0
2024-06-12 02:00:00,26.763,0.0,0.0,0.0,0.0,1.8027756,0.0
2024-06-12 02:30:00,26.963,0.0,0.0,0.0,0.0,1.7013878,0.0
2024-06-12 03:00:00,27.163,0.0,0.0,0.0,0.0,1.6,0.0
2024-06-12 03:30:00,27.513,0.0,0.0,0.0,0.0,0.95,0.0
2024-06-12 04:00:00,27.863,0.0,0.0,0.0,0.0,0.3,0.0
2024-06-12 04:30:00,27.738,0.0,0.0,0.0,0.0,0.4192582299999999,0.0
2024-06-12 05:00:00,27.613,0.0,0.0,0.0,0.0,0.53851646,0.0
2024-06-12 05:30:00,27.588001,0.0,0.0,0.0,0.0,0.99726918,0.0
2024-06-12 06:00:00,27.563002,0.0,0.0,0.0,0.0,1.4560219,0.7170000000000001
2024-06-12 06:30:00,27.813002,23.973994765637258,0.0,82.485925,24.408915,1.5838731,22.463
2024-06-12 07:00:00,28.063002,52.84174789806757,0.029664202509658767,164.97185,48.81783,1.7117243,54.477
2024-06-12 07:30:00,28.613001,130.86939235865395,0.14571706395965123,401.761475,73.237775,1.35586215,114.216
2024-06-12 08:00:00,29.163,263.3866056838063,0.26103285327669234,638.5511,97.65772,1.0,202.04
2024-06-12 08:30:00,30.638,371.75297965253327,0.37363913953210237,710.8501650000001,106.596747,1.03851645,307.62100000000004
2024-06-12 09:00:00,32.113,492.77165387395263,0.481609836519188,783.14923,115.535774,1.0770329,401.574
2024-06-12 09:30:00,33.588,598.5406598064885,0.5830981385768157,817.114865,121.468557,1.0484184,501.391
2024-06-12 10:00:00,35.063,704.20944728567,0.6763681255605195,851.0805,127.40134,1.0198039,578.509
2024-06-12 10:30:00,36.2629985,791.4354118186369,0.7598244700888478,866.6988,131.246995,1.06216995,655.738
2024-06-12 11:00:00,37.462997,871.350061189104,0.8320397227081638,882.3171,135.09265,1.104536,706.892
2024-06-12 11:30:00,38.1379985,929.9109031613747,0.8917787453568343,885.632975,137.650955,1.15434775,729.6030000000001
2024-06-12 12:00:00,38.813,976.8689608280057,0.9380198501342012,888.94885,140.20926,1.2041595,729.6569999999999
2024-06-12 12:30:00,39.313,1002.7097096556345,0.9699722745474282,885.987875,140.31876499999998,1.4160208,729.739
2024-06-12 13:00:00,39.813,1015.2615505447034,0.9870897179665247,883.0269,140.42827,1.6278821,729.671
2024-06-12 13:30:00,39.988,1004.5639124058741,0.9890796880463041,872.269675,138.59527500000002,2.0945659,729.745
2024-06-12 14:00:00,40.163,980.7619351681388,0.9759085005744743,861.51245,136.76228,2.5612497,729.6690000000001
2024-06-12 14:30:00,39.913,937.5419641162604,0.9478018539847072,844.613425,133.941045,2.6222657,729.6610000000001
2024-06-12 15:00:00,39.663,883.3079523651458,0.9052409577817773,827.7144,131.11981,2.6832817,729.4580000000001
2024-06-12 15:30:00,39.213,810.1512193366189,0.8489542945864202,802.488515,126.280738,3.1030323500000003,699.0469999999999
2024-06-12 16:00:00,38.763,729.9144449300436,0.7799051457385008,777.26263,121.441666,3.522783,633.005
2024-06-12 16:30:00,38.288,636.2497231468216,0.6992750933473652,742.753965,114.992593,3.7171522,564.0070000000001
2024-06-12 17:00:00,37.813,540.9248930730566,0.6084438024526498,708.2453,108.54352,3.9115214,466.90600000000006
2024-06-12 17:30:00,37.2629985,435.17243833650895,0.5089654019713113,656.8574000000001,99.85417,3.3287137,377.171
2024-06-12 18:00:00,36.712997,335.4388954417196,0.40254187815934844,605.4695,91.16482,2.745906,278.228
2024-06-12 18:30:00,36.212997,231.3647195869072,0.2909939615387359,524.382685,78.59789,2.0054085,180.702
2024-06-12 19:00:00,35.712997,143.9549996906841,0.17622996578182848,443.29587,66.03096,1.264911,107.048
2024-06-12 19:30:00,34.1879985,65.32428835580347,0.06021312953158583,312.333145,46.79667,1.312529,57.813
2024-06-12 20:00:00,32.663,27.202480788463554,0.0,181.37042,27.56238,1.360147,24.364
2024-06-12 20:30:00,31.338,0.0,0.0,90.68521,13.781190000000002,1.759425,2.651
2024-06-12 21:00:00,30.013,0.0,0.0,0.0,0.0,2.158703,0.0
2024-06-12 21:30:00,30.063,0.0,0.0,0.0,0.0,1.93958405,0.0
2024-06-12 22:00:00,30.113,0.0,0.0,0.0,0.0,1.7204651,0.0
2024-06-12 22:30:00,30.613,0.0,0.0,0.0,0.0,1.15178015,0.0
2024-06-12 23:00:00,31.113,0.0,0.0,0.0,0.0,0.5830952,0.0
2024-06-12 23:30:00,28.938,0.0,0.0,0.0,0.0,1.24679625,0.0
2024-06-13 00:00:00,26.763,0.0,0.0,0.0,0.0,1.9104973,0.0
2024-06-13 00:30:00,26.4880005,0.0,0.0,0.0,0.0,1.8412509,0.0
2024-06-13 01:00:00,26.213001,0.0,0.0,0.0,0.0,1.7720045,0.0
2024-06-13 01:30:00,25.8130005,0.0,0.0,0.0,0.0,1.89098985,0.0
2024-06-13 02:00:00,25.413,0.0,0.0,0.0,0.0,2.0099752,0.0
2024-06-13 02:30:00,25.5630005,0.0,0.0,0.0,0.0,2.1117847000000003,0.0
2024-06-13 03:00:00,25.713001,0.0,0.0,0.0,0.0,2.2135942,0.0
2024-06-13 03:30:00,26.0630005,0.0,0.0,0.0,0.0,2.04621185,0.0
2024-06-13 04:00:00,26.413,0.0,0.0,0.0,0.0,1.8788295,0.0
2024-06-13 04:30:00,26.088,0.0,0.0,0.0,0.0,1.90507515,0.0
2024-06-13 05:00:00,25.763,0.0,0.0,0.0,0.0,1.9313208,0.0
2024-06-13 05:30:00,25.663001,0.0,0.0,0.0,0.0,1.9964368,0.0
2024-06-13 06:00:00,25.563002,0.0,0.0,0.0,0.0,2.0615528,0.366
2024-06-13 06:30:00,26.738001,22.89291282091085,0.0,82.517555,23.302801,1.9307764,19.288
2024-06-13 07:00:00,27.913,50.59203364900056,0.0291223364966331,165.03511,46.605602,1.8,56.98500000000001
2024-06-13 07:30:00,29.763,127.8689079784208,0.14512370404052485,399.438805,70.761854,1.5708204,110.181
2024-06-13 08:00:00,31.613,259.07003186490346,0.2604024176165615,633.8425,94.918106,1.3416408,187.694
2024-06-13 08:30:00,34.113,367.16639318900417,0.37298667322282464,703.43575,105.23172,2.0537521,278.66200000000003
2024-06-13 09:00:00,36.613,487.3614307617148,0.48095074996861664,773.029,115.545334,2.7658634,376.345
2024-06-13 09:30:00,37.1629985,591.9942783625442,0.5824479396459792,807.7849,120.914282,3.8829317,465.282
2024-06-13 10:00:00,37.712997,696.7710336465909,0.6757421501130798,842.5408,126.28323,5.0,551.967
2024-06-13 10:30:00,38.1629985,783.5229321292996,0.7592376156195491,858.4158749999999,130.15245,5.157066,626.417
2024-06-13 11:00:00,38.613,863.1102545959707,0.831506189700243,874.29095,134.02167,5.314132,687.107
2024-06-13 11:30:00,39.0379985,921.2668460392999,0.8913117908809907,878.181075,136.07445,5.2767035,726.757
2024-06-13 12:00:00,39.462997,967.9932740974293,0.9376315579093634,882.0712,138.12723,5.239275,729.691
2024-06-13 12:30:00,39.9379985,993.9620676885764,0.9696733455079818,878.8474,138.774995,5.19111565,729.6519999999999
2024-06-13 13:00:00,40.413,1006.74240611043,0.9868892849458463,875.6236,139.42276,5.1429563,729.5129999999999
2024-06-13 13:30:00,40.8129985,994.598746605451,0.9889851578224675,860.8910000000001,140.08181000000002,4.638480899999999,729.6999999999999
2024-06-13 14:00:00,41.212997,969.5692895323909,0.9759254259629114,846.1584,140.74086,4.1340055,729.6980000000001
2024-06-13 14:30:00,41.337997,929.6641932521443,0.9479338382317857,833.21653,136.90305999999998,3.1074353,729.7359999999999
2024-06-13 15:00:00,41.462997,878.6284751513399,0.9054895928998785,820.27466,133.06526,2.0808651,711.459
2024-06-13 15:30:00,40.837997,759.1631931533526,0.8493191346651499,714.2316800000001,151.08969000000002,2.8985229500000003,661.4
2024-06-13 16:00:00,40.212997,643.8473718420337,0.7803837157008253,608.1887,169.11412,3.7161808,594.246
2024-06-13 16:30:00,40.0379985,593.2204193575063,0.6998629329792706,643.2212750000001,142.432535,3.80359805,533.2570000000001
2024-06-13 17:00:00,39.863,530.0284185147717,0.6091345448918134,678.25385,115.75095,3.8910153,451.975
2024-06-13 17:30:00,39.363,409.0956043855976,0.5097508853290634,576.584065,114.880762,3.68978405,358.348
2024-06-13 18:00:00,38.863,305.0684217017064,0.40341228822425207,474.91428,114.010574,3.4885528,267.493
2024-06-13 18:30:00,38.213,219.50330116424828,0.29193800316058055,442.29047,90.810337,2.048414525,177.154
2024-06-13 19:00:00,37.563,139.88893878380966,0.17723505986392865,409.66666,67.6101,0.60827625,107.529
2024-06-13 19:30:00,35.413,65.36293194369706,0.06126563226618154,294.28498,47.680655,2.002666875,59.745000000000005
2024-06-13 20:00:00,33.263,27.385109380658967,0.0,178.9033,27.75121,3.3970575,25.612
2024-06-13 20:30:00,31.088,0.0,0.0,89.45165,13.875605,2.72809175,2.37
2024-06-13 21:00:00,28.913,0.0,0.0,0.0,0.0,2.059126,0.0
2024-06-13 21:30:00,28.263,0.0,0.0,0.0,0.0,1.810588,0.0
2024-06-13 22:00:00,27.613,0.0,0.0,0.0,0.0,1.56205,0.0
2024-06-13 22:30:00,27.463001,0.0,0.0,0.0,0.0,1.43294525,0.0
2024-06-13 23:00:00,27.313002,0.0,0.0,0.0,0.0,1.3038405,0.0
2024-06-13 23:30:00,27.063002,0.0,0.0,0.0,0.0,0.90687122,0.0
2024-06-14 00:00:00,26.813002,0.0,0.0,0.0,0.0,0.50990194,0.0
2024-06-14 00:30:00,27.2630015,0.0,0.0,0.0,0.0,1.35267587,0.0
2024-06-14 01:00:00,27.713001,0.0,0.0,0.0,0.0,2.1954498,0.0
2024-06-14 01:30:00,27.8130005,0.0,0.0,0.0,0.0,2.4430873,0.0
2024-06-14 02:00:00,27.913,0.0,0.0,0.0,0.0,2.6907248,0.0
2024-06-14 02:30:00,27.738001,0.0,0.0,0.0,0.0,2.62598725,0.0
2024-06-14 03:00:00,27.563002,0.0,0.0,0.0,0.0,2.5612497,0.0
2024-06-14 03:30:00,27.963001,0.0,0.0,0.0,0.0,2.83384725,0.0
2024-06-14 04:00:00,28.363,0.0,0.0,0.0,0.0,3.1064448,0.0
2024-06-14 04:30:00,28.463001,0.0,0.0,0.0,0.0,3.25175115,0.0
2024-06-14 05:00:00,28.563002,0.0,0.0,0.0,0.0,3.3970575,0.0
2024-06-14 05:30:00,28.488001,0.0,0.0,0.0,0.0,3.29383445,0.0
2024-06-14 06:00:00,28.413,0.0,0.0,0.0,0.0,3.1906114,0.3949999999999999
2024-06-14 06:30:00,28.613001,23.981572302504762,0.0,82.558815,24.41663,3.086949,33.686
2024-06-14 07:00:00,28.813002,52.675669805325086,0.028540412070567876,165.11763,48.83326,2.9832866,56.709
2024-06-14 07:30:00,30.788001,129.55221165643388,0.1444960478868862,405.153295,71.885033,3.018077,109.926
2024-06-14 08:00:00,32.763,261.6388463825143,0.25974354475370365,645.18896,94.936806,3.0528674,189.312
2024-06-14 08:30:00,34.563,370.94093834517685,0.3723116243056262,714.73071,105.2474405,2.5572101,281.493
2024-06-14 09:00:00,36.363,492.2879168744164,0.4802748297736331,784.27246,115.558075,2.0615528,378.341
2024-06-14 09:30:00,37.4129985,597.5217505597665,0.5817864509900559,818.115995,120.9261525,2.8746853,467.687
2024-06-14 10:00:00,38.462997,702.6508113026209,0.6751101279345423,851.95953,126.29423,3.6878178,547.76
2024-06-14 10:30:00,38.6879985,790.9909411873798,0.7586495658015533,870.221415,129.08240999999998,3.0939089,662.7460000000001
2024-06-14 11:00:00,38.913,872.4195351416587,0.8309758372026733,888.4833,131.87059,2.5,729.6569999999999
2024-06-14 11:30:00,39.663,931.0197181014166,0.8908518415108058,891.2397249999999,134.48125499999998,2.6508926,489.783
2024-06-14 12:00:00,40.413,977.9039554722892,0.9372534779268218,893.99615,137.09192,2.8017852,729.8090000000001
2024-06-14 12:30:00,40.163,1000.5894916209828,0.9693871628551226,885.8970899999999,138.772355,2.528944,729.7
2024-06-14 13:00:00,39.913,1009.7478096753061,0.9867034155662884,877.79803,140.45279,2.2561028,729.625
2024-06-14 13:30:00,40.588,993.0641680408025,0.9889062600858916,859.392165,140.108375,2.41840015,729.806
2024-06-14 14:00:00,41.263,963.5578047589904,0.9759582857043769,840.9863,139.76396,2.5806975,729.597
2024-06-14 14:30:00,41.213,914.2315939587911,0.948081286399444,782.39045,170.65791000000002,2.4756757,729.68
2024-06-14 15:00:00,41.163,857.7121796978984,0.9057524572519878,723.7946,201.55186,2.3706539,671.294
2024-06-14 15:30:00,40.538,774.2139055209198,0.8496962262828772,689.7536,187.68358,2.1153807,384.538
2024-06-14 16:00:00,39.913,686.1598182939883,0.7808718506009892,655.7126,173.8153,1.8601075,264.305
2024-06-14 16:30:00,38.538,590.0350683604611,0.7004569883954949,598.201485,171.274875,1.48232175,218.505
2024-06-14 17:00:00,37.163,497.6368918171019,0.6098275492485796,540.69037,168.73445,1.104536,199.636
2024-06-14 17:30:00,37.113,392.51048419246024,0.51053414026656,486.892335,144.77797,2.33692475,406.707
2024-06-14 18:00:00,37.063,295.051064121038,0.4042755206360775,433.0943,120.82149,3.5693135,323.90599999999995
2024-06-14 18:30:00,36.338,204.4063129536608,0.2928695444871682,313.96859,113.805645,2.7066112,196.993
2024-06-14 19:00:00,35.613,139.67260694542216,0.17822204955745843,194.84288,106.7898,1.8439089,119.056
2024-06-14 19:30:00,34.063,72.84055372461856,0.06229424186644421,99.9780595,67.8570475,1.32506735,67.663
2024-06-14 20:00:00,32.513,28.2776830794314,0.0,5.113239,28.924295,0.8062258,19.218
2024-06-14 20:30:00,31.538001,0.0,0.0,2.5566195,14.4621475,0.6267197099999999,1.012
2024-06-14 21:00:00,30.563002,0.0,0.0,0.0,0.0,0.44721362,0.0
2024-06-14 21:30:00,29.688002,0.0,0.0,0.0,0.0,0.98682366,0.0
2024-06-14 22:00:00,28.813002,0.0,0.0,0.0,0.0,1.5264337,0.0
2024-06-14 22:30:00,28.363001,0.0,0.0,0.0,0.0,1.8733971,0.0
2024-06-14 23:00:00,27.913,0.0,0.0,0.0,0.0,2.2203605,0.0
2024-06-14 23:30:00,27.263,0.0,0.0,0.0,0.0,2.4611058,0.0
2024-06-15 00:00:00,26.613,0.0,0.0,0.0,0.0,2.7018511,0.0
2024-06-15 00:30:00,25.563,0.0,0.0,0.0,0.0,2.6709634,0.0
2024-06-15 01:00:00,24.513,0.0,0.0,0.0,0.0,2.6400757,0.0
2024-06-15 01:30:00,23.438,0.0,0.0,0.0,0.0,2.68477225,0.0
2024-06-15 02:00:00,22.363,0.0,0.0,0.0,0.0,2.7294688,0.0
2024-06-15 02:30:00,22.138,0.0,0.0,0.0,0.0,2.8224723,0.0
2024-06-15 03:00:00,21.913,0.0,0.0,0.0,0.0,2.9154758,0.0
2024-06-15 03:30:00,21.6880005,0.0,0.0,0.0,0.0,2.7890906,0.0
2024-06-15 04:00:00,21.463001,0.0,0.0,0.0,0.0,2.6627054,0.0
2024-06-15 04:30:00,21.4130005,0.0,0.0,0.0,0.0,2.6061076,0.0
2024-06-15 05:00:00,21.363,0.0,0.0,0.0,0.0,2.5495098,0.0
2024-06-15 05:30:00,21.238,0.0,0.0,0.0,0.0,2.6349019,0.0
2024-06-15 06:00:00,21.113,0.0,0.0,0.0,0.0,2.720294,0.67
2024-06-15 06:30:00,21.588001,23.994992902304947,0.0,88.516245,24.421774,2.83662925,19.127
2024-06-15 07:00:00,22.063002,52.93268597318834,0.027919734781894846,177.03249,48.843548,2.9529645,49.114
2024-06-15 07:30:00,23.038001,132.84140703104984,0.14383544975825496,424.842545,72.591329,3.0710041500000003,112.118
2024-06-15 08:00:00,24.013,269.73376859336867,0.2590576137056665,672.6526,96.33911,3.1890438,211.694
2024-06-15 08:30:00,24.763,380.89116438058215,0.37161537224047725,740.79985,105.956508,3.7416129,323.389
2024-06-15 09:00:00,25.513,503.6767396689945,0.47958343149900173,808.9471,115.573906,4.294182,431.845
2024-06-15 09:30:00,26.338,610.1246964093797,0.58111498039759,840.5735999999999,120.940328,4.75716765,533.083
2024-06-15 10:00:00,27.163,715.8661333271862,0.6744732960151214,872.2001,126.30675,5.2201533,620.1290000000001
2024-06-15 10:30:00,27.888,803.1185005544442,0.7580614650598472,885.3856000000001,130.175375,5.488444299999999,698.8009999999999
2024-06-15 11:00:00,28.613,882.5112314986147,0.8304496969054289,898.5711,134.044,5.7567353,729.4749999999999
2024-06-15 11:30:00,29.1630005,940.5168565275155,0.8903997980302352,901.091125,135.573735,5.80454255,729.703
2024-06-15 12:00:00,29.713001,986.6588327398626,0.9368863641779356,903.61115,137.10347,5.8523498,729.594
2024-06-15 12:30:00,30.0380005,1010.332090678675,0.9691143204536911,897.6427249999999,137.25757499999995,5.93449665,729.7249999999999
2024-06-15 13:00:00,30.363,1020.4151804823996,0.9865325330200924,891.6743,137.41168,6.0166435,729.649
2024-06-15 13:30:00,30.438,1010.1487773290835,0.9888432397848033,880.51305,136.11653,6.1280174,729.6470000000002
2024-06-15 14:00:00,30.513,986.6628916407516,0.9760071420185287,869.3518,134.82138,6.2393913,729.7810000000001
2024-06-15 14:30:00,30.388,943.3540627877857,0.9482440766715778,852.25325,132.030965,6.166004900000001,729.7130000000001
2024-06-15 15:00:00,30.263,888.925191232644,0.9060292468501508,835.1547,129.24055,6.0926185,729.6569999999999
2024-06-15 15:30:00,30.3630005,815.6422824058458,0.8500850883063467,809.3964000000001,124.904805,5.43639305,729.7339999999999
2024-06-15 16:00:00,30.463001,735.2327774789271,0.7813689002528006,783.6381,120.56906,4.7801676,679.506
2024-06-15 16:30:00,29.9880005,640.9857529680012,0.701056451376049,749.35115,113.700155,4.74857905,600.92
2024-06-15 17:00:00,29.513,544.9365802749421,0.6105218629764927,715.0642,106.83125,4.7169905,511.917
2024-06-15 17:30:00,28.8630005,439.39269263543486,0.5113140861529356,664.323575,98.637335,4.7296765,414.021
2024-06-15 18:00:00,28.213001,339.6362260279855,0.40513038509661153,613.58295,90.44342,4.7423625,302.613
2024-06-15 18:30:00,27.1880005,235.18763823253494,0.2937873058497837,533.103175,78.345125,4.78779055,193.347
2024-06-15 19:00:00,26.163,147.18765662535947,0.17918958766270524,452.6234,66.24683,4.8332186,100.98
2024-06-15 19:30:00,25.013,67.46721439154092,0.06329756659128417,320.927415,47.418968,4.2550869,44.901
2024-06-15 20:00:00,23.863,28.224323726351713,0.0,189.23143,28.591106,3.6769552,20.158
2024-06-15 20:30:00,22.963001,14.112161863175858,0.0,94.615715,14.295553000000002,3.13655305,4.182
2024-06-15 21:00:00,22.063002,0.0,0.0,0.0,0.0,2.5961509,0.0
2024-06-15 21:30:00,21.6380015,0.0,0.0,0.0,0.0,2.36695325,0.0
2024-06-15 22:00:00,21.213001,0.0,0.0,0.0,0.0,2.1377556,0.0
2024-06-15 22:30:00,20.9380005,0.0,0.0,0.0,0.0,1.99083225,0.0
2024-06-15 23:00:00,20.663,0.0,0.0,0.0,0.0,1.8439089,0.0
2024-06-15 23:30:00,20.413,0.0,0.0,0.0,0.0,1.7734238,0.0
2024-06-16 00:00:00,20.163,0.0,0.0,0.0,0.0,1.7029387,0.0
2024-06-16 00:30:00,19.9380005,0.0,0.0,0.0,0.0,1.75700785,0.0
2024-06-16 01:00:00,19.713001,0.0,0.0,0.0,0.0,1.811077,0.0
2024-06-16 01:30:00,19.5630005,0.0,0.0,0.0,0.0,1.87636285,0.0
2024-06-16 02:00:00,19.413,0.0,0.0,0.0,0.0,1.9416487,0.0
2024-06-16 02:30:00,19.238001,0.0,0.0,0.0,0.0,2.09887575,0.0
2024-06-16 03:00:00,19.063002,0.0,0.0,0.0,0.0,2.2561028,0.0
2024-06-16 03:30:00,19.0130015,0.0,0.0,0.0,0.0,1.95267255,0.0
2024-06-16 04:00:00,18.963001,0.0,0.0,0.0,0.0,1.6492423,0.0
2024-06-16 04:30:00,18.7880005,0.0,0.0,0.0,0.0,1.85539755,0.0
2024-06-16 05:00:00,18.613,0.0,0.0,0.0,0.0,2.0615528,0.0
2024-06-16 05:30:00,18.513,0.0,0.0,0.0,0.0,2.0615528,0.0
2024-06-16 06:00:00,18.413,0.0,0.0,0.0,0.0,2.0615528,0.03
2024-06-16 06:30:00,18.888,25.06949895029155,0.0,76.7791,25.5382385,2.1124418,20.157
2024-06-16 07:00:00,19.363,54.32524068192691,0.02726160362223448,153.5582,51.076477,2.1633308,48.476
2024-06-16 07:30:00,20.5380005,130.21784047864128,0.14314324995704136,405.7556,73.0361135,2.1828011500000004,111.214
2024-06-16 08:00:00,21.713001,264.1138467726985,0.258345982555802,657.953,94.99575,2.2022715,207.403
2024-06-16 08:30:00,22.963001,372.96248177473234,0.3708992690804077,725.88555,104.090155,2.7236339000000003,319.28
2024-06-16 09:00:00,24.213001,493.47171802668413,0.47887787750296934,793.8181,113.18456,3.2449963,428.323
2024-06-16 09:30:00,25.1630005,598.8835660401666,0.5804347974062019,825.2533,119.1888,4.0151955,530.108
2024-06-16 10:00:00,26.113,703.6907294646653,0.6738328488688426,856.6885,125.19304,4.7853947,621.381
2024-06-16 10:30:00,26.938,790.4878337933294,0.7574744120179135,871.6007999999999,128.543665,5.169836050000001,701.263
2024-06-16 11:00:00,27.763,869.8618947179987,0.8299287523630681,886.5131,131.89429,5.5542774,729.7529999999999
2024-06-16 11:30:00,28.163001,928.5385667631516,0.8899565117583816,889.9096999999999,133.98153000000002,5.9618677,729.544
2024-06-16 12:00:00,28.563002,975.6050568218149,0.9365309208732661,893.3063,136.06877,6.369458,729.537
2024-06-16 12:30:00,28.988001,1001.5135674798793,0.9688553631216541,889.356185,136.746375,6.3331415,729.5139999999999
2024-06-16 13:00:00,29.413,1014.0602255749803,0.9863770132064653,885.40607,137.42398,6.296825,729.4989999999999
2024-06-16 13:30:00,29.738001,1005.9613408069617,0.9887962973084616,876.337485,136.12939,6.34372165,729.504
2024-06-16 14:00:00,30.063002,984.685033971498,0.9760720162481318,867.2689,134.8348,6.3906183,729.5809999999999
2024-06-16 14:30:00,30.0130015,941.9561141566383,0.9484220509035344,851.1087,131.563075,6.484685900000001,729.5949999999999
2024-06-16 15:00:00,29.963001,888.0537934741664,0.9063196267455662,834.9485,128.29135,6.5787535,729.446
2024-06-16 15:30:00,29.8630005,815.6577388976052,0.8504852147298471,804.766425,128.646175,6.5787535,729.4960000000001
2024-06-16 16:00:00,29.763,736.7355217487761,0.7818741962743689,774.58435,129.001,6.5787535,640.41
2024-06-16 16:30:00,29.388,643.9186098527557,0.7016605026667325,746.395275,118.377345,6.5787535,635.259
2024-06-16 17:00:00,29.013,548.2765477998204,0.6112165300567981,718.2062,107.75369,6.5787535,526.437
2024-06-16 17:30:00,28.438,441.3340849630001,0.5120896466581266,667.76747,98.2709375,6.3569491,423.81
2024-06-16 18:00:00,27.863,340.0779775295135,0.40597570347727074,617.32874,88.788185,6.1351447,219.317
2024-06-16 18:30:00,27.088001,229.59907869796282,0.29469002762810104,459.6320500000001,94.5027525,5.89820835,304.601
2024-06-16 19:00:00,26.313002,153.23222144293422,0.18013635469792727,301.93536,100.21732,5.661272,113.715
2024-06-16 19:30:00,25.5130015,79.78504985698744,0.06427424979399944,232.806145,65.7408085,5.11536785,50.383
2024-06-16 20:00:00,24.713001,30.800532741230914,0.0,163.67693,31.264297,4.5694637,18.895000000000003
2024-06-16 20:30:00,23.9130005,15.400266370615457,0.0,81.838465,15.6321485,4.00664935,2.044
2024-06-16 21:00:00,23.113,0.0,0.0,0.0,0.0,3.443835,0.0
2024-06-16 21:30:00,22.488,0.0,0.0,0.0,0.0,2.974914,0.0
2024-06-16 22:00:00,21.863,0.0,0.0,0.0,0.0,2.505993,0.0
2024-06-16 22:30:00,21.563,0.0,0.0,0.0,0.0,2.3710305,0.0
2024-06-16 23:00:00,21.263,0.0,0.0,0.0,0.0,2.236068,0.0
2024-06-16 23:30:00,21.063,0.0,0.0,0.0,0.0,2.368034,0.0
2024-06-17 00:00:00,20.863,0.0,0.0,0.0,0.0,2.5,0.0
2024-06-17 00:30:00,20.763,0.0,0.0,0.0,0.0,2.535496,0.0
2024-06-17 01:00:00,20.663,0.0,0.0,0.0,0.0,2.570992,0.0
2024-06-17 01:30:00,20.538,0.0,0.0,0.0,0.0,2.38208165,0.0
2024-06-17 02:00:00,20.413,0.0,0.0,0.0,0.0,2.1931713,0.0
2024-06-17 02:30:00,20.4380005,0.0,0.0,0.0,0.0,2.28507215,0.0
2024-06-17 03:00:00,20.463001,0.0,0.0,0.0,0.0,2.376973,0.0
2024-06-17 03:30:00,20.7380005,0.0,0.0,0.0,0.0,2.4543853,0.0
2024-06-17 04:00:00,21.013,0.0,0.0,0.0,0.0,2.5317976,0.0
2024-06-17 04:30:00,20.888,0.0,0.0,0.0,0.0,2.442759,0.0
2024-06-17 05:00:00,20.763,0.0,0.0,0.0,0.0,2.3537204,0.0
2024-06-17 05:30:00,20.663001,0.0,0.0,0.0,0.0,2.2562117,0.0
2024-06-17 06:00:00,20.563002,0.0,0.0,0.0,0.0,2.158703,2.563
2024-06-17 06:30:00,20.988001,22.905088344288174,0.0,76.852735,23.323717,2.1400116,31.319
2024-06-17 07:00:00,21.413,49.89371742087739,0.026567309102929395,153.70547,46.647434,2.1213202,69.251
2024-06-17 07:30:00,22.613001,125.10727493238014,0.14242077288344446,382.59126,71.530147,2.10109265,135.452
2024-06-17 08:00:00,23.813002,252.94908190361485,0.257609986544438,611.47705,96.41286,2.0808651,230.89
2024-06-17 08:30:00,25.1380015,359.0872503564715,0.3701646376545327,689.7807,104.20716,2.51097675,313.046
2024-06-17 09:00:00,26.463001,479.3499620333994,0.47815945521415515,768.08435,112.00146,2.9410884,290.298
2024-06-17 09:30:00,27.588001,583.619804940239,0.5797471316638819,801.060925,118.604955,3.66200505,447.03399999999993
2024-06-17 10:00:00,28.713001,687.7965472224378,0.673189937064428,834.0375,125.20845,4.3829217,604.2669999999999
2024-06-17 10:30:00,29.4130005,773.598642832043,0.7568894582194173,850.0952500000001,128.55786,4.90301015,672.784
2024-06-17 11:00:00,30.113,852.4094947137658,0.8294139378984372,866.153,131.90727,5.4230986,725.77
2024-06-17 11:30:00,30.513,911.2972634409564,0.8895227836461788,871.65245,133.470735,5.7318968,729.613
2024-06-17 12:00:00,30.913,959.0538844279837,0.9361878017927284,877.1519,135.0342,6.040695,729.4939999999999
2024-06-17 12:30:00,31.188,986.2843153062702,0.9686107862069153,875.5010299999999,135.2172,6.12196,729.53
2024-06-17 13:00:00,31.463,1000.4776948157682,0.9862371845516679,873.85016,135.4002,6.203225,729.873
2024-06-17 13:30:00,31.738,993.6610223247715,0.9887655885731562,865.97461,134.132525,6.2213081500000005,729.6009999999999
2024-06-17 14:00:00,32.013,973.8119581030869,0.9761528892048971,858.09906,132.86485,6.2393913,729.7149999999999
2024-06-17 14:30:00,32.087999999999994,932.8023719533327,0.948615015248276,842.8518300000001,130.10311,6.2393913,729.56
2024-06-17 15:00:00,32.163,880.6704164997723,0.9066232319010337,827.6046,127.34137,6.2393913,729.6709999999999
2024-06-17 15:30:00,31.613001,809.5534456605365,0.8508960757426633,804.1862,122.571155,6.443849650000001,729.691
2024-06-17 16:00:00,31.063002,731.0668869400611,0.7823870533895064,780.7678,117.80094,6.648308,678.9069999999999
2024-06-17 16:30:00,30.613001,636.1929295930036,0.7022683134684525,741.307485,113.686985,6.71310675,600.2429999999999
2024-06-17 17:00:00,30.163,540.4557938859364,0.6119105926174259,701.84717,109.57303,6.7779055,508.222
2024-06-17 17:30:00,29.588,436.8361702615774,0.512859751498575,656.338585,99.1969725,6.82442955,407.071
2024-06-17 18:00:00,29.013,337.9569198558516,0.4068103117088592,610.83,88.820915,6.8709536,301.228
2024-06-17 18:30:00,28.338,234.7222485505593,0.29557647211230864,532.02703,77.21661,6.6393808,192.049
2024-06-17 19:00:00,27.663,147.531403835662,0.18106106079375234,453.22406,65.612305,6.407808,105.845
2024-06-17 19:30:00,26.763,67.86558747490804,0.06522297177413523,323.796615,46.9933775,5.350995,51.899
2024-06-17 20:00:00,25.863,28.023045233594306,0.0,194.36917,28.37445,4.294182,25.041
2024-06-17 20:30:00,24.7880005,14.011522616797153,0.0,97.184585,14.187225,3.4933822,3.65
2024-06-17 21:00:00,23.713001,0.0,0.0,0.0,0.0,2.6925824,0.0
2024-06-17 21:30:00,23.213001,0.0,0.0,0.0,0.0,2.6587317,0.0
2024-06-17 22:00:00,22.713001,0.0,0.0,0.0,0.0,2.624881,0.0
2024-06-17 22:30:00,22.6880005,0.0,0.0,0.0,0.0,2.627735,0.0
2024-06-17 23:00:00,22.663,0.0,0.0,0.0,0.0,2.630589,0.0
2024-06-17 23:30:00,22.638,0.0,0.0,0.0,0.0,2.531847,0.0
2024-06-18 00:00:00,22.613,0.0,0.0,0.0,0.0,2.433105,0.0
2024-06-18 00:30:00,22.563,0.0,0.0,0.0,0.0,2.5403726,0.0
2024-06-18 01:00:00,22.513,0.0,0.0,0.0,0.0,2.6476402,0.0
2024-06-18 01:30:00,22.563,0.0,0.0,0.0,0.0,2.8370946000000004,0.0
2024-06-18 02:00:00,22.613,0.0,0.0,0.0,0.0,3.026549,0.0
2024-06-18 02:30:00,22.713001,0.0,0.0,0.0,0.0,3.1753515,0.0
2024-06-18 03:00:00,22.813002,0.0,0.0,0.0,0.0,3.324154,0.0
2024-06-18 03:30:00,22.613001,0.0,0.0,0.0,0.0,3.5059859,0.0
2024-06-18 04:00:00,22.413,0.0,0.0,0.0,0.0,3.6878178,0.0
2024-06-18 04:30:00,22.213,0.0,0.0,0.0,0.0,3.5701766,0.0
2024-06-18 05:00:00,22.013,0.0,0.0,0.0,0.0,3.4525354,0.0
2024-06-18 05:30:00,22.013,0.0,0.0,0.0,0.0,3.3883447,0.0
2024-06-18 06:00:00,22.013,0.0,0.0,0.0,0.0,3.324154,0.8170000000000001
2024-06-18 06:30:00,22.563,22.920300469148888,0.0,82.85328,23.330679,3.3188811,19.461
2024-06-18 07:00:00,23.113,50.122148320239866,0.025838128447914735,165.70656,46.661358,3.3136082,52.985
2024-06-18 07:30:00,24.713001,126.76051623984051,0.14166932233985138,405.30513,70.1826915,3.4768316,111.55700000000002
2024-06-18 08:00:00,26.313002,258.4859426762194,0.2568509334816453,644.9037,93.704025,3.640055,200.653
2024-06-18 08:30:00,27.338001,366.72358526117665,0.3694127671836272,713.66755,103.4668375,4.93450965,306.407
2024-06-18 09:00:00,28.363,486.88530022092766,0.47742941299818237,782.4314,113.22965,6.2289643,409.867
2024-06-18 09:30:00,28.838001,591.1423106711228,0.5790531691956836,815.7666,118.099303,6.432990800000001,506.144
2024-06-18 10:00:00,29.313002,695.2703487905993,0.6725456638578678,849.1018,122.968956,6.6370173,592.167
2024-06-18 10:30:00,29.738001,781.6371717485308,0.7563076052014506,863.42602,126.904308,6.82742565,673.9680000000001
2024-06-18 11:00:00,30.163,860.6049575211504,0.828906136169689,877.75024,130.83966,7.017834,728.306
2024-06-18 11:30:00,30.588,918.9083667120043,0.8890993623861423,881.71512,132.41967,7.0603253,729.824
2024-06-18 12:00:00,31.013,965.790000933825,0.9358576089185613,885.68,133.99968,7.1028166,729.822
2024-06-18 12:30:00,31.463,992.4008081608954,0.9683810348012152,882.492,134.705995,7.101408299999999,729.779
2024-06-18 13:00:00,31.913,1005.7983437199707,0.9861133278054025,879.304,135.41231,7.1,729.6780000000001
2024-06-18 13:30:00,32.1879985,997.3627820348809,0.9887512253911431,869.20495,134.640705,7.05035715,729.6460000000001
2024-06-18 14:00:00,32.462997,975.8675740342568,0.9762497021018698,859.1059,133.8691,7.0007143,729.687
2024-06-18 14:30:00,32.4379985,934.353562414501,0.948822741617568,843.2762150000001,131.094615,7.10070415,729.6210000000001
2024-06-18 15:00:00,32.413,881.7462113930314,0.9069396691574727,827.44653,128.32013,7.200694,729.7760000000001
2024-06-18 15:30:00,31.988001,812.4922819698901,0.8513171202129393,805.5825500000001,124.0038075,7.150699,729.789
2024-06-18 16:00:00,31.563002,735.64857760965,0.7829067722853558,783.71857,119.687485,7.100704,682.7
2024-06-18 16:30:00,31.238001,641.9065406791335,0.7028790486770949,749.270035,113.29369,7.1017603000000005,604.132
2024-06-18 17:00:00,30.913,546.3525238539318,0.6126030944685172,714.8215,106.899895,7.1028166,517.3100000000001
2024-06-18 17:30:00,30.413,441.23514264065676,0.513623340183877,664.73915,98.7216455,6.90476465,416.141
2024-06-18 18:00:00,29.913,341.7229735977515,0.40763306356608286,614.6568,90.543396,6.7067127,305.0
2024-06-18 18:30:00,29.088,237.6895912800675,0.29644542741180413,537.479065,78.10355,6.45698335,197.728
2024-06-18 19:00:00,28.263,149.30177862647093,0.18196244954583565,460.30133,65.663704,6.207254,104.136
2024-06-18 19:30:00,27.288001,68.66718941875746,0.06614245351173068,329.88608,47.080078,5.54545,46.959
2024-06-18 20:00:00,26.313002,28.15120832591589,0.0,199.47083,28.496452,4.883646,20.638
2024-06-18 20:30:00,25.3880015,14.075604162957948,0.0,99.735415,14.248226000000004,4.45490525,4.128
2024-06-18 21:00:00,24.463001,0.0,0.0,0.0,0.0,4.0261645,0.0
2024-06-18 21:30:00,24.0380005,0.0,0.0,0.0,0.0,3.70497475,0.0
2024-06-18 22:00:00,23.613,0.0,0.0,0.0,0.0,3.383785,0.0
2024-06-18 22:30:00,23.438,0.0,0.0,0.0,0.0,3.2895471,0.0
2024-06-18 23:00:00,23.263,0.0,0.0,0.0,0.0,3.1953092,0.0
2024-06-18 23:30:00,23.138,0.0,0.0,0.0,0.0,3.13794675,0.0
2024-06-19 00:00:00,23.013,0.0,0.0,0.0,0.0,3.0805843,0.0
2024-06-19 00:30:00,22.788001,0.0,0.0,0.0,0.0,2.93313085,0.0
2024-06-19 01:00:00,22.563002,0.0,0.0,0.0,0.0,2.7856774,0.0
2024-06-19 01:30:00,22.3880015,0.0,0.0,0.0,0.0,2.6458352,0.0
2024-06-19 02:00:00,22.213001,0.0,0.0,0.0,0.0,2.505993,0.0
2024-06-19 02:30:00,22.1630005,0.0,0.0,0.0,0.0,2.5277514,0.0
2024-06-19 03:00:00,22.113,0.0,0.0,0.0,0.0,2.5495098,0.0
2024-06-19 03:30:00,22.1630005,0.0,0.0,0.0,0.0,2.5563555,0.0
2024-06-19 04:00:00,22.213001,0.0,0.0,0.0,0.0,2.5632012,0.0
2024-06-19 04:30:00,22.088001,0.0,0.0,0.0,0.0,2.7824336,0.0
2024-06-19 05:00:00,21.963001,0.0,0.0,0.0,0.0,3.001666,0.0
2024-06-19 05:30:00,21.9130005,0.0,0.0,0.0,0.0,3.1651646500000004,0.0
2024-06-19 06:00:00,21.863,0.0,0.0,0.0,0.0,3.3286633,0.659
2024-06-19 06:30:00,22.313,22.92800162155685,0.0,82.955215,23.338518,3.41433155,19.227
2024-06-19 07:00:00,22.763,50.016260263373844,0.025075319377209422,165.91043,46.677036,3.4999998,49.937
2024-06-19 07:30:00,23.938,125.93793808630214,0.1408901754520478,406.253095,69.52713299999999,3.5700275,108.835
2024-06-19 08:00:00,25.113,257.11957284527256,0.25607009792448504,646.59576,92.37723,3.6400552,198.392
2024-06-19 08:30:00,26.238,365.37574056042047,0.3686449077781164,716.40173,101.611895,4.30246595,302.201
2024-06-19 09:00:00,27.363,485.7865754695657,0.47668895508032627,786.2077,110.84656,4.9648767,407.466
2024-06-19 09:30:00,28.088001,590.7073040649283,0.5783540477299246,818.93637,116.352465,5.459433349999999,505.276
2024-06-19 10:00:00,28.813002,695.3688918676519,0.6719010810444407,851.66504,121.85837,5.95399,594.116
2024-06-19 10:30:00,29.438002,782.304791075226,0.7557298009394631,866.36067,125.815415,6.10749,673.5079999999999
2024-06-19 11:00:00,30.063002,861.8786776297195,0.8284061752295764,881.0563,129.77246,6.26099,727.676
2024-06-19 11:30:00,30.5130015,920.7214784340614,0.888686942143401,885.2971299999999,131.36882,6.4625365,729.5839999999998
2024-06-19 12:00:00,30.963001,968.1318957520962,0.9355408908742112,889.53796,132.96518,6.664083,729.5219999999999
2024-06-19 12:30:00,31.2630015,994.728328057634,0.9681665028782145,886.09698,133.68563,6.83239865,729.873
2024-06-19 13:00:00,31.563002,1008.0488930987351,0.9860056758757991,882.656,134.40608,7.0007143,729.6039999999999
2024-06-19 13:30:00,31.688002,1000.1347985447899,0.9887532759906246,873.9335,132.65617500000002,7.09375365,729.6400000000001
2024-06-19 14:00:00,31.813002,979.074759485396,0.9763623577308046,865.211,130.90627,7.186793,729.609
2024-06-19 14:30:00,31.688002,937.4749324785967,0.9490449694791513,849.3298,128.17253,7.1222065,729.4879999999999
2024-06-19 15:00:00,31.563002,884.6918866101435,0.907268519595793,833.4486,125.43879,7.05762,729.597
2024-06-19 15:30:00,31.363001,812.9938226182443,0.8517477785159121,808.9875,121.168145,6.84920165,728.823
2024-06-19 16:00:00,31.163,733.974415153913,0.7834326429176436,784.5264,116.8975,6.6407833,673.054
2024-06-19 16:30:00,30.888,640.2695681178228,0.7034918705253721,750.07655,110.56076,6.50512065,592.66
2024-06-19 17:00:00,30.613,544.7317082391771,0.6132930850123615,715.6267,104.22402,6.369458,507.146
2024-06-19 17:30:00,29.938,439.27713796404635,0.5143793661443418,664.876,96.12787,6.293185149999999,401.34
2024-06-19 18:00:00,29.263,339.54956191111506,0.40844283495754763,614.1253,88.03172,6.2169123,300.945
2024-06-19 18:30:00,28.2380005,235.8368280787203,0.2972957117145711,535.020475,76.49309,6.08922795,194.028
2024-06-19 19:00:00,27.213001,148.19988630750254,0.18283930219111444,455.91565,64.95446,5.9615436,107.208
2024-06-19 19:30:00,26.2630015,68.51416288178837,0.06703146068951377,327.68003,46.779505,5.6872453,52.133
2024-06-19 20:00:00,25.313002,28.257996660715186,0.0,199.44441,28.60455,5.412947,24.334000000000003
2024-06-19 20:30:00,24.6380015,14.128998330357591,0.0,99.722205,14.302274999999998,5.037246,5.18
2024-06-19 21:00:00,23.963001,0.0,0.0,0.0,0.0,4.661545,0.0
2024-06-19 21:30:00,23.713001,0.0,0.0,0.0,0.0,4.5016018,0.0
2024-06-19 22:00:00,23.463001,0.0,0.0,0.0,0.0,4.3416586,0.0
2024-06-19 22:30:00,23.3630005,0.0,0.0,0.0,0.0,4.3849883,0.0
2024-06-19 23:00:00,23.263,0.0,0.0,0.0,0.0,4.428318,0.0
2024-06-19 23:30:00,23.263,0.0,0.0,0.0,0.0,4.295624699999999,0.0
2024-06-20 00:00:00,23.263,0.0,0.0,0.0,0.0,4.1629314,0.0
2024-06-20 00:30:00,23.313,0.0,0.0,0.0,0.0,4.12413545,0.0
2024-06-20 01:00:00,23.363,0.0,0.0,0.0,0.0,4.0853395,0.0
2024-06-20 01:30:00,23.338001,0.0,0.0,0.0,0.0,4.01053665,0.0
2024-06-20 02:00:00,23.313002,0.0,0.0,0.0,0.0,3.9357338,0.0
2024-06-20 02:30:00,23.188002,0.0,0.0,0.0,0.0,4.00870015,0.0
2024-06-20 03:00:00,23.063002,0.0,0.0,0.0,0.0,4.0816665,0.0
2024-06-20 03:30:00,22.938002,0.0,0.0,0.0,0.0,4.01314155,0.0
2024-06-20 04:00:00,22.813002,0.0,0.0,0.0,0.0,3.9446166,0.0
2024-06-20 04:30:00,22.588001,0.0,0.0,0.0,0.0,4.1932315,0.0
2024-06-20 05:00:00,22.363,0.0,0.0,0.0,0.0,4.4418464,0.0
2024-06-20 05:30:00,22.138,0.0,0.0,0.0,0.0,4.468143700000001,0.0
2024-06-20 06:00:00,21.913,0.0,0.0,0.0,0.0,4.494441,0.504
2024-06-20 06:30:00,22.263,22.936123182773454,0.0,83.06304,23.346785,4.5736985,16.003
2024-06-20 07:00:00,22.613,49.90580658557942,0.02428011435671335,166.12608,46.69357,4.652956,49.406000000000006
2024-06-20 07:30:00,23.763,127.22811103881406,0.14008457710987107,412.65064,70.25399,4.90766,107.34
2024-06-20 08:00:00,24.913,261.23880178667736,0.25526871592200595,659.1752,93.81441,5.162364,197.51
2024-06-20 08:30:00,25.988001,370.56063863156555,0.3678622655241901,729.98152,102.3447125,5.6176274,306.529
2024-06-20 09:00:00,27.063002,492.21032450018083,0.4759392370744283,800.78784,110.875015,6.0728908,412.128
2024-06-20 09:30:00,27.688002,598.31901433074,0.5776508527545945,832.03097,116.9403475,6.5666721,510.031
2024-06-20 10:00:00,28.313002,703.7862018855071,0.6712571856072058,863.2741,123.00568,7.0604534,605.684
2024-06-20 10:30:00,28.688002,789.6428344332528,0.7551569370481608,876.616175,125.855575,7.232253050000001,685.4150000000001
2024-06-20 11:00:00,29.063002,867.8224684124228,0.8279148263613262,889.95825,128.70547,7.4040527,729.567
2024-06-20 11:30:00,29.488001,921.7984682431872,0.8882861609733294,884.049075,133.9828,7.47363085,729.591
2024-06-20 12:00:00,29.913,963.2769086424698,0.9352381419389831,878.1399,139.26013,7.543209,729.675
2024-06-20 12:30:00,30.363001,993.7025088068043,0.9679675328973922,881.5534700000001,137.348145,7.28230235,729.76
2024-06-20 13:00:00,30.813002,1011.2695231099563,0.9859144139949028,884.96704,135.43616,7.0213957,729.749
2024-06-20 13:30:00,31.063002,1003.913836568924,0.9887717657104915,878.66002,131.6893325,7.099917850000001,729.538
2024-06-20 14:00:00,31.313002,983.3160823014294,0.9764907216417731,872.353,127.942505,7.17844,729.364
2024-06-20 14:30:00,31.388001000000003,940.0867340240984,0.949281407464682,853.357,126.6968175,7.21171925,729.6890000000001
2024-06-20 15:00:00,31.463,885.8239651553174,0.9076093405274956,834.361,125.45113,7.2449985,729.6890000000001
2024-06-20 15:30:00,31.238,801.3595599138405,0.8521874648267411,783.82885,131.001915,6.892055750000001,729.561
2024-06-20 16:00:00,31.013,713.1089258229924,0.7839639470051987,733.2967,136.5527,6.539113,671.187
2024-06-20 16:30:00,30.588,626.8573407125738,0.7041059412274101,713.9175,122.643625,6.4020475,595.927
2024-06-20 17:00:00,30.163,536.5691871477816,0.6139796219735879,694.5383,108.73455,6.264982,501.08
2024-06-20 17:30:00,29.363001,434.54255099623197,0.5151267993787102,648.96553,99.24189,6.143305,402.36800000000005
2024-06-20 18:00:00,28.563002,337.2807689587713,0.40923852647142656,603.39276,89.74923,6.021628,295.904
2024-06-20 18:30:00,27.563002,235.2378279095612,0.29812617565996763,527.49231,77.74978999999999,5.751708,193.153
2024-06-20 19:00:00,26.563002,148.56102804253047,0.18369043971903398,451.59186,65.75035,5.481788,106.154
2024-06-20 19:30:00,25.588001,69.07702894735829,0.06788880544755023,325.498595,47.224378,5.0754177,51.451
2024-06-20 20:00:00,24.613,28.350715610310633,0.0,199.40533,28.698406,4.6690474,23.188
2024-06-20 20:30:00,23.963001,14.175357805155317,0.0,99.702665,14.349203,4.3900042,4.141
2024-06-20 21:00:00,23.313002,0.0,0.0,0.0,0.0,4.110961,0.0
2024-06-20 21:30:00,23.238001,0.0,0.0,0.0,0.0,3.9000671,0.0
2024-06-20 22:00:00,23.163,0.0,0.0,0.0,0.0,3.6891732,0.0
2024-06-20 22:30:00,23.213,0.0,0.0,0.0,0.0,3.8124535,0.0
2024-06-20 23:00:00,23.263,0.0,0.0,0.0,0.0,3.9357338,0.0
2024-06-20 23:30:00,23.288001,0.0,0.0,0.0,0.0,3.89205505,0.0
2024-06-21 00:00:00,23.313002,0.0,0.0,0.0,0.0,3.8483763,0.0
2024-06-21 00:30:00,23.363001,0.0,0.0,0.0,0.0,3.85550895,0.0
2024-06-21 01:00:00,23.413,0.0,0.0,0.0,0.0,3.8626416,0.0
2024-06-21 01:30:00,23.488001,0.0,0.0,0.0,0.0,3.7236656,0.0
2024-06-21 02:00:00,23.563002,0.0,0.0,0.0,0.0,3.5846896,0.0
2024-06-21 02:30:00,23.613001,0.0,0.0,0.0,0.0,3.71653295,0.0
2024-06-21 03:00:00,23.663,0.0,0.0,0.0,0.0,3.8483763,0.0
2024-06-21 03:30:00,22.988001,0.0,0.0,0.0,0.0,3.0477984,0.0
2024-06-21 04:00:00,22.313002,0.0,0.0,0.0,0.0,2.2472205,0.0
2024-06-21 04:30:00,22.3880015,0.0,0.0,0.0,0.0,1.83950125,0.0
2024-06-21 05:00:00,22.463001,0.0,0.0,0.0,0.0,1.431782,0.0
2024-06-21 05:30:00,22.0380005,0.0,0.0,0.0,0.0,1.6172788,0.0
2024-06-21 06:00:00,21.613,0.0,0.0,0.0,0.0,1.8027756,0.0
2024-06-21 06:30:00,21.7880005,21.832831471292327,0.0,65.35723,22.2436525,2.4959097,9.859
2024-06-21 07:00:00,21.963001,46.731402852876414,0.023453716675965,130.71446,44.487305,3.1890438,24.633
2024-06-21 07:30:00,22.7880005,119.99096164301298,0.13925373646155997,366.40303,69.8731375,3.6347424,93.967
2024-06-21 08:00:00,23.613,247.47127093021317,0.2544479819074804,602.0916,95.25897,4.080441,173.231
2024-06-21 08:30:00,24.588001,354.93873391867163,0.3670659998986406,687.3317999999999,103.08242,4.409292000000001,346.135
2024-06-21 09:00:00,25.563002,478.12673721082973,0.47518136383213283,772.572,110.90587,4.738143,382.274
2024-06-21 09:30:00,26.788001,584.0320324078764,0.576944615835136,809.3584000000001,116.40142,4.7507725,511.433
2024-06-21 10:00:00,28.013,690.5765279534054,0.67061491845349,846.1448,121.89697,4.763402,592.53
2024-06-21 10:30:00,28.913001,777.5691382817121,0.7545898479983512,861.39195,125.849585,5.29460335,672.5319999999999
2024-06-21 11:00:00,29.813002,857.3637817586344,0.8274328036837253,876.6391,129.8022,5.8258047,726.1059999999999
2024-06-21 11:30:00,30.2630015,916.2827546577453,0.8878976008385909,880.51767,131.919915,6.14477485,729.595
2024-06-21 12:00:00,30.713001,963.8087123583007,0.9349498024184717,884.39624,134.03763,6.463745,729.8320000000001
2024-06-21 12:30:00,31.2130005,991.0953467314591,0.967784416462177,883.191255,133.21514000000002,6.104589150000001,729.7700000000001
2024-06-21 13:00:00,31.713,1005.267666993102,0.9858396806224555,881.98627,132.39265,5.7454333,729.8610000000001
2024-06-21 13:30:00,32.5879985,999.4662983201167,0.9888066780648869,875.1658649999999,130.669005,5.5433905,729.8299999999999
2024-06-21 14:00:00,33.462997,980.4785301415047,0.9766346232950291,868.34546,128.94536,5.3413477,729.6959999999999
2024-06-21 14:30:00,33.087997,937.3191756000482,0.9495317345429365,848.24328,128.65172,5.3660403500000005,729.7040000000001
2024-06-21 15:00:00,32.712997,883.2686096474322,0.9079616665775571,828.1411,128.35808,5.390733,729.615
2024-06-21 15:30:00,32.2379995,801.8560504704883,0.8526355780988387,787.12485,128.25369999999998,5.4275816500000005,725.5559999999999
2024-06-21 16:00:00,31.763002,715.4247275434966,0.7844999588049303,746.1086,128.14932,5.4644303,665.4879999999999
2024-06-21 16:30:00,31.813001,627.2268693918759,0.70472042346978,717.72407,119.798235,5.32547565,590.281
2024-06-21 17:00:00,31.863,536.472218948897,0.614661771518787,689.33954,111.44715,5.186521,498.542
2024-06-21 17:30:00,30.963001,437.1445070914066,0.5158646262367909,651.27487,100.185655,5.3391665,403.222
2024-06-21 18:00:00,30.063002,341.01599471972224,0.41001906268256694,613.2102,88.92416,5.491812,300.879
2024-06-21 18:30:00,28.7630015,238.641656663054,0.29893570114798423,539.82417,76.97686,5.216229800000001,194.946
2024-06-21 19:00:00,27.463001,151.014459884469,0.18451472119722287,466.43814,65.02956,4.9406476,108.591
2024-06-21 19:30:00,26.4880005,69.8340908180779,0.068713344167799,336.73249,46.904502,4.3471563,51.233
2024-06-21 20:00:00,25.513,28.4423941538381,0.0,207.02684,28.779444,3.753665,24.857
2024-06-21 20:30:00,24.538001,14.22119707691905,0.0,103.51342,14.389722,3.2928127,5.009
2024-06-21 21:00:00,23.563002,0.0,0.0,0.0,0.0,2.8319604,0.0
2024-06-21 21:30:00,23.113001,0.0,0.0,0.0,0.0,2.7246054,0.0
2024-06-21 22:00:00,22.663,0.0,0.0,0.0,0.0,2.6172504,0.0
2024-06-21 22:30:00,22.538,0.0,0.0,0.0,0.0,2.5127847,0.0
2024-06-21 23:00:00,22.413,0.0,0.0,0.0,0.0,2.408319,0.0
2024-06-21 23:30:00,22.288,0.0,0.0,0.0,0.0,2.31433965,0.0
2024-06-22 00:00:00,22.163,0.0,0.0,0.0,0.0,2.2203603,0.0
2024-06-22 00:30:00,22.1880005,0.0,0.0,0.0,0.0,2.38493505,0.0
2024-06-22 01:00:00,22.213001,0.0,0.0,0.0,0.0,2.5495098,0.0
2024-06-22 01:30:00,22.4130005,0.0,0.0,0.0,0.0,2.6201173,0.0
2024-06-22 02:00:00,22.613,0.0,0.0,0.0,0.0,2.6907248,0.0
2024-06-22 02:30:00,22.738,0.0,0.0,0.0,0.0,2.9554865,0.0
2024-06-22 03:00:00,22.863,0.0,0.0,0.0,0.0,3.2202482,0.0
2024-06-22 03:30:00,22.1630005,0.0,0.0,0.0,0.0,2.8601241,0.0
2024-06-22 04:00:00,21.463001,0.0,0.0,0.0,0.0,2.5,0.0
2024-06-22 04:30:00,21.3130005,0.0,0.0,0.0,0.0,2.53062485,0.0
2024-06-22 05:00:00,21.163,0.0,0.0,0.0,0.0,2.5612497,0.0
2024-06-22 05:30:00,20.988001,0.0,0.0,0.0,0.0,2.6707687,0.0
2024-06-22 06:00:00,20.813002,0.0,0.0,0.0,0.0,2.7802877,0.419
2024-06-22 06:30:00,21.238001,21.867240459558744,0.0,83.3151,22.2530725,2.98152695,17.485
2024-06-22 07:00:00,21.663,47.499873373733614,0.02259729901672161,166.6302,44.506145,3.1827662,47.663
2024-06-22 07:30:00,22.788,124.5180332732207,0.13839882610521081,415.084175,67.8472805,3.4114107,104.282
2024-06-22 08:00:00,23.913,258.68653939174266,0.25360904851381727,663.53815,91.188416,3.6400552,194.225
2024-06-22 08:30:00,25.038,368.3512146362257,0.36625722406687516,732.181325,100.461463,4.122200599999999,299.707
2024-06-22 09:00:00,26.163,489.886038066957,0.4744163902682085,800.8245,109.73451,4.604346,407.661
2024-06-22 09:30:00,27.288,596.0387822724692,0.5762363158835023,832.967885,115.262265,4.808166,507.256
2024-06-22 10:00:00,28.413,701.7461711703564,0.6699751660469961,865.11127,120.79002,5.011986,598.859
2024-06-22 10:30:00,29.288,790.3399199835494,0.7540293130316204,880.945035,124.22249,5.279528750000001,678.5020000000001
2024-06-22 11:00:00,30.163,871.6208600713164,0.8269607662742807,896.7788,127.65496,5.5470715,728.45
2024-06-22 11:30:00,30.663,932.5501405000364,0.8875217898168419,901.97482,129.282155,5.818614050000001,729.713
2024-06-22 12:00:00,31.163,981.9467399873815,0.9346762608290439,907.17084,130.90935,6.0901566,729.756
2024-06-22 12:30:00,31.313,1009.4615260010203,0.9676173964064918,904.26332,131.14769,6.2521019,729.729
2024-06-22 13:00:00,31.463,1023.4654569683441,0.9857815692958574,901.3558,131.38603,6.4140472,729.701
2024-06-22 13:30:00,31.413,1014.7810660741752,0.9888579562788963,890.98395,130.17127,6.4826916,729.7620000000001
2024-06-22 14:00:00,31.363,992.6999642912645,0.9767938571840334,880.6121,128.95651,6.551336,729.77
2024-06-22 14:30:00,31.088001,950.3295613807068,0.949795600628213,864.0564,126.250205,6.62006625,729.5880000000001
2024-06-22 15:00:00,30.813002,896.5877950574853,0.90832500973121,847.5007,123.5439,6.6887965,729.619
2024-06-22 15:30:00,30.538001,822.6768382455421,0.8530915013994346,820.56358,119.772725,6.31466775,729.693
2024-06-22 16:00:00,30.263,741.5688015846107,0.7850399437136895,793.62646,116.00155,5.940539,686.235
2024-06-22 16:30:00,29.813,648.0062229370436,0.7053344782627375,760.200805,109.687188,5.9117828,604.705
2024-06-22 17:00:00,29.363,552.2932466054533,0.6153386052991193,726.77515,103.372826,5.8830266,513.674
2024-06-22 17:30:00,28.588001,446.3330619483512,0.5165918456007557,677.100895,95.311313,5.8830266,413.469
2024-06-22 18:00:00,27.813002,345.75252306102726,0.41078338754418653,627.42664,87.2498,5.8830266,305.711
2024-06-22 18:30:00,26.963001,240.94010761624597,0.2997231959439686,548.62537,76.155435,5.46539905,199.664
2024-06-22 19:00:00,26.113,152.0562256635959,0.18531103751840083,469.8241,65.06107,5.0477715,108.991
2024-06-22 19:30:00,25.063,70.61529420434603,0.06950397051784651,339.67266,47.2137425,4.5419295,52.007
2024-06-22 20:00:00,24.013,29.020757074528063,0.0,209.52122,29.366415,4.0360875,24.253
2024-06-22 20:30:00,22.9880005,14.510378537264032,0.0,104.76061,14.6832075,3.6581657,4.822
2024-06-22 21:00:00,21.963001,0.0,0.0,0.0,0.0,3.2802439,0.0
2024-06-22 21:30:00,21.463001,0.0,0.0,0.0,0.0,3.00485635,0.0
2024-06-22 22:00:00,20.963001,0.0,0.0,0.0,0.0,2.7294688,0.0
2024-06-22 22:30:00,20.6130005,0.0,0.0,0.0,0.0,2.5277047,0.0
2024-06-22 23:00:00,20.263,0.0,0.0,0.0,0.0,2.3259406,0.0
2024-06-22 23:30:00,20.013,0.0,0.0,0.0,0.0,2.10238505,0.0
2024-06-23 00:00:00,19.763,0.0,0.0,0.0,0.0,1.8788295,0.0
2024-06-23 00:30:00,19.563,0.0,0.0,0.0,0.0,1.97019115,0.0
2024-06-23 01:00:00,19.363,0.0,0.0,0.0,0.0,2.0615528,0.0
2024-06-23 01:30:00,19.263,0.0,0.0,0.0,0.0,2.2401149,0.0
2024-06-23 02:00:00,19.163,0.0,0.0,0.0,0.0,2.418677,0.0
2024-06-23 02:30:00,19.038,0.0,0.0,0.0,0.0,2.4623350000000004,0.0
2024-06-23 03:00:00,18.913,0.0,0.0,0.0,0.0,2.505993,0.0
2024-06-23 03:30:00,18.838,0.0,0.0,0.0,0.0,2.1529965,0.0
2024-06-23 04:00:00,18.763,0.0,0.0,0.0,0.0,1.8,0.0
2024-06-23 04:30:00,18.538001,0.0,0.0,0.0,0.0,1.72462115,0.0
2024-06-23 05:00:00,18.313002,0.0,0.0,0.0,0.0,1.6492423,0.0
2024-06-23 05:30:00,18.313002,0.0,0.0,0.0,0.0,1.7640359,0.0
2024-06-23 06:00:00,18.313002,0.0,0.0,0.0,0.0,1.8788295,0.343
2024-06-23 06:30:00,18.838001,21.894593374470627,0.0,95.391145,22.2638285,2.03713965,18.934
2024-06-23 07:00:00,19.363,47.9314528145045,0.02171200516338939,190.78229,44.527657,2.1954498,48.367
2024-06-23 07:30:00,20.888,130.05569687003455,0.13752098450071046,447.41797,69.2812835,2.3018844,109.232
2024-06-23 08:00:00,22.413,271.2151806387491,0.2527530296633501,704.05365,94.03491,2.408319,205.627
2024-06-23 08:30:00,24.0630005,384.4317393514306,0.365437008570274,772.080475,102.5069875,2.86623655,316.555
2024-06-23 09:00:00,25.713001,509.2193283757468,0.47364532548119403,840.1073,110.979065,3.3241541,428.037
2024-06-23 09:30:00,26.9130005,617.7176835646384,0.5755268835586136,869.3814,116.4611175,3.8575269,532.1410000000001
2024-06-23 10:00:00,28.113,724.9291613250819,0.6693387650279488,898.6555,121.94317,4.3908997,621.896
2024-06-23 10:30:00,29.1630005,813.9943385017248,0.7534760607633947,911.31905,125.348815,4.45432115,700.2879999999999
2024-06-23 11:00:00,30.213001,894.9212954719479,0.8264993226314918,923.9826,128.75446,4.5177426,729.576
2024-06-23 11:30:00,31.1630005,955.1053407123893,0.8871592062806659,926.40895,130.362635,4.4222021,729.5150000000001
2024-06-23 12:00:00,32.113,1003.1362125714727,0.9344178576567532,928.8353,131.97081,4.3266616,729.867
2024-06-23 12:30:00,32.613,1029.8408487200354,0.9674666699603302,924.27037,132.193855,4.3226133,729.608
2024-06-23 13:00:00,33.113,1042.6547829979058,0.9857401311023501,919.70544,132.4169,4.318565,729.565
2024-06-23 13:30:00,33.188,1033.6283329121775,0.9889255049341109,908.84527,131.18841500000002,4.316248,729.65
2024-06-23 14:00:00,33.263,1010.9347807509073,0.9769681835553509,897.9851,129.95993,4.313931,729.611
2024-06-23 14:30:00,33.063,967.6599340252055,0.950072626285101,880.898375,127.24016,4.5260370000000005,729.673
2024-06-23 15:00:00,32.863,912.7977538836058,0.9086988579401396,863.81165,124.52039,4.738143,729.63
2024-06-23 15:30:00,32.288,837.9416115633161,0.8535545994206643,837.3013,120.26694,4.7507725,729.56
2024-06-23 16:00:00,31.713,755.6090898962314,0.7855831546400711,810.79095,116.01349,4.763402,679.46
2024-06-23 16:30:00,30.8380005,659.2570536218451,0.7059472600979806,775.326925,109.6999975,4.7822218,599.869
2024-06-23 17:00:00,29.963001,560.9312418935651,0.6160091944863988,739.8629,103.386505,4.8010416,510.635
2024-06-23 17:30:00,29.2380005,452.44206330992614,0.5173074618203561,687.83358,95.3270455,4.5106156,411.99000000000007
2024-06-23 18:00:00,28.513,349.72516410680043,0.411530456197887,635.80426,87.267586,4.2201896,303.216
2024-06-23 18:30:00,27.663001,243.17806652908692,0.3004875844835827,554.51811,76.178406,3.9301224,198.714
2024-06-23 19:00:00,26.813002,153.09037055847955,0.1860783014092062,473.23196,65.089226,3.6400552,109.51
2024-06-23 19:30:00,25.7630015,70.87978243832413,0.07025960468408496,342.61784,47.0015355,3.39005935,51.203
2024-06-23 20:00:00,24.713001,28.583005615287988,0.0,212.00372,28.913845,3.1400635,24.159
2024-06-23 20:30:00,23.6130005,14.291502807643994,0.0,106.00186,14.4569225,2.82302825,5.1850000000000005
2024-06-23 21:00:00,22.513,0.0,0.0,0.0,0.0,2.505993,0.0
2024-06-23 21:30:00,21.913001,0.0,0.0,0.0,0.0,2.3041863,0.0
2024-06-23 22:00:00,21.313002,0.0,0.0,0.0,0.0,2.1023796,0.0
2024-06-23 22:30:00,21.113001,0.0,0.0,0.0,0.0,1.99060455,0.0
2024-06-23 23:00:00,20.913,0.0,0.0,0.0,0.0,1.8788295,0.0
2024-06-23 23:30:00,20.8130005,0.0,0.0,0.0,0.0,1.81405755,0.0
2024-06-24 00:00:00,20.713001,0.0,0.0,0.0,0.0,1.7492856,0.0
2024-06-24 00:30:00,20.5630005,0.0,0.0,0.0,0.0,1.66521215,0.0
2024-06-24 01:00:00,20.413,0.0,0.0,0.0,0.0,1.5811387,0.0
2024-06-24 01:30:00,20.263,0.0,0.0,0.0,0.0,1.59679515,0.0
2024-06-24 02:00:00,20.113,0.0,0.0,0.0,0.0,1.6124516,0.0
2024-06-24 02:30:00,20.0380005,0.0,0.0,0.0,0.0,1.5967952,0.0
2024-06-24 03:00:00,19.963001,0.0,0.0,0.0,0.0,1.5811388,0.0
2024-06-24 03:30:00,19.463001,0.0,0.0,0.0,0.0,1.74581805,0.0
2024-06-24 04:00:00,18.963001,0.0,0.0,0.0,0.0,1.9104973,0.0
2024-06-24 04:30:00,20.088001,0.0,0.0,0.0,0.0,1.69855205,0.0
2024-06-24 05:00:00,21.213001,0.0,0.0,0.0,0.0,1.4866068,0.0
2024-06-24 05:30:00,21.4130005,0.0,0.0,0.0,0.0,1.2841361,0.0
2024-06-24 06:00:00,21.613,0.0,0.0,0.0,0.0,1.0816654,0.281
2024-06-24 06:30:00,21.813,21.89804040940539,0.0,89.607995,22.2758715,1.30568565,18.107
2024-06-24 07:00:00,22.013,47.523586285153954,0.02079895586517238,179.21599,44.551743,1.5297059,47.767
2024-06-24 07:30:00,23.188,126.93798163294932,0.13662132266787397,432.285425,68.6477165,1.4719597,107.408
2024-06-24 08:00:00,24.363,264.58894218410757,0.2518810077513826,685.35486,92.74369,1.4142135,200.258
2024-06-24 08:30:00,25.888,375.52259505281455,0.3646063888431706,752.848755,101.279435,1.9277623,308.637
2024-06-24 09:00:00,27.413,498.0119126743976,0.472869140425677,820.34265,109.81518,2.4413111,417.553
2024-06-24 09:30:00,28.663,604.8625438060673,0.5748172089231712,850.161075,115.3277025,2.72148855,517.901
2024-06-24 10:00:00,29.913,710.7014860784177,0.6687065095424434,879.9795,120.840225,3.001666,606.211
2024-06-24 10:30:00,30.888,797.1998638999232,0.7529307761068452,891.9242,123.7246675,3.3616124000000003,681.182
2024-06-24 11:00:00,31.863,875.671935776018,0.8260490369893676,903.8689,126.60911,3.7215588,729.567
2024-06-24 11:30:00,32.613,933.9748394079776,0.8868102844065696,905.427125,128.249945,4.0817026,729.8670000000001
2024-06-24 12:00:00,33.363,980.3165444858994,0.9341748899226086,906.98535,129.89078,4.4418464,729.653
2024-06-24 12:30:00,33.7879985,1006.853462137422,0.9673323922385512,902.8649,130.141505,4.69074085,729.866
2024-06-24 13:00:00,34.212997,1019.8386164331946,0.9857153769539515,898.74445,130.39223,4.9396353,729.719
2024-06-24 13:30:00,34.337997,1011.7360647836244,0.9890091909329117,888.2704249999999,129.68579,5.035455949999999,729.563
2024-06-24 14:00:00,34.462997,990.2696934669808,0.9771573279790984,877.7964,128.97935,5.1312766,729.646
2024-06-24 14:30:00,34.1879985,948.4988843529115,0.9503624008710093,862.10245,125.790075,5.2698018,729.6300000000001
2024-06-24 15:00:00,33.913,895.3090522396366,0.909082671812347,846.4085,122.6008,5.408327,729.646
2024-06-24 15:30:00,33.763,821.9228880634874,0.8540242137010501,819.8493000000001,118.845032,4.790428,727.354
2024-06-24 16:00:00,33.613,741.2779317644383,0.7861288257903785,793.2901,115.089264,4.172529,664.376
2024-06-24 16:30:00,32.9129985,646.4446971380647,0.7065579094362526,757.92195,108.794697,4.17492425,588.44
2024-06-24 17:00:00,32.212997,549.7873115179241,0.616672600985279,722.5538,102.50013,4.1773195,502.226
2024-06-24 17:30:00,31.237998500000003,440.025145908262,0.5180104747810651,660.0044700000001,97.010395,4.24562525,404.88
2024-06-24 18:00:00,30.263,338.37004625307713,0.4122592241508386,597.45514,91.52066,4.313931,300.341
2024-06-24 18:30:00,29.213,237.94276957680117,0.3012277962223992,530.38556,77.93864500000001,4.0674627,196.282
2024-06-24 19:00:00,28.163,150.84271499890434,0.18681543509683102,463.31598,64.35663,3.8209944,107.046
2024-06-24 19:30:00,26.988001,70.33347662845121,0.0709791805842735,336.343515,46.662011,3.5429799500000003,52.032
2024-06-24 20:00:00,25.813002,28.63204046994415,0.0,209.37105,28.967392,3.2649655,24.575000000000003
2024-06-24 20:30:00,24.563002,14.316020234972074,0.0,104.68552499999998,14.483695999999998,2.93632325,5.2010000000000005
2024-06-24 21:00:00,23.313002,0.0,0.0,0.0,0.0,2.607681,0.0
2024-06-24 21:30:00,22.713001,0.0,0.0,0.0,0.0,2.5121451500000003,0.0
2024-06-24 22:00:00,22.113,0.0,0.0,0.0,0.0,2.4166093,0.0
2024-06-24 22:30:00,21.988,0.0,0.0,0.0,0.0,2.3263386500000003,0.0
2024-06-24 23:00:00,21.863,0.0,0.0,0.0,0.0,2.236068,0.0
2024-06-24 23:30:00,21.738,0.0,0.0,0.0,0.0,2.21461965,0.0
2024-06-25 00:00:00,21.613,0.0,0.0,0.0,0.0,2.1931713,0.0
2024-06-25 00:30:00,21.4130005,0.0,0.0,0.0,0.0,2.17361855,0.0
2024-06-25 01:00:00,21.213001,0.0,0.0,0.0,0.0,2.1540658,0.0
2024-06-25 01:30:00,21.1130005,0.0,0.0,0.0,0.0,1.9784207,0.0
2024-06-25 02:00:00,21.013,0.0,0.0,0.0,0.0,1.8027756,0.0
2024-06-25 02:30:00,21.063,0.0,0.0,0.0,0.0,1.8027756,0.0
2024-06-25 03:00:00,21.113,0.0,0.0,0.0,0.0,1.8027756,0.0
2024-06-25 03:30:00,20.888,0.0,0.0,0.0,0.0,1.86315695,0.0
2024-06-25 04:00:00,20.663,0.0,0.0,0.0,0.0,1.9235383,0.0
2024-06-25 04:30:00,20.588,0.0,0.0,0.0,0.0,1.87418345,0.0
2024-06-25 05:00:00,20.513,0.0,0.0,0.0,0.0,1.8248286,0.0
2024-06-25 05:30:00,20.413001,0.0,0.0,0.0,0.0,1.89475845,0.0
2024-06-25 06:00:00,20.313002,0.0,0.0,0.0,0.0,1.9646883,0.305
2024-06-25 06:30:00,20.8880015,20.813133001314704,0.0,83.81379,21.1743815,2.2794564,16.951
2024-06-25 07:00:00,21.463001,44.955225797986174,0.019859260602323122,167.62758,42.348763,2.5942245,45.453
2024-06-25 07:30:00,23.0380005,122.75869820439982,0.13570093612747258,417.18889,66.90398449999999,2.929595,103.85
2024-06-25 08:00:00,24.613,258.01561474101953,0.2509940456932922,666.7502,91.459206,3.2649655,195.652
2024-06-25 08:30:00,25.863,367.26027678936174,0.3637663771026993,733.6913,100.660351,4.1194489,303.851
2024-06-25 09:00:00,27.113,488.04038921316,0.47208877936514154,800.6324,109.861496,4.9739323,411.127
2024-06-25 09:30:00,28.238,594.7481778084505,0.5741081522615508,834.6051,114.800171,5.28919745,509.826
2024-06-25 10:00:00,29.363,701.3970833187685,0.668079161287541,868.5778,119.738846,5.6044626,602.179
2024-06-25 10:30:00,30.1630005,790.0774899941702,0.7523941092445818,883.8567,123.183893,5.9315283,682.1220000000001
2024-06-25 11:00:00,30.963001,871.355211457954,0.8256104370065163,899.1356,126.62894,6.258594,729.629
2024-06-25 11:30:00,31.4380005,932.3490197152478,0.886475420474992,903.92875,128.267585,6.404965000000001,729.5159999999998
2024-06-25 12:00:00,31.913,981.7559781673665,0.9339476159010546,908.7219,129.90623,6.551336,729.635
2024-06-25 12:30:00,32.113,1009.8404793329853,0.9672146792753443,906.02805,130.155685,6.639074,729.649
2024-06-25 13:00:00,32.313,1024.399469124448,0.9857072788722034,903.3342,130.40514,6.726812,729.571
2024-06-25 13:30:00,32.338,1018.2474159492338,0.9891088429937537,894.7055,129.69802,7.021615799999999,729.7249999999999
2024-06-25 14:00:00,32.363,998.6131038799932,0.9773609790506543,886.0768,128.9909,7.3164196,729.613
2024-06-25 14:30:00,32.263,958.1021165895409,0.9506644784585835,871.35203,126.283945,7.497806049999999,729.552
2024-06-25 15:00:00,32.163,905.9630018598709,0.9094758788160301,856.62726,123.57699,7.6791925,729.6400000000001
2024-06-25 15:30:00,31.738001,834.6031395579162,0.8544996552317933,833.55883,119.338535,7.63729275,729.7109999999999
2024-06-25 16:00:00,31.313002,755.3671203189864,0.7866761637862594,810.4904,115.10008,7.595393,686.259
2024-06-25 16:30:00,30.838001,659.9004898982273,0.7071655424680653,776.12585,108.8059,7.6036128,610.086
2024-06-25 17:00:00,30.363,562.2383431016706,0.6173278660454352,741.7613,102.51172,7.6118326,523.564
2024-06-25 17:30:00,29.838001,454.4167599910041,0.5186998676110349,691.3488500000001,94.48097,7.39826915,423.046
2024-06-25 18:00:00,29.313002,351.98661308962704,0.41296863417537866,640.9364,86.45022,7.1847057,310.719
2024-06-25 18:30:00,28.5130015,245.36791074291295,0.3019427521093622,561.48053,75.41376199999999,6.8481171,202.541
2024-06-25 19:00:00,27.713001,154.75580328185941,0.18752135658873353,482.02466,64.377304,6.5115285,109.314
2024-06-25 19:30:00,26.7630015,71.66448616006787,0.07166163224650009,350.75893,46.694358,5.83888245,49.018
2024-06-25 20:00:00,25.813002,28.691172293027616,0.0,219.4932,29.011412,5.1662364,21.842
2024-06-25 20:30:00,24.788001,14.345586146513808,0.0,109.7466,14.505706,4.73369955,4.939
2024-06-25 21:00:00,23.763,0.0,0.0,0.0,0.0,4.3011627,0.0
2024-06-25 21:30:00,23.2380005,0.0,0.0,0.0,0.0,4.1932511,0.0
2024-06-25 22:00:00,22.713001,0.0,0.0,0.0,0.0,4.0853395,0.0
2024-06-25 22:30:00,22.5630005,0.0,0.0,0.0,0.0,4.0035369,0.0
2024-06-25 23:00:00,22.413,0.0,0.0,0.0,0.0,3.9217343,0.0
2024-06-25 23:30:00,22.363001,0.0,0.0,0.0,0.0,3.98571265,0.0
2024-06-26 00:00:00,22.313002,0.0,0.0,0.0,0.0,4.049691,0.0
2024-06-26 00:30:00,22.238001,0.0,0.0,0.0,0.0,4.049691,0.0
2024-06-26 01:00:00,22.163,0.0,0.0,0.0,0.0,4.049691,0.0
2024-06-26 01:30:00,22.163,0.0,0.0,0.0,0.0,4.2709533,0.0
2024-06-26 02:00:00,22.163,0.0,0.0,0.0,0.0,4.4922156,0.0
2024-06-26 02:30:00,22.163,0.0,0.0,0.0,0.0,4.3203548000000005,0.0
2024-06-26 03:00:00,22.163,0.0,0.0,0.0,0.0,4.148494,0.0
2024-06-26 03:30:00,22.213,0.0,0.0,0.0,0.0,3.7830478,0.0
2024-06-26 04:00:00,22.263,0.0,0.0,0.0,0.0,3.4176016,0.0
2024-06-26 04:30:00,22.013,0.0,0.0,0.0,0.0,3.2970388,0.0
2024-06-26 05:00:00,21.763,0.0,0.0,0.0,0.0,3.176476,0.0
2024-06-26 05:30:00,21.513,0.0,0.0,0.0,0.0,3.1325825,0.0
2024-06-26 06:00:00,21.263,0.0,0.0,0.0,0.0,3.088689,0.556
2024-06-26 06:30:00,21.713,20.826565845448243,0.0,84.011305,21.1880475,3.1768274,16.208
2024-06-26 07:00:00,22.163,44.827756895216986,0.01889403577483114,168.02261,42.376095,3.2649658,44.525000000000006
2024-06-26 07:30:00,23.763,122.76423344450298,0.1347609229241764,424.593405,66.2784025,3.40589765,103.179
2024-06-26 08:00:00,25.363,259.79267445892106,0.25009320441598193,681.1642,90.18071,3.5468295,192.134
2024-06-26 08:30:00,26.813,371.01701173648104,0.36291797898495365,747.329565,100.046045,4.50883045,293.36400000000003
2024-06-26 09:00:00,28.263,493.56158653122424,0.4713051754812332,813.49493,109.91138,5.4708314,399.603
2024-06-26 09:30:00,28.788001,599.8290793757218,0.5734005583054917,845.327565,114.275125,6.2171537,494.384
2024-06-26 10:00:00,29.313002,705.5454684522482,0.6674574620911082,877.1602,118.63887,6.963476,576.442
2024-06-26 10:30:00,29.7630015,792.6682203436226,0.7518666864077928,889.298,122.103155,7.0720025,658.5939999999999
2024-06-26 11:00:00,30.213001,871.8414317898665,0.8251840226377688,901.4358,125.56744,7.180529,722.895
2024-06-26 11:30:00,30.6630005,931.7986931966174,0.8861549796148236,904.787875,127.220985,7.3495862,729.733
2024-06-26 12:00:00,31.113,980.0050125323239,0.9337362596899187,908.13995,128.87453,7.5186434,729.593
2024-06-26 12:30:00,31.338001,1007.587041758432,0.9671136103667703,904.3226,129.64643,7.67627195,729.4759999999999
2024-06-26 13:00:00,31.563002,1021.6091078774541,0.9857157700629214,900.50525,130.41833,7.8339005,729.539
2024-06-26 13:30:00,31.663002,1014.0226838011472,0.9892242494781295,890.8382750000001,129.214245,7.93098825,729.567
2024-06-26 14:00:00,31.763002,993.015205671568,0.9775787840387078,881.1713,128.01016,8.028076,729.665
2024-06-26 14:30:00,31.838001,952.1495384772161,0.9509783714151935,865.84175,125.31610750000002,8.016537,729.652
2024-06-26 15:00:00,31.913,899.7669092961557,0.9098778649689524,850.5122,122.622055,8.004998,729.606
2024-06-26 15:30:00,31.363001,826.7327397452275,0.8549801943827237,825.0261,118.3982425,7.749831350000001,728.781
2024-06-26 16:00:00,30.813002,746.2161898477664,0.787224336099584,799.54,114.17443,7.4946647,667.539
2024-06-26 16:30:00,30.563002,652.8902279212648,0.7077692382935854,766.88985,107.8987,7.30577285,581.476
2024-06-26 17:00:00,30.313002,557.1605634844891,0.6179739964807521,734.2397,101.62297,7.116881,495.927
2024-06-26 17:30:00,29.7630015,450.8726450043795,0.5193745921498363,684.5147,94.042665,6.7895395,399.128
2024-06-26 18:00:00,29.213001,349.8722667792179,0.41365760146589414,634.7897,86.46236,6.462198,290.184
2024-06-26 18:30:00,28.4380005,244.11618416220858,0.30263134966097105,557.29353,75.04953,6.02841915,199.128
2024-06-26 19:00:00,27.663,153.93214737811087,0.1881949650121269,479.79736,63.6367,5.5946403,118.45999999999998
2024-06-26 19:30:00,26.538,71.36460053737406,0.07230587970636221,348.32054,46.341242,5.1087051500000005,62.863
2024-06-26 20:00:00,25.413,28.72125494575786,0.0,216.84372,29.045784,4.62277,29.092
2024-06-26 20:30:00,24.638,14.36062747287893,0.0,108.42186,14.522892,4.43858965,4.009
2024-06-26 21:00:00,23.863,0.0,0.0,0.0,0.0,4.2544093,0.0
2024-06-26 21:30:00,23.563,0.0,0.0,0.0,0.0,3.98529505,0.0
2024-06-26 22:00:00,23.263,0.0,0.0,0.0,0.0,3.7161808,0.0
2024-06-26 22:30:00,23.1130005,0.0,0.0,0.0,0.0,3.692484,0.0
2024-06-26 23:00:00,22.963001,0.0,0.0,0.0,0.0,3.6687872,0.0
2024-06-26 23:30:00,22.8630005,0.0,0.0,0.0,0.0,3.7025476,0.0
2024-06-27 00:00:00,22.763,0.0,0.0,0.0,0.0,3.736308,0.0
2024-06-27 00:30:00,22.6130005,0.0,0.0,0.0,0.0,3.675085,0.0
2024-06-27 01:00:00,22.463001,0.0,0.0,0.0,0.0,3.613862,0.0
2024-06-27 01:30:00,22.2630015,0.0,0.0,0.0,0.0,3.553356,0.0
2024-06-27 02:00:00,22.063002,0.0,0.0,0.0,0.0,3.49285,0.0
2024-06-27 02:30:00,21.838001,0.0,0.0,0.0,0.0,3.36042625,0.0
2024-06-27 03:00:00,21.613,0.0,0.0,0.0,0.0,3.2280025,0.0
2024-06-27 03:30:00,21.188,0.0,0.0,0.0,0.0,3.1542934,0.0
2024-06-27 04:00:00,20.763,0.0,0.0,0.0,0.0,3.0805843,0.0
2024-06-27 04:30:00,20.763,0.0,0.0,0.0,0.0,2.948305,0.0
2024-06-27 05:00:00,20.763,0.0,0.0,0.0,0.0,2.8160257,0.0
2024-06-27 05:30:00,20.6130005,0.0,0.0,0.0,0.0,2.7060883,0.0
2024-06-27 06:00:00,20.463001,0.0,0.0,0.0,0.0,2.5961509,0.074
2024-06-27 06:30:00,20.7630015,20.840844527350207,0.0,84.220575,21.202574,2.8022363500000003,18.442
2024-06-27 07:00:00,21.063002,44.69753155275908,0.01790442833036148,168.44115,42.405148,3.0083218,54.745
2024-06-27 07:30:00,22.313002,121.65499517385845,0.13380240652219577,423.920575,65.656424,2.99076775,107.425
2024-06-27 08:00:00,23.563002,257.4777113126248,0.24917956467199628,679.4,88.9077,2.9732137,190.186
2024-06-27 08:30:00,24.688002,368.17553867216395,0.36206221406163874,746.1789,98.227895,3.23660675,277.814
2024-06-27 09:00:00,25.813002,490.3519033511369,0.4705192696612737,812.9578,107.54809,3.4999998,377.749
2024-06-27 09:30:00,26.738001,596.7443703779172,0.5726952731230639,843.9572000000001,112.54413,3.8440391,472.164
2024-06-27 10:00:00,27.663,702.4464885564877,0.6668421486810968,874.9566,117.54017,4.1880784,554.7429999999999
2024-06-27 10:30:00,28.663,789.6168134174551,0.751349122319427,886.57608,121.56471,4.5486267,633.4970000000001
2024-06-27 11:00:00,29.663,868.7937582195016,0.82477027602894,898.19556,125.58925,4.909175,699.779
2024-06-27 11:30:00,30.113001,927.741383069012,0.8858493031095112,900.5339799999999,127.240135,5.3670607,729.2299999999999
2024-06-27 12:00:00,30.563002,974.887628124529,0.9335410158464327,902.8724,128.89102,5.8249464,729.59
2024-06-27 12:30:00,30.963001,1001.040027562779,0.9670292299971759,898.68955,128.64240999999998,5.70039345,729.597
2024-06-27 13:00:00,31.363,1013.6944175452638,0.9857407442052086,894.5067,128.3938,5.5758405,729.81
2024-06-27 13:30:00,31.613,976.7712422534887,0.9893551551222864,841.6839500000001,141.109095,5.343306549999999,729.496
2024-06-27 14:00:00,31.863,927.5076979807753,0.9778103431844463,788.8612,153.82439,5.1107726,729.749
2024-06-27 14:30:00,31.813001,871.2029508798587,0.9513035424491704,750.70172,155.12646,5.04235245,729.619
2024-06-27 15:00:00,31.763002,806.5830588264492,0.910287964778037,712.54224,156.42853,4.9739323,729.5450000000001
2024-06-27 15:30:00,32.263001,774.7485794068082,0.8554650490648751,743.53832,136.710153,4.40073205,704.107
2024-06-27 16:00:00,32.763,729.5475024946081,0.787772457673006,774.5344,116.991776,3.8275318,641.547
2024-06-27 16:30:00,32.538,637.5035410548852,0.7083680243203598,740.3123,111.110843,3.6056583,568.991
2024-06-27 17:00:00,32.313,543.5837475123665,0.6186099491524459,706.0902,105.22991,3.3837848,484.05300000000005
2024-06-27 17:30:00,31.338,441.0020972877495,0.5200335529580264,662.2810999999999,95.42735,3.58199825,388.472
2024-06-27 18:00:00,30.363,342.6464926425364,0.41432499747808055,618.472,85.62479,3.7802117,285.07899999999995
2024-06-27 18:30:00,29.1630005,239.78047325624033,0.30329244699371694,543.283365,74.63722200000001,3.59304435,188.865
2024-06-27 19:00:00,27.963001,152.00810830842465,0.18883512523603574,468.09473,63.649654,3.405877,112.898
2024-06-27 19:30:00,26.6380015,70.9566320553371,0.07291081453747321,339.868225,46.3600145,2.99328725,58.795
2024-06-27 20:00:00,25.313002,28.737744523817444,0.0,211.64172,29.070375,2.5806975,27.749
2024-06-27 20:30:00,24.063002,14.368872261908722,0.0,105.82085999999998,14.5351875,2.184776,3.917
2024-06-27 21:00:00,22.813002,0.0,0.0,0.0,0.0,1.7888545,0.0
2024-06-27 21:30:00,22.5130015,0.0,0.0,0.0,0.0,1.82850425,0.0
2024-06-27 22:00:00,22.213001,0.0,0.0,0.0,0.0,1.868154,0.0
2024-06-27 22:30:00,22.1380015,0.0,0.0,0.0,0.0,2.11940395,0.0
2024-06-27 23:00:00,22.063002,0.0,0.0,0.0,0.0,2.3706539,0.0
2024-06-27 23:30:00,21.838001,0.0,0.0,0.0,0.0,2.26699235,0.0
2024-06-28 00:00:00,21.613,0.0,0.0,0.0,0.0,2.1633308,0.0
2024-06-28 00:30:00,21.4130005,0.0,0.0,0.0,0.0,1.9563082,0.0
2024-06-28 01:00:00,21.213001,0.0,0.0,0.0,0.0,1.7492856,0.0
2024-06-28 01:30:00,20.9880005,0.0,0.0,0.0,0.0,1.57106215,0.0
2024-06-28 02:00:00,20.763,0.0,0.0,0.0,0.0,1.3928387,0.0
2024-06-28 02:30:00,20.563,0.0,0.0,0.0,0.0,1.34833955,0.0
2024-06-28 03:00:00,20.363,0.0,0.0,0.0,0.0,1.3038404,0.0
2024-06-28 03:30:00,20.6630005,0.0,0.0,0.0,0.0,1.35902695,0.0
2024-06-28 04:00:00,20.963001,0.0,0.0,0.0,0.0,1.4142135,0.0
2024-06-28 04:30:00,20.7380005,0.0,0.0,0.0,0.0,1.5317279,0.0
2024-06-28 05:00:00,20.513,0.0,0.0,0.0,0.0,1.6492423,0.0
2024-06-28 05:30:00,20.788001,0.0,0.0,0.0,0.0,1.6385622,0.0
2024-06-28 06:00:00,21.063002,0.0,0.0,0.0,0.0,1.6278821,0.35
2024-06-28 06:30:00,21.213001,19.764974007640028,0.0,84.444185,20.101719,1.24114125,17.084
2024-06-28 07:00:00,21.363,42.38274981137533,0.0168916414794889,168.88837,40.203438,0.8544004,44.476
2024-06-28 07:30:00,22.838001,120.89533467607811,0.13282656057775497,428.918305,64.616884,0.9794682,100.0
2024-06-28 08:00:00,24.313002,259.3515638898143,0.2482542505615793,688.94824,89.03033,1.104536,195.133
2024-06-28 08:30:00,25.6380015,370.2645329383103,0.361200137690275,753.470245,98.31714,1.79424225,303.073
2024-06-28 09:00:00,26.963001,492.14187902717805,0.46973203049601386,817.99225,107.60395,2.4839485,402.162
2024-06-28 09:30:00,28.1380015,599.1178209587994,0.5719931619764372,849.0416749999999,112.58849,3.1141386,501.567
2024-06-28 10:00:00,29.313002,705.3854446401112,0.6662339681576472,880.0911,117.57303,3.7443287,589.085
2024-06-28 10:30:00,29.913001,792.5700211293506,0.7508420331380312,893.14625,119.968247,4.4069227,666.519
2024-06-28 11:00:00,30.513,871.9226417565387,0.8243696718234345,906.2014,122.363464,5.0695167,726.413
2024-06-28 11:30:00,30.413001,929.2301615206966,0.8855587159518169,903.68795,126.159757,5.6270876,729.9379999999999
2024-06-28 12:00:00,30.313002,974.1672332274926,0.9333620541470724,901.1745,129.95605,6.1846585,729.538
2024-06-28 12:30:00,30.288001,999.819796570244,0.9669615498542654,896.44977,129.69119,6.379425250000001,729.7260000000001
2024-06-28 13:00:00,30.263,1011.9760666392716,0.9857820547382127,891.72504,129.42633,6.574192,729.7270000000001
2024-06-28 13:30:00,30.213,1000.4596184592801,0.9895012577090696,876.4895200000001,129.722145,6.779946,729.489
2024-06-28 14:00:00,30.163,975.7687042407725,0.9780552039077978,861.254,130.01796,6.9857,729.85
2024-06-28 14:30:00,29.888,934.8262491014269,0.9516393965311348,844.1772000000001,128.26138699999998,7.1796507,729.8480000000001
2024-06-28 15:00:00,29.613,882.778031148852,0.9107054511726153,827.1004,126.504814,7.3736014,729.7099999999998
2024-06-28 15:30:00,29.513,804.618067862558,0.8559533728787119,786.70405,128.772862,7.16530605,729.8410000000001
2024-06-28 16:00:00,29.413,721.2679482296231,0.7883195775897724,746.3077,131.04091,6.9570107,675.1970000000001
2024-06-28 16:30:00,28.838,632.9816493650474,0.7089608617997928,717.0055,123.086743,7.2017431,599.923
2024-06-28 17:00:00,28.263,542.2163356075812,0.6192346156860055,687.7033,115.132576,7.4464755,511.179
2024-06-28 17:30:00,27.638,441.1482575752348,0.5206755915300906,648.5983,102.502346,7.30269315,416.81
2024-06-28 18:00:00,27.013,343.4324727863454,0.41496963395295977,609.4933,89.872116,7.1589108,307.856
2024-06-28 18:30:00,26.4880005,239.63877961170954,0.303924847116793,530.115225,78.281143,6.6208367500000005,201.881
2024-06-28 19:00:00,25.963001,151.92386049222023,0.18944065267791593,450.73715,66.69017,6.0827627,107.684
2024-06-28 19:30:00,25.2880005,71.87883655831982,0.07347528561843188,329.86286,47.8875495,5.770850149999999,47.568
2024-06-28 20:00:00,24.613,28.748216799777474,0.0,208.98857,29.084929,5.4589376,20.666
2024-06-28 20:30:00,23.963001,14.374108399888737,0.0,104.494285,14.5424645,5.10538955,4.59
2024-06-28 21:00:00,23.313002,0.0,0.0,0.0,0.0,4.7518415,0.0
2024-06-28 21:30:00,23.038001,0.0,0.0,0.0,0.0,4.63091525,0.0
2024-06-28 22:00:00,22.763,0.0,0.0,0.0,0.0,4.509989,0.0
2024-06-28 22:30:00,22.663001,0.0,0.0,0.0,0.0,4.5072155,0.0
2024-06-28 23:00:00,22.563002,0.0,0.0,0.0,0.0,4.504442,0.0
2024-06-28 23:30:00,22.5130015,0.0,0.0,0.0,0.0,4.5527643,0.0
2024-06-29 00:00:00,22.463001,0.0,0.0,0.0,0.0,4.6010866,0.0
2024-06-29 00:30:00,22.5130015,0.0,0.0,0.0,0.0,4.802542450000001,0.0
2024-06-29 01:00:00,22.563002,0.0,0.0,0.0,0.0,5.0039983,0.0
2024-06-29 01:30:00,22.363001,0.0,0.0,0.0,0.0,5.25245365,0.0
2024-06-29 02:00:00,22.163,0.0,0.0,0.0,0.0,5.500909,0.0
2024-06-29 02:30:00,21.888,0.0,0.0,0.0,0.0,5.5167697,0.0
2024-06-29 03:00:00,21.613,0.0,0.0,0.0,0.0,5.5326304,0.0
2024-06-29 03:30:00,21.763,0.0,0.0,0.0,0.0,5.5204032000000005,0.0
2024-06-29 04:00:00,21.913,0.0,0.0,0.0,0.0,5.508176,0.0
2024-06-29 04:30:00,21.8130005,0.0,0.0,0.0,0.0,5.7557543,0.0
2024-06-29 05:00:00,21.713001,0.0,0.0,0.0,0.0,6.0033326,0.0
2024-06-29 05:30:00,21.6880005,0.0,0.0,0.0,0.0,6.1032788,0.0
2024-06-29 06:00:00,21.663,0.0,0.0,0.0,0.0,6.203225,0.058
2024-06-29 06:30:00,21.8130005,19.77212436752785,0.0,78.63088,20.11756,6.41522065,10.947
2024-06-29 07:00:00,21.963001,42.0379418447397,0.01585695791325238,157.26176,40.23512,6.6272163,23.382
2024-06-29 07:30:00,22.4380005,116.32002154475387,0.1318346312310913,397.293355,64.698015,7.113608149999999,37.05200000000001
2024-06-29 08:00:00,22.913,245.96396764929472,0.24731845064094665,637.32495,89.16091,7.6,70.555
2024-06-29 08:30:00,23.4380005,335.600922620685,0.3603328607026886,622.221775,112.323345,8.114221,92.881
2024-06-29 09:00:00,23.963001,419.1511039033495,0.46894447226121,607.1186,135.48578,8.628442,325.54600000000005
2024-06-29 09:30:00,24.3630005,530.4794853186966,0.5712951253641199,672.43952,146.901795,9.1456285,214.597
2024-06-29 10:00:00,24.763,649.2681439229275,0.6656336919722837,737.76044,158.31781,9.662815,201.016
2024-06-29 10:30:00,25.088,730.0336599971026,0.7503460481752712,745.3855900000001,170.677995,9.9169265,264.891
2024-06-29 11:00:00,25.413,803.7509304304881,0.8239826865384412,753.01074,183.03818,10.171038,165.592
2024-06-29 11:30:00,25.613001,844.0738635535079,0.8852835338271331,725.7878700000001,201.577425,10.0221175,275.56600000000003
2024-06-29 12:00:00,25.813002,871.7090340871721,0.9331995241646528,698.565,220.11667,9.873197,243.105
2024-06-29 12:30:00,26.113001,914.8735988925337,0.9669105509865361,728.2120500000001,210.45077,9.663119,233.121
2024-06-29 13:00:00,26.413,948.8343076407128,0.9858395146878977,757.8591,200.78487,9.453041,396.371
2024-06-29 13:30:00,26.488001,950.2249405128821,0.9896622056568606,771.0254,185.75522,9.443511,288.479
2024-06-29 14:00:00,26.563002,939.8184466816288,0.978312856299929,784.1917,170.72557,9.433981,349.245
2024-06-29 14:30:00,26.463001,901.4693062190685,0.9519852744593172,776.5470849999999,160.20916499999998,9.184932,729.683
2024-06-29 15:00:00,26.363,852.3519520220755,0.9111295273124634,768.90247,149.69276,8.935883,369.082
2024-06-29 15:30:00,26.188,797.3404013227445,0.8564442454127842,768.4174499999999,137.095215,8.6179415,250.069
2024-06-29 16:00:00,26.013,732.479949952982,0.7888646681370318,767.93243,124.49767,8.3,175.931
2024-06-29 16:30:00,25.713,641.3485921936629,0.7095466338503422,736.257215,117.12043,8.2527425,627.469
2024-06-29 17:00:00,25.413,547.9272438238278,0.6198468098084042,704.582,109.74319,8.205485,152.798
2024-06-29 17:30:00,24.988001,444.8521313430716,0.5212994732158417,659.85755,99.810785,8.3527425,240.47
2024-06-29 18:00:00,24.563002,346.18645607683493,0.4155902498029878,615.1331,89.87838,8.5,310.849
2024-06-29 18:30:00,24.063002,239.50043177265445,0.3045272849087284,526.18425,79.04486,8.5526155,196.91
2024-06-29 19:00:00,23.563002,151.0620340016756,0.1900103007912592,437.2354,68.21134,8.605231,115.51999999999998
2024-06-29 19:30:00,23.038001,72.39612365372781,0.07399808730000647,317.9633,49.169675000000005,8.4102305,57.03
2024-06-29 20:00:00,22.513,29.75209111317024,0.0,198.6912,30.12801,8.21523,26.106
2024-06-29 20:30:00,22.263,14.876045556585122,0.0,99.3456,15.064005000000002,8.244341,5.096
2024-06-29 21:00:00,22.013,0.0,0.0,0.0,0.0,8.273452,0.0
2024-06-29 21:30:00,22.063,0.0,0.0,0.0,0.0,8.1320355,0.0
2024-06-29 22:00:00,22.113,0.0,0.0,0.0,0.0,7.990619,0.0
2024-06-29 22:30:00,22.238,0.0,0.0,0.0,0.0,7.9576322,0.0
2024-06-29 23:00:00,22.363,0.0,0.0,0.0,0.0,7.9246454,0.0
2024-06-29 23:30:00,22.363,0.0,0.0,0.0,0.0,7.81751395,0.0
2024-06-30 00:00:00,22.363,0.0,0.0,0.0,0.0,7.7103825,0.0
2024-06-30 00:30:00,22.188,0.0,0.0,0.0,0.0,7.603524249999999,0.0
2024-06-30 01:00:00,22.013,0.0,0.0,0.0,0.0,7.496666,0.0
2024-06-30 01:30:00,21.838,0.0,0.0,0.0,0.0,7.5693275,0.0
2024-06-30 02:00:00,21.663,0.0,0.0,0.0,0.0,7.641989,0.0
2024-06-30 02:30:00,21.513,0.0,0.0,0.0,0.0,7.5375117,0.0
2024-06-30 03:00:00,21.363,0.0,0.0,0.0,0.0,7.4330344,0.0
2024-06-30 03:30:00,21.263,0.0,0.0,0.0,0.0,7.2665172,0.0
2024-06-30 04:00:00,21.163,0.0,0.0,0.0,0.0,7.1,0.0
2024-06-30 04:30:00,21.013,0.0,0.0,0.0,0.0,7.15555125,0.0
2024-06-30 05:00:00,20.863,0.0,0.0,0.0,0.0,7.2111025,0.0
2024-06-30 05:30:00,20.688,0.0,0.0,0.0,0.0,6.9648664,0.0
2024-06-30 06:00:00,20.513,0.0,0.0,0.0,0.0,6.7186303,0.0
2024-06-30 06:30:00,20.688,19.78866047256615,0.0,78.85935,20.134385,6.5077274,12.026
2024-06-30 07:00:00,20.863,41.911834624244925,0.014801755778564142,157.7187,40.26877,6.2968245,42.758
2024-06-30 07:30:00,21.513,119.91266768288921,0.13082795252675444,416.49323,66.179655,6.3378479500000005,100.551
2024-06-30 08:00:00,22.163,257.6381372517906,0.24637343248173693,675.26776,92.09054,6.3788714,190.642
2024-06-30 08:30:00,22.6880005,365.3254429732032,0.3594615629533182,732.6685299999999,102.3284275,7.0785229,301.607
2024-06-30 09:00:00,23.213001,482.5254352304033,0.46815766731013836,790.0693,112.566315,7.7781744,418.332
2024-06-30 09:30:00,23.7630015,587.5275395518048,0.5706021101477893,808.40428,125.8511425,7.84288285,495.02
2024-06-30 10:00:00,24.313002,689.6687031591645,0.6650421256462561,826.73926,139.13597,7.9075913,639.0350000000001
2024-06-30 10:30:00,24.863001,777.078785204043,0.7498618181430526,848.59628,139.439325,8.00626415,703.524
2024-06-30 11:00:00,25.413,858.5592762016581,0.8236098052676529,870.4533,139.74268,8.104937,729.62
2024-06-30 11:30:00,25.9380005,926.5245581941288,0.8850240682196636,884.75025,141.15706,7.956953,729.51
2024-06-30 12:00:00,26.463001,984.2123713568465,0.9330535588002392,899.0472,142.57144,7.808969,729.633
2024-06-30 12:30:00,26.713001,1012.3351426644139,0.9668761857868005,896.90327,142.12851999999998,7.751561150000001,729.5920000000001
2024-06-30 13:00:00,26.963001,1027.083051182401,0.9859128971547224,894.75934,141.6856,7.6941533,729.6460000000001
2024-06-30 13:30:00,27.0630005,1018.5039967571829,0.9898375970886849,884.868835,139.33746,7.6866729,729.686
2024-06-30 14:00:00,27.163,996.5655163552728,0.9785827308635048,874.97833,136.98932,7.6791925,729.597
2024-06-30 14:30:00,27.138,955.6809077005437,0.9523404494013952,858.2920799999999,135.136955,7.7781875,729.734
2024-06-30 15:00:00,27.113,903.4360921330369,0.911559322063097,841.60583,133.28459,7.8771825,729.671
2024-06-30 15:30:00,27.1630005,837.5958355658489,0.8569366668135825,830.2153,123.27828,7.884475249999999,729.8219999999999
2024-06-30 16:00:00,27.213001,762.4310478862167,0.7894066185707628,818.82477,113.27197,7.891768,701.1089999999999
2024-06-30 16:30:00,27.0130015,667.4867805028384,0.710124138674945,785.338985,107.462515,7.7290705,617.737
2024-06-30 17:00:00,26.813002,570.035619671938,0.6204452601209336,751.8532,101.65306,7.566373,522.514
2024-06-30 17:30:00,26.338001,461.2426947914913,0.521903879733071,701.633325,93.6479,7.1956633,422.0940000000001
2024-06-30 18:00:00,25.863,357.67204987982797,0.4161855034725739,651.41345,85.64274,6.8249536,311.594
2024-06-30 18:30:00,25.238,249.88355779512588,0.30509841962499057,572.7549750000001,74.6538285,6.5116701500000005,203.08400000000003
2024-06-30 19:00:00,24.613,157.85713269747265,0.1905427537731891,494.0965,63.664917,6.1983867,108.382
2024-06-30 19:30:00,23.863,73.07972277355142,0.07447795249134453,360.343675,46.373851,5.6589785,50.162
2024-06-30 20:00:00,23.113,28.773502374911736,0.0,226.59085,29.082785,5.1195703,22.581000000000003
2024-06-30 20:30:00,22.488,14.386751187455868,0.0,113.295425,14.5413925,4.87926795,5.018
2024-06-30 21:00:00,21.863,0.0,0.0,0.0,0.0,4.6389656,0.0
2024-06-30 21:30:00,21.688,0.0,0.0,0.0,0.0,4.4787653,0.0
2024-06-30 22:00:00,21.513,0.0,0.0,0.0,0.0,4.318565,0.0
2024-06-30 22:30:00,21.438,0.0,0.0,0.0,0.0,4.0153536,0.0
2024-06-30 23:00:00,21.363,0.0,0.0,0.0,0.0,3.7121422,0.0
2024-06-30 23:30:00,21.263,0.0,0.0,0.0,0.0,3.56267595,0.0
2024-07-01 00:00:00,21.163,0.0,0.0,0.0,0.0,3.4132097,0.0
2024-07-01 00:30:00,21.113001,0.0,0.0,0.0,0.0,3.40954355,0.0
2024-07-01 01:00:00,21.063002,0.0,0.0,0.0,0.0,3.4058774,0.0
2024-07-01 01:30:00,21.038001,0.0,0.0,0.0,0.0,3.50917785,0.0
2024-07-01 02:00:00,21.013,0.0,0.0,0.0,0.0,3.6124783,0.0
2024-07-01 02:30:00,20.9880005,0.0,0.0,0.0,0.0,3.66701855,0.0
2024-07-01 03:00:00,20.963001,0.0,0.0,0.0,0.0,3.7215588,0.0
2024-07-01 03:30:00,20.6130005,0.0,0.0,0.0,0.0,3.6221709,0.0
2024-07-01 04:00:00,20.263,0.0,0.0,0.0,0.0,3.522783,0.0
2024-07-01 04:30:00,20.313,0.0,0.0,0.0,0.0,3.6673033,0.0
2024-07-01 05:00:00,20.363,0.0,0.0,0.0,0.0,3.8118236,0.0
2024-07-01 05:30:00,20.4130005,0.0,0.0,0.0,0.0,4.0154138,0.0
2024-07-01 06:00:00,20.463001,0.0,0.0,0.0,0.0,4.219004,0.0
2024-07-01 06:30:00,20.963001,19.80649293972197,0.0,79.098945,20.152529,4.379414000000001,13.95
2024-07-01 07:00:00,21.463001,41.784649687403295,0.013727514367981487,158.19789,40.305058,4.539824,41.227
2024-07-01 07:30:00,22.6630005,119.66575238039076,0.12980795174596696,427.550745,64.87578400000001,4.80467035,99.816
2024-07-01 08:00:00,23.863,259.75400912880605,0.2454205476902299,696.9036,89.44651,5.0695167,189.253
2024-07-01 08:30:00,24.9130005,371.88977755613706,0.3585874979579027,762.658925,98.618095,6.05221485,295.617
2024-07-01 09:00:00,25.963001,495.27834413585504,0.4673727502576416,828.41425,107.78968,7.034913,405.979
2024-07-01 09:30:00,26.6380015,603.983167700871,0.5699151132949285,860.377425,112.735215,7.333541,505.392
2024-07-01 10:00:00,27.313002,712.106777398955,0.6644601120340082,892.3406,117.68075,7.632169,599.278
2024-07-01 10:30:00,27.838001,802.5146155381982,0.7493900179704897,907.2474,120.599475,7.8771805,680.616
2024-07-01 11:00:00,28.363,885.2477484980881,0.8232515240417627,922.1542,123.5182,8.122192,729.7710000000001
2024-07-01 11:30:00,28.838001,948.8331911068592,0.8847806283990509,927.5519,125.191335,8.26377325,729.5590000000002
2024-07-01 12:00:00,29.313002,1000.5949083604486,0.9329242758695361,932.9496,126.86447,8.4053545,729.667
2024-07-01 12:30:00,29.538001,1029.4613436387585,0.9668583792477237,929.03635,127.656255,8.40267725,729.551
2024-07-01 13:00:00,29.763,1044.379117546463,0.9860019362537404,925.1231,128.44804,8.4,729.8710000000001
2024-07-01 13:30:00,29.888,1034.8399309705326,0.9900269805064957,912.9153,127.26427,8.450294,729.789
2024-07-01 14:00:00,30.013,1011.5226819300385,0.9788641989732927,900.7075,126.0805,8.500588,729.6119999999999
2024-07-01 14:30:00,30.088,969.7044446113265,0.9527041271781235,884.5181,123.408795,8.5014705,729.846
2024-07-01 15:00:00,30.163,916.0989129768941,0.9119938901651491,868.3287,120.73709,8.502353,729.831
2024-07-01 15:30:00,29.888,844.3802523510032,0.8574295578573432,845.2088,116.539625,8.201176499999999,729.678
2024-07-01 16:00:00,29.613,764.562432786698,0.7899442351901481,822.0889,112.34216,7.9,694.29
2024-07-01 16:30:00,29.388,669.4912253386326,0.7106920896061194,788.75728,106.549935,7.7552595,610.825
2024-07-01 17:00:00,29.163,571.8382339407809,0.6210286101638136,755.42566,100.75771,7.610519,517.572
2024-07-01 17:30:00,28.6880005,463.27926265096113,0.5224874092960224,705.54548,93.20101,7.367913,413.534
2024-07-01 18:00:00,28.213001,359.8350979158614,0.41675397312359785,655.6653,85.64431,7.125307,300.023
2024-07-01 18:30:00,27.713001,251.41777625940682,0.3056368351018156,576.71844,74.652977,6.7724045,203.937
2024-07-01 19:00:00,27.213001,158.81137949354658,0.19103662681833167,497.77158,63.661644,6.419502,110.932
2024-07-01 19:30:00,26.5130015,73.55983959582116,0.0749135529734808,364.66391,46.363642,5.710251,54.846
2024-07-01 20:00:00,25.813002,28.764364988723777,0.0,231.55624,29.06564,5.001,23.275
2024-07-01 20:30:00,24.938002,14.382182494361889,0.0,115.77812,14.53282,4.40312975,4.419
2024-07-01 21:00:00,24.063002,0.0,0.0,0.0,0.0,3.8052595,0.0
2024-07-01 21:30:00,23.538001,0.0,0.0,0.0,0.0,3.5556572500000003,0.0
2024-07-01 22:00:00,23.013,0.0,0.0,0.0,0.0,3.306055,0.0
2024-07-01 22:30:00,22.588,0.0,0.0,0.0,0.0,3.166302,0.0
2024-07-01 23:00:00,22.163,0.0,0.0,0.0,0.0,3.026549,0.0
2024-07-01 23:30:00,21.913,0.0,0.0,0.0,0.0,2.9939838,0.0
2024-07-02 00:00:00,21.663,0.0,0.0,0.0,0.0,2.9614186,0.0
2024-07-02 00:30:00,21.638,0.0,0.0,0.0,0.0,2.9614186,0.0
2024-07-02 01:00:00,21.613,0.0,0.0,0.0,0.0,2.9614186,0.0
2024-07-02 01:30:00,21.588001,0.0,0.0,0.0,0.0,2.8148757,0.0
2024-07-02 02:00:00,21.563002,0.0,0.0,0.0,0.0,2.6683328,0.0
2024-07-02 02:30:00,21.613001,0.0,0.0,0.0,0.0,2.6943134,0.0
2024-07-02 03:00:00,21.663,0.0,0.0,0.0,0.0,2.720294,0.0
2024-07-02 03:30:00,21.338,0.0,0.0,0.0,0.0,2.50251295,0.0
2024-07-02 04:00:00,21.013,0.0,0.0,0.0,0.0,2.2847319,0.0
2024-07-02 04:30:00,21.013,0.0,0.0,0.0,0.0,2.30533625,0.0
2024-07-02 05:00:00,21.013,0.0,0.0,0.0,0.0,2.3259406,0.0
2024-07-02 05:30:00,21.013,0.0,0.0,0.0,0.0,2.3259406,0.0
2024-07-02 06:00:00,21.013,0.0,0.0,0.0,0.0,2.3259406,0.0
2024-07-02 06:30:00,21.538001,18.73007769170598,0.0,79.348135,19.0511,2.25955595,14.824
2024-07-02 07:00:00,22.063002,39.465410965699235,0.012635807900760857,158.69627,38.1022,2.1931713,48.181
2024-07-02 07:30:00,23.688002,116.77632318778808,0.12877614328937745,421.739485,63.15147,2.37134055,101.163
2024-07-02 08:00:00,25.313002,254.87534064808347,0.24446122596002465,684.7827,88.20074,2.5495098,181.081
2024-07-02 08:30:00,26.813002,365.28688047992324,0.35771198719036024,751.09008,96.81719,2.8755360000000003,281.631
2024-07-02 09:00:00,28.313002,487.1436154463843,0.46659091273410463,817.39746,105.43364,3.2015622,386.507
2024-07-02 09:30:00,29.288001,593.7517131697159,0.5692351770970545,848.4332300000001,109.87864,4.0877472500000005,480.33
2024-07-02 10:00:00,30.263,699.7033370496559,0.6638885271644842,879.469,114.32364,4.9739323,572.3249999999999
2024-07-02 10:30:00,31.063,787.5704092772253,0.7489313433211251,891.5576000000001,117.849885,5.371840150000001,651.926
2024-07-02 11:00:00,31.863,867.4939994435592,0.8229083471764278,903.6462,121.37613,5.769748,712.813
2024-07-02 11:30:00,32.513,928.1144922928478,0.884553519591225,906.852275,123.080727,5.885290749999999,729.7639999999999
2024-07-02 12:00:00,33.163,976.9473896468135,0.9328117772135559,910.05835,124.785324,6.0008335,729.9159999999999
2024-07-02 12:30:00,33.613,1004.106654727424,0.9668570290314789,905.57614,125.094185,5.93512295,729.7049999999999
2024-07-02 13:00:00,34.063,1017.6281807522943,0.9861063282016695,901.09393,125.403046,5.8694124,729.7629999999999
2024-07-02 13:30:00,34.363,1010.1018556197732,0.9902298569024552,890.877915,124.257673,5.7529502,729.788
2024-07-02 14:00:00,34.663,989.1080272110217,0.9791565760056985,880.6619,123.1123,5.636488,729.727
2024-07-02 14:30:00,34.863,947.8161405482831,0.9530754503847753,864.8572999999999,119.99666,5.38972215,729.752
2024-07-02 15:00:00,35.063,894.9846607283289,0.912432217284313,849.0527,116.88102,5.1429563,729.776
2024-07-02 15:30:00,34.838,823.8600774393419,0.8579217658690996,824.76125,113.209955,4.7405794,691.73
2024-07-02 16:00:00,34.613,745.0296399129326,0.7904762480123009,800.4698,109.53889,4.3382025,626.1460000000001
2024-07-02 16:30:00,34.1629985,651.2061896129608,0.7112491224480291,765.78595,104.25007,4.04793075,555.527
2024-07-02 17:00:00,33.712997,555.2556551614448,0.6215954263274031,731.1021,98.96125,3.757659,466.093
2024-07-02 17:30:00,33.1379985,448.573864103693,0.5230485848964042,680.9630999999999,91.030475,3.3365674,378.184
2024-07-02 18:00:00,32.563,347.22743913329276,0.4172941651917372,630.8241,83.0997,2.9154758,277.468
2024-07-02 18:30:00,31.813001,242.25193197346476,0.30614104839237233,553.8121,72.2402035,2.34232815,185.624
2024-07-02 19:00:00,31.063002,152.72908465374053,0.19149047464658145,476.8001,61.380707,1.7691805,114.125
2024-07-02 19:30:00,30.163001,70.7519712971676,0.0753035076034496,347.755015,44.690485,1.44360725,64.622
2024-07-02 20:00:00,29.263,27.70319056875169,0.0,218.70993,28.000263,1.118034,28.942
2024-07-02 20:30:00,28.288001,13.851595284375847,0.0,109.354965,14.000131500000002,1.1914725,3.2349999999999994
2024-07-02 21:00:00,27.313002,0.0,0.0,0.0,0.0,1.264911,0.0
2024-07-02 21:30:00,26.538001,0.0,0.0,0.0,0.0,1.1732882,0.0
2024-07-02 22:00:00,25.763,0.0,0.0,0.0,0.0,1.0816654,0.0
2024-07-02 22:30:00,25.288001,0.0,0.0,0.0,0.0,1.11092045,0.0
2024-07-02 23:00:00,24.813002,0.0,0.0,0.0,0.0,1.1401755,0.0
2024-07-02 23:30:00,24.188002,0.0,0.0,0.0,0.0,0.99728795,0.0
2024-07-03 00:00:00,23.563002,0.0,0.0,0.0,0.0,0.8544004,0.0
2024-07-03 00:30:00,23.313002,0.0,0.0,0.0,0.0,1.19205315,0.0
2024-07-03 01:00:00,23.063002,0.0,0.0,0.0,0.0,1.5297059,0.0
2024-07-03 01:30:00,22.613001,0.0,0.0,0.0,0.0,1.4928639,0.0
2024-07-03 02:00:00,22.163,0.0,0.0,0.0,0.0,1.4560219,0.0
2024-07-03 02:30:00,21.763,0.0,0.0,0.0,0.0,1.3464768,0.0
2024-07-03 03:00:00,21.363,0.0,0.0,0.0,0.0,1.2369317,0.0
2024-07-03 03:30:00,21.313,0.0,0.0,0.0,0.0,2.13915655,0.0
2024-07-03 04:00:00,21.263,0.0,0.0,0.0,0.0,3.0413814,0.0
2024-07-03 04:30:00,21.263,0.0,0.0,0.0,0.0,3.3011401,0.0
2024-07-03 05:00:00,21.263,0.0,0.0,0.0,0.0,3.5608988,0.0
2024-07-03 05:30:00,21.338,0.0,0.0,0.0,0.0,3.8905442,0.0
2024-07-03 06:00:00,21.413,0.0,0.0,0.0,0.0,4.2201896,0.0
2024-07-03 06:30:00,21.988001,17.65226076888342,0.0,79.60447,17.9482325,4.2320043,13.338
2024-07-03 07:00:00,22.563002,37.13992809330839,0.011528288270379503,159.20894,35.896465,4.243819,50.08200000000001
2024-07-03 07:30:00,23.938002,114.32563354951569,0.12773411177886804,424.5475200000001,60.7254505,3.9556215,97.243
2024-07-03 08:00:00,25.313002,252.87351205780777,0.24349695876868035,689.8861,85.554436,3.667424,169.38899999999998
2024-07-03 08:30:00,26.413001,363.1984269575235,0.3568364047276021,752.29135,94.921983,3.533712,256.19
2024-07-03 09:00:00,27.513,484.11521214191197,0.46581338908402875,814.6966,104.28953,3.4,355.23
2024-07-03 09:30:00,28.1130005,590.222035171741,0.5685633762467671,846.1526200000001,108.19361,3.7,440.785
2024-07-03 10:00:00,28.713001,695.7852815616338,0.6633282688891077,877.60864,112.09769,4.0,528.676
2024-07-03 10:30:00,29.213001,777.858810117679,0.748486501017494,875.02277,121.08542,4.371181249999999,613.587
2024-07-03 11:00:00,29.713001,849.8393210724983,0.8225807795627637,872.4369,130.07315,4.7423625,690.001
2024-07-03 11:30:00,30.4880005,911.0297161952759,0.8843430373323349,875.04955,134.779585,4.65153225,729.722
2024-07-03 12:00:00,31.263,960.7916868768693,0.93271614519126,877.6622,139.48602,4.560702,729.641
2024-07-03 12:30:00,31.438,993.4965324072278,0.9668720041625544,882.1672,137.54934,4.15251535,729.6469999999999
2024-07-03 13:00:00,31.613,1013.3844842558619,0.9862257322324224,886.6722,135.61266,3.7443287,729.6790000000001
2024-07-03 13:30:00,31.613,1003.8944990449369,0.9904456828802086,873.1384499999999,135.821335,3.1101062,729.77
2024-07-03 14:00:00,31.613,981.2187054999893,0.979459126607007,859.6047,136.03001,2.4758837,729.694
2024-07-03 14:30:00,31.538,944.9396601952435,0.9534535057224405,855.442425,125.97596,2.224096,394.308
2024-07-03 15:00:00,31.463,896.4699850015568,0.9128732292673478,851.28015,115.92191,1.9723083,729.665
2024-07-03 15:30:00,31.063,811.0540176659525,0.8584120757536514,802.621155,119.286435,1.5964819499999998,706.762
2024-07-03 16:00:00,30.663,721.1745927852803,0.7910013233660507,753.96216,122.65096,1.2206556,648.557
2024-07-03 16:30:00,30.238001,619.2386554987843,0.711793809413691,692.74128,124.75149,1.06309705,556.366
2024-07-03 17:00:00,29.813002,520.4066374036786,0.6221442127951793,631.5204,126.85202,0.9055385,482.008
2024-07-03 17:30:00,29.363001,406.6392279539653,0.5235858700173723,543.75086,121.93283,0.8133244,149.703
2024-07-03 18:00:00,28.913,306.87910775327373,0.4178045305419832,455.98132,117.01364,0.7211103,151.62
2024-07-03 18:30:00,28.3130005,226.87656835499905,0.30660952606734,422.68971,97.904235,0.7245606250000001,200.883
2024-07-03 19:00:00,27.713001,152.91029567086844,0.1919028076637072,389.3981,78.79483,0.72801095,106.524
2024-07-03 19:30:00,26.8880015,74.50586118947798,0.07564639797341095,282.386725,53.637251500000005,0.57016076,50.007000000000005
2024-07-03 20:00:00,26.063002,28.104938233484262,0.0,175.37535,28.479673,0.41231057,23.905
2024-07-03 20:30:00,25.288001,14.052469116742131,0.0,87.687675,14.2398365,0.737662585,4.88
2024-07-03 21:00:00,24.513,0.0,0.0,0.0,0.0,1.0630146,0.0
2024-07-03 21:30:00,23.8630005,0.0,0.0,0.0,0.0,0.814350025,0.0
2024-07-03 22:00:00,23.213001,0.0,0.0,0.0,0.0,0.56568545,0.0
2024-07-03 22:30:00,22.8630005,0.0,0.0,0.0,0.0,0.5328427250000001,0.0
2024-07-03 23:00:00,22.513,0.0,0.0,0.0,0.0,0.5,0.0
2024-07-03 23:30:00,22.263,0.0,0.0,0.0,0.0,0.7109772249999999,0.0
2024-07-04 00:00:00,22.013,0.0,0.0,0.0,0.0,0.92195445,0.0
2024-07-04 00:30:00,21.463,0.0,0.0,0.0,0.0,0.760977225,0.0
2024-07-04 01:00:00,20.913,0.0,0.0,0.0,0.0,0.6,0.0
2024-07-04 01:30:00,20.238001,0.0,0.0,0.0,0.0,0.35,0.0
2024-07-04 02:00:00,19.563002,0.0,0.0,0.0,0.0,0.1,0.0
2024-07-04 02:30:00,19.288001,0.0,0.0,0.0,0.0,0.1,0.0
2024-07-04 03:00:00,19.013,0.0,0.0,0.0,0.0,0.1,0.0
2024-07-04 03:30:00,20.2380005,0.0,0.0,0.0,0.0,0.7019201999999999,0.0
2024-07-04 04:00:00,21.463001,0.0,0.0,0.0,0.0,1.3038404,0.0
2024-07-04 04:30:00,20.838001,0.0,0.0,0.0,0.0,1.4019202,0.0
2024-07-04 05:00:00,20.213001,0.0,0.0,0.0,0.0,1.5,0.0
2024-07-04 05:30:00,20.1880005,0.0,0.0,0.0,0.0,1.3764982,0.0
2024-07-04 06:00:00,20.163,0.0,0.0,0.0,0.0,1.2529964,0.0
2024-07-04 06:30:00,20.638,17.66215530919861,0.0,73.72589,17.9669,1.56591295,11.62
2024-07-04 07:00:00,21.113,36.85879107298734,0.010406659414963451,147.45178,35.9338,1.8788295,39.92099999999999
2024-07-04 07:30:00,22.263,111.6433246729355,0.12668348697330828,401.05902,61.52715,2.0360004,96.128
2024-07-04 08:00:00,23.413,245.12296202275206,0.24252927524732043,654.66626,87.1205,2.1931713,183.798
2024-07-04 08:30:00,24.388,353.05996178565977,0.35596215433419215,723.62473,95.740085,2.1931713,288.347
2024-07-04 09:00:00,25.363,473.1906882555127,0.4650414351210922,792.5832,104.35967,2.1931713,392.383
2024-07-04 09:30:00,26.238,579.2899294763544,0.5679007985543187,824.0644500000001,110.513555,2.17361855,488.47800000000007
2024-07-04 10:00:00,27.113,685.0382652500934,0.6627802397960516,855.5457,116.66744,2.1540658,565.091
2024-07-04 10:30:00,27.7880005,771.8843042446119,0.7480561944761457,869.52815,119.589545,2.302798,636.316
2024-07-04 11:00:00,28.463001,851.3409454201412,0.8222693148631112,883.5106,122.51165,2.4515302,702.392
2024-07-04 11:30:00,28.588001,852.0128376106408,0.884149458574556,788.3938,153.560665,2.6186038,729.595
2024-07-04 12:00:00,28.713001,831.6285669886888,0.9326374368085568,693.277,184.60968,2.7856774,729.6120000000001
2024-07-04 12:30:00,28.463001,826.5994713628724,0.9669031422875856,663.04385,185.10208,2.17546245,729.577
2024-07-04 13:00:00,28.213001,810.1271130629759,0.9863597709812923,632.8107,185.59448,1.5652475,297.017
2024-07-04 13:30:00,27.6880005,831.449313170388,0.9906738741404402,645.508925,191.60028,1.90065775,144.69400000000002
2024-07-04 14:00:00,27.163,842.8651997881183,0.9797710712011694,658.20715,197.60608,2.236068,227.398
2024-07-04 14:30:00,27.513,813.9031768711147,0.9538373333693455,654.040075,189.613405,2.5340142,143.401
2024-07-04 15:00:00,27.863,775.6770779059013,0.9133158042162006,649.873,181.62073,2.8319604,257.096
2024-07-04 15:30:00,28.1630005,724.9148768575049,0.8588992245118193,640.75358,174.140665,3.5189544,243.535
2024-07-04 16:00:00,28.463001,666.9563094629251,0.7915180805781087,631.63416,166.6606,4.2059484,204.542
2024-07-04 16:30:00,28.0630005,588.8987145625504,0.7123246776430343,616.41478,149.455215,3.82996585,118.865
2024-07-04 17:00:00,27.663,506.964461490151,0.6226734316214219,601.1954,132.24983,3.4539833,154.584
2024-07-04 17:30:00,27.088,408.0425614042661,0.5240976898709967,551.906475,118.692825,3.22532415,132.22899999999998
2024-07-04 18:00:00,26.513,315.1998681229728,0.4182834864327127,502.61755,105.13582,2.996665,92.534
2024-07-04 18:30:00,25.813,217.24298092950391,0.30704070652017246,410.875675,91.57626,2.10660875,83.275
2024-07-04 19:00:00,25.113,138.57213020368943,0.19227211407657757,319.1338,78.0167,1.2165525,104.315
2024-07-04 19:30:00,24.5380005,71.06826159516352,0.07594079001480517,239.58242,53.481302,1.315383,47.527
2024-07-04 20:00:00,23.963001,28.536766889011584,0.0,160.03104,28.945904,1.4142135,15.037
2024-07-04 20:30:00,23.3130005,14.268383444505792,0.0,80.01552,14.472952,1.4703236,3.269
2024-07-04 21:00:00,22.663,0.0,0.0,0.0,0.0,1.5264337,0.0
2024-07-04 21:30:00,22.263,0.0,0.0,0.0,0.0,1.7531663,0.0
2024-07-04 22:00:00,21.863,0.0,0.0,0.0,0.0,1.9798989,0.0
2024-07-04 22:30:00,21.488,0.0,0.0,0.0,0.0,2.14103595,0.0
2024-07-04 23:00:00,21.113,0.0,0.0,0.0,0.0,2.302173,0.0
2024-07-04 23:30:00,20.888,0.0,0.0,0.0,0.0,2.3140568,0.0
2024-07-05 00:00:00,20.663,0.0,0.0,0.0,0.0,2.3259406,0.0
2024-07-05 00:30:00,20.4380005,0.0,0.0,0.0,0.0,2.1925333,0.0
2024-07-05 01:00:00,20.213001,0.0,0.0,0.0,0.0,2.059126,0.0
2024-07-05 01:30:00,20.0380005,0.0,0.0,0.0,0.0,1.99003165,0.0
2024-07-05 02:00:00,19.863,0.0,0.0,0.0,0.0,1.9209373,0.0
2024-07-05 02:30:00,19.613,0.0,0.0,0.0,0.0,1.751038,0.0
2024-07-05 03:00:00,19.363,0.0,0.0,0.0,0.0,1.5811387,0.0
2024-07-05 03:30:00,19.513,0.0,0.0,0.0,0.0,1.7868122999999998,0.0
2024-07-05 04:00:00,19.663,0.0,0.0,0.0,0.0,1.9924859,0.0
2024-07-05 04:30:00,19.413,0.0,0.0,0.0,0.0,1.66332615,0.0
2024-07-05 05:00:00,19.163,0.0,0.0,0.0,0.0,1.3341664,0.0
2024-07-05 05:30:00,18.863001,0.0,0.0,0.0,0.0,1.8597692,0.0
2024-07-05 06:00:00,18.563002,0.0,0.0,0.0,0.0,2.385372,0.0
2024-07-05 06:30:00,18.738001,17.664955372038488,0.0,61.647315000000006,17.98699,3.4399063,7.993
2024-07-05 07:00:00,18.913,36.4731783700946,0.009272647365239037,123.29463,35.97398,4.4944406,19.735
2024-07-05 07:30:00,19.388,91.37730069037633,0.12562591431185277,195.96128,67.96773999999999,4.33528165,20.975
2024-07-05 08:00:00,19.863,163.07874656020732,0.24155971370130275,268.62793,99.9615,4.1761227,231.724
2024-07-05 08:30:00,20.613,264.4678670408825,0.35509064243205796,413.434515,119.1973,4.84351065,189.15
2024-07-05 09:00:00,21.363,396.3113323630302,0.46427630292425903,558.2411,138.4331,5.5108986,367.488
2024-07-05 09:30:00,22.4130005,515.154525568518,0.5672485219206137,653.4233999999999,145.133925,5.2664253,148.41
2024-07-05 10:00:00,23.463001,647.6295436274772,0.6622453268546894,748.6057,151.83475,5.021952,600.9
2024-07-05 10:30:00,24.3630005,737.204016366723,0.7476411061782939,789.82238,145.861695,5.3132073,719.665
2024-07-05 11:00:00,25.263,824.6246100990088,0.8219744210896684,831.03906,139.88864,5.6044626,688.8030000000001
2024-07-05 11:30:00,25.538001,878.6574128255826,0.8839730305691866,829.6195049999999,143.37928,6.05223155,729.465
2024-07-05 12:00:00,25.813002,921.4196580065163,0.9325756760988388,828.19995,146.86992,6.5000005,729.645
2024-07-05 12:30:00,25.838001,937.5383533085808,0.9669502455879726,805.58011,156.55306000000002,6.889025,729.804
2024-07-05 13:00:00,25.863,940.5010000447862,0.9865080300031553,782.96027,166.2362,7.2780495,281.643
2024-07-05 13:30:00,26.063,914.2213686263103,0.9909138085708531,742.129215,177.459495,7.38735775,729.603
2024-07-05 14:00:00,26.263,876.9025874536798,0.9800915925575818,701.29816,188.68279,7.496666,729.5439999999999
2024-07-05 14:30:00,26.288001,829.8113905573592,0.954225936902346,667.4848300000001,192.401955,7.488988,729.601
2024-07-05 15:00:00,26.313002,775.2168498714332,0.9137587855347747,633.6715,196.12112,7.48131,729.632
2024-07-05 15:30:00,26.213001,727.7770819888908,0.859381917167991,639.75027,177.647345,7.686539,729.608
2024-07-05 16:00:00,26.113,671.293404061964,0.7920251105002901,645.82904,159.17357,7.891768,729.644
2024-07-05 16:30:00,25.9130005,593.3343818555563,0.7128402299615142,621.72497,149.75892,7.7668785,605.907
2024-07-05 17:00:00,25.713001,512.9333392626924,0.6231815253089015,597.6209,140.34427,7.641989,513.204
2024-07-05 17:30:00,25.4380005,420.4320419275251,0.5245824553721439,571.27495,120.61552,7.4795462,414.647
2024-07-05 18:00:00,25.163,329.1732325157345,0.4187294415090693,544.929,100.88677,7.3171034,322.81999999999994
2024-07-05 18:30:00,24.613001,234.5829956196161,0.3074330254222083,487.154625,84.89538999999999,7.108913899999999,205.717
2024-07-05 19:00:00,24.063002,151.33303296976118,0.1925968854843943,429.38025,68.90401,6.9007244,120.603
2024-07-05 19:30:00,23.3880015,72.77882627090634,0.07618525915931337,317.50408000000004,48.8929585,6.40713405,49.771
2024-07-05 20:00:00,22.713001,28.543657172683346,0.0,205.62791,28.881907,5.9135437,21.540000000000003
2024-07-05 20:30:00,22.2380005,14.271828586341673,0.0,102.81395500000002,14.4409535,5.08573865,4.34
2024-07-05 21:00:00,21.763,0.0,0.0,0.0,0.0,4.2579336,0.0
2024-07-05 21:30:00,21.6130005,0.0,0.0,0.0,0.0,4.200801800000001,0.0
2024-07-05 22:00:00,21.463001,0.0,0.0,0.0,0.0,4.14367,0.0
2024-07-05 22:30:00,21.4130005,0.0,0.0,0.0,0.0,4.224159500000001,0.0
2024-07-05 23:00:00,21.363,0.0,0.0,0.0,0.0,4.304649,0.0
2024-07-05 23:30:00,21.338001,0.0,0.0,0.0,0.0,4.273644750000001,0.0
2024-07-06 00:00:00,21.313002,0.0,0.0,0.0,0.0,4.2426405,0.0
2024-07-06 00:30:00,21.288001,0.0,0.0,0.0,0.0,4.17132025,0.0
2024-07-06 01:00:00,21.263,0.0,0.0,0.0,0.0,4.1,0.0
2024-07-06 01:30:00,21.2380005,0.0,0.0,0.0,0.0,4.13865975,0.0
2024-07-06 02:00:00,21.213001,0.0,0.0,0.0,0.0,4.1773195,0.0
2024-07-06 02:30:00,21.1130005,0.0,0.0,0.0,0.0,4.2264154000000005,0.0
2024-07-06 03:00:00,21.013,0.0,0.0,0.0,0.0,4.2755113,0.0
2024-07-06 03:30:00,20.8630005,0.0,0.0,0.0,0.0,3.89417245,0.0
2024-07-06 04:00:00,20.713001,0.0,0.0,0.0,0.0,3.5128336,0.0
2024-07-06 04:30:00,20.6380015,0.0,0.0,0.0,0.0,3.42524865,0.0
2024-07-06 05:00:00,20.563002,0.0,0.0,0.0,0.0,3.3376637,0.0
2024-07-06 05:30:00,20.488001,0.0,0.0,0.0,0.0,3.23487775,0.0
2024-07-06 06:00:00,20.413,0.0,0.0,0.0,0.0,3.1320918,0.0
2024-07-06 06:30:00,20.638,17.684926288851756,0.0,61.86124000000001,18.007325,3.18004715,10.063
2024-07-06 07:00:00,20.863,36.375465290644364,0.008127970866255265,123.72248,36.01465,3.2280025,39.051
2024-07-06 07:30:00,22.088001,109.37405007975909,0.12456302594878463,382.74404,62.4460875,3.4146955,93.392
2024-07-06 08:00:00,23.313002,242.4289891323328,0.2405897934121795,641.7656,88.877525,3.6013885,179.943
2024-07-06 08:30:00,24.063002,352.25474370910484,0.35422325113935366,717.32195,98.51474,5.3064039,294.202
2024-07-06 09:00:00,24.813002,475.81285253738116,0.4635192155135317,792.8783,108.151955,7.0114193,406.582
2024-07-06 09:30:00,25.188002,581.3853203054096,0.566607591135357,821.4603999999999,115.2852875,7.30866915,555.784
2024-07-06 10:00:00,25.563002,686.0745654961898,0.6617243805141776,850.0425,122.41862,7.605919,722.49
2024-07-06 10:30:00,25.913001,777.130730622192,0.7472418795311274,872.97825,123.03409,7.857895,703.029
2024-07-06 11:00:00,26.263,862.1983467618355,0.8216965254812485,895.914,123.64956,8.109871,729.5540000000001
2024-07-06 11:30:00,26.638,925.0468598136024,0.8838139589921236,902.89377,124.253525,8.312282,683.0500000000001
2024-07-06 12:00:00,27.013,976.5697006299305,0.9325308456168553,909.87354,124.85749,8.514693,295.76700000000005
2024-07-06 12:30:00,27.213,1005.3015846289219,0.9670130758094353,906.612245,125.15605,8.4621055,729.924
2024-07-06 13:00:00,27.413,1020.4161518218584,0.9866700563510098,903.35095,125.45461,8.409518,729.8009999999999
2024-07-06 13:30:00,27.513,1013.8369533503371,0.9911648283657218,893.752655,124.3017,8.157606000000001,729.7479999999999
2024-07-06 14:00:00,27.613,993.697171224812,0.9804198413880179,884.15436,123.14879,7.905694,729.6700000000001
2024-07-06 14:30:00,27.613,953.2247358631466,0.9546182922362301,868.5789500000001,120.509785,7.905694,729.517
2024-07-06 15:00:00,27.613,901.0887542491572,0.9142009940505376,853.00354,117.87078,7.905694,729.7170000000001
2024-07-06 15:30:00,27.4130005,832.0799463775606,0.8598588418504424,831.3151700000001,114.1786225,7.85573075,729.564
2024-07-06 16:00:00,27.213001,754.9066597894979,0.7925209932091101,809.6268,110.486465,7.8057675,687.654
2024-07-06 16:30:00,26.8630005,661.0225113767424,0.7133389649409843,776.56965,104.7219275,7.76099205,609.45
2024-07-06 17:00:00,26.513,564.5739828311764,0.6236669388525963,743.5125,98.95739,7.7162166,518.865
2024-07-06 17:30:00,25.9880005,457.4998343984836,0.5250385867946715,695.2809500000001,91.01503,7.524850799999999,416.212
2024-07-06 18:00:00,25.463001,355.23601247511556,0.4191408205651642,647.0494,83.07267,7.333485,311.083
2024-07-06 18:30:00,24.8130005,248.0386794811606,0.3077849412927503,569.6319100000001,72.1896475,7.184199,201.917
2024-07-06 19:00:00,24.163,156.33408760200803,0.19287564270924767,492.21442,61.306625,7.034913,107.935
2024-07-06 19:30:00,23.463,72.11717825530543,0.07637841602140438,359.00381000000004,44.79874,6.7423595,47.158
2024-07-06 20:00:00,22.763,27.996156809963974,0.0,225.7932,28.290855,6.449806,20.266
2024-07-06 20:30:00,22.213,13.998078404981987,0.0,112.8966,14.1454275,5.7871285,4.472
2024-07-06 21:00:00,21.663,0.0,0.0,0.0,0.0,5.124451,0.0
2024-07-06 21:30:00,21.5630005,0.0,0.0,0.0,0.0,4.9705445,0.0
2024-07-06 22:00:00,21.463001,0.0,0.0,0.0,0.0,4.816638,0.0
2024-07-06 22:30:00,21.4880005,0.0,0.0,0.0,0.0,4.6721655,0.0
2024-07-06 23:00:00,21.513,0.0,0.0,0.0,0.0,4.527693,0.0
2024-07-06 23:30:00,21.513,0.0,0.0,0.0,0.0,4.279411,0.0
2024-07-07 00:00:00,21.513,0.0,0.0,0.0,0.0,4.031129,0.0
2024-07-07 00:30:00,21.413001,0.0,0.0,0.0,0.0,3.9260618,0.0
2024-07-07 01:00:00,21.313002,0.0,0.0,0.0,0.0,3.8209946,0.0
2024-07-07 01:30:00,21.1380015,0.0,0.0,0.0,0.0,3.68602535,0.0
2024-07-07 02:00:00,20.963001,0.0,0.0,0.0,0.0,3.5510561,0.0
2024-07-07 02:30:00,20.8880015,0.0,0.0,0.0,0.0,3.5601848,0.0
2024-07-07 03:00:00,20.813002,0.0,0.0,0.0,0.0,3.5693135,0.0
2024-07-07 03:30:00,20.713001,0.0,0.0,0.0,0.0,3.3546885,0.0
2024-07-07 04:00:00,20.613,0.0,0.0,0.0,0.0,3.1400635,0.0
2024-07-07 04:30:00,20.5380005,0.0,0.0,0.0,0.0,3.17081285,0.0
2024-07-07 05:00:00,20.463001,0.0,0.0,0.0,0.0,3.2015622,0.0
2024-07-07 05:30:00,20.3880015,0.0,0.0,0.0,0.0,3.3277727500000003,0.0
2024-07-07 06:00:00,20.313002,0.0,0.0,0.0,0.0,3.4539833,0.0
2024-07-07 06:30:00,20.663001,17.71507412772346,0.0,68.28829,18.029373,3.58508205,9.768999999999998
2024-07-07 07:00:00,21.013,36.38267659573584,0.006974316828616683,136.57658,36.058746,3.7161808,37.868
2024-07-07 07:30:00,22.013,111.81008519385855,0.12349641622370204,415.630515,61.147188,3.9377539,92.966
2024-07-07 08:00:00,23.013,251.99324006579627,0.23962099063099707,694.68445,86.23563,4.159327,179.68
2024-07-07 08:30:00,23.8630005,364.5500925862773,0.35336131516170355,762.174675,95.409135,4.672924,285.703
2024-07-07 09:00:00,24.713001,488.86697181971647,0.4627713450453271,829.6649,104.58264,5.186521,395.028
2024-07-07 09:30:00,25.4380005,597.8718204956904,0.565978997631691,862.10375,108.987468,5.5534125,500.584
2024-07-07 10:00:00,26.163,706.4444229563995,0.6612181964658612,894.5426,113.392296,5.920304,592.374
2024-07-07 10:30:00,26.788,796.547015037168,0.746859102863928,907.92435,116.364778,6.1224297,674.197
2024-07-07 11:00:00,27.413,878.7483191788951,0.8214360009617935,921.3061,119.33726,6.3245554,729.744
2024-07-07 11:30:00,27.763,940.3679080980221,0.8836723970966236,923.77387,121.05699,6.64078305,729.7339999999999
2024-07-07 12:00:00,28.113,989.8775507542687,0.9325028784580047,926.24164,122.77672,6.9570107,729.6310000000001
2024-07-07 12:30:00,28.213001,1016.2761810024106,0.9670913492261676,918.85042,124.121775,7.1805317,729.76
2024-07-07 13:00:00,28.313002,1028.6425010886962,0.9868453565668571,911.4592,125.46683,7.4040527,729.8489999999999
2024-07-07 13:30:00,28.413001,1018.8195371704212,0.9914262410604284,898.0155199999999,124.80835,7.32866405,729.675
2024-07-07 14:00:00,28.513,995.3817518605705,0.9807549403826081,884.57184,124.14987,7.2532754,729.5840000000001
2024-07-07 14:30:00,28.563,955.8533333720259,0.9550133545717773,869.955355,121.49545,7.143739,729.763
2024-07-07 15:00:00,28.613,904.5633560003009,0.9146412377189739,855.33887,118.84103,7.0342026,721.644
2024-07-07 15:30:00,28.513,833.5763824944139,0.8603286820448655,832.044885,114.66379,6.864115,729.9100000000001
2024-07-07 16:00:00,28.413,754.596404653804,0.7930043126601428,808.7509,110.48655,6.6940274,684.5600000000001
2024-07-07 16:30:00,28.163,659.8333392694196,0.7138193936375583,773.18157,105.61902,6.6996247,607.136
2024-07-07 17:00:00,27.913,562.9537806393214,0.6241281382814157,737.61224,100.75149,6.705222,513.193
2024-07-07 17:30:00,27.3130005,456.3747539796926,0.5254645338051127,690.96507,91.90545,6.5654759,412.697
2024-07-07 18:00:00,26.713001,354.3067280957053,0.4195160857973847,644.3179,83.05941,6.4257298,306.098
2024-07-07 18:30:00,26.0630005,247.50066338590187,0.30809495751740196,567.41362,72.16782,6.1016362,201.566
2024-07-07 19:00:00,25.413,156.08253843693788,0.1931069582508648,490.50934,61.27623,5.7775426,107.814
2024-07-07 19:30:00,24.538,71.68540636985955,0.07651892895833255,356.808945,44.483021,5.1276326,49.337
2024-07-07 20:00:00,23.663,27.403764315515286,0.0,223.10855,27.689812,4.4777226,21.42
2024-07-07 20:30:00,22.913,13.701882157757641,0.0,111.554275,13.844905999999998,4.13951905,4.517
2024-07-07 21:00:00,22.163,0.0,0.0,0.0,0.0,3.8013155,0.0
2024-07-07 21:30:00,21.9380005,0.0,0.0,0.0,0.0,3.66771755,0.0
2024-07-07 22:00:00,21.713001,0.0,0.0,0.0,0.0,3.5341196,0.0
2024-07-07 22:30:00,21.713001,0.0,0.0,0.0,0.0,3.6251502,0.0
2024-07-07 23:00:00,21.713001,0.0,0.0,0.0,0.0,3.7161808,0.0
2024-07-07 23:30:00,21.7380005,0.0,0.0,0.0,0.0,3.8278619,0.0
2024-07-08 00:00:00,21.763,0.0,0.0,0.0,0.0,3.939543,0.0
2024-07-08 00:30:00,21.763,0.0,0.0,0.0,0.0,4.0512372,0.0
2024-07-08 01:00:00,21.763,0.0,0.0,0.0,0.0,4.1629314,0.0
2024-07-08 01:30:00,21.813,0.0,0.0,0.0,0.0,4.0777122,0.0
2024-07-08 02:00:00,21.863,0.0,0.0,0.0,0.0,3.992493,0.0
2024-07-08 02:30:00,21.763,0.0,0.0,0.0,0.0,3.8080137,0.0
2024-07-08 03:00:00,21.663,0.0,0.0,0.0,0.0,3.6235344,0.0
2024-07-08 03:30:00,21.613001,0.0,0.0,0.0,0.0,3.5336847,0.0
2024-07-08 04:00:00,21.563002,0.0,0.0,0.0,0.0,3.443835,0.0
2024-07-08 04:30:00,21.588001,0.0,0.0,0.0,0.0,3.6897844,0.0
2024-07-08 05:00:00,21.613,0.0,0.0,0.0,0.0,3.9357338,0.0
2024-07-08 05:30:00,21.713001,0.0,0.0,0.0,0.0,4.11554005,0.0
2024-07-08 06:00:00,21.813002,0.0,0.0,0.0,0.0,4.2953463,0.0
2024-07-08 06:30:00,22.163001,16.634461769754942,0.0,68.53051,16.9236375,4.3167744,10.275999999999998
2024-07-08 07:00:00,22.513,34.06570353808132,0.005813323135720408,137.06102,33.847275,4.3382025,37.597
2024-07-08 07:30:00,23.588,108.96625459862439,0.12242762441244624,409.89251,59.42570250000001,4.2499664,89.323
2024-07-08 08:00:00,24.663,247.23455924276115,0.23865472154564946,682.724,85.00413,4.1617303,172.998
2024-07-08 08:30:00,25.8130005,358.0819846937126,0.3525061052428672,750.75223,93.61537,4.72141435,278.142
2024-07-08 09:00:00,26.963001,480.87947195744533,0.4620337970689284,818.78046,102.22661,5.2810984,383.566
2024-07-08 09:30:00,27.713001,588.899982953205,0.5653636648559119,850.251315,107.26342,5.8067772,483.275
2024-07-08 10:00:00,28.463001,696.4004269849409,0.6607275023267805,881.72217,112.30023,6.332456,573.8679999999999
2024-07-08 10:30:00,29.088001,786.0445358835622,0.7464932976286414,895.8015350000001,115.28936,6.55222865,653.453
2024-07-08 11:00:00,29.713001,868.0350161117312,0.8211931561209784,909.8809,118.27849,6.7720013,723.707
2024-07-08 11:30:00,30.0380005,929.2514742737683,0.8835484375648248,912.5636,120.011585,7.01263835,729.8349999999999
2024-07-08 12:00:00,30.363,978.5271488717472,0.9324916521244707,915.2463,121.74468,7.2532754,729.6650000000001
2024-07-08 12:30:00,30.688,1007.2293725695977,0.967184732615012,911.52583,122.0814425,7.2769802,729.839
2024-07-08 13:00:00,31.013,1022.1976046525155,0.9870333948212336,907.80536,122.418205,7.300685,729.538
2024-07-08 13:30:00,31.213,1015.5557831331375,0.9916973198357792,897.93918,121.3012025,7.300685,729.581
2024-07-08 14:00:00,31.413,995.265267729213,0.9810959866596731,888.073,120.1842,7.300685,729.695
2024-07-08 14:30:00,31.363001,953.6939851217846,0.9554100629324509,870.83902,118.064915,7.3381603,729.6829999999999
2024-07-08 15:00:00,31.313002,900.5062972561077,0.9150783181708992,853.60504,115.94563,7.3756356,729.753
2024-07-08 15:30:00,31.088001,830.5241914304672,0.8607901250563276,831.30057,111.811068,7.1218388,729.6800000000001
2024-07-08 16:00:00,30.863,752.42400871216,0.79347366685862,808.9961,107.676506,6.868042,670.266
2024-07-08 16:30:00,30.488,658.5333559776116,0.7142800513086461,775.23792,102.411513,6.90281035,591.939
2024-07-08 17:00:00,30.113,562.1871159889761,0.6245636237513467,741.47974,97.14652,6.9375787,503.064
2024-07-08 17:30:00,29.5380005,455.16731798682105,0.5258587896179475,692.290895,89.67131,6.77371,405.327
2024-07-08 18:00:00,28.963001,353.1630976115218,0.4198537518123299,643.10205,82.1961,6.6098413,299.708
2024-07-08 18:30:00,28.1630005,246.39538168862356,0.3083616379968061,565.98294,71.34041500000001,6.45174465,196.412
2024-07-08 19:00:00,27.363,155.07385310006546,0.19328947236070956,488.86383,60.48473,6.293648,107.627
2024-07-08 19:30:00,26.488,70.95820453764826,0.07660554021012689,355.90898,43.78189,5.31592525,50.278
2024-07-08 20:00:00,25.613,26.805588375096196,0.0,222.95413,27.07905,4.3382025,22.655
2024-07-08 20:30:00,24.888,13.402794187548098,0.0,111.47706499999998,13.539525,4.03591675,4.101
2024-07-08 21:00:00,24.163,0.0,0.0,0.0,0.0,3.733631,0.0
2024-07-08 21:30:00,23.913,0.0,0.0,0.0,0.0,3.81232315,0.0
2024-07-08 22:00:00,23.663,0.0,0.0,0.0,0.0,3.8910153,0.0
2024-07-08 22:30:00,23.5630005,0.0,0.0,0.0,0.0,3.9063748,0.0
2024-07-08 23:00:00,23.463001,0.0,0.0,0.0,0.0,3.9217343,0.0
2024-07-08 23:30:00,23.4380005,0.0,0.0,0.0,0.0,3.95335305,0.0
2024-07-09 00:00:00,23.413,0.0,0.0,0.0,0.0,3.9849718,0.0
2024-07-09 00:30:00,23.388,0.0,0.0,0.0,0.0,3.9450484,0.0
2024-07-09 01:00:00,23.363,0.0,0.0,0.0,0.0,3.905125,0.0
2024-07-09 01:30:00,23.263,0.0,0.0,0.0,0.0,3.826729,0.0
2024-07-09 02:00:00,23.163,0.0,0.0,0.0,0.0,3.748333,0.0
2024-07-09 02:30:00,23.113001,0.0,0.0,0.0,0.0,3.5924505,0.0
2024-07-09 03:00:00,23.063002,0.0,0.0,0.0,0.0,3.436568,0.0
2024-07-09 03:30:00,23.338001,0.0,0.0,0.0,0.0,3.380361,0.0
2024-07-09 04:00:00,23.613,0.0,0.0,0.0,0.0,3.324154,0.0
2024-07-09 04:30:00,23.638,0.0,0.0,0.0,0.0,3.8213595,0.0
2024-07-09 05:00:00,23.663,0.0,0.0,0.0,0.0,4.318565,0.0
2024-07-09 05:30:00,23.513,0.0,0.0,0.0,0.0,4.493806,0.0
2024-07-09 06:00:00,23.363,0.0,0.0,0.0,0.0,4.669047,0.0
2024-07-09 06:30:00,23.588001,15.551889136525674,0.0,68.77858,15.8158915,4.7727605,10.919
2024-07-09 07:00:00,23.813002,31.742947169365497,0.004646569442943931,137.55716,31.631783,4.876474,38.331
2024-07-09 07:30:00,24.813002,107.24066193874793,0.12135812540419799,413.156755,57.7018965,5.00971515,89.715
2024-07-09 08:00:00,25.813002,246.8097907262254,0.2376923329876289,688.75635,83.77201,5.1429563,173.23999999999998
2024-07-09 08:30:00,26.6380015,357.91827824362804,0.3516588191844449,755.3858749999999,92.4291225,5.906894149999999,277.261
2024-07-09 09:00:00,27.463001,480.66461270877255,0.46130760192377834,822.0154,101.086235,6.670832,382.778
2024-07-09 09:30:00,28.0630005,589.3388364069892,0.5647624402041559,852.88045,106.7144375,6.71957,486.599
2024-07-09 10:00:00,28.663,697.3608983925928,0.660252950264311,883.7455,112.34264,6.768308,578.0840000000001
2024-07-09 10:30:00,29.338,787.0251635757303,0.7461449119211566,897.4873,115.323675,6.7086841,659.54
2024-07-09 11:00:00,30.013,868.9639786226977,0.8209682296403118,911.2291,118.30471,6.6490602,719.27
2024-07-09 11:30:00,30.513,930.7113401611001,0.8834421079917938,914.2963,120.033268,6.623014599999999,729.5540000000001
2024-07-09 12:00:00,31.013,980.5318395337621,0.9324969851239119,917.3635,121.761826,6.596969,729.539
2024-07-09 12:30:00,31.438,1008.1845410196116,0.9672928410147245,912.907735,121.585463,6.636523,729.5899999999999
2024-07-09 13:00:00,31.863,1022.0320087307308,0.9872335918402868,908.45197,121.4091,6.676077,729.788
2024-07-09 13:30:00,32.113,1014.3612707411435,0.9919773036325781,897.471935,120.303225,6.72699125,729.818
2024-07-09 14:00:00,32.363,993.0416841203106,0.9814420530471792,886.4919,119.19735,6.7779055,729.655
2024-07-09 14:30:00,32.338,951.5008799097634,0.9558073425858862,869.19517,117.089525,6.811305750000001,729.731
2024-07-09 15:00:00,32.313,898.3566766288511,0.9155110341982962,851.89844,114.9817,6.844706,729.639
2024-07-09 15:30:00,31.988,829.3497484287112,0.8612418664777531,830.58887,110.859805,6.6646515,719.135
2024-07-09 16:00:00,31.663,752.0986563658214,0.7939276732394251,809.2793,106.73791,6.484597,651.8149999999999
2024-07-09 16:30:00,31.1880005,657.2922492275968,0.7147195036316498,774.90735,101.038568,6.507647,570.918
2024-07-09 17:00:00,30.713001,560.1261235499088,0.6249719364067403,740.5354,95.339226,6.530697,481.068
2024-07-09 17:30:00,30.213001,451.6156160116088,0.5262198985323425,687.59265,88.33474799999999,6.4315765,387.382
2024-07-09 18:00:00,29.713001,348.9187569628763,0.420152393631507,634.6499,81.33027,6.332456,285.326
2024-07-09 18:30:00,29.0630005,242.43083033618927,0.3085836155097492,554.30174,70.8873585,6.1469998,186.996
2024-07-09 19:00:00,28.413,152.16871096995823,0.1934219015342165,473.95358,60.444447,5.9615436,105.211
2024-07-09 19:30:00,27.513,69.6491738951171,0.07663707453352228,343.30792,43.4515135,5.2970188,51.861
2024-07-09 20:00:00,26.613,26.182410196848366,0.0,212.66226,26.45858,4.632494,23.417
2024-07-09 20:30:00,25.988,13.091205098424185,0.0,106.33113,13.229290000000002,4.373551150000001,3.913
2024-07-09 21:00:00,25.363,0.0,0.0,0.0,0.0,4.1146083,0.0
2024-07-09 21:30:00,25.138,0.0,0.0,0.0,0.0,4.092617300000001,0.0
2024-07-09 22:00:00,24.913,0.0,0.0,0.0,0.0,4.0706263,0.0
2024-07-09 22:30:00,24.8130005,0.0,0.0,0.0,0.0,4.05087765,0.0
2024-07-09 23:00:00,24.713001,0.0,0.0,0.0,0.0,4.031129,0.0
2024-07-09 23:30:00,24.6630005,0.0,0.0,0.0,0.0,3.88238,0.0
2024-07-10 00:00:00,24.613,0.0,0.0,0.0,0.0,3.733631,0.0
2024-07-10 00:30:00,24.488,0.0,0.0,0.0,0.0,3.5675506,0.0
2024-07-10 01:00:00,24.363,0.0,0.0,0.0,0.0,3.4014702,0.0
2024-07-10 01:30:00,24.338001,0.0,0.0,0.0,0.0,3.2659826,0.0
2024-07-10 02:00:00,24.313002,0.0,0.0,0.0,0.0,3.130495,0.0
2024-07-10 02:30:00,24.238001,0.0,0.0,0.0,0.0,3.1534855,0.0
2024-07-10 03:00:00,24.163,0.0,0.0,0.0,0.0,3.176476,0.0
2024-07-10 03:30:00,23.588,0.0,0.0,0.0,0.0,2.79654265,0.0
2024-07-10 04:00:00,23.013,0.0,0.0,0.0,0.0,2.4166093,0.0
2024-07-10 04:30:00,22.8630005,0.0,0.0,0.0,0.0,2.57303905,0.0
2024-07-10 05:00:00,22.713001,0.0,0.0,0.0,0.0,2.7294688,0.0
2024-07-10 05:30:00,22.6880005,0.0,0.0,0.0,0.0,2.8763561,0.0
2024-07-10 06:00:00,22.663,0.0,0.0,0.0,0.0,3.0232434,0.0
2024-07-10 06:30:00,22.9380005,15.564494614276592,0.0,62.750795,15.837383499999998,3.1061436,9.963
2024-07-10 07:00:00,23.213001,31.565179350851693,0.0034755744711959984,125.50159,31.674767,3.1890438,36.61
2024-07-10 07:30:00,24.588001,106.18138918762304,0.1202893269227141,407.180245,57.8181285,3.22700465,87.57000000000001
2024-07-10 08:00:00,25.963001,246.35199434283206,0.23673509975800683,688.8589,83.96149,3.2649655,169.57299999999998
2024-07-10 08:30:00,27.1880005,356.9072374104926,0.35082057919959747,755.6559199999999,91.9533325,3.69160875,271.031
2024-07-10 09:00:00,28.413,479.15691863772736,0.4605937122784105,822.45294,99.945175,4.118252,373.878
2024-07-10 09:30:00,29.388,587.3835797744854,0.5641760928070103,852.25602,105.5976525,4.25457585,473.807
2024-07-10 10:00:00,30.363,694.7602362489829,0.6597951150875867,882.0591,111.25013,4.3908997,567.857
2024-07-10 10:30:00,30.988,783.9427594511624,0.7458143188004799,895.1884,114.247675,4.95679,645.9359999999999
2024-07-10 11:00:00,31.613,865.3270116194514,0.8207613889454533,908.3177,117.24522,5.5226803,713.738
2024-07-10 11:30:00,31.938,926.085589709909,0.8833533698649187,910.92065,118.462115,5.75675315,729.713
2024-07-10 12:00:00,32.263,974.9043948042439,0.9325186362587923,913.5236,119.67901,5.990826,729.604
2024-07-10 12:30:00,32.462999999999994,998.7609529245399,0.9674152373631695,900.585225,124.120495,6.0186565000000005,729.77
2024-07-10 13:00:00,32.663,1008.5182864735347,0.987445324888781,887.64685,128.56198,6.046487,729.711
2024-07-10 13:30:00,32.6879985,995.3977800534092,0.9922653974598779,868.916575,129.84268,6.046487,729.614
2024-07-10 14:00:00,32.712997,969.0945727966969,0.9817921887030663,850.1863,131.12338,6.046487,729.797
2024-07-10 14:30:00,32.587997,885.1216518262768,0.9562041059311805,762.5142,153.973005,6.09326,729.566
2024-07-10 15:00:00,32.462997,795.7302282189871,0.9159381829059383,674.8421,176.82263,6.140033,729.7069999999999
2024-07-10 15:30:00,32.5129985,717.8977513966892,0.8616826115684086,620.6729,182.974165,5.7100925,717.752
2024-07-10 16:00:00,32.563,638.5435253914134,0.7943649702518628,566.5037,189.1257,5.280152,656.3710000000001
2024-07-10 16:30:00,32.013000000000005,571.4544418285909,0.7151363483899963,555.143025,175.053,5.444091,579.008
2024-07-10 17:00:00,31.463,500.42533697990257,0.6253516602394629,543.78235,160.9803,5.60803,489.781
2024-07-10 17:30:00,30.7130005,415.4204921920115,0.5265464578150101,534.653675,134.272613,5.66626915,392.242
2024-07-10 18:00:00,29.963001,328.36715143838336,0.4204106486102498,525.525,107.564926,5.7245083,286.864
2024-07-10 18:30:00,28.9880005,233.3670247064985,0.3087595936081219,467.54155,89.26678799999999,5.680054650000001,187.636
2024-07-10 19:00:00,28.013,149.83806373406486,0.19350304045841715,409.5581,70.96865,5.635601,104.781
2024-07-10 19:30:00,27.138,71.95662409250828,0.07661244107217582,295.84841000000006,49.6648725,5.058894,51.789
2024-07-10 20:00:00,26.263,27.99458429048031,0.0,182.13872,28.361095,4.482187,22.534
2024-07-10 20:30:00,25.563,13.997292145240156,0.0,91.06936,14.1805475,3.90317055,3.52
2024-07-10 21:00:00,24.863,0.0,0.0,0.0,0.0,3.3241541,0.0
2024-07-10 21:30:00,24.488,0.0,0.0,0.0,0.0,3.15372035,0.0
2024-07-10 22:00:00,24.113,0.0,0.0,0.0,0.0,2.9832866,0.0
2024-07-10 22:30:00,23.938,0.0,0.0,0.0,0.0,2.5511243,0.0
2024-07-10 23:00:00,23.763,0.0,0.0,0.0,0.0,2.118962,0.0
2024-07-10 23:30:00,23.4880005,0.0,0.0,0.0,0.0,1.94548325,0.0
2024-07-11 00:00:00,23.213001,0.0,0.0,0.0,0.0,1.7720045,0.0
2024-07-11 00:30:00,23.0130015,0.0,0.0,0.0,0.0,1.7804295,0.0
2024-07-11 01:00:00,22.813002,0.0,0.0,0.0,0.0,1.7888545,0.0
2024-07-11 01:30:00,22.6380015,0.0,0.0,0.0,0.0,1.9644739,0.0
2024-07-11 02:00:00,22.463001,0.0,0.0,0.0,0.0,2.1400933,0.0
2024-07-11 02:30:00,22.338001,0.0,0.0,0.0,0.0,2.09596085,0.0
2024-07-11 03:00:00,22.213001,0.0,0.0,0.0,0.0,2.0518284,0.0
2024-07-11 03:30:00,22.6380015,0.0,0.0,0.0,0.0,2.0383370000000003,0.0
2024-07-11 04:00:00,23.063002,0.0,0.0,0.0,0.0,2.0248456,0.0
2024-07-11 04:30:00,22.863001,0.0,0.0,0.0,0.0,2.0431992,0.0
2024-07-11 05:00:00,22.663,0.0,0.0,0.0,0.0,2.0615528,0.0
2024-07-11 05:30:00,22.513,0.0,0.0,0.0,0.0,1.9210011,0.0
2024-07-11 06:00:00,22.363,0.0,0.0,0.0,0.0,1.7804494,0.0
2024-07-11 06:30:00,22.563,15.577983545463596,0.0,56.682715,15.8597985,1.98681035,9.27
2024-07-11 07:00:00,22.763,31.41691136107722,0.002301797559891282,113.36543,31.719597,2.1931713,38.461
2024-07-11 07:30:00,24.038001,101.0911597888063,0.11922257121823197,373.504965,57.22446849999999,2.55432355,86.63
2024-07-11 08:00:00,25.313002,231.3692860870978,0.2357842262981276,633.6445,82.72934,2.9154758,160.624
2024-07-11 08:30:00,26.688002,339.70303181559456,0.3499924336516765,706.8498,92.596115,3.7647924,254.578
2024-07-11 09:00:00,28.063002,461.39787617824175,0.4598930048787426,780.0551,102.46289,4.614109,356.05
2024-07-11 09:30:00,28.813002,568.8144076427184,0.5636053152323551,815.2619,108.581285,5.29745575,454.129
2024-07-11 10:00:00,29.563002,676.7613036517923,0.6593544958532477,850.4687,114.69968,5.9808025,547.519
2024-07-11 10:30:00,30.188002,765.9761934746622,0.7455018178590394,867.95675,117.07123,6.1100969,627.735
2024-07-11 11:00:00,30.813002,848.3966326205068,0.8205727316841834,885.4448,119.44278,6.2393913,698.37
2024-07-11 11:30:00,31.413001,910.9291787912164,0.8832821199023957,891.5886499999999,120.61899,6.41590545,729.4010000000001
2024-07-11 12:00:00,32.013,962.1710614089669,0.9325563058720897,897.7325,121.7952,6.5924196,729.539
2024-07-11 12:30:00,32.188,989.85684873451,0.9675514335444055,888.7237,126.714535,6.93282915,729.6220000000001
2024-07-11 13:00:00,32.363,1003.8231530494913,0.9876679286072103,879.7149,131.63387,7.2732387,729.5939999999999
2024-07-11 13:30:00,32.138,998.1086409292693,0.9925607730006436,871.3266249999999,129.891305,7.5535696,729.4849999999999
2024-07-11 14:00:00,31.913,979.1020126970913,0.9821454194638917,862.93835,128.14874,7.8339005,729.749
2024-07-11 14:30:00,31.4380005,900.4988978147802,0.9565992525981548,765.458005,166.49655,8.004125250000001,729.6010000000001
2024-07-11 15:00:00,30.963001,817.0606660332089,0.9163585595438332,667.97766,204.84436,8.17435,729.6250000000001
2024-07-11 15:30:00,31.0130015,786.129236613856,0.8621110748080686,722.14143,162.3404425,7.91992865,727.497
2024-07-11 16:00:00,31.063002,739.1677249957891,0.7947842166169916,776.3052,119.836525,7.6655073,666.694
2024-07-11 16:30:00,30.813002,645.6358541298447,0.7155292145133908,743.5538,111.623295,7.3434515,589.448
2024-07-11 17:00:00,30.563002,549.780242196946,0.6257014208452903,710.8024,103.410065,7.0213957,500.151
2024-07-11 17:30:00,30.088001,446.77495197429073,0.5268371162189638,668.00415,93.6174395,6.67060305,402.113
2024-07-11 18:00:00,29.613,347.6395897323039,0.4206272147736069,625.2059,83.824814,6.3198104,296.349
2024-07-11 18:30:00,29.138,243.30535097563393,0.3088883447671632,552.84317,72.08634,5.71431305,193.492
2024-07-11 19:00:00,28.663,153.40433038684796,0.19353175997158312,480.48044,60.347866,5.1088157,105.063
2024-07-11 19:30:00,27.838,69.72979358467397,0.07653063119630377,350.187705,43.020918,4.57925335,47.497
2024-07-11 20:00:00,27.013,25.44330976595058,0.0,219.89497,25.69397,4.049691,20.384
2024-07-11 20:30:00,26.188,12.72165488297529,0.0,109.947485,12.846985,4.1141037,3.353
2024-07-11 21:00:00,25.363,0.0,0.0,0.0,0.0,4.1785164,0.0
2024-07-11 21:30:00,25.138,0.0,0.0,0.0,0.0,3.8570252,0.0
2024-07-11 22:00:00,24.913,0.0,0.0,0.0,0.0,3.535534,0.0
2024-07-11 22:30:00,24.663,0.0,0.0,0.0,0.0,3.17577985,0.0
2024-07-11 23:00:00,24.413,0.0,0.0,0.0,0.0,2.8160257,0.0
2024-07-11 23:30:00,24.138,0.0,0.0,0.0,0.0,2.72805085,0.0
2024-07-12 00:00:00,23.863,0.0,0.0,0.0,0.0,2.640076,0.0
2024-07-12 00:30:00,23.713001,0.0,0.0,0.0,0.0,2.605534,0.0
2024-07-12 01:00:00,23.563002,0.0,0.0,0.0,0.0,2.570992,0.0
2024-07-12 01:30:00,23.6380015,0.0,0.0,0.0,0.0,2.68906285,0.0
2024-07-12 02:00:00,23.713001,0.0,0.0,0.0,0.0,2.8071337,0.0
2024-07-12 02:30:00,23.6130005,0.0,0.0,0.0,0.0,2.9044,0.0
2024-07-12 03:00:00,23.513,0.0,0.0,0.0,0.0,3.0016663,0.0
2024-07-12 03:30:00,24.088,0.0,0.0,0.0,0.0,3.49143615,0.0
2024-07-12 04:00:00,24.663,0.0,0.0,0.0,0.0,3.981206,0.0
2024-07-12 04:30:00,24.463,0.0,0.0,0.0,0.0,3.9011003,0.0
2024-07-12 05:00:00,24.263,0.0,0.0,0.0,0.0,3.8209946,0.0
2024-07-12 05:30:00,24.1130005,0.0,0.0,0.0,0.0,3.5299108,0.0
2024-07-12 06:00:00,23.963001,0.0,0.0,0.0,0.0,3.238827,0.0
2024-07-12 06:30:00,24.088001,14.492312039129576,0.0,56.894785,14.748889,3.0831417,9.596
2024-07-12 07:00:00,24.213001,29.112824186047707,0.0011266419917796886,113.78957,29.497778,2.9274564,37.03
2024-07-12 07:30:00,25.5630005,100.50452717883758,0.11815913844508763,386.03251,55.49813400000001,2.6309899000000003,84.513
2024-07-12 08:00:00,26.913,235.38785901937473,0.234840850174115,658.27545,81.49849,2.3345234,162.794
2024-07-12 08:30:00,28.0630005,344.3687129420701,0.349175360553587,725.0888749999999,91.411605,3.9832872,259.687
2024-07-12 09:00:00,29.213001,465.2197069206094,0.45920628397232255,791.9023,101.32472,5.632051,363.434
2024-07-12 09:30:00,29.5630005,571.1492753533099,0.5630507268427829,824.0758,106.33057,6.1898215,461.751
2024-07-12 10:00:00,29.913,676.9420518865197,0.6589315190978484,856.2493,111.33642,6.747592,556.0780000000001
2024-07-12 10:30:00,30.213,766.7695037662039,0.7452076382436744,872.24538,114.859955,7.114451,639.0849999999999
2024-07-12 11:00:00,30.513,849.5140949162464,0.8204022884637716,888.24146,118.38349,7.48131,701.1089999999999
2024-07-12 11:30:00,30.963,912.5671102606362,0.883228192521162,894.06423,120.097682,7.488988,729.708
2024-07-12 12:00:00,31.413,964.2532736040029,0.9326096379078974,899.887,121.811874,7.496666,729.676
2024-07-12 12:30:00,31.713,994.8022213581946,0.967700892083095,899.2796,121.11549,7.768905,729.7629999999999
2024-07-12 13:00:00,32.013,1011.9260081585928,0.9879006962966472,898.6722,120.419106,8.041144,729.6179999999999
2024-07-12 13:30:00,32.013,1008.4906221760259,0.9928625694699273,891.2950000000001,119.815953,8.1717765,729.6600000000001
2024-07-12 14:00:00,32.013,991.4371405085798,0.9825007482642378,883.9178,119.2128,8.302409,729.678
2024-07-12 14:30:00,31.988,953.3776403964717,0.9569916694086237,870.5653500000001,116.61484,8.181403,729.649
2024-07-12 15:00:00,31.963,903.3883556102796,0.9167709569856479,857.2129,114.01688,8.060397,729.403
2024-07-12 15:30:00,31.888001000000003,836.5025925616102,0.8625259789409891,838.67707,109.90213,7.9760825,729.1510000000001
2024-07-12 16:00:00,31.813002,760.8864641019917,0.7951840899377639,820.14124,105.78738,7.891768,665.328
2024-07-12 16:30:00,31.488001,666.4336026605586,0.7158967602492344,787.59422,100.09594,7.7025447,586.9739999999999
2024-07-12 17:00:00,31.163,569.1462657544891,0.6260198832120427,755.0472,94.4045,7.5133214,502.08
2024-07-12 17:30:00,30.8130005,460.54972500458575,0.5270905714869879,704.9797,87.40793500000001,7.09432435,404.402
2024-07-12 18:00:00,30.463001,357.0390473937407,0.42080084795325073,654.9122,80.41137,6.6753273,300.082
2024-07-12 18:30:00,29.7630015,248.09832064462498,0.30896870729915343,574.62462,69.974766,6.29823815,194.52
2024-07-12 19:00:00,29.063002,155.32083041187795,0.19350700378182117,494.33704,59.538162,5.921149,103.884
2024-07-12 19:30:00,28.338001,69.75197037931328,0.07639071510159688,357.010235,42.5418145,5.2304865,45.987
2024-07-12 20:00:00,27.613,25.296255515044596,0.0,219.68343,25.545467,4.539824,19.867
2024-07-12 20:30:00,26.9130005,12.648127757522296,0.0,109.841715,12.772733499999998,4.2711615,3.417
2024-07-12 21:00:00,26.213001,0.0,0.0,0.0,0.0,4.002499,0.0
2024-07-12 21:30:00,25.7380005,0.0,0.0,0.0,0.0,3.736905,0.0
2024-07-12 22:00:00,25.263,0.0,0.0,0.0,0.0,3.471311,0.0
2024-07-12 22:30:00,24.913001,0.0,0.0,0.0,0.0,3.0958025,0.0
2024-07-12 23:00:00,24.563002,0.0,0.0,0.0,0.0,2.720294,0.0
2024-07-12 23:30:00,24.238001,0.0,0.0,0.0,0.0,2.4521635,0.0
2024-07-13 00:00:00,23.913,0.0,0.0,0.0,0.0,2.184033,0.0
2024-07-13 00:30:00,23.613001,0.0,0.0,0.0,0.0,1.9934043,0.0
2024-07-13 01:00:00,23.313002,0.0,0.0,0.0,0.0,1.8027756,0.0
2024-07-13 01:30:00,23.188002,0.0,0.0,0.0,0.0,1.88373195,0.0
2024-07-13 02:00:00,23.063002,0.0,0.0,0.0,0.0,1.9646883,0.0
2024-07-13 02:30:00,23.188002,0.0,0.0,0.0,0.0,2.26394475,0.0
2024-07-13 03:00:00,23.313002,0.0,0.0,0.0,0.0,2.5632012,0.0
2024-07-13 03:30:00,23.838001,0.0,0.0,0.0,0.0,3.2513721,0.0
2024-07-13 04:00:00,24.363,0.0,0.0,0.0,0.0,3.939543,0.0
2024-07-13 04:30:00,24.263,0.0,0.0,0.0,0.0,4.2501225,0.0
2024-07-13 05:00:00,24.163,0.0,0.0,0.0,0.0,4.560702,0.0
2024-07-13 05:30:00,24.0630005,0.0,0.0,0.0,0.0,4.36901075,0.0
2024-07-13 06:00:00,23.963001,0.0,0.0,0.0,0.0,4.1773195,0.0
2024-07-13 06:30:00,24.0130015,13.404608471512933,0.0,57.110012,13.635893,3.99915705,8.336
2024-07-13 07:00:00,24.063002,26.809216943025866,0.0,114.220024,27.271786,3.8209946,23.653
2024-07-13 07:30:00,25.088001,99.51531702375203,0.1171002496986244,389.495662,54.487743,4.06107865,82.619
2024-07-13 08:00:00,26.113,236.49536430399803,0.23390604521131078,664.7713,81.7037,4.3011627,160.847
2024-07-13 08:30:00,26.863,345.14744864383516,0.3483702707111875,728.59905,91.556645,5.369665149999999,115.011
2024-07-13 09:00:00,27.613,465.0039179252226,0.4585342845110697,792.4268,101.40959,6.4381676,167.779
2024-07-13 09:30:00,28.1630005,570.4676845119764,0.562512876905982,822.579365,106.963893,6.67812995,174.082
2024-07-13 10:00:00,28.713001,675.4099456560763,0.6585265418303748,852.73193,112.518196,6.9180923,576.719
2024-07-13 10:30:00,29.0630005,764.7160318182346,0.7449319414690881,869.050365,115.464453,7.117597849999999,624.35
2024-07-13 11:00:00,29.413,847.0257564663715,0.8202500255062937,885.3688,118.41071,7.3171034,709.472
2024-07-13 11:30:00,29.738001,904.5894795896659,0.8831913622075864,879.3489199999999,125.371005,7.6287532,729.807
2024-07-13 12:00:00,30.063002,949.6452187495069,0.9326782220309652,873.32904,132.3313,7.940403,729.692
2024-07-13 12:30:00,30.338001,984.1763946010974,0.9678630279461409,879.37177,129.952135,8.045124999999999,729.635
2024-07-13 13:00:00,30.613,1005.9357339687365,0.9881428813803633,885.4145,127.57297,8.149847,729.548
2024-07-13 13:30:00,30.763,1005.9080224592947,0.993169894709173,884.9466,123.3950475,8.205299,729.4869999999999
2024-07-13 14:00:00,30.913,992.3079225987188,0.9828571558516823,884.4787,119.217125,8.260751,729.478
2024-07-13 14:30:00,30.913,953.220702391005,0.9573802307043326,870.05385,116.6165625,8.175125000000001,729.759
2024-07-13 15:00:00,30.913,902.2658046349287,0.9171741657127445,855.629,114.016,8.089499,729.695
2024-07-13 15:30:00,30.6880005,832.0836633621236,0.862926054549836,833.21718,109.898295,7.793082500000001,729.2919999999999
2024-07-13 16:00:00,30.463001,753.6996853301815,0.7955632859251375,810.80536,105.78059,7.496666,665.516
2024-07-13 16:30:00,30.3130005,659.0881541138688,0.7162376720372097,777.07093,100.085065,7.34868,589.1279999999999
2024-07-13 17:00:00,30.163,561.9445758741831,0.6263057502911427,743.3365,94.38954,7.200694,502.086
2024-07-13 17:30:00,29.788,454.1768062151875,0.5273055684909945,693.54575,86.962815,7.003654,403.13
2024-07-13 18:00:00,29.413,351.5199126645858,0.42093035970769643,643.755,79.53609,6.806614,296.37
2024-07-13 18:30:00,28.963,244.43587958304508,0.3089995829988267,565.50839,69.13053,6.63479285,193.495
2024-07-13 19:00:00,28.513,153.09412408439923,0.1934277858894297,487.26178,58.72497,6.4629717,104.356
2024-07-13 19:30:00,27.813,68.81465984857712,0.07619183902027016,352.093345,42.0541175,6.01042435,46.365
2024-07-13 20:00:00,27.113,25.131883942000528,0.0,216.92491,25.383265,5.557877,19.674
2024-07-13 20:30:00,26.638,0.0,0.0,108.462455,12.6916325,5.2171755,3.151
2024-07-13 21:00:00,26.163,0.0,0.0,0.0,0.0,4.876474,0.0
2024-07-13 21:30:00,25.963,0.0,0.0,0.0,0.0,4.25069385,0.0
2024-07-13 22:00:00,25.763,0.0,0.0,0.0,0.0,3.6249137,0.0
2024-07-13 22:30:00,25.538001,0.0,0.0,0.0,0.0,3.21334945,0.0
2024-07-13 23:00:00,25.313002,0.0,0.0,0.0,0.0,2.8017852,0.0
2024-07-13 23:30:00,24.963001,0.0,0.0,0.0,0.0,2.49747825,0.0
2024-07-14 00:00:00,24.613,0.0,0.0,0.0,0.0,2.1931713,0.0
2024-07-14 00:30:00,24.188,0.0,0.0,0.0,0.0,1.9811759,0.0
2024-07-14 01:00:00,23.763,0.0,0.0,0.0,0.0,1.7691805,0.0
2024-07-14 01:30:00,23.588,0.0,0.0,0.0,0.0,1.814644,0.0
2024-07-14 02:00:00,23.413,0.0,0.0,0.0,0.0,1.8601075,0.0
2024-07-14 02:30:00,23.513,0.0,0.0,0.0,0.0,2.16496255,0.0
2024-07-14 03:00:00,23.613,0.0,0.0,0.0,0.0,2.4698176,0.0
2024-07-14 03:30:00,23.838001,0.0,0.0,0.0,0.0,2.64380905,0.0
2024-07-14 04:00:00,24.063002,0.0,0.0,0.0,0.0,2.8178005,0.0
2024-07-14 04:30:00,24.063002,0.0,0.0,0.0,0.0,3.10079275,0.0
2024-07-14 05:00:00,24.063002,0.0,0.0,0.0,0.0,3.383785,0.0
2024-07-14 05:30:00,24.188002,0.0,0.0,0.0,0.0,3.60826935,0.0
2024-07-14 06:00:00,24.313002,0.0,0.0,0.0,0.0,3.8327537,0.0
2024-07-14 06:30:00,24.6380015,14.531092521568093,0.0,50.961895,14.7970885,3.96637685,8.362
2024-07-14 07:00:00,24.963001,29.062185043136186,0.0,101.92379,29.594177,4.1,34.34
2024-07-14 07:30:00,26.1130005,99.31754713292976,0.11604706809189475,386.75459500000005,55.03765849999999,3.8113915,83.12500000000001
2024-07-14 08:00:00,27.263,236.27595458206423,0.23298082269355053,671.5854,80.48114,3.522783,162.022
2024-07-14 08:30:00,28.213,346.23181824828373,0.3475780091294069,736.6602250000001,90.37789,4.5636228,262.068
2024-07-14 09:00:00,29.163,467.65699163223957,0.4578776735997771,801.73505,100.27464,5.6044626,363.855
2024-07-14 09:30:00,29.838,575.3667859653924,0.5619922461229998,834.909225,105.282825,6.20994305,469.895
2024-07-14 10:00:00,30.513,683.0684198830872,0.6581398531296268,868.0834,110.29101,6.8154235,564.504
2024-07-14 10:30:00,30.888,772.9463729354401,0.7446748230779975,883.18595,113.278215,7.41925775,644.202
2024-07-14 11:00:00,31.263,855.4725586229948,0.8201158462758693,898.2885,116.26542,8.023092,715.524
2024-07-14 11:30:00,31.438,919.5803873899184,0.8831713451548938,904.89828,117.480095,8.162750500000001,729.495
2024-07-14 12:00:00,31.613,972.2480992919574,0.932761595228937,911.50806,118.69477,8.302409,729.729
2024-07-14 12:30:00,31.763,1002.64599874234,0.9680372100787995,909.602295,118.546005,8.3192375,729.558
2024-07-14 13:00:00,31.913,1019.3674051707443,0.9883936988660014,907.69653,118.39724,8.336066,729.745
2024-07-14 13:30:00,31.988,1013.735557808713,0.993481826553179,898.4324300000001,117.318915,8.4344715,729.798
2024-07-14 14:00:00,32.063,994.355054554766,0.9832136020359294,889.16833,116.24059,8.532877,729.72
2024-07-14 14:30:00,31.988,954.1758036145148,0.9577637994714181,873.677865,113.678205,8.4595875,729.675
2024-07-14 15:00:00,31.913,902.1293026210686,0.9175669747472244,858.1874,111.11582,8.386298,729.7710000000001
2024-07-14 15:30:00,31.813,834.223834746478,0.8633100408531575,837.99875,107.508275,8.2456175,729.649
2024-07-14 16:00:00,31.713,757.7691522958105,0.7959205189988809,817.8101,103.90073,8.104937,679.498
2024-07-14 16:30:00,31.438,664.2033001104808,0.7165506649393383,786.3180500000001,98.23809,7.90765975,606.7
2024-07-14 17:00:00,31.163,567.6179341393862,0.6265577631696793,754.826,92.57545,7.7103825,518.074
2024-07-14 17:30:00,30.6880005,460.1177991309132,0.52748089932028,706.1775,86.040067,7.385771999999999,416.615
2024-07-14 18:00:00,30.213001,357.398788917981,0.4210146171693089,657.529,79.504684,7.0611615,309.695
2024-07-14 18:30:00,29.6880005,248.64816345536838,0.30897993677301777,580.356465,68.706558,6.531414,200.539
2024-07-14 19:00:00,29.163,155.3518774868396,0.19329319003567852,503.18393,57.908432,6.0016665,106.698
2024-07-14 19:30:00,28.388,69.00234516178043,0.07593322444943562,364.962565,41.310629,5.5326309,44.879000000000005
2024-07-14 20:00:00,27.613,24.489271113537335,0.0,226.7412,24.712826,5.0635953,17.979
2024-07-14 20:30:00,26.9130005,0.0,0.0,113.3706,12.356413,4.6204574,3.163
2024-07-14 21:00:00,26.213001,0.0,0.0,0.0,0.0,4.1773195,0.0
2024-07-14 21:30:00,25.7630015,0.0,0.0,0.0,0.0,3.81492745,0.0
2024-07-14 22:00:00,25.313002,0.0,0.0,0.0,0.0,3.4525354,0.0
2024-07-14 22:30:00,24.938002,0.0,0.0,0.0,0.0,3.3456812,0.0
2024-07-14 23:00:00,24.563002,0.0,0.0,0.0,0.0,3.238827,0.0
2024-07-14 23:30:00,24.188002,0.0,0.0,0.0,0.0,3.2964645,0.0
2024-07-15 00:00:00,23.813002,0.0,0.0,0.0,0.0,3.354102,0.0
2024-07-15 00:30:00,23.613001,0.0,0.0,0.0,0.0,3.4721833,0.0
2024-07-15 01:00:00,23.413,0.0,0.0,0.0,0.0,3.5902646,0.0
2024-07-15 01:30:00,23.413,0.0,0.0,0.0,0.0,3.7731363,0.0
2024-07-15 02:00:00,23.413,0.0,0.0,0.0,0.0,3.956008,0.0
2024-07-15 02:30:00,23.463,0.0,0.0,0.0,0.0,4.30663015,0.0
2024-07-15 03:00:00,23.513,0.0,0.0,0.0,0.0,4.6572523,0.0
2024-07-15 03:30:00,24.188,0.0,0.0,0.0,0.0,5.143319849999999,0.0
2024-07-15 04:00:00,24.863,0.0,0.0,0.0,0.0,5.6293874,0.0
2024-07-15 04:30:00,24.7880005,0.0,0.0,0.0,0.0,5.82509235,0.0
2024-07-15 05:00:00,24.713001,0.0,0.0,0.0,0.0,6.0207973,0.0
2024-07-15 05:30:00,24.6880005,0.0,0.0,0.0,0.0,6.0751171500000005,0.0
2024-07-15 06:00:00,24.663,0.0,0.0,0.0,0.0,6.129437,0.0
2024-07-15 06:30:00,25.3130005,14.565634892638306,0.0,57.557518,14.823510000000002,6.5679315,7.289
2024-07-15 07:00:00,25.963001,29.131269785276608,0.0,115.115036,29.64702,7.006426,32.954
2024-07-15 07:30:00,26.9880005,103.9188139168493,0.11500069677532856,422.53258299999993,55.894760000000005,7.111883000000001,85.69900000000001
2024-07-15 08:00:00,28.013,250.9199766869723,0.23206612970821583,729.95013,82.1425,7.21734,174.698
2024-07-15 08:30:00,28.513,366.29586684452863,0.34679935355856367,796.752015,90.029435,8.212201499999999,285.09
2024-07-15 09:00:00,29.013,493.2911282603955,0.4572370493679291,863.5539,97.91637,9.207063,391.91
2024-07-15 09:30:00,29.388,605.7767180842632,0.5614892458676831,892.4439,103.558603,9.355373,500.151
2024-07-15 10:00:00,29.763,716.9431817411315,0.6577716736649558,921.3339,109.200836,9.503683,591.072
2024-07-15 10:30:00,30.1130005,808.8835188236399,0.7444363124804624,933.533925,111.66024,9.638814,679.887
2024-07-15 11:00:00,30.463001,892.439544725437,0.8199995916577307,945.73395,114.119644,9.773945,729.698
2024-07-15 11:30:00,30.7880005,957.2103037828809,0.8831677997555786,948.971575,115.890347,9.730783,729.645
2024-07-15 12:00:00,31.113,1009.5573929040863,0.9328592425840675,952.2092,117.66105,9.687621,729.525
2024-07-15 12:30:00,31.188,1040.9299355199655,0.9682227624957832,949.21065,118.033855,9.539021,729.7399999999999
2024-07-15 13:00:00,31.263,1057.9597099868138,0.9886523267079594,946.2121,118.40666,9.390421,729.6329999999999
2024-07-15 13:30:00,31.213,1051.5688700879116,0.993797414450766,935.94245,117.3253925,9.142963,729.814
2024-07-15 14:00:00,31.163,1030.8415463658666,0.9835690275463032,925.6728,116.244125,8.895505,729.674
2024-07-15 14:30:00,31.088,988.2416756590375,0.9581412293798656,908.139625,114.1620255,8.7634215,729.782
2024-07-15 15:00:00,31.013,933.3834316084778,0.9179481738834774,890.60645,112.079926,8.631338,729.5409999999999
2024-07-15 15:30:00,30.813,857.8589688027,0.8636766880468789,864.264175,107.986008,8.49568075,729.423
2024-07-15 16:00:00,30.613,774.1745341301267,0.7962545247116639,837.9219,103.89209,8.3600235,681.367
2024-07-15 16:30:00,30.113,675.8553999618244,0.7168344850737866,801.541425,98.674263,8.16153145,602.248
2024-07-15 17:00:00,29.613,575.1738283169957,0.6267747035494261,765.16095,93.456436,7.9630394,508.52600000000007
2024-07-15 17:30:00,29.063,463.92096641014393,0.5276154056385998,713.1427249999999,86.040848,7.747817700000001,412.117
2024-07-15 18:00:00,28.513,358.08960932571404,0.4210525452872451,661.1245,78.62526,7.532596,304.889
2024-07-15 18:30:00,27.838,248.21338246182455,0.3089087987571259,580.58506,68.232512,7.22534415,197.949
2024-07-15 19:00:00,27.163,154.56963725036863,0.193102371534709,500.04562,57.839764,6.9180923,104.035
2024-07-15 19:30:00,26.388,68.52588476176038,0.07561416975986636,361.981075,41.182828,6.31605515,45.077000000000005
2024-07-15 20:00:00,25.613,24.30033046087821,0.0,223.91653,24.525892,5.714018,19.941
2024-07-15 20:30:00,24.988,0.0,0.0,111.958265,12.262946,5.062116700000001,3.33
2024-07-15 21:00:00,24.363,0.0,0.0,0.0,0.0,4.4102154,0.0
2024-07-15 21:30:00,24.113,0.0,0.0,0.0,0.0,4.1551077,0.0
2024-07-15 22:00:00,23.863,0.0,0.0,0.0,0.0,3.9,0.0
2024-07-15 22:30:00,23.6630005,0.0,0.0,0.0,0.0,3.6,0.0
2024-07-15 23:00:00,23.463001,0.0,0.0,0.0,0.0,3.3,0.0
2024-07-15 23:30:00,23.3130005,0.0,0.0,0.0,0.0,3.10086195,0.0
2024-07-16 00:00:00,23.163,0.0,0.0,0.0,0.0,2.9017239,0.0
2024-07-16 00:30:00,22.913,0.0,0.0,0.0,0.0,2.7048556,0.0
2024-07-16 01:00:00,22.663,0.0,0.0,0.0,0.0,2.5079873,0.0
2024-07-16 01:30:00,22.463,0.0,0.0,0.0,0.0,2.4633323000000003,0.0
2024-07-16 02:00:00,22.263,0.0,0.0,0.0,0.0,2.4186773,0.0
2024-07-16 02:30:00,22.2380005,0.0,0.0,0.0,0.0,2.6129055,0.0
2024-07-16 03:00:00,22.213001,0.0,0.0,0.0,0.0,2.8071337,0.0
2024-07-16 03:30:00,22.4880005,0.0,0.0,0.0,0.0,3.10430195,0.0
2024-07-16 04:00:00,22.763,0.0,0.0,0.0,0.0,3.4014702,0.0
2024-07-16 04:30:00,22.663001,0.0,0.0,0.0,0.0,3.5507351,0.0
2024-07-16 05:00:00,22.563002,0.0,0.0,0.0,0.0,3.7,0.0
2024-07-16 05:30:00,22.463001,0.0,0.0,0.0,0.0,3.78196785,0.0
2024-07-16 06:00:00,22.363,0.0,0.0,0.0,0.0,3.8639357,0.0
2024-07-16 06:30:00,22.638,12.360108961376284,0.0,57.790855,12.566800999999998,3.78466855,7.269
2024-07-16 07:00:00,22.913,24.72021792275257,0.0,115.58171,25.133602,3.7054014,32.602
2024-07-16 07:30:00,24.0630005,98.96451459327139,0.11396217410591974,413.832255,52.30958100000001,3.91425345,82.661
2024-07-16 08:00:00,25.213001,243.49344989531744,0.2311628445757122,712.0828,79.48556,4.1231055,166.315
2024-07-16 08:30:00,26.1380015,357.94561836154776,0.3460350103571032,778.1663000000001,88.74617,5.171617,271.462
2024-07-16 09:00:00,27.063002,483.95468607175525,0.4566129372877986,844.2498,98.00678,6.2201285,380.458
2024-07-16 09:30:00,27.738001,595.2622333983884,0.5610042149188748,876.458425,102.4898,6.361602250000001,483.202
2024-07-16 10:00:00,28.413,706.0492688679329,0.6574221530455978,908.66705,106.97282,6.503076,575.725
2024-07-16 10:30:00,29.038,797.008732800335,0.7442163708710593,920.116825,110.01664,6.601910800000001,656.902
2024-07-16 11:00:00,29.663,879.606459362281,0.8199010385030496,931.5666,113.06046,6.7007456,725.3050000000001
2024-07-16 11:30:00,30.163,940.2699665861587,0.8831803257728461,931.64707,114.318485,6.9017811,729.693
2024-07-16 12:00:00,30.663,988.3755703885389,0.9329705971550251,931.72754,115.57651,7.1028166,729.5999999999999
2024-07-16 12:30:00,30.963,1015.2997831128853,0.9684189647834672,924.29887,116.485803,7.304407149999999,729.808
2024-07-16 13:00:00,31.263,1027.9906446709274,0.9889179069468834,916.8702,117.395096,7.5059977,729.803
2024-07-16 13:30:00,31.413001,1020.6125616477786,0.994115681211293,905.7122,116.324406,7.60299885,729.622
2024-07-16 14:00:00,31.563002,999.3503127227193,0.9839223563433909,894.5542,115.253716,7.7,729.578
2024-07-16 14:30:00,31.663002,958.4914372622959,0.9585113676483145,878.47003,112.699261,7.75288375,729.579
2024-07-16 15:00:00,31.763002,905.7006321338266,0.9183165570198342,862.38586,110.144806,7.8057675,729.677
2024-07-16 15:30:00,31.4880015,836.1930051292178,0.8640247610511402,841.1867950000001,106.077755,7.60187005,729.663
2024-07-16 16:00:00,31.213001,758.1889113300505,0.7965640638624578,819.98773,102.010704,7.3979726,670.375
2024-07-16 16:30:00,30.9380005,663.573564231671,0.7170879139984024,786.782465,96.825477,7.291339150000001,592.0450000000001
2024-07-16 17:00:00,30.663,566.205876029809,0.6269553982858133,753.5772,91.64025,7.1847057,499.705
2024-07-16 17:30:00,30.0630005,457.81734734218264,0.5277079833162125,704.04565,84.692195,7.01470565,404.144
2024-07-16 18:00:00,29.463001,354.4057582449701,0.42104313149771705,654.5141,77.74414,6.8447056,297.36
2024-07-16 18:30:00,28.6880005,245.78780696087514,0.3087852688266742,575.7354,67.38006200000001,6.6200083,193.919
2024-07-16 19:00:00,27.913,153.03166797627006,0.19285456167538453,496.9567,57.015984,6.395311,104.475
2024-07-16 19:30:00,27.088,67.55764590474831,0.07523405429615586,357.75345,40.670267,5.5139025,45.607
2024-07-16 20:00:00,26.263,24.09350541949798,0.0,218.5502,24.32455,4.632494,18.756
2024-07-16 20:30:00,25.463,0.0,0.0,109.2751,12.162275,4.1113793,3.3000000000000003
2024-07-16 21:00:00,24.663,0.0,0.0,0.0,0.0,3.5902646,0.0
2024-07-16 21:30:00,24.1880005,0.0,0.0,0.0,0.0,3.48184505,0.0
2024-07-16 22:00:00,23.713001,0.0,0.0,0.0,0.0,3.3734255,0.0
2024-07-16 22:30:00,23.3630005,0.0,0.0,0.0,0.0,3.12979975,0.0
2024-07-16 23:00:00,23.013,0.0,0.0,0.0,0.0,2.886174,0.0
2024-07-16 23:30:00,22.763,0.0,0.0,0.0,0.0,2.6451685,0.0
2024-07-17 00:00:00,22.513,0.0,0.0,0.0,0.0,2.404163,0.0
2024-07-17 00:30:00,22.313,0.0,0.0,0.0,0.0,2.404163,0.0
2024-07-17 01:00:00,22.113,0.0,0.0,0.0,0.0,2.404163,0.0
2024-07-17 01:30:00,22.013,0.0,0.0,0.0,0.0,2.404163,0.0
2024-07-17 02:00:00,21.913,0.0,0.0,0.0,0.0,2.404163,0.0
2024-07-17 02:30:00,21.838,0.0,0.0,0.0,0.0,2.4520815,0.0
2024-07-17 03:00:00,21.763,0.0,0.0,0.0,0.0,2.5,0.0
2024-07-17 03:30:00,21.688,0.0,0.0,0.0,0.0,1.8541523,0.0
2024-07-17 04:00:00,21.613,0.0,0.0,0.0,0.0,1.2083046,0.0
2024-07-17 04:30:00,21.7880005,0.0,0.0,0.0,0.0,1.5165666,0.0
2024-07-17 05:00:00,21.963001,0.0,0.0,0.0,0.0,1.8248286,0.0
2024-07-17 05:30:00,22.088001,0.0,0.0,0.0,0.0,2.0721557,0.0
2024-07-17 06:00:00,22.213001,0.0,0.0,0.0,0.0,2.3194828,0.0
2024-07-17 06:30:00,22.3630005,12.376382993954987,0.0,51.57485,12.592121,2.3482279,7.1450000000000005
2024-07-17 07:00:00,22.513,24.752765987909974,0.0,103.1497,25.184242,2.376973,32.245999999999995
2024-07-17 07:30:00,24.038001,96.17506644300596,0.11293246672688728,392.0209,52.452179,2.5338489,80.838
2024-07-17 08:00:00,25.563002,235.8438216895281,0.23027177034718857,680.8921,79.720116,2.6907248,161.339
2024-07-17 08:30:00,26.788001,346.67492723342014,0.34528560846692546,746.996925,88.909888,3.48136325,262.282
2024-07-17 09:00:00,28.013,469.2207880519411,0.45600578468230885,813.10175,98.09966,4.2720017,368.583
2024-07-17 09:30:00,28.838,577.2062518873754,0.5605374147100445,844.101525,103.12948,4.63600085,466.907
2024-07-17 10:00:00,29.663,684.6913524702176,0.6570913657249868,875.1013,108.1593,5.0,559.591
2024-07-17 10:30:00,30.513,774.663014111523,0.7440148879253339,889.043175,111.16762,5.204163299999999,639.388
2024-07-17 11:00:00,31.363,857.0185784929399,0.8198198971203521,902.98505,114.17594,5.4083266,700.845
2024-07-17 11:30:00,32.063,920.0453665373435,0.8832084627152124,907.105975,115.935405,5.4898408,729.506
2024-07-17 12:00:00,32.763,971.291217908308,0.9330950391537086,911.2269,117.69487,5.571355,729.578
2024-07-17 12:30:00,33.212999999999994,1000.6282256226083,0.9686250521600226,908.00267,117.5495,5.4712873,729.674
2024-07-17 13:00:00,33.663,1016.1956409512732,0.9891895466268312,904.77844,117.40413,5.3712196,729.661
2024-07-17 13:30:00,33.788,1010.565842060948,0.9944356247501432,895.3920700000001,116.3303,5.4137043,729.519
2024-07-17 14:00:00,33.913,991.1849166991268,0.9842724981574278,886.0057,115.25647,5.456189,729.6400000000001
2024-07-17 14:30:00,33.613,951.4624543689187,0.9588730582868037,870.38165,113.182045,5.7247595,729.6410000000001
2024-07-17 15:00:00,33.313,899.8809624788682,0.9186709260542008,854.7576,111.10762,5.99333,729.6089999999999
2024-07-17 15:30:00,32.863,829.1260038172445,0.8643530439960188,832.2277,106.553965,6.35263,715.424
2024-07-17 16:00:00,32.413,750.1409232812241,0.7968479274210061,809.6978,102.00031,6.71193,654.6569999999999
2024-07-17 16:30:00,32.013,655.8251340475231,0.7173097740389576,775.2483,97.25912,6.633540249999999,579.473
2024-07-17 17:00:00,31.613,559.0829757423206,0.6270987249916202,740.7988,92.51793,6.5551505,488.938
2024-07-17 17:30:00,31.138,451.5610758698954,0.5277575882624769,690.69875,85.534215,6.4728844,391.85800000000006
2024-07-17 18:00:00,30.663,349.2328660845568,0.4209854315401816,640.5987,78.5505,6.3906183,289.994
2024-07-17 18:30:00,29.988001,241.8897281162362,0.30860852241565717,562.45258,67.744473,6.1706245,188.164
2024-07-17 19:00:00,29.313002,150.3267511026394,0.19254907332124555,484.30646,56.938446,5.9506307,102.567
2024-07-17 19:30:00,28.188002,66.22409900636262,0.07479234368141435,347.476685,40.2822255,4.98653385,47.898
2024-07-17 20:00:00,27.063002,23.397015694981597,0.0,210.64691,23.626005,4.022437,19.989
2024-07-17 20:30:00,25.688002,0.0,0.0,105.323455,11.8130025,3.323659,2.5310000000000006
2024-07-17 21:00:00,24.313002,0.0,0.0,0.0,0.0,2.624881,0.0
2024-07-17 21:30:00,23.738001,0.0,0.0,0.0,0.0,2.42262065,0.0
2024-07-17 22:00:00,23.163,0.0,0.0,0.0,0.0,2.2203603,0.0
2024-07-17 22:30:00,22.988001,0.0,0.0,0.0,0.0,2.1802268,0.0
2024-07-17 23:00:00,22.813002,0.0,0.0,0.0,0.0,2.1400933,0.0
2024-07-17 23:30:00,22.7630015,0.0,0.0,0.0,0.0,2.2793851500000004,0.0
2024-07-18 00:00:00,22.713001,0.0,0.0,0.0,0.0,2.418677,0.0
2024-07-18 00:30:00,22.838001,0.0,0.0,0.0,0.0,2.4391759000000004,0.0
2024-07-18 01:00:00,22.963001,0.0,0.0,0.0,0.0,2.4596748,0.0
2024-07-18 01:30:00,23.1380015,0.0,0.0,0.0,0.0,2.7139196,0.0
2024-07-18 02:00:00,23.313002,0.0,0.0,0.0,0.0,2.9681644,0.0
2024-07-18 02:30:00,23.463001,0.0,0.0,0.0,0.0,2.9824147,0.0
2024-07-18 03:00:00,23.613,0.0,0.0,0.0,0.0,2.996665,0.0
2024-07-18 03:30:00,23.463001,0.0,0.0,0.0,0.0,2.8630669,0.0
2024-07-18 04:00:00,23.313002,0.0,0.0,0.0,0.0,2.7294688,0.0
2024-07-18 04:30:00,23.288001,0.0,0.0,0.0,0.0,2.6857189,0.0
2024-07-18 05:00:00,23.263,0.0,0.0,0.0,0.0,2.641969,0.0
2024-07-18 05:30:00,22.9880005,0.0,0.0,0.0,0.0,2.5010269000000003,0.0
2024-07-18 06:00:00,22.713001,0.0,0.0,0.0,0.0,2.3600848,0.0
2024-07-18 06:30:00,22.7630015,12.394192816861848,0.0,45.31531,12.61904,2.2407025000000003,6.935
2024-07-18 07:00:00,22.813002,24.788385633723696,0.0,90.63062,25.23808,2.1213202,32.134
2024-07-18 07:30:00,24.438002,94.94905008038913,0.11191246249560136,389.74924,51.873940000000005,2.18427025,79.605
2024-07-18 08:00:00,26.063002,235.89601785031556,0.22939362816497094,688.86786,78.5098,2.2472203,158.96099999999998
2024-07-18 08:30:00,27.788001,347.6521505088282,0.3445516932682391,752.996795,88.35248999999999,2.87931515,259.831
2024-07-18 09:00:00,29.513,470.6696343139242,0.4554159552662212,817.12573,98.19518,3.51141,364.892
2024-07-18 09:30:00,30.438,579.2366285781534,0.5600890244997271,849.250365,102.632555,3.991773,464.882
2024-07-18 10:00:00,31.363,687.4929624344212,0.6567793069570327,881.375,107.06993,4.472136,555.927
2024-07-18 10:30:00,32.263,778.0289922423857,0.7438316785631411,895.16855,110.0934975,4.46373485,634.723
2024-07-18 11:00:00,33.163,860.851394979248,0.8197558089017236,908.9621,113.117065,4.4553337,703.1800000000001
2024-07-18 11:30:00,33.788,922.2548168347914,0.8832516882822325,911.2829,114.3634775,4.64065265,729.713
2024-07-18 12:00:00,34.413,971.6049928710579,0.9332318952842152,913.6037,115.60989,4.8259716,729.658
2024-07-18 12:30:00,34.6879985,999.2544612593305,0.9688402156587915,906.93035,117.021945,5.0023873000000005,729.781
2024-07-18 13:00:00,34.962997,1012.9408301291732,0.9894663187899735,900.257,118.434,5.178803,729.6329999999999
2024-07-18 13:30:00,35.087997,1006.3273173874077,0.9947562198597172,889.8928,117.343205,5.415175700000001,729.6800000000001
2024-07-18 14:00:00,35.212997,986.0349885483324,0.9846183509718087,879.5286,116.25241,5.6515484,729.632
2024-07-18 14:30:00,35.0379985,945.4443439056822,0.9592251452429623,863.34065,113.677997,6.0038237,729.5630000000001
2024-07-18 15:00:00,34.863,893.1194612251095,0.9190100946126252,847.1527,111.103584,6.356099,729.569
2024-07-18 15:30:00,34.438,823.9233047949679,0.8646603443922998,824.9286500000001,107.4819295,6.48297,724.64
2024-07-18 16:00:00,34.013,746.5426530423377,0.7971049411144782,802.7046,103.860275,6.609841,659.601
2024-07-18 16:30:00,33.7379985,653.7047196737792,0.7174989331229624,770.8818699999999,98.1779925,6.7345708,580.934
2024-07-18 17:00:00,33.462997,558.033316461791,0.627203617046016,739.05914,92.49571,6.8593006,488.987
2024-07-18 17:30:00,32.7379985,451.2828104155111,0.5277632413446744,690.23802,85.502475,6.8421271,394.876
2024-07-18 18:00:00,32.013,349.46699116093805,0.42087857435912474,641.4169,78.50924,6.8249536,289.902
2024-07-18 18:30:00,31.188,242.01893583579198,0.3083778151898991,562.318,68.056584,6.4673908,187.526
2024-07-18 19:00:00,30.363,150.584328639377,0.19218530528033578,483.2191,57.603928,6.109828,101.863
2024-07-18 19:30:00,29.313,66.10733345136993,0.07428859381685975,345.47384,40.501366,5.46841765,45.513
2024-07-18 20:00:00,28.263,23.168416965930394,0.0,207.72858,23.398804,4.8270073,18.266
2024-07-18 20:30:00,27.2380005,0.0,0.0,103.86429,11.699402,3.9835354,2.244
2024-07-18 21:00:00,26.213001,0.0,0.0,0.0,0.0,3.1400635,0.0
2024-07-18 21:30:00,25.6130005,0.0,0.0,0.0,0.0,2.7036101500000003,0.0
2024-07-18 22:00:00,25.013,0.0,0.0,0.0,0.0,2.2671568,0.0
2024-07-18 22:30:00,24.8630005,0.0,0.0,0.0,0.0,2.3835784,0.0
2024-07-18 23:00:00,24.713001,0.0,0.0,0.0,0.0,2.5,0.0
2024-07-18 23:30:00,24.713001,0.0,0.0,0.0,0.0,2.5624405,0.0
2024-07-19 00:00:00,24.713001,0.0,0.0,0.0,0.0,2.624881,0.0
2024-07-19 00:30:00,24.713001,0.0,0.0,0.0,0.0,2.80408395,0.0
2024-07-19 01:00:00,24.713001,0.0,0.0,0.0,0.0,2.9832869,0.0
2024-07-19 01:30:00,24.5130015,0.0,0.0,0.0,0.0,2.9234256,0.0
2024-07-19 02:00:00,24.313002,0.0,0.0,0.0,0.0,2.8635643,0.0
2024-07-19 02:30:00,24.038001,0.0,0.0,0.0,0.0,2.6338636500000003,0.0
2024-07-19 03:00:00,23.763,0.0,0.0,0.0,0.0,2.404163,0.0
2024-07-19 03:30:00,23.788001,0.0,0.0,0.0,0.0,2.15076475,0.0
2024-07-19 04:00:00,23.813002,0.0,0.0,0.0,0.0,1.8973665,0.0
2024-07-19 04:30:00,23.7630015,0.0,0.0,0.0,0.0,2.0722934,0.0
2024-07-19 05:00:00,23.713001,0.0,0.0,0.0,0.0,2.2472203,0.0
2024-07-19 05:30:00,23.5380005,0.0,0.0,0.0,0.0,2.39836505,0.0
2024-07-19 06:00:00,23.363,0.0,0.0,0.0,0.0,2.5495098,0.0
2024-07-19 06:30:00,23.5380005,12.422226252271358,0.0,45.50012,12.647582,2.6477079000000003,6.43
2024-07-19 07:00:00,23.713001,24.844452504542716,0.0,91.00024,25.295164,2.745906,31.466999999999995
2024-07-19 07:30:00,25.1630005,94.8105771957255,0.11090296506996088,390.73565500000007,52.026532,2.7043057,78.381
2024-07-19 08:00:00,26.613,235.90191579858345,0.22852905235809767,690.47107,78.7579,2.6627054,153.168
2024-07-19 08:30:00,28.1630005,348.1787338396446,0.3438337223450502,757.348665,87.91119,3.0727602000000003,253.727
2024-07-19 09:00:00,29.713001,472.33837273277595,0.4548437254890391,824.22626,97.06448,3.482815,353.85400000000004
2024-07-19 09:30:00,30.8880005,581.5669860785599,0.5596591383952354,855.97768,101.522455,3.86861215,451.534
2024-07-19 10:00:00,32.063,690.359909175726,0.6564858905219955,887.7291,105.98043,4.2544093,540.74
2024-07-19 10:30:00,32.913,781.4591923435456,0.7436664813538735,901.36165,109.0192,4.7434995,621.8389999999999
2024-07-19 11:00:00,33.763,864.7435926583025,0.8197083454264421,914.9942,112.05797,5.2325897,694.316
2024-07-19 11:30:00,34.1129985,927.155229712761,0.8833094181601376,917.314725,113.842285,5.56798935,729.75
2024-07-19 12:00:00,34.462997,977.4193300254278,0.9333804391690843,919.63525,115.6266,5.903389,729.623
2024-07-19 12:30:00,34.462997,1005.5749363063969,0.9690636031244284,914.726625,115.50308,6.171943,729.651
2024-07-19 13:00:00,34.462997,1019.7334141529186,0.9897472639999184,909.818,115.37956,6.440497,729.539
2024-07-19 13:30:00,34.2879985,1012.9135994963982,0.9950764201680241,898.642825,114.8233175,6.667349,729.6
2024-07-19 14:00:00,34.113,992.2661650006127,0.9849588033369073,887.46765,114.267075,6.894201,729.786
2024-07-19 14:30:00,33.838,947.8464678533577,0.9595664749792376,865.0661,114.1320875,6.9858150000000006,729.674
2024-07-19 15:00:00,33.563,892.0582255441361,0.9193328907640524,842.66455,113.9971,7.077429,729.674
2024-07-19 15:30:00,33.113,818.539333606083,0.8649454959403131,813.199155,112.196855,6.7140095,706.23
2024-07-19 16:00:00,32.663,737.8613343788538,0.7973339681760956,783.73376,110.39661,6.35059,644.88
2024-07-19 16:30:00,32.238001,645.5183672955379,0.7176543073874508,752.5880099999999,103.229855,6.30778585,562.834
2024-07-19 17:00:00,31.813002,550.4153074929599,0.6272690659342107,721.44226,96.0631,6.2649817,475.77600000000007
2024-07-19 17:30:00,31.288001,445.39442208868445,0.5277240305211655,675.2398049999999,87.68613300000001,6.0393791,382.27
2024-07-19 18:00:00,30.763,344.8811096967339,0.4207217637911494,629.03735,79.309166,5.8137765,281.509
2024-07-19 18:30:00,30.013,239.20664000717008,0.30809248423952507,552.718125,68.412173,5.47252655,183.085
2024-07-19 19:00:00,29.263,148.96083308265767,0.1917627429733056,476.3989,57.51518,5.1312766,101.789
2024-07-19 19:30:00,28.163001,65.14244893686056,0.07372245085947825,340.5825,40.099261,4.7576693,48.034000000000006
2024-07-19 20:00:00,27.063002,22.462471364832467,0.0,204.7661,22.683342,4.384062,20.246
2024-07-19 20:30:00,25.963001,0.0,0.0,102.38305,11.341671,3.90229415,2.579
2024-07-19 21:00:00,24.863,0.0,0.0,0.0,0.0,3.4205263,0.0
2024-07-19 21:30:00,24.4130005,0.0,0.0,0.0,0.0,3.0895746500000003,0.0
2024-07-19 22:00:00,23.963001,0.0,0.0,0.0,0.0,2.758623,0.0
2024-07-19 22:30:00,23.7880005,0.0,0.0,0.0,0.0,2.5834710000000003,0.0
2024-07-19 23:00:00,23.613,0.0,0.0,0.0,0.0,2.408319,0.0
2024-07-19 23:30:00,23.5380005,0.0,0.0,0.0,0.0,2.3377379,0.0
2024-07-20 00:00:00,23.463001,0.0,0.0,0.0,0.0,2.2671568,0.0
2024-07-20 00:30:00,23.3630005,0.0,0.0,0.0,0.0,2.088827,0.0
2024-07-20 01:00:00,23.263,0.0,0.0,0.0,0.0,1.9104972,0.0
2024-07-20 01:30:00,23.1130005,0.0,0.0,0.0,0.0,1.94772025,0.0
2024-07-20 02:00:00,22.963001,0.0,0.0,0.0,0.0,1.9849433,0.0
2024-07-20 02:30:00,22.9130005,0.0,0.0,0.0,0.0,2.12605005,0.0
2024-07-20 03:00:00,22.863,0.0,0.0,0.0,0.0,2.2671568,0.0
2024-07-20 03:30:00,22.863,0.0,0.0,0.0,0.0,2.01958065,0.0
2024-07-20 04:00:00,22.863,0.0,0.0,0.0,0.0,1.7720045,0.0
2024-07-20 04:30:00,22.763,0.0,0.0,0.0,0.0,1.7804295,0.0
2024-07-20 05:00:00,22.663,0.0,0.0,0.0,0.0,1.7888545,0.0
2024-07-20 05:30:00,22.513,0.0,0.0,0.0,0.0,1.83782535,0.0
2024-07-20 06:00:00,22.363,0.0,0.0,0.0,0.0,1.8867962,0.0
2024-07-20 06:30:00,22.588001,11.325505940984792,0.0,45.6871225,11.5253365,2.22402295,5.546
2024-07-20 07:00:00,22.813002,22.651011881969584,0.0,91.374245,23.050673,2.5612497,32.492000000000004
2024-07-20 07:30:00,24.188002,92.80662745055636,0.10990469119599508,385.0213725,51.0327485,3.0985907,79.099
2024-07-20 08:00:00,25.563002,232.84921903565953,0.22767858846175673,678.6685,79.014824,3.6359317,153.517
2024-07-20 08:30:00,26.938002,344.0194293057203,0.3431320641227622,744.637075,88.704172,4.11633485,248.173
2024-07-20 09:00:00,28.313002,466.93967279825483,0.45428928387457973,810.60565,98.39352,4.596738,349.302
2024-07-20 09:30:00,29.188002,575.561906678094,0.5592477653847514,843.7673749999999,102.78221,4.850329,446.6720000000001
2024-07-20 10:00:00,30.063002,684.1340400366312,0.6562109493026571,876.9291,107.1709,5.10392,538.4830000000001
2024-07-20 10:30:00,30.888001000000003,774.7290411246423,0.743518959653142,891.76415,109.628905,5.297866,623.764
2024-07-20 11:00:00,31.713,857.805934791705,0.8196770100005202,906.5992,112.08691,5.491812,691.059
2024-07-20 11:30:00,32.3379985,920.8295516548961,0.8833810079007187,910.112525,113.86512,5.6720809,729.6650000000001
2024-07-20 12:00:00,32.962997,971.9256294243223,0.9335398934438071,913.62585,115.64333,5.8523498,729.585
2024-07-20 12:30:00,33.212997,1000.6470772824613,0.9692943214721288,908.945175,116.026133,5.9961914,729.375
2024-07-20 13:00:00,33.462997,1015.4541527168811,0.9900313926221298,904.2645,116.408936,6.140033,729.643
2024-07-20 13:30:00,33.1129985,949.3492216296212,0.9953951603459533,801.04925,149.619288,6.165578,729.729
2024-07-20 14:00:00,32.763,871.3442108874033,0.9852927363940412,697.834,182.82964,6.191123,729.6809999999999
2024-07-20 14:30:00,32.538,821.9030357091594,0.9598958981832689,673.0499,174.97641,6.1225235,729.595
2024-07-20 15:00:00,32.313,764.0869218094645,0.9196381583527433,648.2658,167.12318,6.053924,729.593
2024-07-20 15:30:00,32.138000000000005,726.7044835421475,0.865207359347988,659.53927,155.12285500000002,6.03736065,705.671
2024-07-20 16:00:00,31.963,679.2114584682129,0.7975339095740992,670.81274,143.12253,6.0207973,637.7919999999999
2024-07-20 16:30:00,31.438,595.5373369054779,0.7177748607663336,640.72912,134.83784500000002,5.8957061500000005,555.951
2024-07-20 17:00:00,30.913,510.11494429120904,0.6272941201040919,610.6455,126.55316,5.770615,467.66
2024-07-20 17:30:00,30.3130005,409.5535000044337,0.5276391088516696,556.1252999999999,115.977555,5.635762,376.37700000000007
2024-07-20 18:00:00,29.713001,316.11157727139516,0.4205142757508811,501.6051,105.40195,5.500909,273.192
2024-07-20 18:30:00,29.0630005,225.2685973205661,0.30775194445910475,447.921735,87.750295,5.12110835,177.841
2024-07-20 19:00:00,28.413,145.07044436082617,0.191280953893789,394.23837,70.09864,4.7413077,99.769
2024-07-20 19:30:00,27.538,67.29430589031826,0.07309364592394577,289.278455,46.497706,4.15110325,48.885
2024-07-20 20:00:00,26.663,22.63962496855071,0.0,184.31854,22.896772,3.5608988,19.747
2024-07-20 20:30:00,25.788,0.0,0.0,92.15927,11.448386,2.9846089,2.385
2024-07-20 21:00:00,24.913,0.0,0.0,0.0,0.0,2.408319,0.0
2024-07-20 21:30:00,24.513,0.0,0.0,0.0,0.0,2.12611395,0.0
2024-07-20 22:00:00,24.113,0.0,0.0,0.0,0.0,1.8439089,0.0
2024-07-20 22:30:00,23.688,0.0,0.0,0.0,0.0,1.79659725,0.0
2024-07-20 23:00:00,23.263,0.0,0.0,0.0,0.0,1.7492856,0.0
2024-07-20 23:30:00,23.038001,0.0,0.0,0.0,0.0,1.6652122,0.0
2024-07-21 00:00:00,22.813002,0.0,0.0,0.0,0.0,1.5811388,0.0
2024-07-21 00:30:00,22.7630015,0.0,0.0,0.0,0.0,1.4923528,0.0
2024-07-21 01:00:00,22.713001,0.0,0.0,0.0,0.0,1.4035668,0.0
2024-07-21 01:30:00,22.6630005,0.0,0.0,0.0,0.0,1.56491725,0.0
2024-07-21 02:00:00,22.613,0.0,0.0,0.0,0.0,1.7262677,0.0
2024-07-21 02:30:00,22.488,0.0,0.0,0.0,0.0,1.88293775,0.0
2024-07-21 03:00:00,22.363,0.0,0.0,0.0,0.0,2.0396078,0.0
2024-07-21 03:30:00,22.338001,0.0,0.0,0.0,0.0,1.7714687000000002,0.0
2024-07-21 04:00:00,22.313002,0.0,0.0,0.0,0.0,1.5033296,0.0
2024-07-21 04:30:00,22.188002,0.0,0.0,0.0,0.0,1.46755585,0.0
2024-07-21 05:00:00,22.063002,0.0,0.0,0.0,0.0,1.4317821,0.0
2024-07-21 05:30:00,21.913001,0.0,0.0,0.0,0.0,1.4123104,0.0
2024-07-21 06:00:00,21.763,0.0,0.0,0.0,0.0,1.3928387,0.0
2024-07-21 06:30:00,22.213,11.345742678858173,0.0,39.319675,11.5547945,1.39104155,6.33
2024-07-21 07:00:00,22.663,22.691485357716346,0.0,78.63935,23.109589,1.3892444,31.254
2024-07-21 07:30:00,24.1880005,91.63800721058797,0.10891827126203776,382.970495,50.4610695,1.5848469,77.50699999999999
2024-07-21 08:00:00,25.713001,233.06891653967097,0.22684269456383827,687.30164,77.81255,1.7804494,155.732
2024-07-21 08:30:00,27.1880005,345.61832996063333,0.34244699995558603,754.085605,87.538767,1.98681035,255.264
2024-07-21 09:00:00,28.663,470.08020450157517,0.45375273371154506,820.86957,97.264984,2.1931713,359.481
2024-07-21 09:30:00,29.888,579.9209038625584,0.5588548324235298,854.048185,101.673452,2.62301935,460.725
2024-07-21 10:00:00,31.113,689.6356842475174,0.6559542387982925,887.2268,106.08192,3.0528674,549.056
2024-07-21 10:30:00,31.988,781.3003659235801,0.7433887052982381,900.6939,109.64321,3.3187785,627.565
2024-07-21 11:00:00,32.863,865.1162236196074,0.8196612414733957,914.161,113.2045,3.5846896,690.8349999999999
2024-07-21 11:30:00,33.588,926.9668224312138,0.88346575667272,915.7342,114.957982,3.49894965,729.8900000000001
2024-07-21 12:00:00,34.313,976.5787182649852,0.9337094333740028,917.3074,116.711464,3.4132097,729.828
2024-07-21 12:30:00,34.838,1003.6503847177099,0.9695314399393986,911.26925,116.564237,3.06675195,729.692
2024-07-21 13:00:00,35.363,1016.6786173029611,0.9903176876034621,905.2311,116.41701,2.7202942,729.8009999999999
2024-07-21 13:30:00,35.563,1008.7982716536362,0.9957113582764137,892.50752,116.3369075,2.5316845,729.8870000000001
2024-07-21 14:00:00,35.763,987.1563351065618,0.9856190253094855,879.78394,116.256805,2.3430748,729.596
2024-07-21 14:30:00,35.688,945.3668517128538,0.9602122703923174,861.42607,114.6380475,2.3642234,729.9040000000001
2024-07-21 15:00:00,35.613,891.9647016037771,0.9199247566905677,843.0682,113.01929,2.385372,729.739
2024-07-21 15:30:00,35.4129985,815.4348455686574,0.8654448210269068,809.74992,111.692885,2.693519,693.866
2024-07-21 16:00:00,35.212997,732.2389424391655,0.7977037016793612,776.43164,110.36648,3.001666,638.187
2024-07-21 16:30:00,34.587997,637.7806029785905,0.7178596015220108,740.5421200000001,104.084935,3.1233311500000003,563.491
2024-07-21 17:00:00,33.962997,541.4871038632219,0.6272778804238561,704.6526,97.80339,3.2449963,473.924
2024-07-21 17:30:00,33.3629985,439.3203805910108,0.5275076888605311,662.62285,88.508045,3.47317375,379.914
2024-07-21 18:00:00,32.763,340.8969837811304,0.42025545156484695,620.5931,79.2127,3.7013512,283.033
2024-07-21 18:30:00,31.963,236.42966254604875,0.30735568079483877,545.59055,68.267311,3.54920435,183.084
2024-07-21 19:00:00,31.163,147.14902192395186,0.19073957898505184,470.588,57.321922,3.3970575,98.458
2024-07-21 19:30:00,30.0630005,63.79946312925706,0.07240198556648193,333.3947,39.740456,3.08146035,43.496
2024-07-21 20:00:00,28.963001,21.932784815296706,0.0,196.2014,22.15899,2.7658632,17.087
2024-07-21 20:30:00,27.7380005,0.0,0.0,98.1007,11.079495,2.55019345,1.5699999999999998
2024-07-21 21:00:00,26.513,0.0,0.0,0.0,0.0,2.3345237,0.0
2024-07-21 21:30:00,25.8630005,0.0,0.0,0.0,0.0,1.905503,0.0
2024-07-21 22:00:00,25.213001,0.0,0.0,0.0,0.0,1.4764823,0.0
2024-07-21 22:30:00,24.8130005,0.0,0.0,0.0,0.0,1.32347615,0.0
2024-07-21 23:00:00,24.413,0.0,0.0,0.0,0.0,1.17047,0.0
2024-07-21 23:30:00,24.163,0.0,0.0,0.0,0.0,1.1442519999999998,0.0
2024-07-22 00:00:00,23.913,0.0,0.0,0.0,0.0,1.118034,0.0
2024-07-22 00:30:00,23.638,0.0,0.0,0.0,0.0,1.21666425,0.0
2024-07-22 01:00:00,23.363,0.0,0.0,0.0,0.0,1.3152945,0.0
2024-07-22 01:30:00,23.4130005,0.0,0.0,0.0,0.0,1.41428455,0.0
2024-07-22 02:00:00,23.463001,0.0,0.0,0.0,0.0,1.5132746,0.0
2024-07-22 02:30:00,23.9880005,0.0,0.0,0.0,0.0,1.3890927999999998,0.0
2024-07-22 03:00:00,24.513,0.0,0.0,0.0,0.0,1.264911,0.0
2024-07-22 03:30:00,24.963,0.0,0.0,0.0,0.0,1.29010275,0.0
2024-07-22 04:00:00,25.413,0.0,0.0,0.0,0.0,1.3152945,0.0
2024-07-22 04:30:00,25.463,0.0,0.0,0.0,0.0,1.29010275,0.0
2024-07-22 05:00:00,25.513,0.0,0.0,0.0,0.0,1.264911,0.0
2024-07-22 05:30:00,25.588,0.0,0.0,0.0,0.0,1.1914725,0.0
2024-07-22 06:00:00,25.663,0.0,0.0,0.0,0.0,1.118034,0.0
2024-07-22 06:30:00,25.738001,11.37604976268034,0.0,39.47877,11.58566,1.09753345,6.638
2024-07-22 07:00:00,25.813002,22.75209952536068,0.0,78.95754,23.17132,1.0770329,32.138000000000005
2024-07-22 07:30:00,26.438002,91.92901784975919,0.10794425369447329,387.60532,50.626485,0.8077746800000001,79.14
2024-07-22 08:00:00,27.063002,234.7947437308854,0.2260217463269358,696.2531,78.08165,0.53851646,155.373
2024-07-22 08:30:00,28.5130015,347.49814775419986,0.3417787296591226,762.2668699999999,87.1087,0.92117848,251.484
2024-07-22 09:00:00,29.963001,471.92171785233836,0.45323409890028626,828.28064,96.13575,1.3038405,351.814
2024-07-22 09:30:00,31.2880005,581.3598302106757,0.5584801905522211,858.13559,101.134758,1.8191821,450.06
2024-07-22 10:00:00,32.613,689.9686269081005,0.6557154431823345,887.99054,106.133766,2.3345237,537.7
2024-07-22 10:30:00,33.713,781.1131933573221,0.7432752445163081,901.250945,109.1395605,2.76178375,615.3530000000001
2024-07-22 11:00:00,34.813,864.3605942813032,0.8196604197725884,914.51135,112.145355,3.1890438,681.0970000000001
2024-07-22 11:30:00,35.538,927.8087097883822,0.8835629123170687,917.161805,114.4367675,3.151763,728.048
2024-07-22 12:00:00,36.263,979.1070790529858,0.9338881911764112,919.81226,116.72818,3.1144822,729.74
2024-07-22 12:30:00,36.588,1007.6743824414674,0.9697739936080652,914.647095,117.087125,2.8696816,729.518
2024-07-22 13:00:00,36.913,1022.1790060533887,0.9906051070530709,909.48193,117.44607,2.624881,729.8870000000001
2024-07-22 13:30:00,36.963,1015.2909224419432,0.9960239165839347,899.174015,115.85804,2.4438114,729.7170000000001
2024-07-22 14:00:00,37.013,994.5082021001039,0.9859365396663524,888.8661,114.27001,2.2627418,729.533
2024-07-22 14:30:00,36.788,915.7102117679585,0.9605144511486563,811.0277,133.92542,2.17180345,729.481
2024-07-22 15:00:00,36.563,829.9447406376926,0.9201915584486401,733.1893,153.58083,2.0808651,729.5910000000001
2024-07-22 15:30:00,36.338,793.1404806804866,0.865656789720132,763.4097750000001,130.0949575,2.59767365,695.5899999999999
2024-07-22 16:00:00,36.113,742.5009083900317,0.7978423115762286,793.63025,106.609085,3.1144822,637.428
2024-07-22 16:30:00,35.763,649.2021036839714,0.7179075763629914,761.86679,99.9487075,3.2601796,559.211
2024-07-22 17:00:00,35.413,553.1302512780118,0.6272194930873481,730.10333,93.28833,3.405877,471.922
2024-07-22 17:30:00,34.738,441.3353328857146,0.5273290344048422,667.720065,87.90868499999999,3.5147055,377.879
2024-07-22 18:00:00,34.063,337.46707485947405,0.4199446887756514,605.3368,82.52904,3.623534,277.35400000000004
2024-07-22 18:30:00,33.088,234.6318233943927,0.30690323825000354,535.57082,69.8731665,3.373817,179.461
2024-07-22 19:00:00,32.113,145.83505867139684,0.1901383218818772,465.80484,57.217293,3.1241,98.306
2024-07-22 19:30:00,30.813,62.836929974416805,0.07164734046267848,329.44071,39.31637,2.76413155,46.095
2024-07-22 20:00:00,29.513,21.199050456220025,0.0,193.07658,21.415447,2.4041631,18.843000000000004
2024-07-22 20:30:00,28.313,0.0,0.0,96.53829,10.7077235,2.3032173,1.613
2024-07-22 21:00:00,27.113,0.0,0.0,0.0,0.0,2.2022715,0.0
2024-07-22 21:30:00,26.488,0.0,0.0,0.0,0.0,2.0025235500000003,0.0
2024-07-22 22:00:00,25.863,0.0,0.0,0.0,0.0,1.8027756,0.0
2024-07-22 22:30:00,25.4130005,0.0,0.0,0.0,0.0,1.4866228,0.0
2024-07-22 23:00:00,24.963001,0.0,0.0,0.0,0.0,1.17047,0.0
2024-07-22 23:30:00,24.5130015,0.0,0.0,0.0,0.0,1.05957663,0.0
2024-07-23 00:00:00,24.063002,0.0,0.0,0.0,0.0,0.94868326,0.0
2024-07-23 00:30:00,23.8880015,0.0,0.0,0.0,0.0,0.86485413,0.0
2024-07-23 01:00:00,23.713001,0.0,0.0,0.0,0.0,0.781025,0.0
2024-07-23 01:30:00,23.9880005,0.0,0.0,0.0,0.0,0.781025,0.0
2024-07-23 02:00:00,24.263,0.0,0.0,0.0,0.0,0.781025,0.0
2024-07-23 02:30:00,23.713,0.0,0.0,0.0,0.0,1.1064035,0.0
2024-07-23 03:00:00,23.163,0.0,0.0,0.0,0.0,1.431782,0.0
2024-07-23 03:30:00,23.013,0.0,0.0,0.0,0.0,1.5221168,0.0
2024-07-23 04:00:00,22.863,0.0,0.0,0.0,0.0,1.6124516,0.0
2024-07-23 04:30:00,22.638,0.0,0.0,0.0,0.0,1.7679949499999998,0.0
2024-07-23 05:00:00,22.413,0.0,0.0,0.0,0.0,1.9235383,0.0
2024-07-23 05:30:00,23.088,0.0,0.0,0.0,0.0,1.8132385,0.0
2024-07-23 06:00:00,23.763,0.0,0.0,0.0,0.0,1.7029387,0.0
2024-07-23 06:30:00,23.288001,10.27283905182451,0.0,39.63667,10.45677,1.60810665,5.296
2024-07-23 07:00:00,22.813002,20.54567810364902,0.0,79.27334,20.91354,1.5132746,30.334
2024-07-23 07:30:00,24.438002,91.48737716433604,0.10698311444133038,395.9319200000001,49.636495,1.67451535,77.142
2024-07-23 08:00:00,26.063002,238.19983176743662,0.2252160467464622,712.5905,78.35945,1.8357561,156.484
2024-07-23 08:30:00,27.313002,353.35953365478514,0.3411273812627373,780.26342,87.299605,1.80810275,255.011
2024-07-23 09:00:00,28.563002,480.55666247170444,0.452733333601318,847.93634,96.23976,1.7804494,354.173
2024-07-23 09:30:00,30.063002,592.3093154210032,0.5581236240894002,877.05787,101.78389,1.80810275,453.081
2024-07-23 10:00:00,31.563002,702.9329066868304,0.6554941839415991,906.1794,107.32802,1.8357561,543.145
2024-07-23 10:30:00,32.7629995,793.463103709437,0.7431780457914351,917.0891,109.7514125,2.26416925,618.548
2024-07-23 11:00:00,33.962997,875.5240271237842,0.8196738728469314,927.9988,112.174805,2.6925824,684.3140000000001
2024-07-23 11:30:00,34.8129985,935.6416580567378,0.8836716771491773,926.99445,113.4080625,3.01062285,727.725
2024-07-23 12:00:00,35.663,983.0426226901592,0.9340752606168483,925.9901,114.64132,3.3286633,729.529
2024-07-23 12:30:00,36.163,1011.4883136824707,0.9700209866523024,919.8792,115.53679,3.74819815,729.722
2024-07-23 13:00:00,36.663,1025.7204241308198,0.9908925860524789,913.7683,116.43226,4.167733,729.6669999999999
2024-07-23 13:30:00,36.363,1017.1033768183534,0.9963317229585883,900.720975,115.847945,4.45452035,729.7149999999999
2024-07-23 14:00:00,36.063,994.5617390560868,0.9862441422743611,887.67365,115.26363,4.7413077,729.6179999999999
2024-07-23 14:30:00,35.363,951.5137670478289,0.9608013013193015,868.748875,113.168255,4.98838185,729.6599999999999
2024-07-23 15:00:00,34.663,896.7485571146754,0.9204374455262699,849.8241,111.07288,5.235456,729.558
2024-07-23 15:30:00,34.863,806.826694402379,0.8658421909375916,797.4905,113.50742,4.7908592500000005,694.2240000000002
2024-07-23 16:00:00,35.063,712.7099140764902,0.7979487302332932,745.1569,115.94196,4.3462625,632.57
2024-07-23 16:30:00,34.688,628.9211419083101,0.717917862408246,723.336475,107.738455,4.28085525,557.237
2024-07-23 17:00:00,34.313,541.070460910518,0.6271181405737506,701.51605,99.53495,4.215448,464.995
2024-07-23 17:30:00,33.738,433.71899490334886,0.5271024506418671,648.024275,91.003375,4.1201852,371.735
2024-07-23 18:00:00,33.163,332.6053997275615,0.4195814304997255,594.5325,82.4718,4.0249224,272.717
2024-07-23 18:30:00,32.213,231.25688119494276,0.30639421073792866,525.848,69.789515,4.07946395,176.14299999999997
2024-07-23 19:00:00,31.263,143.7515335590305,0.18947693751658864,457.1635,57.10723,4.1340055,97.233
2024-07-23 19:30:00,30.038001,61.57325984098716,0.07082963403069528,318.591025,39.111544,3.94915575,46.903
2024-07-23 20:00:00,28.813002,20.885554634880634,0.0,180.01855,21.115858,3.764306,18.921
2024-07-23 20:30:00,27.663001,0.0,0.0,90.009275,10.557929,3.59241615,1.193
2024-07-23 21:00:00,26.513,0.0,0.0,0.0,0.0,3.4205263,0.0
2024-07-23 21:30:00,26.013,0.0,0.0,0.0,0.0,3.20190645,0.0
2024-07-23 22:00:00,25.513,0.0,0.0,0.0,0.0,2.9832866,0.0
2024-07-23 22:30:00,25.313,0.0,0.0,0.0,0.0,2.78199205,0.0
2024-07-23 23:00:00,25.113,0.0,0.0,0.0,0.0,2.5806975,0.0
2024-07-23 23:30:00,25.013,0.0,0.0,0.0,0.0,2.6795932,0.0
2024-07-24 00:00:00,24.913,0.0,0.0,0.0,0.0,2.7784889,0.0
2024-07-24 00:30:00,24.763,0.0,0.0,0.0,0.0,2.89007745,0.0
2024-07-24 01:00:00,24.613,0.0,0.0,0.0,0.0,3.001666,0.0
2024-07-24 01:30:00,24.388,0.0,0.0,0.0,0.0,2.89007745,0.0
2024-07-24 02:00:00,24.163,0.0,0.0,0.0,0.0,2.7784889,0.0
2024-07-24 02:30:00,23.963,0.0,0.0,0.0,0.0,2.39547505,0.0
2024-07-24 03:00:00,23.763,0.0,0.0,0.0,0.0,2.0124612,0.0
2024-07-24 03:30:00,23.563,0.0,0.0,0.0,0.0,1.8794431,0.0
2024-07-24 04:00:00,23.363,0.0,0.0,0.0,0.0,1.746425,0.0
2024-07-24 04:30:00,23.238,0.0,0.0,0.0,0.0,1.7746003,0.0
2024-07-24 05:00:00,23.113,0.0,0.0,0.0,0.0,1.8027756,0.0
2024-07-24 05:30:00,22.888,0.0,0.0,0.0,0.0,2.10969245,0.0
2024-07-24 06:00:00,22.663,0.0,0.0,0.0,0.0,2.4166093,0.0
2024-07-24 06:30:00,22.638,10.294753592747105,0.0,33.160635,10.488019,2.5948471,4.663
2024-07-24 07:00:00,22.613,20.58950718549421,0.0,66.32127,20.976038,2.7730849,31.53
2024-07-24 07:30:00,23.888,88.07056807848426,0.10603527345664344,372.856935,49.069024,2.80252265,77.122
2024-07-24 08:00:00,25.163,228.95291128768775,0.2244258422038676,679.3926,77.16201,2.8319604,149.14
2024-07-24 08:30:00,26.738001,340.72771853262486,0.3404930264817004,744.6922999999999,87.37134499999999,3.60744105,241.779
2024-07-24 09:00:00,28.313002,464.16986689695494,0.4522503367027753,809.992,97.58068,4.3829217,342.964
2024-07-24 09:30:00,29.063002,572.484596045494,0.5577848639986569,841.0859499999999,102.481195,4.99012135,443.773
2024-07-24 10:00:00,29.813002,680.3592499478182,0.6552900318971958,872.1799,107.38171,5.597321,535.2040000000001
2024-07-24 10:30:00,30.288001,770.4742948814524,0.7430965303245924,885.705825,110.33776,5.930752249999999,615.888
2024-07-24 11:00:00,30.763,852.8913450989671,0.8197008854328696,899.23175,113.29381,6.2641835,686.556
2024-07-24 11:30:00,31.063,915.3720407219137,0.8837912149237416,901.743125,115.553495,6.405087249999999,729.3269999999999
2024-07-24 12:00:00,31.363,965.8660763329237,0.934269702046799,904.2545,117.81318,6.545991,729.406
2024-07-24 12:30:00,31.638,986.3957889293937,0.9702713953810662,887.785025,121.722575,6.5971495,729.543
2024-07-24 13:00:00,31.913,992.587962189109,0.9911790377023545,871.31555,125.63197,6.648308,729.483
2024-07-24 13:30:00,31.838001,973.4387970567726,0.9966336492060149,836.033295,137.33953,6.835564,729.7320000000002
2024-07-24 14:00:00,31.763002,941.4549935414279,0.9865406862787859,800.75104,149.04709,7.02282,729.627
2024-07-24 14:30:00,31.3630015,884.0855106302711,0.9610716783563603,742.82147,168.686965,7.0554190000000006,729.51
2024-07-24 15:00:00,30.963001,819.4336232422489,0.9206613025605365,684.8919,188.32684,7.088018,729.579
2024-07-24 15:30:00,30.8630005,760.8990375661172,0.8659999589361347,685.27017,166.614655,6.9395943,705.585
2024-07-24 16:00:00,30.763,693.1925565798452,0.7980219630967369,685.64844,144.90247,6.7911706,643.643
2024-07-24 16:30:00,30.413001,614.5726049968258,0.7178895566351832,674.3453400000001,129.37288,6.6100058,564.745
2024-07-24 17:00:00,30.063002,530.6138155358568,0.6269730301680917,663.04224,113.84329,6.428841,475.616
2024-07-24 17:30:00,29.438002,428.3302384173822,0.526827272049007,618.1950400000001,101.911742,6.313614,380.219
2024-07-24 18:00:00,28.813002,330.7196857250095,0.4191651530748184,573.34784,89.980194,6.198387,280.587
2024-07-24 18:30:00,28.213001,229.52939842169548,0.3058282286860474,506.0654,74.596132,5.75720015,181.593
2024-07-24 19:00:00,27.613,141.9509506283963,0.18875522001558692,438.78296,59.21207,5.3160133,96.304
2024-07-24 19:30:00,27.0380005,61.37724978794742,0.06994883081051863,307.78634,40.0048865,5.0000143,41.754000000000005
2024-07-24 20:00:00,26.463001,20.567533856491494,0.0,176.78972,20.797703,4.6840153,15.662
2024-07-24 20:30:00,25.7630015,0.0,0.0,88.39486,10.3988515,4.16203515,1.269
2024-07-24 21:00:00,25.063002,0.0,0.0,0.0,0.0,3.640055,0.0
2024-07-24 21:30:00,24.838001,0.0,0.0,0.0,0.0,3.6269585,0.0
2024-07-24 22:00:00,24.613,0.0,0.0,0.0,0.0,3.613862,0.0
2024-07-24 22:30:00,24.463001,0.0,0.0,0.0,0.0,3.689748,0.0
2024-07-24 23:00:00,24.313002,0.0,0.0,0.0,0.0,3.765634,0.0
2024-07-24 23:30:00,24.188002,0.0,0.0,0.0,0.0,3.97147675,0.0
2024-07-25 00:00:00,24.063002,0.0,0.0,0.0,0.0,4.1773195,0.0
2024-07-25 00:30:00,23.963001,0.0,0.0,0.0,0.0,4.07926275,0.0
2024-07-25 01:00:00,23.863,0.0,0.0,0.0,0.0,3.981206,0.0
2024-07-25 01:30:00,23.688,0.0,0.0,0.0,0.0,3.76613105,0.0
2024-07-25 02:00:00,23.513,0.0,0.0,0.0,0.0,3.5510561,0.0
2024-07-25 02:30:00,23.313,0.0,0.0,0.0,0.0,3.2830094,0.0
2024-07-25 03:00:00,23.113,0.0,0.0,0.0,0.0,3.0149627,0.0
2024-07-25 03:30:00,22.738,0.0,0.0,0.0,0.0,2.53825775,0.0
2024-07-25 04:00:00,22.363,0.0,0.0,0.0,0.0,2.0615528,0.0
2024-07-25 04:30:00,22.188,0.0,0.0,0.0,0.0,2.1353124,0.0
2024-07-25 05:00:00,22.013,0.0,0.0,0.0,0.0,2.209072,0.0
2024-07-25 05:30:00,21.963,0.0,0.0,0.0,0.0,2.31387465,0.0
2024-07-25 06:00:00,21.913,0.0,0.0,0.0,0.0,2.4186773,0.0
2024-07-25 06:30:00,22.263,9.185035506232937,0.0,33.289915,9.35248,2.65242565,4.873
2024-07-25 07:00:00,22.613,18.370071012465875,0.0,66.57983,18.70496,2.886174,28.298
2024-07-25 07:30:00,24.2880005,86.49204537154485,0.10510111862012439,370.455665,48.0778675,3.1051640000000003,75.299
2024-07-25 08:00:00,25.963001,227.55855739694903,0.2236513454401127,674.3315,77.450775,3.324154,150.42499999999998
2024-07-25 08:30:00,26.9130005,339.3154914514838,0.3398757023233746,741.36855,87.5701725,4.423417150000001,248.642
2024-07-25 09:00:00,27.863,463.1667608450423,0.4517849719432895,808.4056,97.68957,5.5226803,357.689
2024-07-25 09:30:00,28.488,572.6118277519561,0.5574636061562473,841.6684700000001,102.562705,5.7650878500000005,456.225
2024-07-25 10:00:00,29.113,682.0530436197123,0.6551025233528234,874.93134,107.43584,6.0074954,548.498
2024-07-25 10:30:00,29.813,773.2486276623016,0.7430300859463514,888.7392,110.924575,6.1037477,629.734
2024-07-25 11:00:00,30.513,856.748580197113,0.8197407104927452,902.54706,114.41331,6.2,700.058
2024-07-25 11:30:00,30.938,920.2778181448149,0.8839206596877501,906.50928,116.1214425,6.45149215,729.749
2024-07-25 12:00:00,31.363,971.9058648273787,0.9344705486098778,910.4715,117.829575,6.7029843,729.5459999999999
2024-07-25 12:30:00,31.538,1001.578253986338,0.97052417180755,906.6578,118.1593075,6.8529205,729.858
2024-07-25 13:00:00,31.713,1017.329663890924,0.9914633540416101,902.8441,118.48904,7.0028567,729.8660000000001
2024-07-25 13:30:00,31.713,1010.400088300344,0.9969285496023759,892.03935,117.37234,7.2634091,729.633
2024-07-25 14:00:00,31.713,989.632705403759,0.9868250110683447,881.2346,116.25564,7.5239615,729.5730000000001
2024-07-25 14:30:00,31.488,938.0598854798521,0.9613244298963487,845.136,122.34683,7.57806525,729.8290000000001
2024-07-25 15:00:00,31.263,876.2234477683096,0.9208620084600749,809.0374,128.43802,7.632169,729.691
2024-07-25 15:30:00,31.2380005,805.4296477218356,0.8661290263897232,781.241875,126.375465,7.3250015,709.627
2024-07-25 16:00:00,31.213001,727.6312848513357,0.7980610181865248,753.44635,124.31291,7.017834,651.273
2024-07-25 16:30:00,30.9380005,638.819626959833,0.7178217627361314,729.705675,113.233077,7.064546249999999,572.6030000000001
2024-07-25 17:00:00,30.663,546.1940312648155,0.6267833798852375,705.965,102.153244,7.1112585,484.111
2024-07-25 17:30:00,29.988001,441.38846826306525,0.526502847700383,664.0239,90.5704195,7.17778325,389.516
2024-07-25 18:00:00,29.313002,340.3122618284982,0.4186953511152056,622.0828,78.987595,7.244308,278.83
2024-07-25 18:30:00,28.688002,232.15309131736336,0.3052049442751558,537.84038,67.5596675,6.778497,175.63100000000003
2024-07-25 19:00:00,28.063002,141.41817482859744,0.18797298838666718,453.59796,56.13174,6.312686,96.371
2024-07-25 19:30:00,27.338001,59.999652667444465,0.06900492311374402,315.981215,38.2958325,5.8181095,48.49700000000001
2024-07-25 20:00:00,26.613,20.23677568066255,0.0,178.36447,20.459925,5.323533,17.341
2024-07-25 20:30:00,25.863,0.0,0.0,89.182235,10.2299625,4.6264548,1.01
2024-07-25 21:00:00,25.113,0.0,0.0,0.0,0.0,3.9293766,0.0
2024-07-25 21:30:00,24.638,0.0,0.0,0.0,0.0,3.26468835,0.0
2024-07-25 22:00:00,24.163,0.0,0.0,0.0,0.0,2.6000001,0.0
2024-07-25 22:30:00,23.838,0.0,0.0,0.0,0.0,2.52576515,0.0
2024-07-25 23:00:00,23.513,0.0,0.0,0.0,0.0,2.4515302,0.0
2024-07-25 23:30:00,23.3630005,0.0,0.0,0.0,0.0,2.5495852,0.0
2024-07-26 00:00:00,23.213001,0.0,0.0,0.0,0.0,2.6476402,0.0
2024-07-26 00:30:00,23.1130005,0.0,0.0,0.0,0.0,2.7380336,0.0
2024-07-26 01:00:00,23.013,0.0,0.0,0.0,0.0,2.828427,0.0
2024-07-26 01:30:00,22.888,0.0,0.0,0.0,0.0,2.77252135,0.0
2024-07-26 02:00:00,22.763,0.0,0.0,0.0,0.0,2.7166157,0.0
2024-07-26 02:30:00,22.638,0.0,0.0,0.0,0.0,2.72304225,0.0
2024-07-26 03:00:00,22.513,0.0,0.0,0.0,0.0,2.7294688,0.0
2024-07-26 03:30:00,22.638,0.0,0.0,0.0,0.0,2.9275843,0.0
2024-07-26 04:00:00,22.763,0.0,0.0,0.0,0.0,3.1256998,0.0
2024-07-26 04:30:00,22.563,0.0,0.0,0.0,0.0,3.0835406,0.0
2024-07-26 05:00:00,22.363,0.0,0.0,0.0,0.0,3.0413814,0.0
2024-07-26 05:30:00,22.213001,0.0,0.0,0.0,0.0,3.1485728,0.0
2024-07-26 06:00:00,22.063002,0.0,0.0,0.0,0.0,3.2557642,0.0
2024-07-26 06:30:00,22.238001,10.353433095849855,0.0,26.730537500000004,10.5568085,3.31459485,3.891
2024-07-26 07:00:00,22.413,20.70686619169971,0.0,53.461075,21.113617,3.3734255,25.599
2024-07-26 07:30:00,23.513,86.1148723149974,0.10418103497581217,357.6418875,49.430691,3.41080665,72.998
2024-07-26 08:00:00,24.613,224.51936501825077,0.2228927635163642,661.8227,77.747765,3.4481878,0.0
2024-07-26 08:30:00,25.5380005,336.65717207039063,0.33927543744934396,734.3255,87.77385749999999,4.48543405,243.011
2024-07-26 09:00:00,26.463001,462.18479805922397,0.4513370922428579,806.8283,97.79995,5.5226803,344.587
2024-07-26 09:30:00,26.963001,572.7776327450817,0.5571595333945397,841.2981,103.216858,6.0749483,452.292
2024-07-26 10:00:00,27.463001,683.615196485736,0.6549311796846788,875.7679,108.633766,6.6272163,543.3100000000001
2024-07-26 10:30:00,28.0630005,774.8103086575233,0.7429780839222301,890.0991,111.538643,6.87240005,629.12
2024-07-26 11:00:00,28.663,858.3701289799496,0.8197925831448463,904.4303,114.44352,7.1175838,697.386
2024-07-26 11:30:00,29.138,922.9555459300095,0.8840591267070153,909.36035,116.14465,7.3141214,729.896
2024-07-26 12:00:00,29.613,975.6956192566844,0.9346768140966133,914.2904,117.84578,7.510659,729.681
2024-07-26 12:30:00,29.938,1007.4133370972287,0.970778248361453,912.38725,118.170645,7.4718467,729.618
2024-07-26 13:00:00,30.263,1025.213214862877,0.9917444076822781,910.4841,118.49551,7.4330344,0.0
2024-07-26 13:30:00,30.313,1020.1333318676371,0.9972152595292639,900.996935,117.87154,7.4501482,729.732
2024-07-26 14:00:00,30.363,1001.0508512806375,0.9870959380420485,891.50977,117.24757,7.467262,729.615
2024-07-26 14:30:00,30.2880005,958.6783074432324,0.9615583868768629,873.038585,115.5949575,7.4410559,729.861
2024-07-26 15:00:00,30.213001,904.4457032727079,0.9210384270717531,854.5674,113.942345,7.4148498,729.791
2024-07-26 15:30:00,30.088001,830.5716498095119,0.8662283128877653,826.46135,111.63958,7.34644965,713.393
2024-07-26 16:00:00,29.963001,749.1179053940218,0.7980648927611527,798.3553,109.336815,7.2780495,639.968
2024-07-26 16:30:00,29.7630015,652.5688133179418,0.7177135762162917,762.58573,103.0384775,7.0872126,564.2850000000001
2024-07-26 17:00:00,29.563002,553.9082991377547,0.6265484024401962,726.81616,96.74014,6.8963757,479.014
2024-07-26 17:30:00,29.113001,445.9611010865494,0.5261285244804451,675.82913,89.0917075,6.5630715,377.385
2024-07-26 18:00:00,28.663,343.5446119795091,0.41817152039539734,624.8421,81.443275,6.2297673,275.61600000000004
2024-07-26 18:30:00,28.038,237.1478070963677,0.30452401429591397,551.59365,68.72476950000001,5.8028195,176.785
2024-07-26 19:00:00,27.413,145.60791877132147,0.18713006989578468,478.3452,56.006264,5.3758717,99.486
2024-07-26 19:30:00,26.538,60.325892109809075,0.0679979151993105,331.499635,37.8401145,4.79091005,47.528
2024-07-26 20:00:00,25.663,19.474068019945012,0.0,184.65407,19.673965,4.2059484,18.09
2024-07-26 20:30:00,24.863001,0.0,0.0,92.327035,9.8369825,3.8386297,0.704
2024-07-26 21:00:00,24.063002,0.0,0.0,0.0,0.0,3.471311,0.0
2024-07-26 21:30:00,23.663001,0.0,0.0,0.0,0.0,3.1365481,0.0
2024-07-26 22:00:00,23.263,0.0,0.0,0.0,0.0,2.8017852,0.0
2024-07-26 22:30:00,22.9880005,0.0,0.0,0.0,0.0,2.5508926,0.0
2024-07-26 23:00:00,22.713001,0.0,0.0,0.0,0.0,2.3,0.0
2024-07-26 23:30:00,22.6130005,0.0,0.0,0.0,0.0,2.3172617,0.0
2024-07-27 00:00:00,22.513,0.0,0.0,0.0,0.0,2.3345234,0.0
2024-07-27 00:30:00,22.588,0.0,0.0,0.0,0.0,2.5319961,0.0
2024-07-27 01:00:00,22.663,0.0,0.0,0.0,0.0,2.7294688,0.0
2024-07-27 01:30:00,22.888,0.0,0.0,0.0,0.0,3.0830184,0.0
2024-07-27 02:00:00,23.113,0.0,0.0,0.0,0.0,3.436568,0.0
2024-07-27 02:30:00,23.138,0.0,0.0,0.0,0.0,3.5850995,0.0
2024-07-27 03:00:00,23.163,0.0,0.0,0.0,0.0,3.733631,0.0
2024-07-27 03:30:00,23.388,0.0,0.0,0.0,0.0,4.2595125,0.0
2024-07-27 04:00:00,23.613,0.0,0.0,0.0,0.0,4.785394,0.0
2024-07-27 04:30:00,23.463001,0.0,0.0,0.0,0.0,4.7764963,0.0
2024-07-27 05:00:00,23.313002,0.0,0.0,0.0,0.0,4.7675986,0.0
2024-07-27 05:30:00,23.088001,0.0,0.0,0.0,0.0,4.7675986,0.0
2024-07-27 06:00:00,22.863,0.0,0.0,0.0,0.0,4.7675986,0.0
2024-07-27 06:30:00,22.838001,9.239631185386171,0.0,26.828965000000004,9.4171065,4.78640195,4.769
2024-07-27 07:00:00,22.813002,18.479262370772343,0.0,53.65793,18.834213,4.8052053,22.696
2024-07-27 07:30:00,23.613001,86.45534490777925,0.10327543408548374,366.24031500000007,49.1939115,4.63867065,76.401
2024-07-27 08:00:00,24.413,229.58485650593946,0.22215032597408998,678.8227,79.55361,4.472136,152.387
2024-07-27 08:30:00,25.463,344.01144211944234,0.3386922788238923,754.4271000000001,88.73271,5.50486,253.364
2024-07-27 09:00:00,26.513,472.4680965021148,0.4509065645057551,830.0315,97.91181,6.537584,315.744
2024-07-27 09:30:00,27.088,583.7371168037397,0.5568723382227457,861.15677,103.300505,7.273789000000001,470.465
2024-07-27 10:00:00,27.663,694.408464530108,0.6547755275906699,892.28204,108.6892,8.009994,558.551
2024-07-27 10:30:00,28.038,786.6236487441503,0.7429398966011181,905.18515,112.126525,8.257643000000002,641.3860000000001
2024-07-27 11:00:00,28.413,870.7868785968215,0.8198557354711024,918.08826,115.56385,8.505292,719.606
2024-07-27 11:30:00,28.663,934.1151046216135,0.884205724331672,920.55568,117.23893,8.5038225,729.7
2024-07-27 12:00:00,28.913,985.1448126577297,0.9348875017599336,923.0231,118.91401,8.502353,729.824
2024-07-27 12:30:00,29.263,1014.5859729192068,0.9710325436649379,918.9573,118.707765,8.5011765,729.681
2024-07-27 13:00:00,29.613,1029.8666347589665,0.992021054550731,914.8915,118.50152,8.5,729.731
2024-07-27 13:30:00,29.6630005,1027.293953041672,0.997492595248275,908.36455,117.37659,8.601149,729.8969999999999
2024-07-27 14:00:00,29.713001,1010.5704764415266,0.9873522675365408,901.8376,116.25166,8.702298,729.797
2024-07-27 14:30:00,29.6130005,971.4863854016374,0.9617723577466374,888.04215,113.6432175,8.702298,729.598
2024-07-27 15:00:00,29.513,919.9917009619198,0.9211893988942086,874.2467,111.034775,8.702298,729.758
2024-07-27 15:30:00,29.463,846.5624624768873,0.8662967144161338,850.02493,106.9045125,8.702298,729.575
2024-07-27 16:00:00,29.413,764.7502184648756,0.798032560781656,825.80316,102.77425,8.702298,665.413
2024-07-27 16:30:00,29.113001,668.1295643178455,0.7175640702417908,791.7458300000001,97.49953,8.651149,589.108
2024-07-27 17:00:00,28.813002,568.785523284718,0.6262672897649216,757.6885,92.22481,8.6,496.20400000000006
2024-07-27 17:30:00,28.313002,456.66106057335537,0.5257036306552508,704.6362750000001,84.7026875,8.4548165,394.713
2024-07-27 18:00:00,27.813002,350.2894550200749,0.41759314073881454,651.58405,77.180565,8.309633,288.706
2024-07-27 18:30:00,27.213001,238.9105789780977,0.30378508286169903,565.638505,66.527771,8.0206927,184.427
2024-07-27 19:00:00,26.613,145.29508946761362,0.1862262828686531,479.69296,55.874977,7.7317524,97.789
2024-07-27 19:30:00,25.888,59.76707313594467,0.0669278065924599,329.16729,37.798257,7.1346682,44.395
2024-07-27 20:00:00,25.163,19.509604219968892,0.0,178.64162,19.721537,6.537584,16.89
2024-07-27 20:30:00,24.588,0.0,0.0,89.32081,9.8607685,6.1898365,0.8019999999999999
2024-07-27 21:00:00,24.013,0.0,0.0,0.0,0.0,5.842089,0.0
2024-07-27 21:30:00,23.8630005,0.0,0.0,0.0,0.0,5.7819883,0.0
2024-07-27 22:00:00,23.713001,0.0,0.0,0.0,0.0,5.7218876,0.0
2024-07-27 22:30:00,23.6380015,0.0,0.0,0.0,0.0,5.618207,0.0
2024-07-27 23:00:00,23.563002,0.0,0.0,0.0,0.0,5.5145264,0.0
2024-07-27 23:30:00,23.588001,0.0,0.0,0.0,0.0,5.4688127,0.0
2024-07-28 00:00:00,23.613,0.0,0.0,0.0,0.0,5.423099,0.0
2024-07-28 00:30:00,23.563,0.0,0.0,0.0,0.0,5.5155645,0.0
2024-07-28 01:00:00,23.513,0.0,0.0,0.0,0.0,5.60803,0.0
2024-07-28 01:30:00,23.413001,0.0,0.0,0.0,0.0,5.454015,0.0
2024-07-28 02:00:00,23.313002,0.0,0.0,0.0,0.0,5.3,0.0
2024-07-28 02:30:00,23.213001,0.0,0.0,0.0,0.0,5.3541635,0.0
2024-07-28 03:00:00,23.113,0.0,0.0,0.0,0.0,5.408327,0.0
2024-07-28 03:30:00,23.1630005,0.0,0.0,0.0,0.0,5.60459465,0.0
2024-07-28 04:00:00,23.213001,0.0,0.0,0.0,0.0,5.8008623,0.0
2024-07-28 04:30:00,23.0380005,0.0,0.0,0.0,0.0,5.45826215,0.0
2024-07-28 05:00:00,22.863,0.0,0.0,0.0,0.0,5.115662,0.0
2024-07-28 05:30:00,22.588001,0.0,0.0,0.0,0.0,4.793899,0.0
2024-07-28 06:00:00,22.313002,0.0,0.0,0.0,0.0,4.472136,0.0
2024-07-28 06:30:00,22.238001,9.274097157361638,0.0,26.919934999999995,9.4522345,4.27567575,4.4190000000000005
2024-07-28 07:00:00,22.163,18.548194314723276,0.0,53.83987,18.904469,4.0792155,30.306000000000004
2024-07-28 07:30:00,23.0630005,86.49637112756405,0.10238477702000398,375.08781,48.6347645,3.88960775,77.28
2024-07-28 08:00:00,23.963001,231.82364535997488,0.22142430716664097,696.33575,78.36506,3.7,157.345
2024-07-28 08:30:00,24.963001,346.83936577672944,0.3381263130157224,765.580655,88.194955,4.48153935,255.061
2024-07-28 09:00:00,25.963001,474.3981316819609,0.45049328972628366,834.82556,98.02485,5.2630787,357.591
2024-07-28 09:30:00,26.6630005,585.7189616961779,0.5566017413501884,865.98083,102.812493,5.49554015,459.588
2024-07-28 10:00:00,27.363,696.4070234799557,0.654635115904194,897.1361,107.600136,5.7280016,551.9150000000001
2024-07-28 10:30:00,27.988,789.1873403657099,0.7429149122712313,910.06115,111.051861,5.8594141,637.548
2024-07-28 11:00:00,28.613,873.8519830142488,0.8199294093290449,922.9862,114.503586,5.9908266,707.107
2024-07-28 11:30:00,29.0380005,938.222866013426,0.8843595645727796,926.1708,116.190418,6.1485863,729.554
2024-07-28 12:00:00,29.463001,990.2830012044683,0.9351016126048777,929.3554,117.87725,6.306346,729.755
2024-07-28 12:30:00,29.713001,1020.6443123940098,0.971285968471361,925.4371,118.19215,6.3154507,729.6469999999999
2024-07-28 13:00:00,29.963001,1036.7350767032628,0.9922921374608044,921.5188,118.50705,6.3245554,729.6009999999999
2024-07-28 13:30:00,30.1880005,1030.3394102900904,0.9977593551439534,911.16085,117.377895,6.46719835,729.591
2024-07-28 14:00:00,30.413,1009.7475176441811,0.9875927778005384,900.8029,116.24874,6.6098413,729.7410000000001
2024-07-28 14:30:00,30.463,967.1016841589006,0.9619651252908112,883.3557350000001,113.635975,6.68870565,729.735
2024-07-28 15:00:00,30.513,912.340927908722,0.9213137358885184,865.90857,111.02321,6.76757,729.6699999999998
2024-07-28 15:30:00,30.188,840.0178972713504,0.866333096264841,841.9983500000001,107.3547,6.46801925,722.853
2024-07-28 16:00:00,29.863,759.3702801623122,0.7979629641790834,818.08813,103.68619,6.1684685,661.194
2024-07-28 16:30:00,29.488,662.0176770448288,0.7173722854062604,782.3210449999999,98.383895,6.28813825,578.9630000000001
2024-07-28 17:00:00,29.113,562.3356207590804,0.6259392015057281,746.55396,93.0816,6.407808,493.925
2024-07-28 17:30:00,28.363,451.35940265139976,0.5252274632973607,694.556795,85.09741,6.25021325,398.27
2024-07-28 18:00:00,27.613,346.0014136647416,0.4169596627557711,642.55963,77.11322,6.0926185,291.548
2024-07-28 18:30:00,26.813,236.27692097221018,0.30298776761550883,558.874415,66.4255,5.9553471,186.495
2024-07-28 19:00:00,26.013,143.84387937317575,0.18526142266021803,475.1892,55.73778,5.8180757,96.946
2024-07-28 19:30:00,25.013,58.57304321662613,0.06579457807607596,323.965375,37.3226445,5.28443235,39.282
2024-07-28 20:00:00,24.013,18.70610396608196,0.0,172.74155,18.907509,4.750789,13.832
2024-07-28 20:30:00,23.138,0.0,0.0,86.370775,9.4537545,4.08199935,0.621
2024-07-28 21:00:00,22.263,0.0,0.0,0.0,0.0,3.4132097,0.0
2024-07-28 21:30:00,21.813,0.0,0.0,0.0,0.0,3.1155051,0.0
2024-07-28 22:00:00,21.363,0.0,0.0,0.0,0.0,2.8178005,0.0
2024-07-28 22:30:00,21.1630005,0.0,0.0,0.0,0.0,2.7981447,0.0
2024-07-28 23:00:00,20.963001,0.0,0.0,0.0,0.0,2.7784889,0.0
2024-07-28 23:30:00,20.8880015,0.0,0.0,0.0,0.0,2.8657267,0.0
2024-07-29 00:00:00,20.813002,0.0,0.0,0.0,0.0,2.9529645,0.0
2024-07-29 00:30:00,20.813002,0.0,0.0,0.0,0.0,3.06472025,0.0
2024-07-29 01:00:00,20.813002,0.0,0.0,0.0,0.0,3.176476,0.0
2024-07-29 01:30:00,20.738001,0.0,0.0,0.0,0.0,3.2260720000000003,0.0
2024-07-29 02:00:00,20.663,0.0,0.0,0.0,0.0,3.275668,0.0
2024-07-29 02:30:00,20.588,0.0,0.0,0.0,0.0,3.2502855,0.0
2024-07-29 03:00:00,20.513,0.0,0.0,0.0,0.0,3.224903,0.0
2024-07-29 03:30:00,20.513,0.0,0.0,0.0,0.0,2.814533,0.0
2024-07-29 04:00:00,20.513,0.0,0.0,0.0,0.0,2.404163,0.0
2024-07-29 04:30:00,20.4880005,0.0,0.0,0.0,0.0,2.5949202,0.0
2024-07-29 05:00:00,20.463001,0.0,0.0,0.0,0.0,2.7856774,0.0
2024-07-29 05:30:00,20.4130005,0.0,0.0,0.0,0.0,2.8246207,0.0
2024-07-29 06:00:00,20.363,0.0,0.0,0.0,0.0,2.863564,0.0
2024-07-29 06:30:00,20.613,0.0,0.0,27.011115,8.303752,3.0270877,3.756
2024-07-29 07:00:00,20.863,16.30346051063515,0.0,54.02223,16.607504,3.1906114,27.22
2024-07-29 07:30:00,22.4130005,83.81274272382866,0.10150958627818928,368.833415,46.889659,3.32807805,72.18299999999999
2024-07-29 08:00:00,23.963001,227.33241409559338,0.22071503802270157,683.6446,77.171814,3.4655447,152.202
2024-07-29 08:30:00,25.3880015,340.21415182684694,0.33757767775662234,750.69695,87.034217,4.1034262,251.396
2024-07-29 09:00:00,26.813002,465.21614896622077,0.4500972140056423,817.7493,96.89662,4.7413077,353.907
2024-07-29 09:30:00,27.563002,576.0377829010474,0.55634750215523,850.04215,102.27595,5.010729850000001,454.96
2024-07-29 10:00:00,28.313002,686.585106811431,0.6545095253490061,882.335,107.65528,5.280152,546.7439999999999
2024-07-29 10:30:00,29.188002,778.364760941121,0.7429025441097995,896.27532,110.548975,5.14457185,628.045
2024-07-29 11:00:00,30.063002,862.339180327012,0.8200128643241452,910.21564,113.44267,5.0089917,697.666
2024-07-29 11:30:00,30.888001000000003,926.3371870678532,0.884519770083643,914.39662,114.614955,5.08567785,729.562
2024-07-29 12:00:00,31.713,978.2822543942739,0.9353181512937664,918.5776,115.78724,5.162364,729.73
2024-07-29 12:30:00,32.0879985,1008.2380100541501,0.9715374304383395,914.07832,116.638845,5.342522150000001,729.7630000000001
2024-07-29 13:00:00,32.462997,1024.042042994163,0.9925564897500938,909.57904,117.49045,5.5226803,729.548
2024-07-29 13:30:00,32.3879985,1017.8141887259447,0.9980143221971969,898.97252,116.867805,5.73833515,729.7879999999999
2024-07-29 14:00:00,32.313,997.5623628138676,0.9878162263153846,888.366,116.24516,5.95399,729.855
2024-07-29 14:30:00,32.088,955.1903269546536,0.9621354468223242,871.41408,113.14534,5.95399,729.5200000000001
2024-07-29 15:00:00,31.863,900.8340576429185,0.9214102205493981,854.46216,110.04552,5.95399,729.6580000000001
2024-07-29 15:30:00,31.588001,824.8550724279668,0.8663362910891291,824.14913,107.787965,5.6811585,713.7439999999999
2024-07-29 16:00:00,31.313002,741.5717627704494,0.7978550099167631,793.8361,105.53041,5.408327,648.2879999999999
2024-07-29 16:30:00,30.963001,644.472688332651,0.717137225912379,754.0766,101.5224,5.5259537000000005,570.0360000000001
2024-07-29 17:00:00,30.613,546.0374552574917,0.6255632603835636,714.3171,97.51439,5.6435804,484.061
2024-07-29 17:30:00,29.888,439.05006327846735,0.5246992829781651,665.67895,88.53482,5.737266050000001,386.367
2024-07-29 18:00:00,29.163,337.2065532910774,0.4162705018618188,617.0408,79.55525,5.8309517,280.679
2024-07-29 18:30:00,28.463,229.910073124294,0.3021316532045161,535.965135,67.5748165,5.73859455,178.23600000000002
2024-07-29 19:00:00,27.763,139.41208922138048,0.1842352547174044,454.88947,55.594383,5.6462374,92.031
2024-07-29 19:30:00,26.838,56.666558191706784,0.06459818432408679,308.34814,36.840788,5.0282264,37.962
2024-07-29 20:00:00,25.913,17.890244568329546,0.0,161.80681,18.087193,4.4102154,12.458
2024-07-29 20:30:00,25.038,0.0,0.0,80.903405,9.0435965,3.91537085,0.37
2024-07-29 21:00:00,24.163,0.0,0.0,0.0,0.0,3.4205263,0.0
2024-07-29 21:30:00,23.6880005,0.0,0.0,0.0,0.0,3.0611887,0.0
2024-07-29 22:00:00,23.213001,0.0,0.0,0.0,0.0,2.7018511,0.0
2024-07-29 22:30:00,23.0380005,0.0,0.0,0.0,0.0,2.68227825,0.0
2024-07-29 23:00:00,22.863,0.0,0.0,0.0,0.0,2.6627054,0.0
2024-07-29 23:30:00,22.6630005,0.0,0.0,0.0,0.0,2.7402529500000004,0.0
2024-07-30 00:00:00,22.463001,0.0,0.0,0.0,0.0,2.8178005,0.0
2024-07-30 00:30:00,22.213001,0.0,0.0,0.0,0.0,2.7954427,0.0
2024-07-30 01:00:00,21.963001,0.0,0.0,0.0,0.0,2.7730849,0.0
2024-07-30 01:30:00,21.713001,0.0,0.0,0.0,0.0,2.75219245,0.0
2024-07-30 02:00:00,21.463001,0.0,0.0,0.0,0.0,2.7313,0.0
2024-07-30 02:30:00,21.4380005,0.0,0.0,0.0,0.0,2.7119412,0.0
2024-07-30 03:00:00,21.413,0.0,0.0,0.0,0.0,2.6925824,0.0
2024-07-30 03:30:00,21.638,0.0,0.0,0.0,0.0,2.58120015,0.0
2024-07-30 04:00:00,21.863,0.0,0.0,0.0,0.0,2.4698179,0.0
2024-07-30 04:30:00,21.863,0.0,0.0,0.0,0.0,2.31426045,0.0
2024-07-30 05:00:00,21.863,0.0,0.0,0.0,0.0,2.158703,0.0
2024-07-30 05:30:00,21.838001,0.0,0.0,0.0,0.0,2.3051166,0.0
2024-07-30 06:00:00,21.813002,0.0,0.0,0.0,0.0,2.4515302,0.0
2024-07-30 06:30:00,22.038001,0.0,0.0,27.092185,8.3383285,2.788615,3.2910000000000004
2024-07-30 07:00:00,22.263,16.37134747782331,0.0,54.18437,16.676657,3.1256998,25.4
2024-07-30 07:30:00,23.8630005,84.61371827005199,0.10065044484690076,377.96575,47.0847655,3.163631,71.644
2024-07-30 08:00:00,25.463001,231.17168983532449,0.22002290557544393,701.74713,77.492874,3.2015622,149.64999999999998
2024-07-30 08:30:00,26.8630005,347.10969135346375,0.3370465617868303,771.597135,87.251644,4.0507811,248.879
2024-07-30 09:00:00,28.263,475.7340141657695,0.44971832888394536,841.44714,97.010414,4.9,353.38899999999995
2024-07-30 09:30:00,29.138,589.4264455364672,0.5561094193883348,875.191955,101.787522,5.75,459.706
2024-07-30 10:00:00,30.013,702.9348389921473,0.6543983695772264,908.93677,106.56463,6.6,553.732
2024-07-30 10:30:00,30.663001,796.8296055158937,0.742902231575492,922.386135,109.472705,6.9513695,637.7669999999999
2024-07-30 11:00:00,31.313002,882.5294041841889,0.8201053795665416,935.8355,112.38078,7.302739,706.8319999999999
2024-07-30 11:30:00,31.638001000000003,946.7726765786895,0.8846854762212124,937.75573,114.0913,7.601686,729.542
2024-07-30 12:00:00,31.963,998.3627374289277,0.9355361285020367,939.67596,115.80182,7.900633,729.5070000000001
2024-07-30 12:30:00,32.063,1027.9936551750295,0.9717858367924734,934.54488,116.137525,8.0506215,729.511
2024-07-30 13:00:00,32.163,1043.104471696314,0.9928129381898476,929.4138,116.47323,8.20061,729.6099999999999
2024-07-30 13:30:00,32.087999999999994,1036.4828407372818,0.998256267125351,918.795585,115.36356,8.305064,729.567
2024-07-30 14:00:00,32.013,1015.5069874729365,0.9880213531297326,908.17737,114.25389,8.409518,729.566
2024-07-30 14:30:00,31.963,975.1101683650849,0.9622820576469047,893.3373349999999,111.66052,8.362282,729.787
2024-07-30 15:00:00,31.913,922.2425974026124,0.9214776094922337,878.4973,109.06715,8.315046,729.564
2024-07-30 15:30:00,31.788,848.460270372235,0.8663051025247607,853.8826,105.41886,8.00784765,717.78
2024-07-30 16:00:00,31.663,766.2611129807035,0.7977075735883211,829.2679,101.77057,7.7006493,651.678
2024-07-30 16:30:00,31.138,669.2487156600591,0.716857863061284,795.4688000000001,96.490645,7.80159015,576.127
2024-07-30 17:00:00,30.613,569.422570572798,0.6251385555570197,761.6697,91.21072,7.902531,490.822
2024-07-30 17:30:00,29.813,455.58348792840286,0.5241183168720657,706.664135,83.671945,8.0561405,389.154
2024-07-30 18:00:00,29.013,347.9227213618491,0.4155250410784917,651.65857,76.13317,8.20975,284.57
2024-07-30 18:30:00,28.188,235.47512361125655,0.30121629373130393,563.9193250000001,65.05939000000001,8.112680000000001,179.135
2024-07-30 19:00:00,27.363,141.29580090517553,0.1831475164942382,476.18008,53.98561,8.01561,92.873
2024-07-30 19:30:00,26.7880005,55.84850741020823,0.06333855538617443,316.95915,35.819388000000004,7.7132065,38.259
2024-07-30 20:00:00,26.213001,17.460943616409036,0.0,157.73822,17.653166,7.410803,13.168
2024-07-30 20:30:00,25.8630005,0.0,0.0,78.86911,8.826583,7.105401499999999,0.173
2024-07-30 21:00:00,25.513,0.0,0.0,0.0,0.0,6.8,0.0
2024-07-30 21:30:00,25.463,0.0,0.0,0.0,0.0,6.75149215,0.0
2024-07-30 22:00:00,25.413,0.0,0.0,0.0,0.0,6.7029843,0.0
2024-07-30 22:30:00,25.3130005,0.0,0.0,0.0,0.0,6.60303015,0.0
2024-07-30 23:00:00,25.213001,0.0,0.0,0.0,0.0,6.503076,0.0
2024-07-30 23:30:00,25.088001,0.0,0.0,0.0,0.0,6.4019348,0.0
2024-07-31 00:00:00,24.963001,0.0,0.0,0.0,0.0,6.3007936,0.0
2024-07-31 00:30:00,24.8130005,0.0,0.0,0.0,0.0,6.303966300000001,0.0
2024-07-31 01:00:00,24.663,0.0,0.0,0.0,0.0,6.307139,0.0
2024-07-31 01:30:00,24.588,0.0,0.0,0.0,0.0,6.2539725,0.0
2024-07-31 02:00:00,24.513,0.0,0.0,0.0,0.0,6.200806,0.0
2024-07-31 02:30:00,24.3630005,0.0,0.0,0.0,0.0,6.15204185,0.0
2024-07-31 03:00:00,24.213001,0.0,0.0,0.0,0.0,6.1032777,0.0
2024-07-31 03:30:00,24.2880005,0.0,0.0,0.0,0.0,5.98634505,0.0
2024-07-31 04:00:00,24.363,0.0,0.0,0.0,0.0,5.8694124,0.0
2024-07-31 04:30:00,24.188,0.0,0.0,0.0,0.0,5.8557507,0.0
2024-07-31 05:00:00,24.013,0.0,0.0,0.0,0.0,5.842089,0.0
2024-07-31 05:30:00,23.888,0.0,0.0,0.0,0.0,5.9227108,0.0
2024-07-31 06:00:00,23.763,0.0,0.0,0.0,0.0,6.0033326,0.0
2024-07-31 06:30:00,23.813,0.0,0.0,20.378908,8.3750715,6.052076100000001,3.2820000000000005
2024-07-31 07:00:00,23.863,16.425449608149503,0.0,40.757816,16.750143,6.1008196,19.144
2024-07-31 07:30:00,24.488,83.14642319256052,0.09980798424005229,364.730458,47.2853515,6.05706905,72.868
2024-07-31 08:00:00,25.113,228.1272560309835,0.21934834163208214,688.7031,77.82056,6.0133185,101.227
2024-07-31 08:30:00,25.738,341.39018195022686,0.33653319441665275,751.7001499999999,88.717935,6.72821805,251.02500000000003
2024-07-31 09:00:00,26.363,465.8644994813585,0.4493566618321116,814.6972,99.61531,7.4431176,351.06100000000004
2024-07-31 09:30:00,26.963001,577.809442221678,0.5558873227663237,845.47025,107.129852,7.56115505,456.304
2024-07-31 10:00:00,27.563002,689.198731511431,0.6543012880733172,876.2433,114.644394,7.6791925,549.062
2024-07-31 10:30:00,27.963001,788.2081064652986,0.7429134346362257,904.83457,114.072632,7.809797749999999,639.163
2024-07-31 11:00:00,28.363,881.7187921780335,0.820206249331857,933.42584,113.50087,7.940403,711.234
2024-07-31 11:30:00,28.588001,946.5016389492332,0.8848558282202859,936.08277,115.184815,8.025137,729.729
2024-07-31 12:00:00,28.813002,998.7195581115096,0.9357545596478101,938.7397,116.86876,8.109871,729.6949999999999
2024-07-31 12:30:00,28.963001,1028.3167194309517,0.9720300945727858,933.60595,117.18381,8.055247999999999,729.709
2024-07-31 13:00:00,29.113,1043.3865615004163,0.9930603047641449,928.4722,117.49886,8.000625,729.522
2024-07-31 13:30:00,29.188,1036.7214107517793,0.9984839516496464,917.854415,116.370675,7.9531595,729.702
2024-07-31 14:00:00,29.263,1015.6968238290964,0.98820688554591,907.23663,115.24249,7.905694,729.709
2024-07-31 14:30:00,29.1130005,973.694562901126,0.9624036771122262,890.30954,113.11292,7.9531595,729.592
2024-07-31 15:00:00,28.963001,919.3901510540466,0.9215146407208127,873.38245,110.98335,8.000625,729.644
2024-07-31 15:30:00,28.6380015,845.6743057504609,0.8662383135473888,849.185725,106.8309425,7.80852715,729.7239999999999
2024-07-31 16:00:00,28.313002,763.5435764359507,0.7975195087334447,824.989,102.678535,7.6164293,665.634
2024-07-31 16:30:00,27.838001,666.1306866292041,0.7165331453271422,790.938225,96.9230775,7.56354415,583.842
2024-07-31 17:00:00,27.363,565.996168620871,0.6246641532309084,756.88745,91.16762,7.510659,496.508
2024-07-31 17:30:00,26.7880005,454.25228474632996,0.5234837697166055,704.3507999999999,84.03058,7.51731025,395.734
2024-07-31 18:00:00,26.213001,348.19852142741775,0.41472264215818383,651.81415,76.89354,7.5239615,286.687
2024-07-31 18:30:00,25.5130015,235.53058269086458,0.3002412237130338,563.79204,65.727135,7.42872325,180.596
2024-07-31 19:00:00,24.813002,141.22664795867823,0.18199792815576105,475.76993,54.56073,7.333485,93.514
2024-07-31 19:30:00,24.088001,55.074322048897656,0.062015606758010405,313.49467500000003,35.685089,6.54467575,39.71
2024-07-31 20:00:00,23.363,16.62801270686799,0.0,151.21942,16.809448,5.7558665,13.67
2024-07-31 20:30:00,22.863,0.0,0.0,75.60971,8.404724,5.3462324,0.188
2024-07-31 21:00:00,22.363,0.0,0.0,0.0,0.0,4.9365983,0.0
2024-07-31 21:30:00,22.213001,0.0,0.0,0.0,0.0,4.922886650000001,0.0
2024-07-31 22:00:00,22.063002,0.0,0.0,0.0,0.0,4.909175,0.0
2024-07-31 22:30:00,22.0130015,0.0,0.0,0.0,0.0,4.8045875,0.0
2024-07-31 23:00:00,21.963001,0.0,0.0,0.0,0.0,4.7,0.0
2024-07-31 23:30:00,21.9130005,0.0,0.0,0.0,0.0,4.6,0.0
2024-08-01 00:00:00,21.863,0.0,0.0,0.0,0.0,4.5,0.0
2024-08-01 00:30:00,21.838001,0.0,0.0,0.0,0.0,4.4505682,0.0
2024-08-01 01:00:00,21.813002,0.0,0.0,0.0,0.0,4.4011364,0.0
2024-08-01 01:30:00,21.788001,0.0,0.0,0.0,0.0,4.3011632,0.0
2024-08-01 02:00:00,21.763,0.0,0.0,0.0,0.0,4.20119,0.0
2024-08-01 02:30:00,21.688,0.0,0.0,0.0,0.0,4.250595000000001,0.0
2024-08-01 03:00:00,21.613,0.0,0.0,0.0,0.0,4.3,0.0
2024-08-01 03:30:00,21.1630005,0.0,0.0,0.0,0.0,3.85660485,0.0
2024-08-01 04:00:00,20.713001,0.0,0.0,0.0,0.0,3.4132097,0.0
2024-08-01 04:30:00,20.6630005,0.0,0.0,0.0,0.0,3.42488885,0.0
2024-08-01 05:00:00,20.613,0.0,0.0,0.0,0.0,3.436568,0.0
2024-08-01 05:30:00,20.438,0.0,0.0,0.0,0.0,3.2365067,0.0
2024-08-01 06:00:00,20.263,0.0,0.0,0.0,0.0,3.0364454,0.0
2024-08-01 06:30:00,20.213,0.0,0.0,20.432417,7.212533,3.0413773,2.931
2024-08-01 07:00:00,20.163,14.153210405835203,0.0,40.864834,14.425066,3.0463092,21.747
2024-08-01 07:30:00,21.3130005,80.74024795913516,0.09898286454340735,346.032697,47.058098,3.09239015,72.406
2024-08-01 08:00:00,22.463001,221.23689538961122,0.2186918036843487,651.20056,79.69113,3.1384711,149.928
2024-08-01 08:30:00,23.6630005,336.5429982846564,0.3360378275427992,733.78333,90.336185,3.56172145,251.092
2024-08-01 09:00:00,24.863,467.6618012566942,0.44901225963569097,816.3661,100.98124,3.9849718,355.7819999999999
2024-08-01 09:30:00,25.888,582.3674436284043,0.5556810580300119,858.70435,104.40131,4.2579879,456.246
2024-08-01 10:00:00,26.913,698.778217064815,0.6542179329808283,901.0426,107.82138,4.531004,549.905
2024-08-01 10:30:00,27.6880005,792.1568824905524,0.7429356226435905,914.55313,110.67561,4.70322635,633.24
2024-08-01 11:00:00,28.463001,877.4099086592374,0.8203147740939076,928.06366,113.52984,4.8754487,702.708
2024-08-01 11:30:00,29.1130005,941.6891414206863,0.8850299745346938,930.48618,115.2063,5.121006,729.7420000000001
2024-08-01 12:00:00,29.763,993.4332368570249,0.9359724606039087,932.9087,116.88276,5.3665633,729.651
2024-08-01 12:30:00,30.1130005,1022.0119600288526,0.9722691088091852,926.9388,117.192532,5.47836665,729.762
2024-08-01 13:00:00,30.463001,1036.095633243811,0.9932974073051198,920.9689,117.502304,5.59017,729.721
2024-08-01 13:30:00,30.5380005,1027.880809306224,0.9986961315633559,907.91575,117.363022,5.7691395,729.6669999999999
2024-08-01 14:00:00,30.613,1005.4548405543895,0.988371543550921,894.8626,117.22374,5.948109,729.567
2024-08-01 14:30:00,30.363,960.5141415701847,0.9624990162559107,873.2138,116.508305,6.1728825,729.6360000000001
2024-08-01 15:00:00,30.113,903.829540572198,0.9215200433559372,851.565,115.79287,6.397656,729.6500000000001
2024-08-01 15:30:00,29.838001,830.141978757073,0.8661346981133924,826.7329500000001,111.088525,6.24020935,720.528
2024-08-01 16:00:00,29.563002,748.4117405248776,0.7972896601061545,801.9009,106.38418,6.0827627,650.8050000000001
2024-08-01 16:30:00,29.1380015,650.7364726004689,0.7161620130653638,764.53483,100.986685,6.03804635,574.661
2024-08-01 17:00:00,28.713001,551.201359380756,0.6241391125323477,727.16876,95.58919,5.99333,481.128
2024-08-01 17:30:00,28.0380005,440.9272921739744,0.5227948405586258,675.2380800000001,86.6189,5.9483595000000005,382.793
2024-08-01 18:00:00,27.363,336.449381045318,0.4138626627822846,623.3074,77.64861,5.903389,276.36100000000005
2024-08-01 18:30:00,26.463001,227.5864248556132,0.29920597553752754,537.37995,66.386045,5.702149,174.102
2024-08-01 19:00:00,25.563002,136.72893101237645,0.18078620984196767,451.4525,55.12348,5.500909,89.654
2024-08-01 19:30:00,24.6380015,53.43306088526877,0.060629256202915004,293.737075,35.7245675,5.01153835,38.061
2024-08-01 20:00:00,23.713001,16.135456403902282,0.0,136.02165,16.325655,4.5221677,13.23
2024-08-01 20:30:00,22.7630015,0.0,0.0,68.010825,8.1628275,3.9411137,0.18
2024-08-01 21:00:00,21.813002,0.0,0.0,0.0,0.0,3.3600597,0.0
2024-08-01 21:30:00,21.2630015,0.0,0.0,0.0,0.0,2.95282205,0.0
2024-08-01 22:00:00,20.713001,0.0,0.0,0.0,0.0,2.5455844,0.0
2024-08-01 22:30:00,20.338001,0.0,0.0,0.0,0.0,2.2345614,0.0
2024-08-01 23:00:00,19.963001,0.0,0.0,0.0,0.0,1.9235384,0.0
2024-08-01 23:30:00,19.6880005,0.0,0.0,0.0,0.0,1.68978015,0.0
2024-08-02 00:00:00,19.413,0.0,0.0,0.0,0.0,1.4560219,0.0
2024-08-02 00:30:00,19.213,0.0,0.0,0.0,0.0,1.4244303,0.0
2024-08-02 01:00:00,19.013,0.0,0.0,0.0,0.0,1.3928387,0.0
2024-08-02 01:30:00,18.838,0.0,0.0,0.0,0.0,1.4596361999999998,0.0
2024-08-02 02:00:00,18.663,0.0,0.0,0.0,0.0,1.5264337,0.0
2024-08-02 02:30:00,18.513,0.0,0.0,0.0,0.0,1.56944265,0.0
2024-08-02 03:00:00,18.363,0.0,0.0,0.0,0.0,1.6124516,0.0
2024-08-02 03:30:00,18.513,0.0,0.0,0.0,0.0,1.52211685,0.0
2024-08-02 04:00:00,18.663,0.0,0.0,0.0,0.0,1.4317821,0.0
2024-08-02 04:30:00,18.463,0.0,0.0,0.0,0.0,1.38297425,0.0
2024-08-02 05:00:00,18.263,0.0,0.0,0.0,0.0,1.3341664,0.0
2024-08-02 05:30:00,18.138,0.0,0.0,0.0,0.0,1.3471567,0.0
2024-08-02 06:00:00,18.013,0.0,0.0,0.0,0.0,1.360147,0.0
2024-08-02 06:30:00,18.288001,0.0,0.0,20.48253,7.248905,1.5344739,2.73
2024-08-02 07:00:00,18.563002,14.22458346833722,0.0,40.96506,14.49781,1.7088008,25.927
2024-08-02 07:30:00,19.7630015,81.3718047756297,0.09817575022326608,375.78568,44.96351,1.92444705,75.06200000000001
2024-08-02 08:00:00,20.963001,229.68331356022122,0.21805375155218776,710.6063,75.42921,2.1400933,153.70000000000002
2024-08-02 08:30:00,22.463001,346.3678970042391,0.3355607134454619,777.191885,85.770415,2.44935815,253.364
2024-08-02 09:00:00,23.963001,475.0031589136789,0.44868516778843265,843.77747,96.11162,2.758623,359.12600000000003
2024-08-02 09:30:00,25.3130005,588.9041061824087,0.5554904681119228,875.9312150000001,101.420795,3.27996925,458.22600000000006
2024-08-02 10:00:00,26.663,702.2745250602317,0.6541479524277495,908.08496,106.72997,3.8013155,554.187
2024-08-02 10:30:00,27.613001,795.6504950098974,0.7429682599980345,920.60718,109.598485,4.20771225,635.932
2024-08-02 11:00:00,28.563002,880.6521386635425,0.8204302488188018,933.1294,112.467,4.614109,709.946
2024-08-02 11:30:00,29.288001,944.3273629723647,0.8852070578586084,934.426,114.155207,4.8195233,729.717
2024-08-02 12:00:00,30.013,995.2622495669311,0.9361888416041049,935.7226,115.843414,5.0249376,729.623
2024-08-02 12:30:00,30.538001,1024.273867234806,0.9725017793690364,929.55518,116.674357,4.8978408,729.562
2024-08-02 13:00:00,31.063002,1038.717440960267,0.9935230593095736,923.38776,117.5053,4.770744,729.8199999999999
2024-08-02 13:30:00,31.288002,1030.439481799748,0.9988915594849987,910.77603,116.864635,4.812819299999999,729.7080000000001
2024-08-02 14:00:00,31.513002,1007.8836026439868,0.98851404543362,898.1643,116.22397,4.8548946,729.618
2024-08-02 14:30:00,31.388001000000003,963.9651760976985,0.9625667861840239,879.66545,113.588,4.923944799999999,729.474
2024-08-02 15:00:00,31.263,907.9798899717805,0.9214925486085515,861.1666,110.95203,4.992995,729.659
2024-08-02 15:30:00,31.1130005,833.0082869920609,0.8659930344616209,834.979785,106.787443,4.992995,715.3199999999999
2024-08-02 16:00:00,30.963001,750.043582379611,0.7970168791269692,808.79297,102.622856,4.992995,647.7260000000001
2024-08-02 16:30:00,30.3880015,652.5470038343481,0.7157434157566023,772.5018,97.295413,5.089758,567.4680000000001
2024-08-02 17:00:00,29.813002,552.9192641497356,0.6235625042138624,736.21063,91.96797,5.186521,476.29
2024-08-02 17:30:00,29.038001,441.44113639515433,0.5220507425301212,681.3945,84.348983,5.1486468,378.057
2024-08-02 18:00:00,28.263,336.33342075602246,0.4129444771699754,626.57837,76.729996,5.1107726,274.844
2024-08-02 18:30:00,27.3630005,226.54021581032782,0.29811010041218616,538.83066,65.47868,4.8026068,173.778
2024-08-02 19:00:00,26.463001,135.20221277940107,0.1795121026512565,451.08295,54.227364,4.494441,87.30799999999999
2024-08-02 19:30:00,25.463001,51.925588058124646,0.0591794442973971,290.25551,34.837801,3.88734245,35.989000000000004
2024-08-02 20:00:00,24.463001,15.269492589364656,0.0,129.42807,15.448238,3.2802439,11.703
2024-08-02 20:30:00,23.588001,0.0,0.0,64.714035,7.724119,2.84428145,0.134
2024-08-02 21:00:00,22.713001,0.0,0.0,0.0,0.0,2.408319,0.0
2024-08-02 21:30:00,22.2630015,0.0,0.0,0.0,0.0,2.2165824,0.0
2024-08-02 22:00:00,21.813002,0.0,0.0,0.0,0.0,2.0248458,0.0
2024-08-02 22:30:00,21.3880015,0.0,0.0,0.0,0.0,1.8856354,0.0
2024-08-02 23:00:00,20.963001,0.0,0.0,0.0,0.0,1.746425,0.0
2024-08-02 23:30:00,20.5130015,0.0,0.0,0.0,0.0,1.505668,0.0
2024-08-03 00:00:00,20.063002,0.0,0.0,0.0,0.0,1.264911,0.0
2024-08-03 00:30:00,19.713001,0.0,0.0,0.0,0.0,1.29010275,0.0
2024-08-03 01:00:00,19.363,0.0,0.0,0.0,0.0,1.3152945,0.0
2024-08-03 01:30:00,19.113,0.0,0.0,0.0,0.0,1.3735383,0.0
2024-08-03 02:00:00,18.863,0.0,0.0,0.0,0.0,1.4317821,0.0
2024-08-03 02:30:00,18.688,0.0,0.0,0.0,0.0,1.4317821,0.0
2024-08-03 03:00:00,18.513,0.0,0.0,0.0,0.0,1.4317821,0.0
2024-08-03 03:30:00,18.538001,0.0,0.0,0.0,0.0,1.5298321,0.0
2024-08-03 04:00:00,18.563002,0.0,0.0,0.0,0.0,1.6278821,0.0
2024-08-03 04:30:00,18.613001,0.0,0.0,0.0,0.0,1.6999433000000002,0.0
2024-08-03 05:00:00,18.663,0.0,0.0,0.0,0.0,1.7720045,0.0
2024-08-03 05:30:00,18.638,0.0,0.0,0.0,0.0,1.8079567,0.0
2024-08-03 06:00:00,18.613,0.0,0.0,0.0,0.0,1.8439089,0.0
2024-08-03 06:30:00,18.7880005,0.0,0.0,20.5315265,7.288541,1.8837236,2.305
2024-08-03 07:00:00,18.963001,14.302361496247217,0.0,41.063053,14.577082,1.9235383,24.09
2024-08-03 07:30:00,20.963001,83.0227942119005,0.0973872850834893,385.79687650000005,45.949836000000005,1.72334645,70.301
2024-08-03 08:00:00,22.963001,235.44247354446185,0.21743462308833633,730.5307,77.32259,1.5231546,153.003
2024-08-03 08:30:00,25.088001,354.487961218519,0.3351020817293692,799.439115,86.77664,1.57551835,253.444
2024-08-03 09:00:00,27.213001,485.93437178533634,0.4483754088510747,868.34753,96.23069,1.6278821,358.466
2024-08-03 09:30:00,28.8130005,601.0398524561234,0.5553153733921141,897.7890150000001,101.508465,2.2290383,457.31000000000006
2024-08-03 10:00:00,30.413,714.8720275875633,0.6540909729093345,927.2305,106.78624,2.8301945,546.5840000000001
2024-08-03 10:30:00,31.463,808.6991172743592,0.7430107910128976,937.961625,109.641003,3.5510981,626.648
2024-08-03 11:00:00,32.513,893.6397753272059,0.8205519504305556,948.69275,112.495766,4.2720017,691.308
2024-08-03 11:30:00,33.1129985,957.1178296701628,0.8853862054438206,948.576525,114.176283,4.72926135,729.775
2024-08-03 12:00:00,33.712997,1007.4752165555102,0.9364027005202368,948.4603,115.8568,5.186521,729.601
2024-08-03 12:30:00,34.1379985,1036.2845468483704,0.9727269972661271,942.115985,116.171415,5.2209973000000005,729.753
2024-08-03 13:00:00,34.563,1050.3014181948668,0.9937360693216343,935.77167,116.48603,5.2554736,729.7830000000001
2024-08-03 13:30:00,34.788,1041.772255052267,0.9990689872908315,923.351735,115.358173,4.9542148,729.328
2024-08-03 14:00:00,35.013,1018.7463287743747,0.9886331131877605,910.9318,114.230316,4.652956,729.683
2024-08-03 14:30:00,34.962999999999994,974.4736248934001,0.9626057063190511,892.463185,111.617963,4.3389392,729.492
2024-08-03 15:00:00,34.913,917.9235570418758,0.9214309006691767,873.99457,109.00561,4.0249224,729.711
2024-08-03 15:30:00,34.763,839.0648118772978,0.865812118486277,843.212035,105.79928,3.4133538000000003,693.34
2024-08-03 16:00:00,34.613,752.6678884907858,0.7967000394199693,812.4295,102.59295,2.8017852,630.356
2024-08-03 16:30:00,34.1629985,651.691573336886,0.7152763294683271,768.85605,99.486505,2.8612008,550.779
2024-08-03 17:00:00,33.712997,549.8915837005804,0.6229334296847623,725.2826,96.38006,2.9206164,466.094
2024-08-03 17:30:00,32.8879985,440.19128633971286,0.5212507231597948,677.6134,85.678275,3.2720752,370.655
2024-08-03 18:00:00,32.063,335.39735239136485,0.41196749719954984,629.9442,74.97649,3.623534,271.32
2024-08-03 18:30:00,30.813001,225.0199558738525,0.2969531899783528,541.36396,63.79174,3.54453935,172.14100000000002
2024-08-03 19:00:00,29.563002,133.31450109030675,0.17817539024420015,452.78372,52.60699,3.4655447,87.634
2024-08-03 19:30:00,28.3880015,50.10791479499945,0.05766615570456282,287.726268,33.583172000000005,2.9827723500000003,34.547
2024-08-03 20:00:00,27.213001,14.392108965351268,0.0,122.668816,14.559354,2.5,10.912
2024-08-03 20:30:00,26.1380015,0.0,0.0,61.334408,7.279677,2.48794185,0.078
2024-08-03 21:00:00,25.063002,0.0,0.0,0.0,0.0,2.4758837,0.0
2024-08-03 21:30:00,24.463001,0.0,0.0,0.0,0.0,2.2783744,0.0
2024-08-03 22:00:00,23.863,0.0,0.0,0.0,0.0,2.0808651,0.0
2024-08-03 22:30:00,23.338001,0.0,0.0,0.0,0.0,2.0265867,0.0
2024-08-03 23:00:00,22.813002,0.0,0.0,0.0,0.0,1.9723083,0.0
2024-08-03 23:30:00,22.238001,0.0,0.0,0.0,0.0,1.57138915,0.0
2024-08-04 00:00:00,21.663,0.0,0.0,0.0,0.0,1.17047,0.0
2024-08-04 00:30:00,21.113001,0.0,0.0,0.0,0.0,1.4866228,0.0
2024-08-04 01:00:00,20.563002,0.0,0.0,0.0,0.0,1.8027756,0.0
2024-08-04 01:30:00,21.3880015,0.0,0.0,0.0,0.0,1.60849455,0.0
2024-08-04 02:00:00,22.213001,0.0,0.0,0.0,0.0,1.4142135,0.0
2024-08-04 02:30:00,22.5130015,0.0,0.0,0.0,0.0,1.5317279,0.0
2024-08-04 03:00:00,22.813002,0.0,0.0,0.0,0.0,1.6492423,0.0
2024-08-04 03:30:00,22.863001,0.0,0.0,0.0,0.0,1.6385622,0.0
2024-08-04 04:00:00,22.913,0.0,0.0,0.0,0.0,1.6278821,0.0
2024-08-04 04:30:00,23.138,0.0,0.0,0.0,0.0,1.70416575,0.0
2024-08-04 05:00:00,23.363,0.0,0.0,0.0,0.0,1.7804494,0.0
2024-08-04 05:30:00,23.513,0.0,0.0,0.0,0.0,1.73875285,0.0
2024-08-04 06:00:00,23.663,0.0,0.0,0.0,0.0,1.6970563,0.0
2024-08-04 06:30:00,23.763,0.0,0.0,13.711655,7.330873499999999,1.55031155,2.154
2024-08-04 07:00:00,23.863,14.367009821243311,0.0,27.42331,14.661747,1.4035668,24.645000000000003
2024-08-04 07:30:00,24.2880005,78.87145537441111,0.09661806939502239,359.773205,44.621333500000006,1.194226275,69.71
2024-08-04 08:00:00,24.713001,223.93109827950437,0.21683481208219274,692.1231,74.58092,0.98488575,145.816
2024-08-04 08:30:00,26.588001,339.5698776268248,0.33466211820736286,761.8432250000001,84.84085,1.124898375,240.611
2024-08-04 09:00:00,28.463001,467.97427411028116,0.4480829628322946,831.56335,95.10078,1.264911,341.549
2024-08-04 09:30:00,30.1380015,580.8845711537754,0.5551555537298688,863.935875,100.397565,1.5338433,435.756
2024-08-04 10:00:00,31.813002,693.3940863448775,0.6540465833437543,896.3084,105.69435,1.8027756,524.4110000000001
2024-08-04 10:30:00,33.1379995,786.3243854150737,0.7430626261185934,909.4043,108.56327,2.4196105,607.26
2024-08-04 11:00:00,34.462997,871.0700946892925,0.8206791264487509,922.5002,111.43219,3.0364454,670.5450000000001
2024-08-04 11:30:00,35.1879985,934.2962237697959,0.8855665202837474,923.95055,113.12441,3.5737032,726.512
2024-08-04 12:00:00,35.913,984.9021928008058,0.936613016716558,925.4009,114.81663,4.110961,729.9359999999999
2024-08-04 12:30:00,36.238,1014.059514005691,0.972943641289351,920.25815,115.141458,4.386253,729.8140000000001
2024-08-04 13:00:00,36.563,1028.806178081642,0.9939352403251563,915.1154,115.466286,4.661545,729.5010000000001
2024-08-04 13:30:00,36.713,1022.1957905220972,0.9992271682531988,904.26107,114.8445205,4.70195375,729.54
2024-08-04 14:00:00,36.863,1001.3621835789486,0.9887274773274708,893.40674,114.222755,4.7423625,729.571
2024-08-04 14:30:00,36.813,952.675632840751,0.9626145117549543,867.5666699999999,114.0165325,4.610042549999999,729.588
2024-08-04 15:00:00,36.763,892.57156435447,0.9213338664813494,841.7266,113.81031,4.4777226,729.655
2024-08-04 15:30:00,36.588,818.3502921459005,0.8655907756840422,813.8806,110.98312,3.5116535,683.333
2024-08-04 16:00:00,36.413,736.6144242811189,0.7963380507448081,786.0346,108.15593,2.5455844,615.582
2024-08-04 16:30:00,35.9379985,638.181859036855,0.7147597724249626,743.91505,104.470463,2.4654782,542.21
2024-08-04 17:00:00,35.462997,538.9504296317893,0.6222510380021423,701.7955,100.784996,2.385372,451.1039999999999
2024-08-04 17:30:00,34.712997,430.8637635294714,0.5203940824105531,653.863175,89.5003355,2.6504239,359.41
2024-08-04 18:00:00,33.962997,327.9329077863483,0.41093119119337485,605.93085,78.215675,2.9154758,255.459
2024-08-04 18:30:00,32.8879995,219.543476985387,0.2957348954648287,519.131655,65.6791125,2.897356,160.668
2024-08-04 19:00:00,31.813002,129.5252082631293,0.17677591813301863,432.33246,53.14255,2.8792362,84.529
2024-08-04 19:30:00,30.488001,48.508686911869965,0.0560894382208042,271.19159,33.4009805,2.897356,37.06
2024-08-04 20:00:00,29.163,13.49616524920385,0.0,110.05072,13.659411,2.9154758,11.18
2024-08-04 20:30:00,27.588,0.0,0.0,55.02535999999999,6.829705499999999,2.62499975,0.04
2024-08-04 21:00:00,26.013,0.0,0.0,0.0,0.0,2.3345237,0.0
2024-08-04 21:30:00,25.213,0.0,0.0,0.0,0.0,2.12903105,0.0
2024-08-04 22:00:00,24.413,0.0,0.0,0.0,0.0,1.9235384,0.0
2024-08-04 22:30:00,24.1880005,0.0,0.0,0.0,0.0,1.767995,0.0
2024-08-04 23:00:00,23.963001,0.0,0.0,0.0,0.0,1.6124516,0.0
2024-08-04 23:30:00,23.838001,0.0,0.0,0.0,0.0,1.473309,0.0
2024-08-05 00:00:00,23.713001,0.0,0.0,0.0,0.0,1.3341664,0.0
2024-08-05 00:30:00,23.5630005,0.0,0.0,0.0,0.0,1.28554905,0.0
2024-08-05 01:00:00,23.413,0.0,0.0,0.0,0.0,1.2369317,0.0
2024-08-05 01:30:00,23.138,0.0,0.0,0.0,0.0,1.22879365,0.0
2024-08-05 02:00:00,22.863,0.0,0.0,0.0,0.0,1.2206556,0.0
2024-08-05 02:30:00,22.938,0.0,0.0,0.0,0.0,1.26032785,0.0
2024-08-05 03:00:00,23.013,0.0,0.0,0.0,0.0,1.3000001,0.0
2024-08-05 03:30:00,22.563,0.0,0.0,0.0,0.0,1.18150735,0.0
2024-08-05 04:00:00,22.113,0.0,0.0,0.0,0.0,1.0630146,0.0
2024-08-05 04:30:00,22.263,0.0,0.0,0.0,0.0,1.21158085,0.0
2024-08-05 05:00:00,22.413,0.0,0.0,0.0,0.0,1.3601471,0.0
2024-08-05 05:30:00,22.588,0.0,0.0,0.0,0.0,1.38007355,0.0
2024-08-05 06:00:00,22.763,0.0,0.0,0.0,0.0,1.4,0.0
2024-08-05 06:30:00,22.9880005,0.0,0.0,13.735598499999998,6.1476905,1.5631338499999998,1.385
2024-08-05 07:00:00,23.213001,12.054392780506292,0.0,27.471197,12.295381,1.7262677,22.815
2024-08-05 07:30:00,24.0380005,74.51159448048365,0.09586864219066549,335.6831485,42.83901049999999,1.77554815,64.888
2024-08-05 08:00:00,24.863,211.851131044549,0.21625465106048028,643.8951,73.38264,1.8248286,135.043
2024-08-05 08:30:00,26.238,324.34621469914424,0.3342409485970439,719.125775,84.302505,2.03602445,226.47000000000003
2024-08-05 09:00:00,27.613,451.0830222136194,0.4478077519015495,794.35645,95.22237,2.2472203,322.196
2024-08-05 09:30:00,28.938,562.3212330818949,0.555010734604109,830.788275,100.486765,2.83241095,417.024
2024-08-05 10:00:00,30.263,674.259964772314,0.6540143227256947,867.2201,105.75116,3.4176016,508.36
2024-08-05 10:30:00,31.163000000000004,766.2089521950224,0.7431231313038019,880.969885,109.69877,3.88193205,583.799
2024-08-05 11:00:00,32.063,850.3898417493788,0.8208109863362445,894.71967,113.64638,4.3462625,652.584
2024-08-05 11:30:00,32.663,913.9213516644918,0.8857470745034934,899.126285,114.764665,4.61546625,707.33
2024-08-05 12:00:00,33.263,965.4982021699925,0.9368187465659938,903.5329,115.88295,4.88467,729.711
2024-08-05 12:30:00,33.688,967.0078269730152,0.973150575632859,854.20635,133.04669,4.6811963,729.593
2024-08-05 13:00:00,34.113,952.5678075304947,0.9941193695242525,804.8798,150.21043,4.4777226,729.593
2024-08-05 13:30:00,34.438,921.2307928981265,0.9993648589310145,745.9711,174.42221,4.0969517,729.619
2024-08-05 14:00:00,34.763,878.4102423335668,0.9887958808184371,687.0624,198.63399,3.7161808,729.813
2024-08-05 14:30:00,34.4879985,833.052874711906,0.9625919591489038,673.50365,184.177945,3.78227855,729.741
2024-08-05 15:00:00,34.212997,778.3829847116554,0.9212002434310137,659.9449,169.7219,3.8483763,723.559
2024-08-05 15:30:00,33.7379985,725.036279111383,0.8653278705140508,644.98243,166.41815,4.250128650000001,671.1489999999999
2024-08-05 16:00:00,33.263,664.8401354172804,0.7959298697724903,630.01996,163.1144,4.651881,603.575
2024-08-05 16:30:00,32.438,558.7344003628634,0.7141928170833443,569.673295,151.975995,4.81290665,524.3969999999999
2024-08-05 17:00:00,31.613,456.921124893493,0.6215145389405207,509.32663,140.83759,4.9739323,436.764
2024-08-05 17:30:00,31.188,375.0481537857343,0.5194801865260691,494.288695,118.61979,4.88331765,343.178
2024-08-05 18:00:00,30.763,292.59650368685317,0.4098350983250458,479.25076,96.40199,4.792703,244.404
2024-08-05 18:30:00,29.8630005,203.68495772033333,0.29445494236693204,436.383345,75.39105649999999,4.76753275,164.469
2024-08-05 19:00:00,28.963001,123.18542632321106,0.1753136083364468,393.51593,54.380123,4.7423625,84.105
2024-08-05 19:30:00,27.6380015,46.71821661554745,0.05444941715302282,244.7430725,33.5642825,4.18294845,35.306
2024-08-05 20:00:00,26.313002,12.587469234326429,0.0,95.970215,12.748442,3.6235344,10.898
2024-08-05 20:30:00,25.463001,0.0,0.0,47.9851075,6.374221,3.2652113,0.0
2024-08-05 21:00:00,24.613,0.0,0.0,0.0,0.0,2.9068882,0.0
2024-08-05 21:30:00,24.1630005,0.0,0.0,0.0,0.0,2.7620693000000003,0.0
2024-08-05 22:00:00,23.713001,0.0,0.0,0.0,0.0,2.6172504,0.0
2024-08-05 22:30:00,23.4130005,0.0,0.0,0.0,0.0,2.47588705,0.0
2024-08-05 23:00:00,23.113,0.0,0.0,0.0,0.0,2.3345237,0.0
2024-08-05 23:30:00,22.988,0.0,0.0,0.0,0.0,2.222013,0.0
2024-08-06 00:00:00,22.863,0.0,0.0,0.0,0.0,2.1095023,0.0
2024-08-06 00:30:00,22.738,0.0,0.0,0.0,0.0,2.0409053,0.0
2024-08-06 01:00:00,22.613,0.0,0.0,0.0,0.0,1.9723083,0.0
2024-08-06 01:30:00,22.463001,0.0,0.0,0.0,0.0,1.85936665,0.0
2024-08-06 02:00:00,22.313002,0.0,0.0,0.0,0.0,1.746425,0.0
2024-08-06 02:30:00,22.113001,0.0,0.0,0.0,0.0,1.61145365,0.0
2024-08-06 03:00:00,21.913,0.0,0.0,0.0,0.0,1.4764823,0.0
2024-08-06 03:30:00,21.763,0.0,0.0,0.0,0.0,1.356707,0.0
2024-08-06 04:00:00,21.613,0.0,0.0,0.0,0.0,1.2369317,0.0
2024-08-06 04:30:00,21.588001,0.0,0.0,0.0,0.0,1.33435685,0.0
2024-08-06 05:00:00,21.563002,0.0,0.0,0.0,0.0,1.431782,0.0
2024-08-06 05:30:00,21.463001,0.0,0.0,0.0,0.0,1.565891,0.0
2024-08-06 06:00:00,21.363,0.0,0.0,0.0,0.0,1.7,0.0
2024-08-06 06:30:00,21.4130005,0.0,0.0,13.749983,6.189515,1.67764725,0.7599999999999999
2024-08-06 07:00:00,21.463001,12.136402279171822,0.0,27.499966,12.37903,1.6552945,20.911
2024-08-06 07:30:00,22.6380015,74.68259848298082,0.09513947006995531,345.712183,42.2797325,1.78941645,64.375
2024-08-06 08:00:00,23.813002,214.65182239205404,0.21569440056723183,663.9244,72.180435,1.9235384,134.662
2024-08-06 08:30:00,25.288001,328.29333217146365,0.33383862841682793,733.3516,83.763275,2.2147657,231.329
2024-08-06 09:00:00,26.763,454.78078867059946,0.44754963113417995,802.7788,95.346115,2.505993,332.53599999999994
2024-08-06 09:30:00,27.938,566.6400733137214,0.5548805787182869,837.5732700000001,101.1523625,3.42612775,433.063
2024-08-06 10:00:00,29.113,678.7994145564156,0.6539936728178058,872.36774,106.95861,4.3462625,526.126
2024-08-06 10:30:00,29.688,771.2837471838086,0.7431916219663092,886.87922,110.317105,4.865713599999999,610.131
2024-08-06 11:00:00,30.263,856.0423676261776,0.8209466965707961,901.3907,113.6756,5.3851647,676.08
2024-08-06 11:30:00,30.588,918.3300312853886,0.8859269057380467,903.3008,115.312417,5.7009041,727.697
2024-08-06 12:00:00,30.913,968.2940974438349,0.9370188211432295,905.2109,116.949234,6.0166435,729.487
2024-08-06 12:30:00,31.138,976.1568867871939,0.9733466489629111,862.3368350000001,134.091547,6.0166435,729.7629999999999
2024-08-06 13:00:00,31.363,968.2953723217472,0.9942872487498827,819.46277,151.23386,6.0166435,729.514
2024-08-06 13:30:00,31.613,966.9672822154766,0.9994808208897948,817.358985,147.616165,5.96297905,729.53
2024-08-06 14:00:00,31.863,952.7058896568038,0.9888370820452771,815.2552,143.99847,5.9093146,729.441
2024-08-06 14:30:00,31.913,910.5494865404628,0.9625368308450604,795.6137,142.38261,5.9063518,729.578
2024-08-06 15:00:00,31.963,857.6254720569693,0.9210288645552434,775.9722,140.76675,5.903389,728.944
2024-08-06 15:30:00,31.938,775.9753811076048,0.8650223125267328,736.6351999999999,137.005195,5.5464005,682.441
2024-08-06 16:00:00,31.913,689.2892580025473,0.7954745070861466,697.2982,133.24364,5.189412,608.932
2024-08-06 16:30:00,31.513,590.7971024593958,0.7135745978008532,639.33425,133.87958,5.054380849999999,532.349
2024-08-06 17:00:00,31.113,495.43256777678675,0.620723211233194,581.3703,134.51552,4.9193497,446.699
2024-08-06 17:30:00,30.463001,403.8856266867641,0.5185084767023562,566.43985,110.00184,4.9193497,350.519
2024-08-06 18:00:00,29.813002,311.191218035954,0.4086788374624794,551.5094,85.48816,4.9193497,253.198
2024-08-06 18:30:00,29.038001,210.9990308094625,0.2931131394097812,482.502215,69.47398,4.68059805,162.41899999999998
2024-08-06 19:00:00,28.263,125.20225390692093,0.1737884682772773,413.49503,53.4598,4.4418464,81.891
2024-08-06 19:30:00,27.2380005,45.8643293518046,0.052746304042710676,253.139643,32.6432655,4.03888905,32.415
2024-08-06 20:00:00,26.213001,11.68271155077262,0.0,92.784256,11.826731,3.6359317,9.252
2024-08-06 20:30:00,25.338001,0.0,0.0,46.392128,5.9133655,3.3187988500000003,0.062
2024-08-06 21:00:00,24.463001,0.0,0.0,0.0,0.0,3.001666,0.0
2024-08-06 21:30:00,24.0130015,0.0,0.0,0.0,0.0,2.77852615,0.0
2024-08-06 22:00:00,23.563002,0.0,0.0,0.0,0.0,2.5553863,0.0
2024-08-06 22:30:00,23.2630015,0.0,0.0,0.0,0.0,2.15233595,0.0
2024-08-06 23:00:00,22.963001,0.0,0.0,0.0,0.0,1.7492856,0.0
2024-08-06 23:30:00,22.713001,0.0,0.0,0.0,0.0,1.569265,0.0
2024-08-07 00:00:00,22.463001,0.0,0.0,0.0,0.0,1.3892444,0.0
2024-08-07 00:30:00,22.2880005,0.0,0.0,0.0,0.0,1.58904945,0.0
2024-08-07 01:00:00,22.113,0.0,0.0,0.0,0.0,1.7888545,0.0
2024-08-07 01:30:00,22.013,0.0,0.0,0.0,0.0,1.92520365,0.0
2024-08-07 02:00:00,21.913,0.0,0.0,0.0,0.0,2.0615528,0.0
2024-08-07 02:30:00,21.838,0.0,0.0,0.0,0.0,2.0431992,0.0
2024-08-07 03:00:00,21.763,0.0,0.0,0.0,0.0,2.0248456,0.0
2024-08-07 03:30:00,21.538001,0.0,0.0,0.0,0.0,1.82636385,0.0
2024-08-07 04:00:00,21.313002,0.0,0.0,0.0,0.0,1.6278821,0.0
2024-08-07 04:30:00,21.063002,0.0,0.0,0.0,0.0,1.4940145500000002,0.0
2024-08-07 05:00:00,20.813002,0.0,0.0,0.0,0.0,1.360147,0.0
2024-08-07 05:30:00,20.813002,0.0,0.0,0.0,0.0,1.45628225,0.0
2024-08-07 06:00:00,20.813002,0.0,0.0,0.0,0.0,1.5524175,0.0
2024-08-07 06:30:00,21.063002,0.0,0.0,13.746254,4.9878675,1.74186915,0.975
2024-08-07 07:00:00,21.313002,9.787731735735699,0.0,27.492508,9.975735,1.9313208,18.033
2024-08-07 07:30:00,22.688002,74.0089595067657,0.09443094256690024,351.664204,41.2635575,2.2005692,64.721
2024-08-07 08:00:00,24.063002,217.22318547192876,0.21515424483317683,675.8359,72.55138,2.4698176,138.398
2024-08-07 08:30:00,25.6380015,331.678940627911,0.33345513900765067,743.594525,84.01160999999999,2.8231468,232.709
2024-08-07 09:00:00,27.213001,458.5578942540881,0.44730838497755315,811.35315,95.47184,3.176476,331.884
2024-08-07 09:30:00,28.338001,570.4706234412876,0.5547646830072044,844.46985,101.2444725,4.007432,431.868
2024-08-07 10:00:00,29.463001,682.2719337156336,0.6539840557070741,877.58655,107.017105,4.838388,521.981
2024-08-07 10:30:00,30.1380015,774.1933696250175,0.7432673610270073,891.3510249999999,109.8143225,5.342377,607.172
2024-08-07 11:00:00,30.813002,858.1952722658278,0.8210853794122226,905.1155,112.61154,5.846366,677.8109999999999
2024-08-07 11:30:00,31.313002,922.0999259586422,0.886105016488892,908.51103,114.2598525,5.8702152000000005,727.477
2024-08-07 12:00:00,31.813002,973.7592251802803,0.9372121462054408,911.90656,115.908165,5.8940644,729.571
2024-08-07 12:30:00,32.063001,1003.0032006793359,0.9735306949738101,907.40305,116.1999475,6.1093099,729.7030000000001
2024-08-07 13:00:00,32.313,1018.004947457617,0.9944376655884823,902.89954,116.49173,6.3245554,729.7360000000001
2024-08-07 13:30:00,32.463,1011.4672379627252,0.9995738223496028,892.355105,115.840477,6.5148887,729.712
2024-08-07 14:00:00,32.613,990.8355877730813,0.9888498569458177,881.81067,115.189224,6.705222,729.655
2024-08-07 14:30:00,32.613,945.794342296791,0.9624479374539555,860.194585,114.469127,6.966473000000001,729.536
2024-08-07 15:00:00,32.613,889.1251250109357,0.9208186014693457,838.5785,113.74903,7.227724,729.746
2024-08-07 15:30:00,32.488,816.6791657134968,0.8646730596351845,812.95328,110.89882,7.109931,685.402
2024-08-07 16:00:00,32.363,736.4372874287956,0.7949710306737874,787.32806,108.04861,6.992138,617.178
2024-08-07 16:30:00,31.938001,635.0413981233135,0.7129043144992251,746.55628,100.76331,6.96485835,540.1980000000001
2024-08-07 17:00:00,31.513002,532.601281586135,0.6198764063091401,705.7845,93.47801,6.9375787,448.669
2024-08-07 17:30:00,30.913002,423.40165122992136,0.5174784727876636,651.178,85.281585,6.695630100000001,353.976
2024-08-07 18:00:00,30.313002,320.84026914953847,0.4074621109003493,596.5715,77.08516,6.4536815,252.841
2024-08-07 18:30:00,29.713001,213.79265387747455,0.2917093821479015,512.06186,64.1007235,6.00397975,155.962
2024-08-07 19:00:00,29.113,124.70357005767636,0.17220059426539389,427.55222,51.116287,5.554278,79.305
2024-08-07 19:30:00,28.313,44.14697198912167,0.05098039990748266,256.6911225,31.14864625,4.80321915,32.054
2024-08-07 20:00:00,27.513,11.042688128554158,0.0,85.830025,11.1810055,4.0521603,8.967
2024-08-07 20:30:00,26.763,0.0,0.0,42.9150125,5.59050275,3.44822645,0.0
2024-08-07 21:00:00,26.013,0.0,0.0,0.0,0.0,2.8442926,0.0
2024-08-07 21:30:00,25.663001,0.0,0.0,0.0,0.0,2.8221463,0.0
2024-08-07 22:00:00,25.313002,0.0,0.0,0.0,0.0,2.8,0.0
2024-08-07 22:30:00,25.088001,0.0,0.0,0.0,0.0,2.80356685,0.0
2024-08-07 23:00:00,24.863,0.0,0.0,0.0,0.0,2.8071337,0.0
2024-08-07 23:30:00,24.513,0.0,0.0,0.0,0.0,2.704528,0.0
2024-08-08 00:00:00,24.163,0.0,0.0,0.0,0.0,2.6019223,0.0
2024-08-08 00:30:00,23.763,0.0,0.0,0.0,0.0,2.45096115,0.0
2024-08-08 01:00:00,23.363,0.0,0.0,0.0,0.0,2.3,0.0
2024-08-08 01:30:00,23.1630005,0.0,0.0,0.0,0.0,2.40099955,0.0
2024-08-08 02:00:00,22.963001,0.0,0.0,0.0,0.0,2.5019991,0.0
2024-08-08 02:30:00,22.8880015,0.0,0.0,0.0,0.0,2.7044438,0.0
2024-08-08 03:00:00,22.813002,0.0,0.0,0.0,0.0,2.9068885,0.0
2024-08-08 03:30:00,22.913001,0.0,0.0,0.0,0.0,2.90946615,0.0
2024-08-08 04:00:00,23.013,0.0,0.0,0.0,0.0,2.9120438,0.0
2024-08-08 04:30:00,22.763,0.0,0.0,0.0,0.0,2.7307768,0.0
2024-08-08 05:00:00,22.513,0.0,0.0,0.0,0.0,2.5495098,0.0
2024-08-08 05:30:00,22.313,0.0,0.0,0.0,0.0,2.72561685,0.0
2024-08-08 06:00:00,22.113,0.0,0.0,0.0,0.0,2.9017239,0.0
2024-08-08 06:30:00,22.363,0.0,0.0,6.84267425,6.28490925,3.2515562,0.938
2024-08-08 07:00:00,22.613,12.304500014666184,0.0,13.6853485,12.5698185,3.6013885,15.967
2024-08-08 07:30:00,23.7880005,73.37839171732941,0.09374337245330261,332.32627425,42.75209425,3.66147365,63.648
2024-08-08 08:00:00,24.963001,211.8653962640713,0.2146342922502869,650.9672,72.93437,3.7215588,139.406
2024-08-08 08:30:00,25.9380005,326.7694974947577,0.33309038825240495,727.19165,84.895965,4.56263075,238.722
2024-08-08 09:00:00,26.913,456.14665014458075,0.44708372813763586,803.4161,96.85756,5.4037027,340.366
2024-08-08 09:30:00,27.663,569.1977090620916,0.5546625797146362,840.0883,102.542477,5.811915600000001,449.245
2024-08-08 10:00:00,28.413,682.900016833886,0.6539848350292357,876.7605,108.227394,6.2201285,541.665
2024-08-08 10:30:00,29.088,778.1963590007149,0.7433495603621157,895.0910650000001,110.980787,6.6104214,630.532
2024-08-08 11:00:00,29.763,866.2753688406541,0.8212261144112342,913.42163,113.73418,7.0007143,697.7629999999999
2024-08-08 11:30:00,30.188,932.8594954703534,0.8862803757543738,919.781165,114.827285,7.25568665,729.7869999999999
2024-08-08 12:00:00,30.613,987.3633980921575,0.937397603867339,926.1407,115.92039,7.510659,729.7600000000001
2024-08-08 12:30:00,30.838001,1018.4624385805321,0.973701534112339,922.5089,116.717165,7.7208055,729.841
2024-08-08 13:00:00,31.063002,1035.1139404609135,0.9945694050842704,918.8771,117.51394,7.930952,729.677
2024-08-08 13:30:00,31.088001,1028.2654937502716,0.9996426398458866,908.982615,115.85003,8.130209,729.722
2024-08-08 14:00:00,31.113,1007.0365494504782,0.9888330005908579,899.08813,114.18612,8.329466,729.674
2024-08-08 14:30:00,30.888,964.7451877952326,0.9623241192960805,882.814085,111.54699,8.433515,729.759
2024-08-08 15:00:00,30.663,910.1046142476205,0.9205683656853416,866.54004,108.90786,8.537564,729.6859999999999
2024-08-08 15:30:00,30.388,836.8921242011933,0.8642791192393349,842.94237,105.200075,8.3384875,716.268
2024-08-08 16:00:00,30.113,755.2166466825895,0.79441856685025,819.3447,101.49229,8.139411,646.875
2024-08-08 16:30:00,29.7880005,655.8035395667847,0.7121812333936248,782.56825,96.119955,8.051225200000001,564.211
2024-08-08 17:00:00,29.463001,554.2576288865249,0.6189735487901291,745.7918,90.74762,7.9630394,473.203
2024-08-08 17:30:00,28.9880005,440.3280369638025,0.516389773606274,690.0360499999999,82.62138999999999,7.747817700000001,372.47
2024-08-08 18:00:00,28.513,333.00367903058896,0.4061847044031885,634.2803,74.49516,7.532596,267.007
2024-08-08 18:30:00,27.788001,220.5405242449012,0.29024365281535724,541.11102,63.0523685,7.079906149999999,163.78299999999996
2024-08-08 19:00:00,27.063002,128.0007879521282,0.1705501710457631,447.94174,51.609577,6.6272163,78.632
2024-08-08 19:30:00,26.313002,43.90754643707227,0.04915209457556604,265.60624199999995,30.914919,5.87583365,28.697
2024-08-08 20:00:00,25.563002,10.100639044263707,0.0,83.270744,10.220261,5.124451,7.987999999999999
2024-08-08 20:30:00,25.063002,0.0,0.0,41.635372,5.1101305,4.3959375,0.0
2024-08-08 21:00:00,24.563002,0.0,0.0,0.0,0.0,3.667424,0.0
2024-08-08 21:30:00,24.338001,0.0,0.0,0.0,0.0,3.5951035,0.0
2024-08-08 22:00:00,24.113,0.0,0.0,0.0,0.0,3.522783,0.0
2024-08-08 22:30:00,23.863,0.0,0.0,0.0,0.0,3.414419,0.0
2024-08-08 23:00:00,23.613,0.0,0.0,0.0,0.0,3.306055,0.0
2024-08-08 23:30:00,23.388,0.0,0.0,0.0,0.0,3.3030275,0.0
2024-08-09 00:00:00,23.163,0.0,0.0,0.0,0.0,3.3,0.0
2024-08-09 00:30:00,22.963,0.0,0.0,0.0,0.0,3.35,0.0
2024-08-09 01:00:00,22.763,0.0,0.0,0.0,0.0,3.4,0.0
2024-08-09 01:30:00,22.588,0.0,0.0,0.0,0.0,3.4029387,0.0
2024-08-09 02:00:00,22.413,0.0,0.0,0.0,0.0,3.4058774,0.0
2024-08-09 02:30:00,22.0630005,0.0,0.0,0.0,0.0,3.28170395,0.0
2024-08-09 03:00:00,21.713001,0.0,0.0,0.0,0.0,3.1575305,0.0
2024-08-09 03:30:00,21.3630005,0.0,0.0,0.0,0.0,2.72985175,0.0
2024-08-09 04:00:00,21.013,0.0,0.0,0.0,0.0,2.302173,0.0
2024-08-09 04:30:00,20.913001,0.0,0.0,0.0,0.0,2.3880182,0.0
2024-08-09 05:00:00,20.813002,0.0,0.0,0.0,0.0,2.4738634,0.0
2024-08-09 05:30:00,20.713001,0.0,0.0,0.0,0.0,2.53500715,0.0
2024-08-09 06:00:00,20.613,0.0,0.0,0.0,0.0,2.5961509,0.0
2024-08-09 06:30:00,20.5380005,0.0,0.0,6.879681,5.0713925,2.56298645,0.7370000000000001
2024-08-09 07:00:00,20.463001,9.932518354549707,0.0,13.759362,10.142785,2.529822,12.564
2024-08-09 07:30:00,21.9380005,73.16205929216103,0.0930769985028712,342.893416,41.73625249999999,2.68000825,60.723
2024-08-09 08:00:00,23.413,216.46493924494501,0.21413457838341854,672.02747,73.32972,2.8301945,138.821
2024-08-09 08:30:00,24.963,333.3959438152832,0.33274421371576185,748.8200850000001,84.529485,3.35996235,239.29800000000003
2024-08-09 09:00:00,26.513,464.8460968293667,0.4468753088330761,825.6127,95.72925,3.8897302,344.347
2024-08-09 09:30:00,27.313,578.5725721293004,0.5545737396444492,859.99685,100.856365,4.4358488000000005,445.378
2024-08-09 10:00:00,28.113,692.3026269771291,0.6539953192574285,894.381,105.98348,4.9819674,543.316
2024-08-09 10:30:00,28.6630005,785.1732572315743,0.7434373839601782,905.0636,110.420375,5.13862395,625.5
2024-08-09 11:00:00,29.213001,869.413216117771,0.8213679414690834,915.7462,114.85727,5.2952805,698.634
2024-08-09 11:30:00,30.0130015,933.7020201356476,0.8864519218697662,919.36367,115.92181,5.21863225,729.685
2024-08-09 12:00:00,30.813002,985.5751813677414,0.937574055250538,922.98114,116.98635,5.141984,729.7159999999999
2024-08-09 12:30:00,31.388001000000003,1014.5329011913367,0.9738579759376285,917.834505,117.250105,4.851343,729.533
2024-08-09 13:00:00,31.963,1029.0063978291348,0.9946812518004304,912.68787,117.51386,4.560702,729.6690000000001
2024-08-09 13:30:00,32.013000000000005,1020.5884282725577,0.9996860599477739,900.852035,116.341055,4.6995450000000005,729.635
2024-08-09 14:00:00,32.063,997.9117042007633,0.9887853285241398,889.0162,115.16825,4.838388,729.626
2024-08-09 14:30:00,31.863,954.7565068556611,0.9621642473623045,871.69508,112.50879,5.24983,729.86
2024-08-09 15:00:00,31.663,899.4806017770844,0.920277109149594,854.37396,109.84933,5.661272,729.637
2024-08-09 15:30:00,31.113001,824.0717966159117,0.8638395483422389,827.6217300000001,106.117515,5.604171750000001,704.737
2024-08-09 16:00:00,30.563002,740.8022898656359,0.793816299974279,800.8695,102.3857,5.5470715,635.127
2024-08-09 16:30:00,29.963001,641.4835339111225,0.7114046862403582,762.8986,96.535885,5.689011600000001,558.5260000000001
2024-08-09 17:00:00,29.363,540.4643285913124,0.6180141353611807,724.9277,90.68607,5.8309517,468.372
2024-08-09 17:30:00,28.688,428.5713587886475,0.5152420554060724,668.35115,82.95043,5.889530349999999,370.642
2024-08-09 18:00:00,28.013,323.64351081068895,0.4048464853360393,611.7746,75.21479,5.948109,264.67
2024-08-09 18:30:00,27.263,213.63954777778773,0.2887160180598875,519.52449,63.299381,5.77137465,161.86100000000002
2024-08-09 19:00:00,26.513,123.46022232405303,0.1688374693237936,427.27438,51.383972,5.5946403,77.449
2024-08-09 19:30:00,25.688,42.047560747308644,0.04726186400339794,250.077532,30.31585,4.91922965,28.047
2024-08-09 20:00:00,24.863,9.13656358127838,0.0,72.880684,9.247728,4.243819,7.828
2024-08-09 20:30:00,24.013,0.0,0.0,36.440342,4.623864,3.77266695,0.025
2024-08-09 21:00:00,23.163,0.0,0.0,0.0,0.0,3.3015149,0.0
2024-08-09 21:30:00,22.6880005,0.0,0.0,0.0,0.0,3.19510195,0.0
2024-08-09 22:00:00,22.213001,0.0,0.0,0.0,0.0,3.088689,0.0
2024-08-09 22:30:00,22.0630005,0.0,0.0,0.0,0.0,3.2684385,0.0
2024-08-09 23:00:00,21.913,0.0,0.0,0.0,0.0,3.448188,0.0
2024-08-09 23:30:00,22.0630005,0.0,0.0,0.0,0.0,3.401145,0.0
2024-08-10 00:00:00,22.213001,0.0,0.0,0.0,0.0,3.354102,0.0
2024-08-10 00:30:00,22.338001,0.0,0.0,0.0,0.0,3.48950785,0.0
2024-08-10 01:00:00,22.463001,0.0,0.0,0.0,0.0,3.6249137,0.0
2024-08-10 01:30:00,22.4880005,0.0,0.0,0.0,0.0,3.6249137,0.0
2024-08-10 02:00:00,22.513,0.0,0.0,0.0,0.0,3.6249137,0.0
2024-08-10 02:30:00,22.438,0.0,0.0,0.0,0.0,3.67054725,0.0
2024-08-10 03:00:00,22.363,0.0,0.0,0.0,0.0,3.7161808,0.0
2024-08-10 03:30:00,22.063,0.0,0.0,0.0,0.0,3.5668912,0.0
2024-08-10 04:00:00,21.763,0.0,0.0,0.0,0.0,3.4176016,0.0
2024-08-10 04:30:00,21.663001,0.0,0.0,0.0,0.0,3.5425129,0.0
2024-08-10 05:00:00,21.563002,0.0,0.0,0.0,0.0,3.6674242,0.0
2024-08-10 05:30:00,21.588001,0.0,0.0,0.0,0.0,3.8461733,0.0
2024-08-10 06:00:00,21.613,0.0,0.0,0.0,0.0,4.0249224,0.0
2024-08-10 06:30:00,21.838001,0.0,0.0,6.872778,5.11940575,4.231695200000001,0.597
2024-08-10 07:00:00,22.063002,10.026554160730807,0.0,13.745556,10.2388115,4.438468,12.99
2024-08-10 07:30:00,23.3880015,72.04578175060712,0.09243198877919641,330.71452800000003,41.98812275,4.50396585,62.227
2024-08-10 08:00:00,24.713001,211.30866937707697,0.21365506936492906,647.6835,73.737434,4.5694637,138.815
2024-08-10 08:30:00,26.0380005,326.8931250241151,0.3324163861370593,729.3316199999999,84.79910699999999,5.45095985,237.062
2024-08-10 09:00:00,27.363,458.22551085711984,0.44668271231870793,810.97974,95.86078,6.332456,337.229
2024-08-10 09:30:00,27.888,570.8595681698839,0.5544975757643102,845.1382699999999,101.52806,7.022716,438.127
2024-08-10 10:00:00,28.413,683.5631017726877,0.6540147651994243,879.2968,107.19534,7.712976,530.979
2024-08-10 10:30:00,28.913,776.0519084642899,0.7435299513535759,893.3948,109.94691,7.837694,614.857
2024-08-10 11:00:00,29.413,860.5965077681604,0.8215098640856859,907.4928,112.69848,7.962412,682.528
2024-08-10 11:30:00,29.763,925.477143034474,0.8866185656225279,911.1649,114.848345,8.0114045,729.6890000000001
2024-08-10 12:00:00,30.113,978.0401941639508,0.9377403433000773,914.837,116.99821,8.060397,729.7120000000001
2024-08-10 12:30:00,30.463001,1007.6374490976503,0.9739988216387973,910.67655,117.2558075,8.025508,729.666
2024-08-10 13:00:00,30.813002,1022.8953198497666,0.9947719919844493,906.5161,117.513405,7.990619,729.843
2024-08-10 13:30:00,30.988001,1016.6737128354313,0.9997028810379075,896.9653000000001,116.3351425,7.91576875,729.831
2024-08-10 14:00:00,31.163,996.2230981947608,0.9887056781388548,887.4145,115.15688,7.8409185,729.785
2024-08-10 14:30:00,31.288,953.0326337261149,0.9619672242546894,870.123085,112.491525,7.636976450000001,729.655
2024-08-10 15:00:00,31.413,897.7313749544269,0.9199438247397163,852.83167,109.82617,7.4330344,729.5960000000001
2024-08-10 15:30:00,31.1880005,822.8004048685842,0.8633534536158671,827.195385,105.621255,7.28898145,694.56
2024-08-10 16:00:00,30.963001,739.8700770177811,0.793163472020708,801.5591,101.41634,7.1449285,623.607
2024-08-10 16:30:00,30.713001,641.3227100431345,0.7105740695130927,764.2825,96.019485,6.99043155,542.338
2024-08-10 17:00:00,30.463001,540.9450818240546,0.6169977334916448,727.0059,90.62263,6.8359346,452.588
2024-08-10 17:30:00,30.0380005,428.40464376194046,0.5140350702130273,670.55345,82.45018999999999,6.82714605,352.357
2024-08-10 18:00:00,29.613,322.80667086937956,0.4034474005728295,614.101,74.27775,6.8183575,252.006
2024-08-10 18:30:00,28.938,211.9138981608872,0.28712662657968413,519.61036,62.363245,6.65956325,154.72099999999998
2024-08-10 19:00:00,28.263,121.41234704649233,0.16706284305097116,425.11972,50.44874,6.500769,75.802
2024-08-10 19:30:00,27.413001,40.32971084520415,0.04531026730756742,243.958665,29.355974,5.9173115,29.133000000000003
2024-08-10 20:00:00,26.563002,8.161119057854172,0.0,62.79761,8.263208,5.333854,7.623000000000001
2024-08-10 20:30:00,26.0130015,0.0,0.0,31.398805,4.131604,5.059624,0.0
2024-08-10 21:00:00,25.463001,0.0,0.0,0.0,0.0,4.785394,0.0
2024-08-10 21:30:00,25.2880005,0.0,0.0,0.0,0.0,4.83452,0.0
2024-08-10 22:00:00,25.113,0.0,0.0,0.0,0.0,4.883646,0.0
2024-08-10 22:30:00,24.963001,0.0,0.0,0.0,0.0,4.942323,0.0
2024-08-10 23:00:00,24.813002,0.0,0.0,0.0,0.0,5.001,0.0
2024-08-10 23:30:00,24.713001,0.0,0.0,0.0,0.0,4.877473,0.0
2024-08-11 00:00:00,24.613,0.0,0.0,0.0,0.0,4.753946,0.0
2024-08-11 00:30:00,24.488,0.0,0.0,0.0,0.0,4.85083635,0.0
2024-08-11 01:00:00,24.363,0.0,0.0,0.0,0.0,4.9477267,0.0
2024-08-11 01:30:00,24.213001,0.0,0.0,0.0,0.0,4.96032665,0.0
2024-08-11 02:00:00,24.063002,0.0,0.0,0.0,0.0,4.9729266,0.0
2024-08-11 02:30:00,23.813002,0.0,0.0,0.0,0.0,4.9974393,0.0
2024-08-11 03:00:00,23.563002,0.0,0.0,0.0,0.0,5.021952,0.0
2024-08-11 03:30:00,23.563002,0.0,0.0,0.0,0.0,5.2151393,0.0
2024-08-11 04:00:00,23.563002,0.0,0.0,0.0,0.0,5.4083266,0.0
2024-08-11 04:30:00,23.488001,0.0,0.0,0.0,0.0,5.60286995,0.0
2024-08-11 05:00:00,23.413,0.0,0.0,0.0,0.0,5.7974133,0.0
2024-08-11 05:30:00,23.288,0.0,0.0,0.0,0.0,5.7363994,0.0
2024-08-11 06:00:00,23.163,0.0,0.0,0.0,0.0,5.6753855,0.0
2024-08-11 06:30:00,23.1880005,0.0,0.0,6.860906,3.8792295,5.8815391,0.408
2024-08-11 07:00:00,23.213001,7.60249489032334,0.0,13.721812,7.758459,6.0876927,11.799
2024-08-11 07:30:00,23.9380005,68.34363450050866,0.09180844242739937,295.518986,41.7644445,5.995540849999999,58.877
2024-08-11 08:00:00,24.663,197.90380052609623,0.21319566394983835,577.31616,75.77043,5.903389,132.822
2024-08-11 08:30:00,25.4380005,311.373401230778,0.3321066116590582,674.8378299999999,87.77687,6.89028575,229.373
2024-08-11 09:00:00,26.213001,444.5508300952962,0.4465054633250039,772.3595,99.78331,7.8771825,337.703
2024-08-11 09:30:00,26.7630015,560.0091528272801,0.5544334456771438,819.2751499999999,105.249415,8.08979575,442.6770000000001
2024-08-11 10:00:00,27.313002,678.3886160704908,0.6540423805639312,866.1908,110.71552,8.302409,548.747
2024-08-11 10:30:00,27.613001,773.8186458792878,0.743626340164507,887.2742000000001,112.268702,8.302409,508.455
2024-08-11 11:00:00,27.913,862.5260322969892,0.8216508519234167,908.3576,113.821884,8.302409,494.35
2024-08-11 11:30:00,28.238001,926.7915893592681,0.8867791926697802,911.288265,115.9429395,8.3192375,729.483
2024-08-11 12:00:00,28.563002,978.6286316159914,0.9378952951188878,914.21893,118.063995,8.336066,367.701
2024-08-11 12:30:00,28.663001,1009.2715394169844,0.974122866232106,911.199095,118.2991875,8.2552085,639.3539999999999
2024-08-11 13:00:00,28.763,1025.6097645632415,0.9948404155900261,908.17926,118.53438,8.174351,719.807
2024-08-11 13:30:00,28.713,1012.7344904367558,0.9996919151349934,890.65698,118.82491,8.174351,729.5020000000001
2024-08-11 14:00:00,28.663,985.7622587511814,0.9885929102592853,873.1347,119.11544,8.174351,729.1869999999999
2024-08-11 14:30:00,28.463,935.7160268135474,0.9617319855039831,838.8215,126.016935,8.295797499999999,729.472
2024-08-11 15:00:00,28.263,875.2013598646179,0.9195675473133031,804.5083,132.91843,8.417244,729.017
2024-08-11 15:30:00,28.088,794.7113079431545,0.8628199921157317,768.3277499999999,129.703325,8.219856499999999,729.711
2024-08-11 16:00:00,27.913,708.3608122482308,0.7924593830269927,732.1472,126.48822,8.022469,673.385
2024-08-11 16:30:00,27.638,624.4844953408856,0.7096888445292239,720.4005500000001,111.630145,7.976710499999999,549.1039999999999
2024-08-11 17:00:00,27.363,534.7615604123727,0.6159239812796161,708.6539,96.77207,7.930952,403.559
2024-08-11 17:30:00,26.7880005,423.1149596155301,0.512768645293277,650.84572,88.352075,7.8235843,398.307
2024-08-11 18:00:00,26.213001,318.87239768550126,0.4019874757138339,593.03754,79.93208,7.7162166,279.518
2024-08-11 18:30:00,25.6380015,207.79590065661174,0.2854757079917992,494.46449500000006,66.4648515,7.60944155,155.308
2024-08-11 19:00:00,25.063002,118.20971270407802,0.1652267280389078,395.89145,52.997623,7.5026665,77.738
2024-08-11 19:30:00,24.488001,39.807019817037215,0.04329794503007103,224.479058,30.235936,7.151701,31.823
2024-08-11 20:00:00,23.913,7.377212044703048,0.0,53.066666,7.474249,6.8007355,7.413
2024-08-11 20:30:00,23.663,0.0,0.0,26.533333,3.7371245,6.3007989,0.0
2024-08-11 21:00:00,23.413,0.0,0.0,0.0,0.0,5.8008623,0.0
2024-08-11 21:30:00,23.413,0.0,0.0,0.0,0.0,5.500431150000001,0.0
2024-08-11 22:00:00,23.413,0.0,0.0,0.0,0.0,5.2,0.0
2024-08-11 22:30:00,23.413,0.0,0.0,0.0,0.0,5.00468285,0.0
2024-08-11 23:00:00,23.413,0.0,0.0,0.0,0.0,4.8093657,0.0
2024-08-11 23:30:00,23.463,0.0,0.0,0.0,0.0,4.65967735,0.0
2024-08-12 00:00:00,23.513,0.0,0.0,0.0,0.0,4.509989,0.0
2024-08-12 00:30:00,23.588,0.0,0.0,0.0,0.0,4.50555,0.0
2024-08-12 01:00:00,23.663,0.0,0.0,0.0,0.0,4.501111,0.0
2024-08-12 01:30:00,23.6880005,0.0,0.0,0.0,0.0,4.602682,0.0
2024-08-12 02:00:00,23.713001,0.0,0.0,0.0,0.0,4.704253,0.0
2024-08-12 02:30:00,23.6630005,0.0,0.0,0.0,0.0,4.6521265,0.0
2024-08-12 03:00:00,23.613,0.0,0.0,0.0,0.0,4.6,0.0
2024-08-12 03:30:00,23.213001,0.0,0.0,0.0,0.0,4.250641,0.0
2024-08-12 04:00:00,22.813002,0.0,0.0,0.0,0.0,3.901282,0.0
2024-08-12 04:30:00,22.563002,0.0,0.0,0.0,0.0,3.5514221,0.0
2024-08-12 05:00:00,22.313002,0.0,0.0,0.0,0.0,3.2015622,0.0
2024-08-12 05:30:00,22.0130015,0.0,0.0,0.0,0.0,3.04300165,0.0
2024-08-12 06:00:00,21.713001,0.0,0.0,0.0,0.0,2.8844411,0.0
2024-08-12 06:30:00,21.5380005,0.0,0.0,6.844555999999999,3.923307,2.9288274000000003,0.016
2024-08-12 07:00:00,21.363,7.688877757985133,0.0,13.689112,7.846614,2.9732137,14.506
2024-08-12 07:30:00,22.5380005,68.29940927324894,0.09120638880896541,319.841476,39.597862,3.2193792,60.536
2024-08-12 08:00:00,23.713001,203.75083491759227,0.212756192878285,625.99384,71.34911,3.4655447,134.044
2024-08-12 08:30:00,25.1380015,319.63223868070736,0.3318145315372586,713.87415,83.106685,3.9938562,226.073
2024-08-12 09:00:00,26.563002,452.8075870491804,0.4463430259674727,801.75446,94.86426,4.5221677,326.674
2024-08-12 09:30:00,27.688002,566.1933989996013,0.5543806518370051,838.7699,100.51332,4.8773787,424.184
2024-08-12 10:00:00,28.813002,680.2724468383267,0.6540773243995004,875.78534,106.16238,5.2325897,515.834
2024-08-12 10:30:00,29.288001,773.396317691915,0.7437255868496576,890.996095,108.912,5.56798935,0.0
2024-08-12 11:00:00,29.763,858.749917057495,0.8217898417405932,906.20685,111.66162,5.903389,676.801
2024-08-12 11:30:00,30.438,921.3723413187987,0.8869326647316407,907.406005,113.814305,6.0637677,729.226
2024-08-12 12:00:00,31.113,971.396213127469,0.9380377233581968,908.60516,115.96699,6.2241464,729.6060000000001
2024-08-12 12:30:00,31.463001,999.8780311675403,0.9742289001175864,903.090755,116.73912,6.4474892,729.618
2024-08-12 13:00:00,31.813002,1014.017071421757,0.994885317996911,897.57635,117.51125,6.670832,729.801
2024-08-12 13:30:00,31.713001,1006.261169666678,0.9996519897345495,886.703305,116.321835,6.80852715,729.683
2024-08-12 14:00:00,31.613,984.4121933163468,0.9884459110871475,875.83026,115.13242,6.9462223,729.675
2024-08-12 14:30:00,31.438,941.3107396069463,0.9614575016005575,858.05348,112.936405,7.06650765,729.619
2024-08-12 15:00:00,31.263,886.2943218663113,0.9191473557535276,840.2767,110.74039,7.186793,729.8779999999999
2024-08-12 15:30:00,30.813,812.0211553826251,0.8622383733667127,814.88815,106.50288,7.0288733,688.587
2024-08-12 16:00:00,30.363,729.8799421326886,0.7917033931253028,789.4996,102.26537,6.8709536,618.531
2024-08-12 16:30:00,29.838001,631.5351425735922,0.7087485393915788,752.08467,96.37773,6.74191,528.8330000000001
2024-08-12 17:00:00,29.313002,531.535692377932,0.6147925892244465,714.66974,90.49009,6.6128664,436.301
2024-08-12 17:30:00,28.538001,419.27514907847694,0.5114426848430377,657.40647,81.856825,6.472661199999999,340.956
2024-08-12 18:00:00,27.763,314.27424235771156,0.4004668165592739,600.1432,73.22356,6.332456,240.258
2024-08-12 18:30:00,26.888,204.93124398788427,0.28376357412624464,505.26194,61.244148,5.7858655,145.805
2024-08-12 19:00:00,26.013,116.203144416999,0.16332964296459254,410.38068,49.264736,5.239275,73.589
2024-08-12 19:30:00,25.088,37.07983514515422,0.041225619940030794,228.0765875,27.7612397,4.54901565,29.706
2024-08-12 20:00:00,24.163,6.178658390287803,0.0,45.772495,6.2577434,3.8587563,6.747000000000001
2024-08-12 20:30:00,23.588,0.0,0.0,22.8862475,3.1288717000000004,3.62937815,0.0
2024-08-12 21:00:00,23.013,0.0,0.0,0.0,0.0,3.4,0.0
2024-08-12 21:30:00,22.713,0.0,0.0,0.0,0.0,3.2206907,0.0
2024-08-12 22:00:00,22.413,0.0,0.0,0.0,0.0,3.0413814,0.0
2024-08-12 22:30:00,22.163,0.0,0.0,0.0,0.0,2.95334555,0.0
2024-08-12 23:00:00,21.913,0.0,0.0,0.0,0.0,2.8653097,0.0
2024-08-12 23:30:00,21.738001,0.0,0.0,0.0,0.0,2.8218993,0.0
2024-08-13 00:00:00,21.563002,0.0,0.0,0.0,0.0,2.7784889,0.0
2024-08-13 00:30:00,21.3880015,0.0,0.0,0.0,0.0,2.8218993,0.0
2024-08-13 01:00:00,21.213001,0.0,0.0,0.0,0.0,2.8653097,0.0
2024-08-13 01:30:00,21.1380015,0.0,0.0,0.0,0.0,2.9761897,0.0
2024-08-13 02:00:00,21.063002,0.0,0.0,0.0,0.0,3.0870697,0.0
2024-08-13 02:30:00,21.0130015,0.0,0.0,0.0,0.0,3.04186735,0.0
2024-08-13 03:00:00,20.963001,0.0,0.0,0.0,0.0,2.996665,0.0
2024-08-13 03:30:00,21.0630005,0.0,0.0,0.0,0.0,2.6163665,0.0
2024-08-13 04:00:00,21.163,0.0,0.0,0.0,0.0,2.236068,0.0
2024-08-13 04:30:00,20.988001,0.0,0.0,0.0,0.0,2.1869118,0.0
2024-08-13 05:00:00,20.813002,0.0,0.0,0.0,0.0,2.1377556,0.0
2024-08-13 05:30:00,20.6380015,0.0,0.0,0.0,0.0,1.9744163,0.0
2024-08-13 06:00:00,20.463001,0.0,0.0,0.0,0.0,1.811077,0.0
2024-08-13 06:30:00,20.5630005,0.0,0.0,6.8200655,3.97260665,1.88788265,0.094
2024-08-13 07:00:00,20.663,7.7854949639985085,0.0,13.640131,7.9452133,1.9646883,11.937
2024-08-13 07:30:00,21.888,68.13112128263154,0.09062578328186047,325.8915655,39.045726650000006,2.32863535,58.294
2024-08-13 08:00:00,23.113,204.9093877396706,0.21233641505929626,638.143,70.14624,2.6925824,132.62900000000002
2024-08-13 08:30:00,24.5380005,323.56880433622473,0.3315397185931875,729.6920749999999,81.939435,2.7997353,228.759
2024-08-13 09:00:00,25.963001,460.3189386670344,0.4461948006738692,821.24115,93.73263,2.9068882,329.168
2024-08-13 09:30:00,27.213001,574.3553397399211,0.5543384389115871,855.441345,99.400385,3.27140995,427.922
2024-08-13 10:00:00,28.463001,688.3484045914793,0.6541187050288808,889.64154,105.06814,3.6359317,520.885
2024-08-13 10:30:00,29.5130015,781.9217431167273,0.7438266851181334,902.977445,108.37918,4.03888905,601.623
2024-08-13 11:00:00,30.563002,867.2503393936557,0.821925736396359,916.31335,111.69022,4.4418464,671.191
2024-08-13 11:30:00,31.338001,930.878939953262,0.8870778191717298,918.473175,113.306945,4.5230962,724.719
2024-08-13 12:00:00,32.113,981.8416749910457,0.9381664263643401,920.633,114.92367,4.604346,729.7589999999999
2024-08-13 12:30:00,32.638,1009.5308111114773,0.9743157098235997,913.89365,115.70572,4.522533299999999,729.734
2024-08-13 13:00:00,33.163,1022.617841831092,0.9949055013046428,907.1543,116.48777,4.4407206,729.706
2024-08-13 13:30:00,33.488,1007.8838226653132,0.9995819496448177,886.4842000000001,118.284575,4.30122545,729.9270000000001
2024-08-13 14:00:00,33.813,979.1079518438137,0.9882635945438752,865.8141,120.08138,4.1617303,729.4639999999999
2024-08-13 14:30:00,33.5129985,898.549785693428,0.9611427807793593,795.1576500000001,131.7645,4.09208365,729.509
2024-08-13 15:00:00,33.212997,810.7105884261949,0.918682376189775,724.5012,143.44762,4.022437,721.322
2024-08-13 15:30:00,33.2629985,766.7925408859479,0.8616078629165003,739.7886000000001,127.481795,3.98099,669.8989999999999
2024-08-13 16:00:00,33.313,710.8314054556276,0.7908949264094773,755.076,111.51597,3.939543,597.942
2024-08-13 16:30:00,32.613,615.6926495564425,0.7077527530746819,718.587135,105.40092,3.78222835,517.789
2024-08-13 17:00:00,31.913,519.1134046310397,0.6136033445163495,682.09827,99.28587,3.6249137,428.703
2024-08-13 17:30:00,31.163,411.1739554391264,0.5100571743106819,632.110985,87.837695,3.33889055,334.284
2024-08-13 18:00:00,30.413,309.1475694432939,0.3988856134099136,582.1237,76.38952,3.0528674,235.562
2024-08-13 18:30:00,29.413,200.8025237832178,0.28199062318168466,487.7995,63.04445,2.96865425,144.11899999999997
2024-08-13 19:00:00,28.413,113.04444947519546,0.16137219333089947,393.4753,49.69938,2.8844411,69.728
2024-08-13 19:30:00,27.213,35.842686127325656,0.03909410067370297,215.0421965,27.54714065,2.71697545,26.848
2024-08-13 20:00:00,26.013,5.323132403859094,0.0,36.609093,5.3949013,2.5495098,5.928000000000001
2024-08-13 20:30:00,25.063,0.0,0.0,18.3045465,2.69745065,2.2809855,0.0
2024-08-13 21:00:00,24.113,0.0,0.0,0.0,0.0,2.0124612,0.0
2024-08-13 21:30:00,23.713001,0.0,0.0,0.0,0.0,1.85769995,0.0
2024-08-13 22:00:00,23.313002,0.0,0.0,0.0,0.0,1.7029387,0.0
2024-08-13 22:30:00,23.2630015,0.0,0.0,0.0,0.0,1.7029387,0.0
2024-08-13 23:00:00,23.213001,0.0,0.0,0.0,0.0,1.7029387,0.0
2024-08-13 23:30:00,23.1130005,0.0,0.0,0.0,0.0,1.35396315,0.0
2024-08-14 00:00:00,23.013,0.0,0.0,0.0,0.0,1.0049876,0.0
2024-08-14 00:30:00,22.688,0.0,0.0,0.0,0.0,1.12095965,0.0
2024-08-14 01:00:00,22.363,0.0,0.0,0.0,0.0,1.2369317,0.0
2024-08-14 01:30:00,22.113,0.0,0.0,0.0,0.0,1.3202492499999998,0.0
2024-08-14 02:00:00,21.863,0.0,0.0,0.0,0.0,1.4035668,0.0
2024-08-14 02:30:00,21.688,0.0,0.0,0.0,0.0,1.35943065,0.0
2024-08-14 03:00:00,21.513,0.0,0.0,0.0,0.0,1.3152945,0.0
2024-08-14 03:30:00,21.288001,0.0,0.0,0.0,0.0,1.24288225,0.0
2024-08-14 04:00:00,21.063002,0.0,0.0,0.0,0.0,1.17047,0.0
2024-08-14 04:30:00,20.838001,0.0,0.0,0.0,0.0,1.1893873,0.0
2024-08-14 05:00:00,20.613,0.0,0.0,0.0,0.0,1.2083046,0.0
2024-08-14 05:30:00,20.463001,0.0,0.0,0.0,0.0,1.2083046,0.0
2024-08-14 06:00:00,20.313002,0.0,0.0,0.0,0.0,1.2083046,0.0
2024-08-14 06:30:00,20.163001,0.0,0.0,6.7922455,2.68480585,1.25415235,0.0
2024-08-14 07:00:00,20.013,5.26841570057219,0.0,13.584491,5.3696117,1.3000001,11.441
2024-08-14 07:30:00,21.3630005,66.61064615919294,0.09006650007853556,322.70612550000004,37.97361285,1.3300736,60.174
2024-08-14 08:00:00,22.713001,203.72990900348464,0.2119360107587711,631.82776,70.577614,1.3601471,137.20700000000002
2024-08-14 08:30:00,24.2880005,325.9462061506565,0.3312816710079735,734.69283,82.856819,1.2985394,236.931
2024-08-14 09:00:00,25.863,468.8901975715527,0.44606011850957167,837.5579,95.136024,1.2369317,339.76300000000003
2024-08-14 09:30:00,27.388,585.2121726698963,0.5543059888314328,872.6834,100.70969,1.5128931,438.409
2024-08-14 10:00:00,28.913,701.5253857077104,0.6541655757664372,907.8089,106.283356,1.7888545,527.415
2024-08-14 10:30:00,30.363001,796.6710701090431,0.743928582469703,921.75873,109.001038,1.7546598,605.779
2024-08-14 11:00:00,31.813002,883.4349035662133,0.8220574022293745,935.70856,111.71872,1.7204651,671.166
2024-08-14 11:30:00,32.8879995,946.7217135499892,0.8872134672141685,935.490115,113.85378,1.53291375,723.555
2024-08-14 12:00:00,33.962997,996.8026923929056,0.9382801873269764,935.27167,115.98884,1.3453624,729.89
2024-08-14 12:30:00,34.4879985,1023.0631637074889,0.974382078037872,926.601235,116.74818,1.3246014499999998,729.72
2024-08-14 13:00:00,35.013,1034.3923856395281,0.9948997752682001,917.9308,117.50752,1.3038405,729.702
2024-08-14 13:30:00,35.087999999999994,1025.0542889028713,0.9994806587925693,906.048865,115.810477,1.5004484,729.71
2024-08-14 14:00:00,35.163,1001.2857851364749,0.988044904898709,894.16693,114.113434,1.6970563,729.506
2024-08-14 14:30:00,34.8129985,949.6172586903575,0.9607868724391436,866.340665,113.844522,2.1994537,729.806
2024-08-14 15:00:00,34.462997,886.5885999006729,0.9181717861081549,838.5144,113.57561,2.7018511,726.058
2024-08-14 15:30:00,34.0129985,813.1143934831284,0.860927787092705,814.29327,109.27089,3.2925744,671.0369999999999
2024-08-14 16:00:00,33.563,731.6284846164253,0.7900334761792749,790.07214,104.96617,3.8832977,604.67
2024-08-14 16:30:00,32.713,632.095291165595,0.7067011611202249,752.70867,98.101115,4.257895850000001,522.5029999999999
2024-08-14 17:00:00,31.863,530.9113637614432,0.6123561170167918,715.3452,91.23606,4.632494,436.419
2024-08-14 17:30:00,31.063,416.65963627793235,0.5086121865724489,654.726675,82.51849,4.5077075,341.355
2024-08-14 18:00:00,30.263,310.4559717159343,0.39724414735100116,594.10815,73.80092,4.382921,241.563
2024-08-14 18:30:00,29.413001,201.64061957886477,0.2801573459584355,500.06886,61.2724635,4.15169,146.313
2024-08-14 19:00:00,28.563002,113.33819731506455,0.15935507756333978,406.02957,48.744007,3.920459,68.699
2024-08-14 19:30:00,27.438002,34.503310608438184,0.03690428753609315,218.0603945,26.538498500000003,3.4809202,24.717
2024-08-14 20:00:00,26.313002,4.2765705244475045,0.0,30.091219,4.33299,3.0413814,5.067
2024-08-14 20:30:00,25.363001,0.0,0.0,15.045609499999998,2.166495,2.7706907000000003,0.0
2024-08-14 21:00:00,24.413,0.0,0.0,0.0,0.0,2.5,0.0
2024-08-14 21:30:00,24.013,0.0,0.0,0.0,0.0,2.07462115,0.0
2024-08-14 22:00:00,23.613,0.0,0.0,0.0,0.0,1.6492423,0.0
2024-08-14 22:30:00,23.338001,0.0,0.0,0.0,0.0,1.50469465,0.0
2024-08-14 23:00:00,23.063002,0.0,0.0,0.0,0.0,1.360147,0.0
2024-08-14 23:30:00,22.7630015,0.0,0.0,0.0,0.0,1.2390905,0.0
2024-08-15 00:00:00,22.463001,0.0,0.0,0.0,0.0,1.118034,0.0
2024-08-15 00:30:00,22.213001,0.0,0.0,0.0,0.0,1.16109675,0.0
2024-08-15 01:00:00,21.963001,0.0,0.0,0.0,0.0,1.2041595,0.0
2024-08-15 01:30:00,21.713001,0.0,0.0,0.0,0.0,1.35871705,0.0
2024-08-15 02:00:00,21.463001,0.0,0.0,0.0,0.0,1.5132746,0.0
2024-08-15 02:30:00,21.463001,0.0,0.0,0.0,0.0,1.5182146,0.0
2024-08-15 03:00:00,21.463001,0.0,0.0,0.0,0.0,1.5231546,0.0
2024-08-15 03:30:00,21.2880005,0.0,0.0,0.0,0.0,1.36985355,0.0
2024-08-15 04:00:00,21.113,0.0,0.0,0.0,0.0,1.2165525,0.0
2024-08-15 04:30:00,20.863,0.0,0.0,0.0,0.0,1.32416725,0.0
2024-08-15 05:00:00,20.613,0.0,0.0,0.0,0.0,1.431782,0.0
2024-08-15 05:30:00,20.363,0.0,0.0,0.0,0.0,1.5702914,0.0
2024-08-15 06:00:00,20.113,0.0,0.0,0.0,0.0,1.7088008,0.0
2024-08-15 06:30:00,20.338001,0.0,0.0,6.7534035,2.72621275,1.6370241499999998,0.0
2024-08-15 07:00:00,20.563002,5.349668781782556,0.0,13.506807,5.4524255,1.5652475,11.277
2024-08-15 07:30:00,22.0130015,65.13092680477206,0.08952832390044371,305.4839535,38.23750025,1.74439295,54.449000000000005
2024-08-15 08:00:00,23.463001,196.60888045878488,0.21155457368135847,597.4611,71.022575,1.9235384,127.2
2024-08-15 08:30:00,25.4880005,313.7189624259187,0.3310398048410514,699.54357,82.51334,2.1711077000000003,220.441
2024-08-15 09:00:00,27.513,451.5468398692716,0.44593823443628205,801.62604,94.004105,2.418677,322.501
2024-08-15 09:30:00,28.7380005,563.9723013712689,0.5542824147454616,835.6010200000001,100.174225,3.4144462000000004,420.814
2024-08-15 10:00:00,29.963001,676.4469024770824,0.6542169297529017,869.576,106.344345,4.4102154,512.297
2024-08-15 10:30:00,31.0130005,769.0624827700799,0.7440301759450686,884.7208499999999,109.0457625,4.75118305,587.749
2024-08-15 11:00:00,32.063,853.9062645051463,0.8221836657523461,899.8657,111.74718,5.0921507,651.731
2024-08-15 11:30:00,32.463,918.2139568110202,0.8873383917166122,903.432485,113.873285,5.5825207500000005,709.5340000000001
2024-08-15 12:00:00,32.863,970.1838276214718,0.9383777730302488,906.99927,115.99939,6.0728908,729.8240000000001
2024-08-15 12:30:00,33.188,999.0931911220993,0.9744267833826076,902.132335,116.752245,6.2258811000000005,729.829
2024-08-15 13:00:00,33.513,1013.6463900538911,0.9948669580566518,897.2654,117.5051,6.3788714,729.556
2024-08-15 13:30:00,33.462999999999994,1006.2392098109167,0.9993470019370789,887.010415,116.29834,6.6019125,729.729
2024-08-15 14:00:00,33.413,984.6785418982969,0.9877888193943638,876.75543,115.09158,6.8249536,729.635
2024-08-15 14:30:00,33.538,935.3097612804326,0.9603888705936006,849.98129,115.76301,6.8249536,729.9
2024-08-15 15:00:00,33.663,874.7521290949638,0.9176148185698838,823.20715,116.43444,6.8249536,709.797
2024-08-15 15:30:00,33.388,771.5419551649486,0.8601975378364759,747.095945,126.9261,6.6268973,664.597
2024-08-15 16:00:00,33.113,667.9052215954979,0.789118610359327,670.98474,137.41776,6.428841,592.807
2024-08-15 16:30:00,32.988,567.976442987647,0.7055935214546875,627.5102549999999,124.46862,6.2950048,517.225
2024-08-15 17:00:00,32.863,468.8754314991984,0.6110508653725877,584.03577,111.51948,6.1611686,420.044
2024-08-15 17:30:00,32.388,385.93872412387987,0.5071078882438304,565.704885,98.7356425,6.102587,330.664
2024-08-15 18:00:00,31.913,302.64060291823324,0.3955427965262582,547.374,85.951805,6.0440054,237.796
2024-08-15 18:30:00,30.613001,198.39401349097938,0.27826433206641693,471.36281,67.21055249999999,5.948177599999999,143.01600000000002
2024-08-15 19:00:00,29.313002,110.5108959856262,0.15727909294348022,395.35162,48.4693,5.8523498,68.541
2024-08-15 19:30:00,28.038001,32.964411455065054,0.03465717810707725,208.970463,25.8114984,5.2201889,27.099
2024-08-15 20:00:00,26.763,3.1138180012205847,0.0,22.589306,3.1536968,4.588028,4.048
2024-08-15 20:30:00,26.038001,0.0,0.0,11.294653,1.5768484,4.1913805,0.0
2024-08-15 21:00:00,25.313002,0.0,0.0,0.0,0.0,3.794733,0.0
2024-08-15 21:30:00,24.988001,0.0,0.0,0.0,0.0,3.92344665,0.0
2024-08-15 22:00:00,24.663,0.0,0.0,0.0,0.0,4.0521603,0.0
2024-08-15 22:30:00,24.8130005,0.0,0.0,0.0,0.0,4.01856605,0.0
2024-08-15 23:00:00,24.963001,0.0,0.0,0.0,0.0,3.9849718,0.0
2024-08-15 23:30:00,25.0380005,0.0,0.0,0.0,0.0,3.94248585,0.0
2024-08-16 00:00:00,25.113,0.0,0.0,0.0,0.0,3.8999999,0.0
2024-08-16 00:30:00,25.113,0.0,0.0,0.0,0.0,3.67191745,0.0
2024-08-16 01:00:00,25.113,0.0,0.0,0.0,0.0,3.443835,0.0
2024-08-16 01:30:00,25.113,0.0,0.0,0.0,0.0,3.3839945,0.0
2024-08-16 02:00:00,25.113,0.0,0.0,0.0,0.0,3.324154,0.0
2024-08-16 02:30:00,25.188,0.0,0.0,0.0,0.0,3.469008,0.0
2024-08-16 03:00:00,25.263,0.0,0.0,0.0,0.0,3.613862,0.0
2024-08-16 03:30:00,24.463,0.0,0.0,0.0,0.0,3.56548165,0.0
2024-08-16 04:00:00,23.663,0.0,0.0,0.0,0.0,3.5171013,0.0
2024-08-16 04:30:00,23.8130005,0.0,0.0,0.0,0.0,3.8472104,0.0
2024-08-16 05:00:00,23.963001,0.0,0.0,0.0,0.0,4.1773195,0.0
2024-08-16 05:30:00,24.0130015,0.0,0.0,0.0,0.0,4.2264154000000005,0.0
2024-08-16 06:00:00,24.063002,0.0,0.0,0.0,0.0,4.2755113,0.0
2024-08-16 06:30:00,24.163001,0.0,0.0,6.707075999999999,2.77305175,4.32178865,0.0
2024-08-16 07:00:00,24.263,5.441581320948176,0.0,13.414152,5.5461035,4.368066,10.512
2024-08-16 07:30:00,25.3630005,64.97904192113137,0.08901094233394725,311.54505600000005,37.68259675,4.508361,57.012
2024-08-16 08:00:00,26.463001,197.81310830681713,0.21119160383753252,609.67596,69.81909,4.648656,133.90800000000002
2024-08-16 08:30:00,27.713001,320.1589607946563,0.33081344760394077,720.93028,81.98061,5.30761485,230.871
2024-08-16 09:00:00,28.963001,465.2878576640559,0.44582832148747004,832.1846,94.14213,5.9665737,337.093
2024-08-16 09:30:00,29.6380015,581.7938529014543,0.5542667559749259,868.4387650000001,99.6955575,6.74958485,440.555
2024-08-16 10:00:00,30.313002,698.532814851631,0.6542716957077345,904.69293,105.248985,7.532596,536.8
2024-08-16 10:30:00,30.813002,793.1157122068591,0.7441303086877369,917.43649,108.512245,7.777532499999999,617.014
2024-08-16 11:00:00,31.313002,879.119125011717,0.8223033111212377,930.18005,111.775505,8.022469,689.6
2024-08-16 11:30:00,31.488001,944.776314992631,0.887451345426778,934.200975,112.8380025,8.265937999999998,729.6989999999998
2024-08-16 12:00:00,31.663,997.6896006641792,0.9384579329924307,938.2219,113.9005,8.509407,729.655
2024-08-16 12:30:00,31.788,1026.5761996605727,0.9744486003774819,932.20577,114.679643,8.5549945,729.6089999999999
2024-08-16 13:00:00,31.913,1040.5502650472883,0.9948058770218128,926.18964,115.458786,8.600582,729.589
2024-08-16 13:30:00,31.938,1033.5629835613795,0.9991798861708672,916.29404,114.275813,8.654886,729.688
2024-08-16 14:00:00,31.963,1011.9327887207248,0.9874943503974094,906.39844,113.09284,8.70919,729.7769999999999
2024-08-16 14:30:00,31.863001,968.3362633684711,0.9599479166049325,889.94635,110.4198025,8.618981999999999,729.628
2024-08-16 15:00:00,31.763002,912.202427511221,0.9170107653956495,873.49426,107.746765,8.528774,729.539
2024-08-16 15:30:00,31.688001,835.6142438339959,0.8594165762989658,848.2192050000001,103.5258255,8.269384,685.614
2024-08-16 16:00:00,31.613,750.6858213959928,0.788149975344228,822.94415,99.304886,8.009994,614.813
2024-08-16 16:30:00,31.363,647.9498496883036,0.7044296784175347,783.920475,93.4275855,8.054997,537.076
2024-08-16 17:00:00,31.113,543.5379661638821,0.6096876411194581,744.8968,87.550285,8.1,446.425
2024-08-16 17:30:00,30.638,427.70111842251646,0.5055445436508772,685.718815,79.7288275,8.102777,349.696
2024-08-16 18:00:00,30.163,319.41635892448454,0.3937820399955282,626.54083,71.90737,8.105554,245.311
2024-08-16 18:30:00,29.463,204.4459475275593,0.2763122734558936,523.71904,59.3672975,7.7031195,147.078
2024-08-16 19:00:00,28.763,112.07622738629071,0.15514513878824673,420.89725,46.827225,7.300685,66.92
2024-08-16 19:30:00,27.938,31.51223731663683,0.032353869861948714,218.1249305,24.494297,7.10938865,22.569
2024-08-16 20:00:00,27.113,2.1340382837371212,0.0,15.352611,2.161369,6.9180923,3.86
2024-08-16 20:30:00,26.763,0.0,0.0,7.6763055,1.0806845,6.74728265,0.0
2024-08-16 21:00:00,26.413,0.0,0.0,0.0,0.0,6.576473,0.0
2024-08-16 21:30:00,26.238001,0.0,0.0,0.0,0.0,6.7900218,0.0
2024-08-16 22:00:00,26.063002,0.0,0.0,0.0,0.0,7.0035706,0.0
2024-08-16 22:30:00,25.988001,0.0,0.0,0.0,0.0,6.9730963,0.0
2024-08-16 23:00:00,25.913,0.0,0.0,0.0,0.0,6.942622,0.0
2024-08-16 23:30:00,25.838,0.0,0.0,0.0,0.0,6.806727,0.0
2024-08-17 00:00:00,25.763,0.0,0.0,0.0,0.0,6.670832,0.0
2024-08-17 00:30:00,25.688,0.0,0.0,0.0,0.0,6.4929465,0.0
2024-08-17 01:00:00,25.613,0.0,0.0,0.0,0.0,6.315061,0.0
2024-08-17 01:30:00,25.488,0.0,0.0,0.0,0.0,6.191093,0.0
2024-08-17 02:00:00,25.363,0.0,0.0,0.0,0.0,6.067125,0.0
2024-08-17 02:30:00,25.138,0.0,0.0,0.0,0.0,5.976350500000001,0.0
2024-08-17 03:00:00,24.913,0.0,0.0,0.0,0.0,5.885576,0.0
2024-08-17 03:30:00,25.038,0.0,0.0,0.0,0.0,5.46072375,0.0
2024-08-17 04:00:00,25.163,0.0,0.0,0.0,0.0,5.0358715,0.0
2024-08-17 04:30:00,25.038,0.0,0.0,0.0,0.0,5.22533325,0.0
2024-08-17 05:00:00,24.913,0.0,0.0,0.0,0.0,5.414795,0.0
2024-08-17 05:30:00,24.863001,0.0,0.0,0.0,0.0,5.5731435000000005,0.0
2024-08-17 06:00:00,24.813002,0.0,0.0,0.0,0.0,5.731492,0.0
2024-08-17 06:30:00,24.8880015,0.0,0.0,0.0,4.239517,5.95645785,0.0
2024-08-17 07:00:00,24.963001,8.28727838044731,0.0,0.0,8.479034,6.1814237,10.18
2024-08-17 07:30:00,25.7630015,64.34608718930099,0.0885139405847041,296.86925,38.543332,6.16682935,54.81999999999999
2024-08-17 08:00:00,26.563002,193.0384480557151,0.2108465029123288,593.7385,68.60763,6.152235,131.86700000000002
2024-08-17 08:30:00,27.3880015,314.306306450733,0.33060183415008876,705.38525,81.444665,7.034021,230.301
2024-08-17 09:00:00,28.213001,458.5337744919752,0.4457294673178655,817.032,94.2817,7.915807,333.616
2024-08-17 09:30:00,28.713001,573.3868045075121,0.554257975195864,853.225625,99.795715,8.5090025,437.838
2024-08-17 10:00:00,29.213001,688.573431438959,0.6543287357112076,889.41925,105.30973,9.102198,533.933
2024-08-17 10:30:00,29.5380005,783.8832839136211,0.744227768396231,904.947325,108.55679,8.902248,616.763
2024-08-17 11:00:00,29.863,871.2047022776059,0.8224150791225812,920.4754,111.80385,8.702298,688.797
2024-08-17 11:30:00,30.363,937.4839544668749,0.8875510505554159,925.350065,113.38446,8.352399,729.962
2024-08-17 12:00:00,30.863,991.219165936429,0.9385193995040748,930.22473,114.96507,8.0025,729.6109999999999
2024-08-17 12:30:00,31.313001,1022.4504964995091,0.9744462999181219,927.486085,115.210355,8.112210999999999,729.801
2024-08-17 13:00:00,31.763002,1039.0055060387845,0.9947153695070996,924.74744,115.45564,8.221922,729.828
2024-08-17 13:30:00,31.863001,1031.981042620469,0.9989782419949587,914.927555,114.266795,8.297248,729.5040000000001
2024-08-17 14:00:00,31.963,1010.3182120995884,0.9871605466677594,905.10767,113.07795,8.372574,729.7339999999999
2024-08-17 14:30:00,31.788,966.1494424208913,0.9594632005317962,888.1665849999999,110.398385,8.354320000000001,729.5730000000001
2024-08-17 15:00:00,31.613,909.4962558141378,0.9163589785429291,871.2255,107.71882,8.336066,729.825
2024-08-17 15:30:00,31.588001,830.3883469569136,0.8585844341132421,843.0522000000001,103.48913,8.269862,699.413
2024-08-17 16:00:00,31.563002,743.3861812427549,0.7871272970896174,814.8789,99.25944,8.203658,625.9689999999999
2024-08-17 16:30:00,31.288001,641.2435232265577,0.703209563559215,775.3040000000001,93.8097625,8.10495275,544.423
2024-08-17 17:00:00,31.013,537.6313464267771,0.6082665890685623,735.7291,88.360085,8.0062475,448.545
2024-08-17 17:30:00,30.538001,421.6299226776311,0.5039225148542591,675.3426,80.0678255,7.82738825,348.415
2024-08-17 18:00:00,30.063002,313.54695034881763,0.3919624572311377,614.9561,71.775566,7.648529,245.193
2024-08-17 18:30:00,29.338001,200.08598151637165,0.2743019634193034,512.58358,59.1581365,7.089613,145.833
2024-08-17 19:00:00,28.613,109.20286250621497,0.1529542148327334,410.21106,46.540707,6.530697,65.80799999999999
2024-08-17 19:30:00,27.738,29.99194977729799,0.0299955580223826,208.73663900000005,23.7777868,5.873988000000001,22.059
2024-08-17 20:00:00,26.863,1.0022037133410224,0.0,7.262218,1.0148666,5.217279,3.449
2024-08-17 20:30:00,26.2880005,0.0,0.0,3.631109,0.5074333,4.8541905,0.0
2024-08-17 21:00:00,25.713001,0.0,0.0,0.0,0.0,4.491102,0.0
2024-08-17 21:30:00,25.338001,0.0,0.0,0.0,0.0,4.28515875,0.0
2024-08-17 22:00:00,24.963001,0.0,0.0,0.0,0.0,4.0792155,0.0
2024-08-17 22:30:00,24.7380005,0.0,0.0,0.0,0.0,4.070001749999999,0.0
2024-08-17 23:00:00,24.513,0.0,0.0,0.0,0.0,4.060788,0.0
2024-08-17 23:30:00,24.438,0.0,0.0,0.0,0.0,4.4141933,0.0
2024-08-18 00:00:00,24.363,0.0,0.0,0.0,0.0,4.7675986,0.0
2024-08-18 00:30:00,24.338001,0.0,0.0,0.0,0.0,5.022454,0.0
2024-08-18 01:00:00,24.313002,0.0,0.0,0.0,0.0,5.2773094,0.0
2024-08-18 01:30:00,24.238001,0.0,0.0,0.0,0.0,5.2621064,0.0
2024-08-18 02:00:00,24.163,0.0,0.0,0.0,0.0,5.2469034,0.0
2024-08-18 02:30:00,24.088,0.0,0.0,0.0,0.0,5.1359205,0.0
2024-08-18 03:00:00,24.013,0.0,0.0,0.0,0.0,5.0249376,0.0
2024-08-18 03:30:00,24.413001,0.0,0.0,0.0,0.0,4.8630006,0.0
2024-08-18 04:00:00,24.813002,0.0,0.0,0.0,0.0,4.7010636,0.0
2024-08-18 04:30:00,24.738001,0.0,0.0,0.0,0.0,4.6527048,0.0
2024-08-18 05:00:00,24.663,0.0,0.0,0.0,0.0,4.604346,0.0
2024-08-18 05:30:00,24.488001,0.0,0.0,0.0,0.0,4.4544975,0.0
2024-08-18 06:00:00,24.313002,0.0,0.0,0.0,0.0,4.304649,0.0
2024-08-18 06:30:00,24.488001,0.0,0.0,0.0,2.88765335,4.606912,0.0
2024-08-18 07:00:00,24.663,5.644696595787031,0.0,0.0,5.7753067,4.909175,10.232
2024-08-18 07:30:00,25.713,61.968652373439525,0.08803679940014329,284.090025,37.42362585,5.406282,53.638000000000005
2024-08-18 08:00:00,26.763,187.88430822935322,0.21051857270116156,568.18005,69.071945,5.903389,128.631
2024-08-18 08:30:00,27.663001,307.63068395728254,0.33040410566532263,686.71225,81.1093255,6.504861999999999,224.342
2024-08-18 09:00:00,28.563002,452.05409841916617,0.44564067370103905,805.24445,93.146706,7.106335,330.523
2024-08-18 09:30:00,29.313002,566.4550857448526,0.5542549583527699,841.7644250000001,99.258736,7.5031675,433.153
2024-08-18 10:00:00,30.063002,681.3392976409367,0.6543868455602898,878.2844,105.370766,7.9,529.465
2024-08-18 10:30:00,30.613001,776.1823252166454,0.7443212879234841,894.512,108.601373,8.1048165,612.3520000000001
2024-08-18 11:00:00,31.163,863.2538749739006,0.8225176680214165,910.7396,111.83198,8.309633,685.9760000000001
2024-08-18 11:30:00,31.563,928.5597177398135,0.8876361997177973,915.84385,112.87597,8.324048999999999,729.583
2024-08-18 12:00:00,31.963,981.458530488529,0.9385608886254039,920.9481,113.91996,8.338465,729.585
2024-08-18 12:30:00,32.238,1010.5437293097434,0.9744186501769394,915.91082,114.686075,8.24998,729.872
2024-08-18 13:00:00,32.513,1024.98324138516,0.9945942835863169,910.87354,115.45219,8.161495,729.624
2024-08-18 13:30:00,32.688,1017.1083729543318,0.9987410237896666,900.377045,114.25739,8.167923,729.63
2024-08-18 14:00:00,32.863,994.8182445670462,0.9867864934563855,889.88055,113.06259,8.174351,729.7520000000001
2024-08-18 14:30:00,32.813,950.9479264856265,0.9589339607935427,872.950745,110.376415,8.01909625,729.66
2024-08-18 15:00:00,32.763,894.8186509325183,0.915658869232591,856.02094,107.69024,7.8638415,729.684
2024-08-18 15:30:00,32.763,818.4974059038891,0.8577007119269051,829.69025,103.915265,7.38518025,684.5099999999999
2024-08-18 16:00:00,32.763,734.2285772551201,0.7860503790204031,803.35956,100.14029,6.906519,615.809
2024-08-18 16:30:00,32.4879985,631.4530609930093,0.7019331928602742,762.33103,94.212105,6.8532595,535.73
2024-08-18 17:00:00,32.212997,527.6253844328613,0.6067879438696268,721.3025,88.28392,6.8,442.419
2024-08-18 17:30:00,31.712999,412.148175380845,0.5022422574466165,659.88795,79.555125,6.6534597,343.01699999999994
2024-08-18 18:00:00,31.213001,304.9567304704471,0.3900847232278612,598.4734,70.82633,6.5069194,237.746
2024-08-18 18:30:00,30.4880005,193.13439522215722,0.2722342909131409,494.62844,58.200139,6.124870550000001,141.374
2024-08-18 19:00:00,29.763,104.3517133581285,0.15070741486761477,390.78348,45.573948,5.7428217,62.423
2024-08-18 19:30:00,28.763,28.118466287599315,0.02758352850750076,195.39174000000003,22.786974,5.0697055,21.176
2024-08-18 20:00:00,27.763,0.0,0.0,0.0,0.0,4.3965893,2.86
2024-08-18 20:30:00,26.788001,0.0,0.0,0.0,0.0,3.78653265,0.0
2024-08-18 21:00:00,25.813002,0.0,0.0,0.0,0.0,3.176476,0.0
2024-08-18 21:30:00,25.188002,0.0,0.0,0.0,0.0,2.8629929,0.0
2024-08-18 22:00:00,24.563002,0.0,0.0,0.0,0.0,2.5495098,0.0
2024-08-18 22:30:00,24.213001,0.0,0.0,0.0,0.0,2.39836505,0.0
2024-08-18 23:00:00,23.863,0.0,0.0,0.0,0.0,2.2472203,0.0
2024-08-18 23:30:00,23.638,0.0,0.0,0.0,0.0,2.15438655,0.0
2024-08-19 00:00:00,23.413,0.0,0.0,0.0,0.0,2.0615528,0.0
2024-08-19 00:30:00,23.238001,0.0,0.0,0.0,0.0,1.7923537,0.0
2024-08-19 01:00:00,23.063002,0.0,0.0,0.0,0.0,1.5231546,0.0
2024-08-19 01:30:00,22.713001,0.0,0.0,0.0,0.0,1.47746835,0.0
2024-08-19 02:00:00,22.363,0.0,0.0,0.0,0.0,1.4317821,0.0
2024-08-19 02:30:00,22.2880005,0.0,0.0,0.0,0.0,1.52366575,0.0
2024-08-19 03:00:00,22.213001,0.0,0.0,0.0,0.0,1.6155494,0.0
2024-08-19 03:30:00,22.0630005,0.0,0.0,0.0,0.0,1.6140005,0.0
2024-08-19 04:00:00,21.913,0.0,0.0,0.0,0.0,1.6124516,0.0
2024-08-19 04:30:00,21.888,0.0,0.0,0.0,0.0,1.6808686000000002,0.0
2024-08-19 05:00:00,21.863,0.0,0.0,0.0,0.0,1.7492856,0.0
2024-08-19 05:30:00,21.738,0.0,0.0,0.0,0.0,1.8403032,0.0
2024-08-19 06:00:00,21.613,0.0,0.0,0.0,0.0,1.9313208,0.0
2024-08-19 06:30:00,21.688,0.0,0.0,0.0,2.959593,1.8388729,0.0
2024-08-19 07:00:00,21.763,5.785322026972222,0.0,0.0,5.919186,1.746425,12.456
2024-08-19 07:30:00,23.288001,60.167982240082324,0.08757889659821991,271.1919,36.88704800000001,1.8072895,52.552
2024-08-19 08:00:00,24.813002,181.06214848830734,0.21020701719311033,542.3838,67.85491,1.868154,122.419
2024-08-19 08:30:00,25.8880015,299.5051046239167,0.3302193122361443,664.23045,80.57102,1.93031995,214.68
2024-08-19 09:00:00,26.963001,443.52268499656236,0.44556085935562956,786.0771,93.28713,1.9924859,310.157
2024-08-19 09:30:00,28.3130005,556.290772404403,0.5542565177210281,823.3804700000001,99.3595225,2.18472945,403.063
2024-08-19 10:00:00,29.663,669.8460911033243,0.6544447578087519,860.68384,105.431915,2.376973,491.08400000000006
2024-08-19 10:30:00,30.9379985,763.0797874927409,0.7444095482623724,876.1603700000001,109.1943055,2.34282615,572.235
2024-08-19 11:00:00,32.212997,848.6084157897758,0.8226097362761655,891.6369,112.956696,2.3086793,639.5
2024-08-19 11:30:00,33.1379985,911.8065721786722,0.8877054583449119,895.26352,114.497918,1.7808378500000002,692.847
2024-08-19 12:00:00,34.063,962.6945952768003,0.9385811021002994,898.89014,116.03914,1.2529964,728.506
2024-08-19 12:30:00,34.613,989.2513949137892,0.974364417952618,891.68727,117.27624,0.832653485,729.599
2024-08-19 13:00:00,35.163,1001.4007718048258,0.9944414787240715,884.4844,118.51334,0.41231057,729.751
2024-08-19 13:30:00,35.413,995.1233775263051,0.9984672097038971,876.3233150000001,116.77169,0.6589245349999999,729.547
2024-08-19 14:00:00,35.663,974.784085083692,0.9863713115514978,868.16223,115.03004,0.9055385,726.05
2024-08-19 14:30:00,35.513,922.0350500620925,0.9583594823003563,837.6795950000001,116.151815,1.03586445,729.6350000000001
2024-08-19 15:00:00,35.363,858.5324605812694,0.9149099051261885,807.19696,117.27359,1.1661904,688.201
2024-08-19 15:30:00,34.938,780.3457897704401,0.8567650756235601,775.2337299999999,113.78035,0.7892504850000001,620.6919999999999
2024-08-19 16:00:00,34.513,695.6924522885239,0.7849190972276371,743.2705,110.28711,0.41231057,566.1370000000001
2024-08-19 16:30:00,33.9879985,602.8297541858644,0.7006006609888513,713.85665,101.010715,0.5223830349999999,488.308
2024-08-19 17:00:00,33.462997,507.3777737926682,0.6052520233043623,684.4428,91.73432,0.6324555,403.049
2024-08-19 17:30:00,33.0379985,396.5934728071463,0.5005043130101556,624.2468200000001,83.24321,0.5223830349999999,307.69500000000005
2024-08-19 18:00:00,32.613,294.1292177485304,0.3881496000902179,564.05084,74.7521,0.41231057,213.15
2024-08-19 18:30:00,31.988,186.1576814660691,0.27011023151051783,466.51579,60.0118075,0.276865965,128.509
2024-08-19 19:00:00,31.363,99.8598022000668,0.14840591712275195,368.98074,45.271515,0.14142136,63.21699999999999
2024-08-19 19:30:00,30.238,27.184679427361303,0.025119147885571198,184.49037,22.6357575,0.282842715,22.992
2024-08-19 20:00:00,29.113,0.0,0.0,0.0,0.0,0.42426407,2.121
2024-08-19 20:30:00,28.438,0.0,0.0,0.0,0.0,0.6864736650000001,0.0
2024-08-19 21:00:00,27.763,0.0,0.0,0.0,0.0,0.94868326,0.0
2024-08-19 21:30:00,27.263,0.0,0.0,0.0,0.0,1.07434163,0.0
2024-08-19 22:00:00,26.763,0.0,0.0,0.0,0.0,1.2,0.0
2024-08-19 22:30:00,26.163001,0.0,0.0,0.0,0.0,1.060977225,0.0
2024-08-19 23:00:00,25.563002,0.0,0.0,0.0,0.0,0.92195445,0.0
2024-08-19 23:30:00,25.038001,0.0,0.0,0.0,0.0,0.888177425,0.0
2024-08-20 00:00:00,24.513,0.0,0.0,0.0,0.0,0.8544004,0.0
2024-08-20 00:30:00,24.188,0.0,0.0,0.0,0.0,0.9680329,0.0
2024-08-20 01:00:00,23.863,0.0,0.0,0.0,0.0,1.0816654,0.0
2024-08-20 01:30:00,23.713001,0.0,0.0,0.0,0.0,0.9439456,0.0
2024-08-20 02:00:00,23.563002,0.0,0.0,0.0,0.0,0.8062258,0.0
2024-08-20 02:30:00,23.463001,0.0,0.0,0.0,0.0,0.7531129,0.0
2024-08-20 03:00:00,23.363,0.0,0.0,0.0,0.0,0.7,0.0
2024-08-20 03:30:00,23.388,0.0,0.0,0.0,0.0,0.88851645,0.0
2024-08-20 04:00:00,23.413,0.0,0.0,0.0,0.0,1.0770329,0.0
2024-08-20 04:30:00,23.5630005,0.0,0.0,0.0,0.0,1.21119765,0.0
2024-08-20 05:00:00,23.713001,0.0,0.0,0.0,0.0,1.3453624,0.0
2024-08-20 05:30:00,23.6130005,0.0,0.0,0.0,0.0,1.3833147,0.0
2024-08-20 06:00:00,23.513,0.0,0.0,0.0,0.0,1.421267,0.0
2024-08-20 06:30:00,23.338,0.0,0.0,0.0,3.0437011499999995,1.28072125,0.0
2024-08-20 07:00:00,23.163,5.949734070399438,0.0,0.0,6.0874023,1.1401755,12.665
2024-08-20 07:30:00,24.413,59.22573543624843,0.08713951417137339,267.729035,36.35759115,1.29119805,51.25800000000001
2024-08-20 08:00:00,25.663,178.2406928504438,0.20991094994102452,535.45807,66.62778,1.4422206,116.696
2024-08-20 08:30:00,27.388,298.09751634368786,0.3300464202005552,661.942035,80.02836500000001,1.9231918,203.587
2024-08-20 09:00:00,29.113,444.6446595765581,0.44548886728289006,788.426,93.42895,2.404163,295.04
2024-08-20 09:30:00,30.263,558.6556072962152,0.5542613989169068,827.4568,99.461115,2.7721132500000003,393.841
2024-08-20 10:00:00,31.413,673.7639629282999,0.6545011483818836,866.4876,105.49328,3.1400635,476.957
2024-08-20 10:30:00,32.3129985,766.9855724637924,0.7444911845272547,881.95265,108.690615,3.5924066,557.971
2024-08-20 11:00:00,33.212997,852.4088499894722,0.8226899078572081,897.4177,111.88795,4.0447497,629.0989999999999
2024-08-20 11:30:00,33.9129985,916.5969268470302,0.8877574690548738,901.166585,113.968225,4.365983249999999,681.972
2024-08-20 12:00:00,34.613,968.3811684711361,0.9385787307150003,904.91547,116.0485,4.6872168,725.849
2024-08-20 12:30:00,34.7879985,996.5580759825855,0.9742823708771859,900.240265,116.25715,5.132873549999999,729.679
2024-08-20 13:00:00,34.962997,1010.3137364005846,0.9942558267695192,895.56506,116.4658,5.5785303,729.687
2024-08-20 13:30:00,35.0629985,1001.4721918164836,0.9981558013580923,883.9300499999999,115.739615,5.6199011500000005,729.745
2024-08-20 14:00:00,35.163,978.4596394336726,0.9859141556618196,872.29504,115.01343,5.661272,729.664
2024-08-20 14:30:00,35.263,934.3628926871843,0.9577390935059005,855.42362,111.802755,5.634651,719.63
2024-08-20 15:00:00,35.363,878.2591873492933,0.9141116060797122,838.5522,108.59208,5.60803,678.5569999999999
2024-08-20 15:30:00,35.1629985,801.1815046617003,0.855777250768698,809.986275,105.244185,5.51002675,625.6320000000001
2024-08-20 16:00:00,34.962997,716.7236879936117,0.7837333937561078,781.42035,101.89629,5.4120235,564.7090000000001
2024-08-20 16:30:00,34.4879985,617.7540853066841,0.6992121334498482,744.7778000000001,95.011408,5.45646625,492.47
2024-08-20 17:00:00,34.013,517.1667288090767,0.6036592194808879,708.13525,88.126526,5.500909,404.064
2024-08-20 17:30:00,32.988,403.2099414197445,0.49870929939623326,647.242225,79.337718,5.331152,313.097
2024-08-20 18:00:00,31.963,297.57748458304775,0.386157926692064,586.3492,70.54891,5.161395,218.142
2024-08-20 18:30:00,30.788,186.80595271745221,0.267930836504272,480.832435,57.753268000000006,4.62153075,131.383
2024-08-20 19:00:00,29.613,99.61335799176085,0.14605097305483103,375.31567,44.957626,4.0816665,62.452000000000005
2024-08-20 19:30:00,28.588001,26.640859515119075,0.022603851964675924,187.657835,22.478813,3.27067065,22.816000000000003
2024-08-20 20:00:00,27.563002,0.0,0.0,0.0,0.0,2.4596748,1.71
2024-08-20 20:30:00,26.713001,0.0,0.0,0.0,0.0,1.9457284,0.0
2024-08-20 21:00:00,25.863,0.0,0.0,0.0,0.0,1.431782,0.0
2024-08-20 21:30:00,25.338001,0.0,0.0,0.0,0.0,1.19023263,0.0
2024-08-20 22:00:00,24.813002,0.0,0.0,0.0,0.0,0.94868326,0.0
2024-08-20 22:30:00,24.413001,0.0,0.0,0.0,0.0,1.01285808,0.0
2024-08-20 23:00:00,24.013,0.0,0.0,0.0,0.0,1.0770329,0.0
2024-08-20 23:30:00,23.688,0.0,0.0,0.0,0.0,1.0484184,0.0
2024-08-21 00:00:00,23.363,0.0,0.0,0.0,0.0,1.0198039,0.0
2024-08-21 00:30:00,23.013,0.0,0.0,0.0,0.0,0.8140400750000001,0.0
2024-08-21 01:00:00,22.663,0.0,0.0,0.0,0.0,0.60827625,0.0
2024-08-21 01:30:00,22.213,0.0,0.0,0.0,0.0,0.51029341,0.0
2024-08-21 02:00:00,21.763,0.0,0.0,0.0,0.0,0.41231057,0.0
2024-08-21 02:30:00,21.538001,0.0,0.0,0.0,0.0,0.31795869,0.0
2024-08-21 03:00:00,21.313002,0.0,0.0,0.0,0.0,0.22360681,0.0
2024-08-21 03:30:00,21.963001,0.0,0.0,0.0,0.0,0.902372805,0.0
2024-08-21 04:00:00,22.613,0.0,0.0,0.0,0.0,1.5811388,0.0
2024-08-21 04:30:00,22.138,0.0,0.0,0.0,0.0,1.76139375,0.0
2024-08-21 05:00:00,21.663,0.0,0.0,0.0,0.0,1.9416487,0.0
2024-08-21 05:30:00,21.413,0.0,0.0,0.0,0.0,2.03030535,0.0
2024-08-21 06:00:00,21.163,0.0,0.0,0.0,0.0,2.118962,0.0
2024-08-21 06:30:00,21.138,0.0,0.0,0.0,1.5724589999999998,2.1365139,0.0
2024-08-21 07:00:00,21.113,3.073794839091292,0.0,0.0,3.144918,2.1540658,11.721
2024-08-21 07:30:00,22.1630005,56.335692974175714,0.08671785334818392,249.82196,35.128834000000005,1.9270329,53.855
2024-08-21 08:00:00,23.213001,171.0096025502307,0.20962940892354365,499.64392,67.11275,1.7,122.16
2024-08-21 08:30:00,24.463001,288.5343271483054,0.3298843267131327,628.76131,81.62439499999999,1.8624229,217.619
2024-08-21 09:00:00,25.713001,433.5390754628358,0.44542347861187814,757.8787,96.13604,2.0248458,310.177
2024-08-21 09:30:00,26.6630005,547.6724762624197,0.5542682939023297,803.305685,102.00541,2.58165845,286.478
2024-08-21 10:00:00,27.613,664.4310154060971,0.6545546484480562,848.73267,107.87478,3.1384711,512.797
2024-08-21 10:30:00,28.1630005,720.4881527337423,0.7445647965878929,803.988465,120.867345,3.45404325,312.851
2024-08-21 11:00:00,28.713001,759.5175522886377,0.8227567813189588,759.24426,133.85991,3.7696154,716.035
2024-08-21 11:30:00,28.8880015,767.0068227258379,0.8877908591419927,694.6257800000001,149.75273,4.1486542,540.574
2024-08-21 12:00:00,29.063002,757.0995219986676,0.9385524600427464,630.0073,165.64555,4.527693,295.389
2024-08-21 12:30:00,29.038001,765.7926346393547,0.9741712813689415,576.1909499999999,205.413275,4.6143785,167.796
2024-08-21 13:00:00,29.013,762.4225660800729,0.994036214030157,522.3746,245.181,4.701064,74.051
2024-08-21 13:30:00,29.188,804.8815657371985,0.9978058240376787,586.8991249999999,220.23795,4.3467785,177.221
2024-08-21 14:00:00,29.363,837.2992282081366,0.9854142127316532,651.42365,195.2949,3.992493,104.272
2024-08-21 14:30:00,29.213001,750.8379457696706,0.9570721629124044,599.601045,176.906405,3.8306401,218.557
2024-08-21 15:00:00,29.063002,658.841925148199,0.9132635388914548,547.77844,158.51791,3.6687872,48.475
2024-08-21 15:30:00,28.538001,538.4603618529101,0.854737015788578,418.674955,182.029645,3.52110635,71.461
2024-08-21 16:00:00,28.013,429.21863792597,0.7824932683103859,289.57147,205.54138,3.3734255,18.799000000000003
2024-08-21 16:30:00,27.588,363.0650994956013,0.6977678370931951,260.831835,183.77137,2.73671275,48.80200000000001
2024-08-21 17:00:00,27.163,299.2209789222851,0.6020099882430682,232.0922,162.00136,2.1,35.341
2024-08-21 17:30:00,26.763,224.60635162272422,0.4968578993987332,195.43844,129.554513,1.6200877500000002,36.391000000000005
2024-08-21 18:00:00,26.363,156.49416117615232,0.3841106067664198,158.78468,97.107666,1.1401755,25.876
2024-08-21 18:30:00,26.213001,101.13002337484451,0.2656972207702284,123.2705825,69.5555745,1.58251065,43.859
2024-08-21 19:00:00,26.063002,53.85714633770474,0.143643895150433,87.756485,42.003483,2.0248458,74.375
2024-08-21 19:30:00,25.488001,21.505013483809414,0.02003913397425419,43.8782425,21.0017415,1.95183765,23.300000000000004
2024-08-21 20:00:00,24.913,0.0,0.0,0.0,0.0,1.8788295,1.685
2024-08-21 20:30:00,24.4380005,0.0,0.0,0.0,0.0,1.65004825,0.0
2024-08-21 21:00:00,23.963001,0.0,0.0,0.0,0.0,1.421267,0.0
2024-08-21 21:30:00,23.5630005,0.0,0.0,0.0,0.0,1.5606335,0.0
2024-08-21 22:00:00,23.163,0.0,0.0,0.0,0.0,1.7,0.0
2024-08-21 22:30:00,22.8130005,0.0,0.0,0.0,0.0,1.565891,0.0
2024-08-21 23:00:00,22.463001,0.0,0.0,0.0,0.0,1.431782,0.0
2024-08-21 23:30:00,22.1380015,0.0,0.0,0.0,0.0,1.3829742,0.0
2024-08-22 00:00:00,21.813002,0.0,0.0,0.0,0.0,1.3341664,0.0
2024-08-22 00:30:00,21.538001,0.0,0.0,0.0,0.0,1.2261002,0.0
2024-08-22 01:00:00,21.263,0.0,0.0,0.0,0.0,1.118034,0.0
2024-08-22 01:30:00,20.913001,0.0,0.0,0.0,0.0,1.06891895,0.0
2024-08-22 02:00:00,20.563002,0.0,0.0,0.0,0.0,1.0198039,0.0
2024-08-22 02:30:00,20.2630015,0.0,0.0,0.0,0.0,1.1675492,0.0
2024-08-22 03:00:00,19.963001,0.0,0.0,0.0,0.0,1.3152945,0.0
2024-08-22 03:30:00,20.1130005,0.0,0.0,0.0,0.0,0.977803465,0.0
2024-08-22 04:00:00,20.263,0.0,0.0,0.0,0.0,0.64031243,0.0
2024-08-22 04:30:00,20.088,0.0,0.0,0.0,0.0,0.7009448650000001,0.0
2024-08-22 05:00:00,19.913,0.0,0.0,0.0,0.0,0.7615773,0.0
2024-08-22 05:30:00,19.788,0.0,0.0,0.0,0.0,0.88328245,0.0
2024-08-22 06:00:00,19.663,0.0,0.0,0.0,0.0,1.0049876,0.0
2024-08-22 06:30:00,19.588,0.0,0.0,0.0,1.6339565,0.994936675,0.0
2024-08-22 07:00:00,19.513,3.194008274301378,0.0,0.0,3.267913,0.98488575,7.371
2024-08-22 07:30:00,20.463,54.533327354370684,0.0863130590911321,217.258285,36.3081565,1.187065075,53.878
2024-08-22 08:00:00,21.413,159.33918098789766,0.2093613804784101,434.51657,69.3484,1.3892444,108.503
2024-08-22 08:30:00,22.863001,271.8834132307478,0.32973188264140096,567.784165,85.384405,1.90499405,178.043
2024-08-22 09:00:00,24.313002,413.1883705238288,0.4453634342678761,701.05176,101.42041,2.4207437,417.038
2024-08-22 09:30:00,25.463001,518.1964426242967,0.5542758610575153,733.58066,111.642835,3.08920135,577.8860000000001
2024-08-22 10:00:00,26.613,623.7135074585036,0.6546038627345689,766.10956,121.86526,3.757659,688.409
2024-08-22 10:30:00,27.5380005,728.4151164460252,0.744628965279203,811.737855,122.940328,4.2558025,420.511
2024-08-22 11:00:00,28.463001,831.1765009402754,0.8228089438171395,857.36615,124.015396,4.753946,729.792
2024-08-22 11:30:00,29.0630005,889.5427455372037,0.88780425216543,859.613525,124.261168,5.05138885,729.3009999999999
2024-08-22 12:00:00,29.663,935.8777399322221,0.938500979543046,861.8609,124.50694,5.3488317,729.819
2024-08-22 12:30:00,29.988001,950.2546017923526,0.9740299331175809,832.77893,136.82589,5.52485435,729.7170000000001
2024-08-22 13:00:00,30.313002,949.8847582937665,0.9937815451494225,803.69696,149.14484,5.700877,729.6600000000001
2024-08-22 13:30:00,30.363001,940.8726128329362,0.9974163279773832,793.42773,147.42467,5.85876025,729.624
2024-08-22 14:00:00,30.413,919.1139888391028,0.9848707007206903,783.1585,145.7045,6.0166435,729.815
2024-08-22 14:30:00,30.213,870.2087313538971,0.9563580954359028,749.18823,152.08748,5.98909355,729.934
2024-08-22 15:00:00,30.013,812.1689338430367,0.912365311457742,715.21796,158.47046,5.9615436,729.6300000000001
2024-08-22 15:30:00,29.8630005,709.0117107651872,0.8536441940715276,648.6824799999999,154.65359,5.4040958,727.063
2024-08-22 16:00:00,29.713001,605.6789983673276,0.781198768593257,582.147,150.83672,4.846648,652.4110000000001
2024-08-22 16:30:00,29.463001,523.4203848986992,0.6962680488277836,551.38645,139.62856,4.773856,564.336
2024-08-22 17:00:00,29.213001,440.6430014836533,0.6003048367291756,520.6259,128.4204,4.701064,470.6230000000001
2024-08-22 17:30:00,28.588001,349.6445800021825,0.4949508473923615,493.1469,105.79606,4.8788715,367.555
2024-08-22 18:00:00,27.963001,260.90259257122204,0.38200859505639656,465.6679,83.17172,5.056679,256.68300000000005
2024-08-22 18:30:00,27.3630005,169.91775223633897,0.2634105486860072,402.69311,64.0533685,4.8402651500000005,146.907
2024-08-22 19:00:00,26.763,92.63831142166592,0.14118604316863692,339.71832,44.935017,4.6238513,65.85199999999999
2024-08-22 19:30:00,25.9880005,25.297468991085946,0.017426531348685534,169.85916,22.4675085,4.15040325,23.195
2024-08-22 20:00:00,25.213001,0.0,0.0,0.0,0.0,3.6769552,1.608
2024-08-22 20:30:00,24.6630005,0.0,0.0,0.0,0.0,3.13847765,0.0
2024-08-22 21:00:00,24.113,0.0,0.0,0.0,0.0,2.6000001,0.0
2024-08-22 21:30:00,23.713001,0.0,0.0,0.0,0.0,2.35948105,0.0
2024-08-22 22:00:00,23.313002,0.0,0.0,0.0,0.0,2.118962,0.0
2024-08-22 22:30:00,22.988001,0.0,0.0,0.0,0.0,2.10351165,0.0
2024-08-22 23:00:00,22.663,0.0,0.0,0.0,0.0,2.0880613,0.0
2024-08-22 23:30:00,22.463,0.0,0.0,0.0,0.0,2.06383455,0.0
2024-08-23 00:00:00,22.263,0.0,0.0,0.0,0.0,2.0396078,0.0
2024-08-23 00:30:00,22.138,0.0,0.0,0.0,0.0,2.245569,0.0
2024-08-23 01:00:00,22.013,0.0,0.0,0.0,0.0,2.4515302,0.0
2024-08-23 01:30:00,21.813,0.0,0.0,0.0,0.0,2.3257651,0.0
2024-08-23 02:00:00,21.613,0.0,0.0,0.0,0.0,2.2,0.0
2024-08-23 02:30:00,21.5380005,0.0,0.0,0.0,0.0,2.3041595,0.0
2024-08-23 03:00:00,21.463001,0.0,0.0,0.0,0.0,2.408319,0.0
2024-08-23 03:30:00,21.2880005,0.0,0.0,0.0,0.0,2.2054087,0.0
2024-08-23 04:00:00,21.113,0.0,0.0,0.0,0.0,2.0024984,0.0
2024-08-23 04:30:00,21.138,0.0,0.0,0.0,0.0,2.0062368,0.0
2024-08-23 05:00:00,21.163,0.0,0.0,0.0,0.0,2.0099752,0.0
2024-08-23 05:30:00,21.088,0.0,0.0,0.0,0.0,1.95630245,0.0
2024-08-23 06:00:00,21.013,0.0,0.0,0.0,0.0,1.9026297,0.0
2024-08-23 06:30:00,20.913001,0.0,0.0,0.0,1.7103495,1.85685335,0.0
2024-08-23 07:00:00,20.813002,3.343338978086151,0.0,0.0,3.420699,1.811077,11.189
2024-08-23 07:30:00,22.238001,55.7127126398396,0.0859242523815256,247.45117,34.9041895,2.0457140000000003,53.39000000000001
2024-08-23 08:00:00,23.663,169.0449375807293,0.20910583054730328,494.90234,66.38768,2.280351,138.11
2024-08-23 08:30:00,25.613001,291.1666913280874,0.32958792246671864,639.78617,80.76906199999999,2.8172265000000003,250.851
2024-08-23 09:00:00,27.563002,444.4632278155069,0.44530746311320085,784.67,95.150444,3.354102,367.115
2024-08-23 09:30:00,28.563002,559.2402573825705,0.5542827513317298,825.8522,100.995167,4.5379948,477.402
2024-08-23 10:00:00,29.563002,675.5272446347327,0.6546473932554319,867.0344,106.83989,5.7218876,577.165
2024-08-23 10:30:00,30.038001,771.6163402012263,0.7446822735374719,885.59455,110.50294,6.1703998,664.706
2024-08-23 11:00:00,30.513,860.3132842474373,0.8228449893693177,904.1547,114.16599,6.618912,728.0590000000001
2024-08-23 11:30:00,30.938,924.9598030597423,0.887796283228064,909.272085,115.11995,6.615511,729.712
2024-08-23 12:00:00,31.363,977.172836096244,0.938422994663907,914.38947,116.07391,6.61211,729.761
2024-08-23 12:30:00,31.763,1005.5086148858194,0.9738571299884138,909.290735,116.77245,6.66201965,729.773
2024-08-23 13:00:00,32.163,1019.1963545000181,0.9934907487816651,904.192,117.47099,6.7119293,729.645
2024-08-23 13:30:00,32.3129985,1010.544117243136,0.9969863908511383,893.57952,116.214795,6.85917765,729.7339999999999
2024-08-23 14:00:00,32.462997,987.5143564137511,0.9842828679898296,882.96704,114.9586,7.006426,729.835
2024-08-23 14:30:00,32.337997,942.3123676438662,0.9555963288636071,865.228395,112.206698,7.1535555,729.867
2024-08-23 15:00:00,32.212997,884.9977516284655,0.9114165664704448,847.48975,109.454796,7.300685,729.8870000000001
2024-08-23 15:30:00,31.9629985,808.924994504332,0.8524986451929976,822.2818749999999,105.133363,7.15605215,729.744
2024-08-23 16:00:00,31.713,724.8782090202953,0.7798499792801131,797.074,100.81193,7.0114193,671.856
2024-08-23 16:30:00,31.288,622.1518876117784,0.6947130828304409,756.85133,94.341653,7.05570965,586.874
2024-08-23 17:00:00,30.863,518.3686733100803,0.5985443090419249,716.62866,87.871376,7.1,489.674
2024-08-23 17:30:00,30.1630005,401.8654414807105,0.4929889139297411,652.77733,78.9833105,6.949999999999999,383.14
2024-08-23 18:00:00,29.463001,294.37747975957177,0.37985288113991067,588.926,70.095245,6.8,265.528
2024-08-23 18:30:00,28.4880005,181.831304545557,0.2610720177447479,478.573215,56.6859425,6.45163885,151.25400000000002
2024-08-23 19:00:00,27.513,94.17058768645171,0.1386788077836653,368.22043,43.27664,6.1032777,61.402
2024-08-23 19:30:00,26.563,24.27197657718039,0.014767609993551041,184.110215,21.63832,5.22246835,19.824
2024-08-23 20:00:00,25.613,0.0,0.0,0.0,0.0,4.341659,1.377
2024-08-23 20:30:00,25.088001,0.0,0.0,0.0,0.0,3.9215437,0.0
2024-08-23 21:00:00,24.563002,0.0,0.0,0.0,0.0,3.5014284,0.0
2024-08-23 21:30:00,24.238001,0.0,0.0,0.0,0.0,3.4507142,0.0
2024-08-23 22:00:00,23.913,0.0,0.0,0.0,0.0,3.4,0.0
2024-08-23 22:30:00,23.638,0.0,0.0,0.0,0.0,3.1637282,0.0
2024-08-23 23:00:00,23.363,0.0,0.0,0.0,0.0,2.9274564,0.0
2024-08-23 23:30:00,23.213001,0.0,0.0,0.0,0.0,2.86729505,0.0
2024-08-24 00:00:00,23.063002,0.0,0.0,0.0,0.0,2.8071337,0.0
2024-08-24 00:30:00,22.738001,0.0,0.0,0.0,0.0,2.45475665,0.0
2024-08-24 01:00:00,22.413,0.0,0.0,0.0,0.0,2.1023796,0.0
2024-08-24 01:30:00,22.138,0.0,0.0,0.0,0.0,2.00643845,0.0
2024-08-24 02:00:00,21.863,0.0,0.0,0.0,0.0,1.9104973,0.0
2024-08-24 02:30:00,21.738,0.0,0.0,0.0,0.0,1.96023625,0.0
2024-08-24 03:00:00,21.613,0.0,0.0,0.0,0.0,2.0099752,0.0
2024-08-24 03:30:00,21.513,0.0,0.0,0.0,0.0,2.00123055,0.0
2024-08-24 04:00:00,21.413,0.0,0.0,0.0,0.0,1.9924859,0.0
2024-08-24 04:30:00,21.338,0.0,0.0,0.0,0.0,1.9580121,0.0
2024-08-24 05:00:00,21.263,0.0,0.0,0.0,0.0,1.9235383,0.0
2024-08-24 05:30:00,21.188,0.0,0.0,0.0,0.0,2.01176915,0.0
2024-08-24 06:00:00,21.113,0.0,0.0,0.0,0.0,2.1,0.0
2024-08-24 06:30:00,21.263,0.0,0.0,0.0,1.8086357,2.3586252,0.0
2024-08-24 07:00:00,21.413,3.535465840734967,0.0,0.0,3.6172714,2.6172504,9.946000000000002
2024-08-24 07:30:00,22.763,56.50559936409951,0.08555056443909655,253.56875,35.2650507,2.9856762000000003,53.163
2024-08-24 08:00:00,24.113,172.01145315488318,0.2088617379717561,507.1375,66.91283,3.354102,142.31199999999998
2024-08-24 08:30:00,25.588001,296.33411291805453,0.32945129622595115,654.65612,81.1071375,3.981937,259.192
2024-08-24 09:00:00,27.063002,452.3955398004882,0.44525431218529077,802.17474,95.301445,4.609772,380.581
2024-08-24 09:30:00,28.038001,568.3315935520798,0.5542876362772391,841.987545,101.10215,5.0421292,491.149
2024-08-24 10:00:00,29.013,685.3332984549726,0.6546838649202597,881.80035,106.902855,5.4744864,588.376
2024-08-24 10:30:00,29.763,781.3084549539458,0.7447233292288163,899.15625,109.9992525,5.516181700000001,675.352
2024-08-24 11:00:00,30.513,869.5032317153418,0.8228635387214245,916.51215,113.09565,5.557877,729.0829999999999
2024-08-24 11:30:00,31.013001000000003,933.8232508621631,0.8877656156296697,919.244825,115.11624,5.699983,729.701
2024-08-24 12:00:00,31.513002,985.2671884110706,0.9383172402069803,921.9775,117.13683,5.842089,729.6759999999999
2024-08-24 12:30:00,31.913001,1012.8897921966015,0.9736517059846176,916.50117,117.300585,5.997161999999999,729.8109999999999
2024-08-24 13:00:00,32.313,1025.709890417896,0.9931627841427776,911.02484,117.46434,6.152235,729.5989999999999
2024-08-24 13:30:00,32.413,1014.5886766890986,0.9965151209389143,897.576905,116.6969525,6.33188175,729.631
2024-08-24 14:00:00,32.513,989.0389687093648,0.9836499931763775,884.12897,115.929565,6.5115285,729.797
2024-08-24 14:30:00,32.313,942.1841419228994,0.9547863305620006,865.3658350000001,112.6746725,6.808931749999999,729.568
2024-08-24 15:00:00,32.113,883.2852993678041,0.9104169751768756,846.6027,109.41978,7.106335,729.668
2024-08-24 15:30:00,31.5380005,805.1250632528222,0.8513002559120584,819.0719799999999,105.087858,6.719395499999999,729.8
2024-08-24 16:00:00,30.963001,719.3468517079406,0.7784470106186467,791.54126,100.755936,6.332456,676.549
2024-08-24 16:30:00,30.588001,617.11648133898,0.6931032769681961,750.9016799999999,94.707318,6.4392235,592.9590000000001
2024-08-24 17:00:00,30.213001,513.9881804528447,0.5967289709423546,710.2621,88.6587,6.545991,491.743
2024-08-24 17:30:00,29.5380005,397.1629654881394,0.4909728889867832,644.56278,79.6978575,6.64530925,379.684
2024-08-24 18:00:00,28.863,289.8506076722881,0.37764447176611055,578.86346,70.737015,6.7446275,261.992
2024-08-24 18:30:00,28.063,177.40376890517004,0.25868284029169375,466.76088,56.5003675,6.333732400000001,146.744
2024-08-24 19:00:00,27.263,90.35281720161149,0.13612359230858914,354.6583,42.26372,5.9228373,60.41
2024-08-24 19:30:00,26.438,23.177017010827573,0.012063946221196472,177.32915,21.13186,4.9216483,20.007
2024-08-24 20:00:00,25.613,0.0,0.0,0.0,0.0,3.9204593,0.903
2024-08-24 20:30:00,25.238,0.0,0.0,0.0,0.0,3.91087065,0.0
2024-08-24 21:00:00,24.863,0.0,0.0,0.0,0.0,3.901282,0.0
2024-08-24 21:30:00,24.813,0.0,0.0,0.0,0.0,4.053020500000001,0.0
2024-08-24 22:00:00,24.763,0.0,0.0,0.0,0.0,4.204759,0.0
2024-08-24 22:30:00,24.763,0.0,0.0,0.0,0.0,4.4218623,0.0
2024-08-24 23:00:00,24.763,0.0,0.0,0.0,0.0,4.6389656,0.0
2024-08-24 23:30:00,24.588,0.0,0.0,0.0,0.0,4.47470905,0.0
2024-08-25 00:00:00,24.413,0.0,0.0,0.0,0.0,4.3104525,0.0
2024-08-25 00:30:00,24.138,0.0,0.0,0.0,0.0,4.20766375,0.0
2024-08-25 01:00:00,23.863,0.0,0.0,0.0,0.0,4.104875,0.0
2024-08-25 01:30:00,23.713001,0.0,0.0,0.0,0.0,4.1176252,0.0
2024-08-25 02:00:00,23.563002,0.0,0.0,0.0,0.0,4.1303754,0.0
2024-08-25 02:30:00,23.338001,0.0,0.0,0.0,0.0,3.9480047,0.0
2024-08-25 03:00:00,23.113,0.0,0.0,0.0,0.0,3.765634,0.0
2024-08-25 03:30:00,23.013,0.0,0.0,0.0,0.0,3.4166032,0.0
2024-08-25 04:00:00,22.913,0.0,0.0,0.0,0.0,3.0675724,0.0
2024-08-25 04:30:00,22.738001,0.0,0.0,0.0,0.0,3.0043303,0.0
2024-08-25 05:00:00,22.563002,0.0,0.0,0.0,0.0,2.9410882,0.0
2024-08-25 05:30:00,22.463001,0.0,0.0,0.0,0.0,3.2383111,0.0
2024-08-25 06:00:00,22.363,0.0,0.0,0.0,0.0,3.535534,0.0
2024-08-25 06:30:00,22.513,0.0,0.0,0.0,1.9387025,3.839602,0.0
2024-08-25 07:00:00,22.663,3.7897164498618947,0.0,0.0,3.877405,4.14367,8.81
2024-08-25 07:30:00,23.588,55.627931954845145,0.08519116584872863,249.94879000000003,34.7798125,4.57383415,52.857
2024-08-25 08:00:00,24.513,169.17198357988264,0.2086281229151226,499.89758,65.68222,5.0039983,143.332
2024-08-25 08:30:00,25.513,293.71322095740703,0.32932089690122135,648.60714,80.56828300000001,5.65199915,261.539
2024-08-25 09:00:00,26.513,450.31498743916313,0.4452027726268514,797.3167,95.454346,6.3,384.346
2024-08-25 09:30:00,27.063,565.7460440820221,0.5542892323022205,837.183,101.210208,6.800342499999999,493.068
2024-08-25 10:00:00,27.613,682.2763169531777,0.6547119477314958,877.0493,106.96607,7.300685,607.821
2024-08-25 10:30:00,28.113,777.072209035968,0.7447507851162558,892.71515,110.593655,7.450671249999999,688.5129999999999
2024-08-25 11:00:00,28.613,863.8554869567298,0.8228632567983907,908.381,114.22124,7.6006575,729.636
2024-08-25 11:30:00,29.063,928.8968277896456,0.8877109556367564,913.1823,115.682752,7.80813375,729.6039999999999
2024-08-25 12:00:00,29.513,981.3637939658157,0.9381824922325603,917.9836,117.144264,8.01561,729.5810000000001
2024-08-25 12:30:00,29.688,1011.3325031294236,0.9734125342336561,915.659615,116.790027,8.132426,729.5799999999999
2024-08-25 13:00:00,29.863,1026.6648123582072,0.9927966470044378,913.33563,116.43579,8.249242,729.495
2024-08-25 13:30:00,29.888,1017.0792932388231,0.996001660135581,901.530665,115.676948,8.144571500000001,729.476
2024-08-25 14:00:00,29.913,992.9731510071309,0.9829713852710726,889.7257,114.918106,8.039901,729.459
2024-08-25 14:30:00,29.788,946.3752370030434,0.9539275947332437,871.0534,112.150928,7.990152,729.662
2024-08-25 15:00:00,29.663,887.6350664104101,0.9093662319162258,852.3811,109.38375,7.940403,729.7939999999999
2024-08-25 15:30:00,29.413,807.7393243205252,0.8500489322332851,823.9238499999999,104.57914,7.720534799999999,729.8470000000001
2024-08-25 16:00:00,29.163,720.2885775485552,0.7769899881684308,795.4666,99.77453,7.5006666,689.485
2024-08-25 16:30:00,28.538,616.3997994856253,0.6914389805371242,753.06158,93.73117,7.5516488,605.318
2024-08-25 17:00:00,27.913,511.92907511331003,0.5948593957705604,710.65656,87.68781,7.602631,501.789
2024-08-25 17:30:00,27.413,395.33448698985626,0.48890356649813044,644.7255299999999,79.12776,7.3045285,391.512
2024-08-25 18:00:00,26.913,288.33381987608806,0.3753843742234858,578.7945,70.56771,7.006426,268.575
2024-08-25 18:30:00,26.288,175.9174831799071,0.2562442261447978,467.71515,55.906429,6.60965785,149.145
2024-08-25 19:00:00,25.663,88.69159642428852,0.13352179475521833,356.6358,41.245148,6.2128897,56.592
2024-08-25 19:30:00,24.863001,22.1978794402073,0.009317108787421738,178.3179,20.622574,5.55797505,16.823999999999998
2024-08-25 20:00:00,24.063002,0.0,0.0,0.0,0.0,4.9030604,0.524
2024-08-25 20:30:00,23.6380015,0.0,0.0,0.0,0.0,4.6589042,0.0
2024-08-25 21:00:00,23.213001,0.0,0.0,0.0,0.0,4.414748,0.0
2024-08-25 21:30:00,22.8880015,0.0,0.0,0.0,0.0,3.7597915,0.0
2024-08-25 22:00:00,22.563002,0.0,0.0,0.0,0.0,3.104835,0.0
2024-08-25 22:30:00,22.0130015,0.0,0.0,0.0,0.0,2.740904,0.0
2024-08-25 23:00:00,21.463001,0.0,0.0,0.0,0.0,2.376973,0.0
2024-08-25 23:30:00,21.088001,0.0,0.0,0.0,0.0,2.3967911500000003,0.0
2024-08-26 00:00:00,20.713001,0.0,0.0,0.0,0.0,2.4166093,0.0
2024-08-26 00:30:00,20.588001,0.0,0.0,0.0,0.0,2.64008665,0.0
2024-08-26 01:00:00,20.463001,0.0,0.0,0.0,0.0,2.863564,0.0
2024-08-26 01:30:00,20.3630005,0.0,0.0,0.0,0.0,3.0604317,0.0
2024-08-26 02:00:00,20.263,0.0,0.0,0.0,0.0,3.2572994,0.0
2024-08-26 02:30:00,20.1130005,0.0,0.0,0.0,0.0,3.1328106,0.0
2024-08-26 03:00:00,19.963001,0.0,0.0,0.0,0.0,3.0083218,0.0
2024-08-26 03:30:00,19.9880005,0.0,0.0,0.0,0.0,2.5636419,0.0
2024-08-26 04:00:00,20.013,0.0,0.0,0.0,0.0,2.118962,0.0
2024-08-26 04:30:00,19.963,0.0,0.0,0.0,0.0,1.97735905,0.0
2024-08-26 05:00:00,19.913,0.0,0.0,0.0,0.0,1.8357561,0.0
2024-08-26 05:30:00,19.763,0.0,0.0,0.0,0.0,1.9040322,0.0
2024-08-26 06:00:00,19.613,0.0,0.0,0.0,0.0,1.9723083,0.0
2024-08-26 06:30:00,19.588001,0.0,0.0,0.0,2.119861,2.09295125,0.0
2024-08-26 07:00:00,19.563002,4.143839554093878,0.0,0.0,4.239722,2.2135942,8.272
2024-08-26 07:30:00,20.713001,53.94955322529711,0.08484528469220287,236.44612,34.3409835,2.40390935,52.085
2024-08-26 08:00:00,21.863,162.1852552318923,0.20840406488151617,472.89224,64.442245,2.5942245,142.37
2024-08-26 08:30:00,23.388,285.29196041211696,0.3291956779400893,626.93767,79.379795,2.95918925,259.1
2024-08-26 09:00:00,24.913,441.8369399799134,0.4451516965275001,780.9831,94.317345,3.324154,380.076
2024-08-26 09:30:00,25.913,556.8766878671323,0.5542863165061978,822.243475,100.6735175,3.640081,489.99099999999993
2024-08-26 10:00:00,26.913,673.417970114439,0.6547303714902871,863.50385,107.02969,3.956008,589.326
2024-08-26 10:30:00,27.763,767.7956240281579,0.7447633521165351,880.279605,110.63915,3.7980315,670.828
2024-08-26 11:00:00,28.613,854.4710975234999,0.8228428643769194,897.05536,114.24861,3.640055,727.7
2024-08-26 11:30:00,29.463001,917.8631338354214,0.8876310624225113,900.333405,116.22766,3.5441215,729.66
2024-08-26 12:00:00,30.313002,968.6664006026537,0.9380175762021348,903.61145,118.20671,3.448188,729.8570000000001
2024-08-26 12:30:00,30.838001,994.1266765408706,0.9731385331913329,895.8035600000001,119.36004,3.1775381,729.644
2024-08-26 13:00:00,31.363,1004.94769282126,0.9923913739316147,887.99567,120.51337,2.9068882,729.4689999999999
2024-08-26 13:30:00,31.338001,973.9712031127243,0.9954451861931973,835.8074349999999,139.495835,2.31367665,729.689
2024-08-26 14:00:00,31.313002,929.9401064206166,0.9822463838689388,783.6192,158.4783,1.7204651,729.4530000000001
2024-08-26 14:30:00,31.163001,847.2457199358977,0.9530196406884204,721.5255,158.37164,1.47056035,729.586
2024-08-26 15:00:00,31.013,757.9407111811554,0.9082640505276992,659.4318,158.26498,1.2206556,729.7629999999999
2024-08-26 15:30:00,30.538001,697.3113907164475,0.848744593997794,640.1674,153.45784,0.6603278,722.303
2024-08-26 16:00:00,30.063002,630.4402939138124,0.7754790457680958,620.903,148.6507,0.1,644.8420000000001
2024-08-26 16:30:00,29.863001,543.4914028402306,0.689720545645189,594.2246,133.45010200000002,0.6499999999999999,331.623
2024-08-26 17:00:00,29.663,454.8606083665431,0.5929361545208736,567.5462,118.249504,1.2,464.829
2024-08-26 17:30:00,28.588,345.97861855021887,0.48678173320214335,501.659985,101.920414,2.367767,354.466
2024-08-26 18:00:00,27.513,247.7931384076931,0.37307358422648135,435.77377,85.591324,3.535534,250.953
2024-08-26 18:30:00,26.288001,149.92682722135595,0.25375736960873746,340.80883,63.848937,4.0481180000000005,133.582
2024-08-26 19:00:00,25.063002,73.84546238159385,0.13087479433087182,245.84389,42.10655,4.560702,55.621
2024-08-26 19:30:00,24.213001,21.637860656327483,0.006528644955595938,122.921945,21.053275,4.162504,16.604
2024-08-26 20:00:00,23.363,0.0,0.0,0.0,0.0,3.764306,0.2
2024-08-26 20:30:00,22.938,0.0,0.0,0.0,0.0,3.4028437,0.0
2024-08-26 21:00:00,22.513,0.0,0.0,0.0,0.0,3.0413814,0.0
2024-08-26 21:30:00,22.188,0.0,0.0,0.0,0.0,2.6868811,0.0
2024-08-26 22:00:00,21.863,0.0,0.0,0.0,0.0,2.3323808,0.0
2024-08-26 22:30:00,21.563,0.0,0.0,0.0,0.0,2.1921046000000004,0.0
2024-08-26 23:00:00,21.263,0.0,0.0,0.0,0.0,2.0518284,0.0
2024-08-26 23:30:00,21.088,0.0,0.0,0.0,0.0,2.0889288500000003,0.0
2024-08-27 00:00:00,20.913,0.0,0.0,0.0,0.0,2.1260293,0.0
2024-08-27 00:30:00,20.863001,0.0,0.0,0.0,0.0,1.86924045,0.0
2024-08-27 01:00:00,20.813002,0.0,0.0,0.0,0.0,1.6124516,0.0
2024-08-27 01:30:00,20.688002,0.0,0.0,0.0,0.0,1.50264515,0.0
2024-08-27 02:00:00,20.563002,0.0,0.0,0.0,0.0,1.3928387,0.0
2024-08-27 02:30:00,20.488001,0.0,0.0,0.0,0.0,1.3464194,0.0
2024-08-27 03:00:00,20.413,0.0,0.0,0.0,0.0,1.3000001,0.0
2024-08-27 03:30:00,20.1880005,0.0,0.0,0.0,0.0,0.87360686,0.0
2024-08-27 04:00:00,19.963001,0.0,0.0,0.0,0.0,0.44721362,0.0
2024-08-27 04:30:00,19.7380005,0.0,0.0,0.0,0.0,0.40388438,0.0
2024-08-27 05:00:00,19.513,0.0,0.0,0.0,0.0,0.36055514,0.0
2024-08-27 05:30:00,19.313,0.0,0.0,0.0,0.0,0.68027757,0.0
2024-08-27 06:00:00,19.113,0.0,0.0,0.0,0.0,1.0,0.0
2024-08-27 06:30:00,19.113,0.0,0.0,0.0,2.38934185,1.10827625,0.0
2024-08-27 07:00:00,19.113,4.670612491234964,0.0,0.0,4.7786837,1.2165525,8.924
2024-08-27 07:30:00,20.488,52.81042859059289,0.0845122119869821,217.857775,34.88836185,1.4359235,50.717
2024-08-27 08:00:00,21.863,154.8380173049482,0.20818870830435568,435.71555,64.99804,1.6552945,134.179
2024-08-27 08:30:00,23.713001,274.7430715109079,0.329074658990433,588.538125,81.676355,2.0816409,246.505
2024-08-27 09:00:00,25.563002,427.9928671812268,0.44510000259822924,741.3607,98.35467,2.5079873,360.922
2024-08-27 09:30:00,26.563002,538.6689931347194,0.5542777322885748,776.85247,107.9625,3.4092199,467.554
2024-08-27 10:00:00,27.563002,650.0133048365933,0.6547379311028446,812.34424,117.57033,4.3104525,564.364
2024-08-27 10:30:00,28.238001,744.8509383130804,0.7447598043016783,837.0517,120.31839,4.609813750000001,647.453
2024-08-27 11:00:00,28.913,833.8126598050095,0.8228011426525521,861.75916,123.06645,4.909175,719.9300000000001
2024-08-27 11:30:00,29.338,883.8589255851996,0.8875247521627835,850.0576799999999,127.50061,5.116354,729.905
2024-08-27 12:00:00,29.763,920.2955097934014,0.9378213704638306,838.3562,131.93477,5.323533,729.5509999999999
2024-08-27 12:30:00,29.813,928.7045867134946,0.9728286695047942,812.2562499999999,136.432185,5.4280817,729.505
2024-08-27 13:00:00,29.863,922.7943222017688,0.9919460444649983,786.1563,140.9296,5.5326304,729.633
2024-08-27 13:30:00,29.863,911.3653293464238,0.9948449141925558,774.9799499999999,138.30034999999998,5.439328700000001,729.47
2024-08-27 14:00:00,29.863,887.444894293729,0.9814743599058892,763.8036,135.6711,5.346027,729.6750000000001
2024-08-27 14:30:00,29.738,849.2704389033104,0.9520620128630584,745.32015,137.83149,5.163997200000001,729.498
2024-08-27 15:00:00,29.613,800.8885862992391,0.9071101636107901,726.8367,139.99188,4.9819674,729.6279999999999
2024-08-27 15:30:00,29.388,722.0785685372791,0.8473871734332463,693.405225,133.20369,4.4834696,728.3499999999999
2024-08-27 16:00:00,29.163,638.1872594265055,0.7739143232727788,659.97375,126.4155,3.9849718,653.338
2024-08-27 16:30:00,28.763,540.4324050920892,0.6879483243001258,615.741725,116.14163,4.0643209,581.125
2024-08-27 17:00:00,28.363,443.9829780301568,0.5909598122206386,571.5097,105.86776,4.14367,378.913
2024-08-27 17:30:00,27.138,336.9900388788001,0.48460816442312893,497.32075,96.01891,4.53861425,314.82
2024-08-27 18:00:00,25.913,242.58546640753542,0.37071308103027495,423.1318,86.17006,4.9335585,239.991
2024-08-27 18:30:00,25.013,152.3842733556134,0.2512234441077471,346.50346,65.791505,4.79110725,134.454
2024-08-27 19:00:00,24.113,79.53764601908995,0.12818394555383417,269.87512,45.41295,4.648656,53.035
2024-08-27 19:30:00,23.438,22.971273149302778,0.0037000741970214623,134.93756,22.706475,4.1911435,17.366
2024-08-27 20:00:00,22.763,0.0,0.0,0.0,0.0,3.733631,0.236
2024-08-27 20:30:00,22.263,0.0,0.0,0.0,0.0,3.1168155,0.0
2024-08-27 21:00:00,21.763,0.0,0.0,0.0,0.0,2.5,0.0
2024-08-27 21:30:00,21.213,0.0,0.0,0.0,0.0,2.18941475,0.0
2024-08-27 22:00:00,20.663,0.0,0.0,0.0,0.0,1.8788295,0.0
2024-08-27 22:30:00,20.363001,0.0,0.0,0.0,0.0,1.72998415,0.0
2024-08-27 23:00:00,20.063002,0.0,0.0,0.0,0.0,1.5811388,0.0
2024-08-27 23:30:00,19.838001,0.0,0.0,0.0,0.0,1.77545515,0.0
2024-08-28 00:00:00,19.613,0.0,0.0,0.0,0.0,1.9697715,0.0
2024-08-28 00:30:00,19.5380005,0.0,0.0,0.0,0.0,1.99730855,0.0
2024-08-28 01:00:00,19.463001,0.0,0.0,0.0,0.0,2.0248456,0.0
2024-08-28 01:30:00,19.4380005,0.0,0.0,0.0,0.0,2.1192199,0.0
2024-08-28 02:00:00,19.413,0.0,0.0,0.0,0.0,2.2135942,0.0
2024-08-28 02:30:00,19.4380005,0.0,0.0,0.0,0.0,2.3088786,0.0
2024-08-28 03:00:00,19.463001,0.0,0.0,0.0,0.0,2.404163,0.0
2024-08-28 03:30:00,19.463001,0.0,0.0,0.0,0.0,2.19832445,0.0
2024-08-28 04:00:00,19.463001,0.0,0.0,0.0,0.0,1.9924859,0.0
2024-08-28 04:30:00,19.4380005,0.0,0.0,0.0,0.0,2.02580595,0.0
2024-08-28 05:00:00,19.413,0.0,0.0,0.0,0.0,2.059126,0.0
2024-08-28 05:30:00,19.388,0.0,0.0,0.0,0.0,2.08431415,0.0
2024-08-28 06:00:00,19.363,0.0,0.0,0.0,0.0,2.1095023,0.0
2024-08-28 06:30:00,19.263,0.0,0.0,0.0,0.0,1.97398995,0.0
2024-08-28 07:00:00,19.163,0.0,0.0,0.0,0.0,1.8384776,7.716
2024-08-28 07:30:00,20.113001,49.507735695089394,0.08419129608009931,204.05664,32.7879525,2.01582445,53.002
2024-08-28 08:00:00,21.063002,149.53579855498882,0.20798125744771284,408.11328,65.575905,2.1931713,130.47500000000002
2024-08-28 08:30:00,22.488001,271.47853759049593,0.328956921213262,572.040555,83.9914895,2.52836765,255.137
2024-08-28 09:00:00,23.913,429.4878237164008,0.4450466720790479,735.96783,102.407074,2.863564,373.942
2024-08-28 09:30:00,24.838,540.2793316473633,0.5542623857397171,777.185015,109.441627,3.3631028,488.931
2024-08-28 10:00:00,25.763,652.9173553044672,0.6547334835824226,818.4022,116.47618,3.8626416,590.532
2024-08-28 10:30:00,26.4880005,745.4873817874937,0.744738976459505,834.34328,123.08325,3.97399055,670.7520000000001
2024-08-28 11:00:00,27.213001,830.7171561299058,0.8227369314519668,850.28436,129.69032,4.0853395,728.092
2024-08-28 11:30:00,27.9130005,898.2510001287418,0.8873908968163707,863.83078,129.76066500000002,4.169874399999999,729.867
2024-08-28 12:00:00,28.613,954.8565987805162,0.9375928056581697,877.3772,129.83101,4.2544093,729.553
2024-08-28 12:30:00,28.888,941.7637282525784,0.9724819580167021,826.4527499999999,135.885735,4.39270665,729.905
2024-08-28 13:00:00,29.163,912.7777502591093,0.9914597817030472,775.5283,141.94046,4.531004,729.511
2024-08-28 13:30:00,29.038,866.7907208678243,0.994200097680851,718.3970999999999,151.16872999999998,4.62399725,729.565
2024-08-28 14:00:00,28.913,809.7214007490696,0.9806547173191222,661.2659,160.397,4.7169905,729.8580000000001
2024-08-28 14:30:00,28.8130005,762.578266843923,0.9510542829391144,635.18062,157.837585,4.57772925,729.666
2024-08-28 15:00:00,28.713001,707.5082618876337,0.9059043250822225,609.09534,155.27817,4.438468,729.831
2024-08-28 15:30:00,28.6630005,662.8027622101029,0.8459766180277698,608.37009,147.7242,4.1166005000000006,726.3449999999999
2024-08-28 16:00:00,28.613,609.8272839355865,0.7722959698044793,607.64484,140.17023,3.794733,657.691
2024-08-28 16:30:00,28.313,507.85521816249707,0.6861226718394561,545.80478,133.44530500000002,3.7001421,565.395
2024-08-28 17:00:00,28.013,411.208538853764,0.5889309315203013,483.96472,126.72038,3.6055512,474.625
2024-08-28 17:30:00,27.513,317.85013775086986,0.48238362762328485,441.21191,105.535502,3.5492006,361.878
2024-08-28 18:00:00,27.013,230.60073964697818,0.3683038309809894,398.4591,84.350624,3.49285,251.23200000000003
2024-08-28 18:30:00,26.2380005,147.41060750111575,0.24864360551795464,336.038465,64.331437,3.6601909,132.273
2024-08-28 19:00:00,25.463001,78.19237313475185,0.1254505812757134,273.61783,44.31225,3.8275318,57.018
2024-08-28 19:30:00,24.463001,22.04737553655778,0.0008328907486147897,136.808915,22.156125,3.40037275,15.171
2024-08-28 20:00:00,23.463001,0.0,0.0,0.0,0.0,2.9732137,0.064
2024-08-28 20:30:00,22.7880005,0.0,0.0,0.0,0.0,2.5566535000000004,0.0
2024-08-28 21:00:00,22.113,0.0,0.0,0.0,0.0,2.1400933,0.0
2024-08-28 21:30:00,21.738,0.0,0.0,0.0,0.0,1.9446894500000005,0.0
2024-08-28 22:00:00,21.363,0.0,0.0,0.0,0.0,1.7492856,0.0
2024-08-28 22:30:00,21.063,0.0,0.0,0.0,0.0,1.7261121,0.0
2024-08-28 23:00:00,20.763,0.0,0.0,0.0,0.0,1.7029386,0.0
2024-08-28 23:30:00,20.538001,0.0,0.0,0.0,0.0,1.6576951,0.0
2024-08-29 00:00:00,20.313002,0.0,0.0,0.0,0.0,1.6124516,0.0
2024-08-29 00:30:00,19.988001,0.0,0.0,0.0,0.0,1.53423675,0.0
2024-08-29 01:00:00,19.663,0.0,0.0,0.0,0.0,1.4560219,0.0
2024-08-29 01:30:00,19.388,0.0,0.0,0.0,0.0,1.32801095,0.0
2024-08-29 02:00:00,19.113,0.0,0.0,0.0,0.0,1.2,0.0
2024-08-29 02:30:00,18.988,0.0,0.0,0.0,0.0,1.30710675,0.0
2024-08-29 03:00:00,18.863,0.0,0.0,0.0,0.0,1.4142135,0.0
2024-08-29 03:30:00,18.713001,0.0,0.0,0.0,0.0,1.2456232,0.0
2024-08-29 04:00:00,18.563002,0.0,0.0,0.0,0.0,1.0770329,0.0
2024-08-29 04:30:00,18.5130015,0.0,0.0,0.0,0.0,1.23851645,0.0
2024-08-29 05:00:00,18.463001,0.0,0.0,0.0,0.0,1.4,0.0
2024-08-29 05:30:00,18.338001,0.0,0.0,0.0,0.0,1.46485295,0.0
2024-08-29 06:00:00,18.213001,0.0,0.0,0.0,0.0,1.5297059,0.0
2024-08-29 06:30:00,18.1880005,0.0,0.0,0.0,0.0,1.61925335,0.0
2024-08-29 07:00:00,18.163,0.0,0.0,0.0,0.0,1.7088008,8.424
2024-08-29 07:30:00,19.338,50.211984122010726,0.08388192943768065,220.134275,32.16935,1.6865662499999998,50.316
2024-08-29 08:00:00,20.513,154.97281640064105,0.20778096368988785,440.26855,64.3387,1.6643317,134.003
2024-08-29 08:30:00,22.388,279.8868612477284,0.32884159542162866,608.831525,80.212952,1.85808005,248.624
2024-08-29 09:00:00,24.263,441.795421659982,0.4449907376650891,777.3945,96.087204,2.0518284,366.196
2024-08-29 09:30:00,25.563,557.0828953367079,0.5542392356124843,821.032425,101.655075,2.8147687,472.373
2024-08-29 10:00:00,26.863,674.320413967616,0.6547159391235374,864.67035,107.222946,3.577709,572.579
2024-08-29 10:30:00,27.638,767.3703347353913,0.7446997564803919,878.233375,111.876113,4.0080885,652.5189999999999
2024-08-29 11:00:00,28.413,852.1288810162571,0.8226491229068295,891.7964,116.52928,4.438468,719.316
2024-08-29 11:30:00,29.038,916.0687976230122,0.8872284192682285,896.36515,118.433455,4.8763000000000005,729.732
2024-08-29 12:00:00,29.663,967.5561187725259,0.9373308613590271,900.9339,120.33763,5.314132,729.693
2024-08-29 12:30:00,30.138,994.7893682218448,0.9720974599355428,896.9408000000001,119.901785,5.5193205,729.659
2024-08-29 13:00:00,30.613,1007.5182482359188,0.9909317520335345,892.9477,119.46594,5.724509,729.608
2024-08-29 13:30:00,30.813,969.0617828210086,0.9935100299364927,843.2791500000001,128.53137,5.455515,729.7950000000001
2024-08-29 14:00:00,31.013,917.4122253707612,0.9797868958050565,793.6106,137.5968,5.186521,729.861
2024-08-29 14:30:00,31.013,833.6806110365618,0.9499960540466146,710.1460500000001,157.90714,4.7594783,729.715
2024-08-29 15:00:00,31.013,745.1714824471711,0.9046463156905067,626.6815,178.21748,4.3324356,729.797
2024-08-29 15:30:00,30.8630005,684.9987796958435,0.8445128973084466,626.1059150000001,155.92413,4.05896725,716.215
2024-08-29 16:00:00,30.713001,616.2909262719268,0.7706241515710721,625.53033,133.63078,3.7854989,645.608
2024-08-29 16:30:00,30.2380005,509.5661370703273,0.6842439557129415,560.719405,125.736357,3.50520095,557.134
2024-08-29 17:00:00,29.763,408.5763324998134,0.5868500821709618,495.90848,117.841934,3.224903,458.27
2024-08-29 17:30:00,29.263,341.0519247487953,0.48010889251153455,510.10354,96.219657,3.02046425,346.571
2024-08-29 18:00:00,28.763,266.5539219011535,0.3658467979455337,524.2986,74.59738,2.8160255,231.371
2024-08-29 18:30:00,27.913001,158.45785763383438,0.24601900279171193,409.99923,57.683605,2.3474275,128.642
2024-08-29 19:00:00,27.063002,76.71483682051291,0.12267602323724792,295.69986,40.76983,1.8788295,51.638000000000005
2024-08-29 19:30:00,25.813002,20.21977696195098,0.0,147.84993,20.384915,1.72043975,14.359
2024-08-29 20:00:00,24.563002,0.0,0.0,0.0,0.0,1.56205,0.083
2024-08-29 20:30:00,23.813002,0.0,0.0,0.0,0.0,1.46109855,0.0
2024-08-29 21:00:00,23.063002,0.0,0.0,0.0,0.0,1.3601471,0.0
2024-08-29 21:30:00,22.488001,0.0,0.0,0.0,0.0,1.35089395,0.0
2024-08-29 22:00:00,21.913,0.0,0.0,0.0,0.0,1.3416408,0.0
2024-08-29 22:30:00,21.638,0.0,0.0,0.0,0.0,1.20933685,0.0
2024-08-29 23:00:00,21.363,0.0,0.0,0.0,0.0,1.0770329,0.0
2024-08-29 23:30:00,21.088001,0.0,0.0,0.0,0.0,0.962780525,0.0
2024-08-30 00:00:00,20.813002,0.0,0.0,0.0,0.0,0.84852815,0.0
2024-08-30 00:30:00,21.588001,0.0,0.0,0.0,0.0,0.7158116750000001,0.0
2024-08-30 01:00:00,22.363,0.0,0.0,0.0,0.0,0.5830952,0.0
2024-08-30 01:30:00,21.863,0.0,0.0,0.0,0.0,0.5415476,0.0
2024-08-30 02:00:00,21.363,0.0,0.0,0.0,0.0,0.5,0.0
2024-08-30 02:30:00,21.238,0.0,0.0,0.0,0.0,0.7908327,0.0
2024-08-30 03:00:00,21.113,0.0,0.0,0.0,0.0,1.0816654,0.0
2024-08-30 03:30:00,20.938,0.0,0.0,0.0,0.0,1.39230205,0.0
2024-08-30 04:00:00,20.763,0.0,0.0,0.0,0.0,1.7029387,0.0
2024-08-30 04:30:00,20.388,0.0,0.0,0.0,0.0,1.8222937,0.0
2024-08-30 05:00:00,20.013,0.0,0.0,0.0,0.0,1.9416487,0.0
2024-08-30 05:30:00,19.763,0.0,0.0,0.0,0.0,1.90490135,0.0
2024-08-30 06:00:00,19.513,0.0,0.0,0.0,0.0,1.868154,0.0
2024-08-30 06:30:00,19.7380005,0.0,0.0,0.0,0.0,1.79721085,0.0
2024-08-30 07:00:00,19.963001,0.0,0.0,0.0,0.0,1.7262677,7.146
2024-08-30 07:30:00,21.0130015,48.78207181523106,0.08358353117230118,211.238785,31.545643,1.3851492,47.49900000000001
2024-08-30 08:00:00,22.063002,149.95287372791256,0.20758710868163602,422.47757,63.091286,1.0440307,128.578
2024-08-30 08:30:00,23.5130015,272.9064256455383,0.3287278458914424,591.470335,79.020778,1.10511055,240.04200000000003
2024-08-30 09:00:00,24.963001,433.0491481971452,0.44493126840910124,760.4631,94.95027,1.1661904,354.10299999999995
2024-08-30 09:30:00,26.1630005,545.0964112231218,0.5542072794596946,793.39717,105.20091,1.4345645,464.051
2024-08-30 10:00:00,27.363,657.0705587809144,0.6546842487813245,826.33124,115.45155,1.7029386,556.536
2024-08-30 10:30:00,28.213001,722.5702636617639,0.7446410746452723,800.9747,125.350925,1.6146861499999998,639.397
2024-08-30 11:00:00,29.063002,774.1530579542897,0.8225366526372787,775.61816,135.2503,1.5264337,699.1510000000001
2024-08-30 11:30:00,29.663001,793.062326654262,0.887036286429592,727.1640299999999,147.326575,1.26321685,729.7130000000001
2024-08-30 12:00:00,30.263,795.8788321509593,0.9370345612144338,678.7099,159.40285,1.0,729.5559999999999
2024-08-30 12:30:00,30.813,823.8174357800772,0.9716742800950627,678.5219,163.933525,0.57071068,729.828
2024-08-30 13:00:00,31.363,840.9216664515886,0.9903611645038964,678.3339,168.4642,0.14142136,729.674
2024-08-30 13:30:00,30.838001,820.5585538211235,0.99277404545802,634.60613,190.624905,0.78660168,118.943
2024-08-30 14:00:00,30.313002,790.3433238831776,0.978870374388336,590.87836,212.78561,1.431782,729.6030000000001
2024-08-30 14:30:00,28.288001,719.5402345777773,0.9488869663063164,551.64255,196.90512,1.496916,729.4879999999999
2024-08-30 15:00:00,26.263,643.113044735283,0.9033359504633003,512.40674,181.02463,1.56205,218.575
2024-08-30 15:30:00,28.138,576.9575574937044,0.84299601199651,468.73616,183.07274,1.60564615,49.58
2024-08-30 16:00:00,30.013,510.22459864235407,0.7688990626002773,425.06558,185.12085,1.6492423,318.683
2024-08-30 16:30:00,28.013,405.0155547207826,0.6823125675063502,377.49794,148.79471,1.8876358,474.082
2024-08-30 17:00:00,26.013,304.4119965240026,0.5847178542215273,329.9303,112.46857,2.1260293,130.005
2024-08-30 17:30:00,26.663001,232.27907431192787,0.47778474506372676,267.557815,105.69398,1.416568035,82.437
2024-08-30 18:00:00,27.313002,171.94484903371614,0.36334295797055166,205.18533,98.91939,0.70710677,119.273
2024-08-30 18:30:00,27.113001,119.01033114309658,0.2433507928593059,213.187355,68.09857500000001,1.365976185,71.596
2024-08-30 19:00:00,26.913,63.381946588020114,0.11986159703886297,221.18938,37.27776,2.0248456,54.445
2024-08-30 19:30:00,25.738001,18.434917126592087,0.0,110.59469,18.63888,1.638921,14.771
2024-08-30 20:00:00,24.563002,0.0,0.0,0.0,0.0,1.2529964,0.019
2024-08-30 20:30:00,23.813002,0.0,0.0,0.0,0.0,1.1673309,0.0
2024-08-30 21:00:00,23.063002,0.0,0.0,0.0,0.0,1.0816654,0.0
2024-08-30 21:30:00,22.963001,0.0,0.0,0.0,0.0,0.92162135,0.0
2024-08-30 22:00:00,22.863,0.0,0.0,0.0,0.0,0.7615773,0.0
2024-08-30 22:30:00,22.113,0.0,0.0,0.0,0.0,0.63078865,0.0
2024-08-30 23:00:00,21.363,0.0,0.0,0.0,0.0,0.5,0.0
2024-08-30 23:30:00,21.113,0.0,0.0,0.0,0.0,0.5328427250000001,0.0
2024-08-31 00:00:00,20.863,0.0,0.0,0.0,0.0,0.56568545,0.0
2024-08-31 00:30:00,20.588001,0.0,0.0,0.0,0.0,0.663631375,0.0
2024-08-31 01:00:00,20.313002,0.0,0.0,0.0,0.0,0.7615773,0.0
2024-08-31 01:30:00,20.113001,0.0,0.0,0.0,0.0,0.7413438,0.0
2024-08-31 02:00:00,19.913,0.0,0.0,0.0,0.0,0.7211103,0.0
2024-08-31 02:30:00,19.538,0.0,0.0,0.0,0.0,0.8322541999999999,0.0
2024-08-31 03:00:00,19.163,0.0,0.0,0.0,0.0,0.9433981,0.0
2024-08-31 03:30:00,19.588,0.0,0.0,0.0,0.0,1.03071605,0.0
2024-08-31 04:00:00,20.013,0.0,0.0,0.0,0.0,1.118034,0.0
2024-08-31 04:30:00,19.8630005,0.0,0.0,0.0,0.0,1.1631693,0.0
2024-08-31 05:00:00,19.713001,0.0,0.0,0.0,0.0,1.2083046,0.0
2024-08-31 05:30:00,19.7630015,0.0,0.0,0.0,0.0,1.4541523,0.0
2024-08-31 06:00:00,19.813002,0.0,0.0,0.0,0.0,1.7,0.0
2024-08-31 06:30:00,19.738001,0.0,0.0,0.0,0.0,1.7,0.0
2024-08-31 07:00:00,19.663,0.0,0.0,0.0,0.0,1.7,6.7780000000000005
2024-08-31 07:30:00,20.488001,45.20559960431481,0.08329552792045321,176.971025,30.916706000000005,2.06037185,40.28
2024-08-31 08:00:00,21.313002,134.33663147318887,0.20739898571688983,353.94205,61.833412,2.4207437,166.472
2024-08-31 08:30:00,22.288001,251.395393892044,0.32861485267567464,512.83501,83.685611,2.75471635,277.102
2024-08-31 09:00:00,23.263,403.64081999967493,0.4448673531226865,671.72797,105.53781,3.088689,152.952
2024-08-31 09:30:00,24.013,513.1667822034151,0.554165538486964,720.68851,114.03071,3.2907695,127.469
2024-08-31 10:00:00,24.763,626.6021619723664,0.6546373908781816,769.64905,122.52361,3.49285,572.755
2024-08-31 10:30:00,25.413001,694.4627358389102,0.7445618918850139,754.606295,132.2027,3.35654925,636.3399999999999
2024-08-31 11:00:00,26.063002,750.6781129256432,0.8223984899301551,739.56354,141.88179,3.2202485,715.259
2024-08-31 11:30:00,26.613001,725.3963316963575,0.8868135015941836,567.02423,224.545435,2.7954512,729.575
2024-08-31 12:00:00,27.163,672.1561983929407,0.9367029675369103,394.48492,307.20908,2.3706539,729.634
2024-08-31 12:30:00,24.788,598.1909573366661,0.9712115638257394,327.21596,284.79164,2.5933397,729.505
2024-08-31 13:00:00,22.413,515.4308966544857,0.9897472700289474,259.947,262.3742,2.8160255,729.7189999999999
2024-08-31 13:30:00,24.038,551.9378352336416,0.9919915214803244,290.6514,267.736935,2.3380665,438.478
2024-08-31 14:00:00,25.663,583.3344976167405,0.9779046751746849,321.3558,273.09967,1.8601075,37.014
2024-08-31 14:30:00,26.0630005,643.0588616708819,0.9477267027516162,414.383285,253.357475,2.18305025,14.465
2024-08-31 15:00:00,26.463001,689.2652146105198,0.9019730866332654,507.41077,233.61528,2.505993,36.045
2024-08-31 15:30:00,26.5130015,675.9423279072914,0.8414260038101747,573.1840550000001,194.58103,2.07761765,513.834
2024-08-31 16:00:00,26.563002,645.8639147565748,0.7671209361760719,638.95734,155.54678,1.6492423,240.42
2024-08-31 16:30:00,26.238001,504.65180867327206,0.6803289358630494,534.524295,141.339785,2.14465915,426.615
2024-08-31 17:00:00,25.913,376.83571711033534,0.5825348720849047,430.09125,127.13279,2.640076,454.15600000000006
2024-08-31 17:30:00,25.6880005,275.90498167897647,0.4754120025382289,345.19876,112.88264,2.121599,346.228
2024-08-31 18:00:00,25.463001,191.21089204925386,0.3607933148466854,260.30627,98.63249,1.603122,49.56
2024-08-31 18:30:00,25.1630005,128.92137163231803,0.24064015659033008,248.242235,70.09517500000001,1.78771515,146.817
2024-08-31 19:00:00,24.863,68.70940452584732,0.11700864807698541,236.1782,41.55786,1.9723083,39.005
2024-08-31 19:30:00,23.863,20.53725631929572,0.0,118.0891,20.77893,1.9723083,8.318
2024-08-31 20:00:00,22.863,0.0,0.0,0.0,0.0,1.9723083,0.0
2024-08-31 20:30:00,22.088001,0.0,0.0,0.0,0.0,2.01693055,0.0
2024-08-31 21:00:00,21.313002,0.0,0.0,0.0,0.0,2.0615528,0.0
2024-08-31 21:30:00,20.863001,0.0,0.0,0.0,0.0,2.0902574,0.0
2024-08-31 22:00:00,20.413,0.0,0.0,0.0,0.0,2.118962,0.0
2024-08-31 22:30:00,20.1880005,0.0,0.0,0.0,0.0,2.2479675,0.0
2024-08-31 23:00:00,19.963001,0.0,0.0,0.0,0.0,2.376973,0.0
2024-08-31 23:30:00,19.8630005,0.0,0.0,0.0,0.0,2.29866665,0.0
2024-09-01 00:00:00,19.763,0.0,0.0,0.0,0.0,2.2203603,0.0
2024-09-01 00:30:00,19.6130005,0.0,0.0,0.0,0.0,2.12260295,0.0
2024-09-01 01:00:00,19.463001,0.0,0.0,0.0,0.0,2.0248456,0.0
2024-09-01 01:30:00,19.2630015,0.0,0.0,0.0,0.0,2.13603295,0.0
2024-09-01 02:00:00,19.063002,0.0,0.0,0.0,0.0,2.2472203,0.0
2024-09-01 02:30:00,18.8880015,0.0,0.0,0.0,0.0,2.02499795,0.0
2024-09-01 03:00:00,18.713001,0.0,0.0,0.0,0.0,1.8027756,0.0
2024-09-01 03:30:00,18.7630015,0.0,0.0,0.0,0.0,1.7091625,0.0
2024-09-01 04:00:00,18.813002,0.0,0.0,0.0,0.0,1.6155494,0.0
2024-09-01 04:30:00,18.913001,0.0,0.0,0.0,0.0,1.4804559,0.0
2024-09-01 05:00:00,19.013,0.0,0.0,0.0,0.0,1.3453624,0.0
2024-09-01 05:30:00,18.913001,0.0,0.0,0.0,0.0,1.5270815999999998,0.0
2024-09-01 06:00:00,18.813002,0.0,0.0,0.0,0.0,1.7088008,0.0
2024-09-01 06:30:00,18.588001,0.0,0.0,0.0,0.0,1.80308365,0.0
2024-09-01 07:00:00,18.363,0.0,0.0,0.0,0.0,1.8973665,2.01
2024-09-01 07:30:00,18.563,43.36719965373673,0.0830173353114625,86.41926,36.906275,2.2106261,45.962
2024-09-01 08:00:00,18.763,108.20069227630839,0.20721588184400008,172.83852,73.81255,2.5238857,96.453
2024-09-01 08:30:00,19.513,204.00819069075322,0.3285017945255966,264.86457,119.13485,2.6735022,284.962
2024-09-01 09:00:00,20.263,320.35786649113163,0.4447980844944109,356.89062,164.45715,2.8231187,96.16700000000002
2024-09-01 09:30:00,21.388,442.124162728018,0.5541130429648841,530.14211,149.950115,3.17932635,479.94
2024-09-01 10:00:00,22.513,595.5408217252038,0.6545743580295943,703.3936,135.44308,3.535534,620.357
2024-09-01 10:30:00,23.3630005,703.8426663714718,0.7444611885357361,772.367575,128.22826,3.987001,674.255
2024-09-01 11:00:00,24.213001,814.35187488637,0.8222336284811246,841.34155,121.01344,4.438468,729.688
2024-09-01 11:30:00,24.5380005,862.6310427359883,0.88655909717238,824.3257249999999,130.18643,4.6712737,729.897
2024-09-01 12:00:00,24.863,896.9752424016585,0.936335176159184,807.3099,139.35942,4.9040794,729.762
2024-09-01 12:30:00,24.488,876.7146981632804,0.9707084939893043,741.888075,155.429025,4.625170949999999,729.8880000000001
2024-09-01 13:00:00,24.113,841.1382700488291,0.9890893605942965,676.46625,171.49863,4.3462625,729.637
2024-09-01 13:30:00,23.513,754.234853910025,0.9911618793289589,551.276575,208.914505,3.9904094,729.604
2024-09-01 14:00:00,22.913,659.84811817811,0.976889366804826,426.0869,246.33038,3.6345563,412.975
2024-09-01 14:30:00,23.863001,664.2261341065619,0.946514994763774,455.8008,235.14246,3.62420915,729.739
2024-09-01 15:00:00,24.813002,659.2332963517892,0.9005576309483359,485.5147,223.95454,3.613862,145.48399999999998
2024-09-01 15:30:00,24.463001,593.4222542778906,0.8398029644275756,464.28435,205.33493,2.7687002,601.279
2024-09-01 16:00:00,24.113,524.0952534500552,0.7652900552937824,443.054,186.71532,1.9235384,699.387
2024-09-01 16:30:00,24.713001,472.7768117033528,0.6782935381789768,465.563715,158.14836,2.1386294,552.118
2024-09-01 17:00:00,25.313002,412.1753646503539,0.5803018073034001,488.07343,129.5814,2.3537204,471.185
2024-09-01 17:30:00,24.8880015,311.99825471997116,0.4729915269525209,430.941805,108.846158,2.75799905,379.889
2024-09-01 18:00:00,24.463001,221.2857941478274,0.3581989141700755,373.81018,88.110916,3.1622777,244.192
2024-09-01 18:30:00,23.5380005,132.6957270884327,0.23788831304937225,296.24563,62.800493,3.27303125,110.098
2024-09-01 19:00:00,22.613,62.01288331385956,0.11411855584853561,218.68108,37.49007,3.3837848,41.16
2024-09-01 19:30:00,21.838001,18.528657136430738,0.0,109.34054,18.745035,2.85915425,6.236000000000001
2024-09-01 20:00:00,21.063002,0.0,0.0,0.0,0.0,2.3345237,0.0
2024-09-01 20:30:00,20.563002,0.0,0.0,0.0,0.0,2.153416,0.0
2024-09-01 21:00:00,20.063002,0.0,0.0,0.0,0.0,1.9723083,0.0
2024-09-01 21:30:00,19.813002,0.0,0.0,0.0,0.0,1.70204515,0.0
2024-09-01 22:00:00,19.563002,0.0,0.0,0.0,0.0,1.431782,0.0
2024-09-01 22:30:00,19.438002,0.0,0.0,0.0,0.0,1.2306725,0.0
2024-09-01 23:00:00,19.313002,0.0,0.0,0.0,0.0,1.029563,0.0
2024-09-01 23:30:00,19.538001,0.0,0.0,0.0,0.0,0.9178944,0.0
2024-09-02 00:00:00,19.763,0.0,0.0,0.0,0.0,0.8062258,0.0
2024-09-02 00:30:00,19.4880005,0.0,0.0,0.0,0.0,0.7072510249999999,0.0
2024-09-02 01:00:00,19.213001,0.0,0.0,0.0,0.0,0.60827625,0.0
2024-09-02 01:30:00,18.4380005,0.0,0.0,0.0,0.0,0.51029341,0.0
2024-09-02 02:00:00,17.663,0.0,0.0,0.0,0.0,0.41231057,0.0
2024-09-02 02:30:00,17.588,0.0,0.0,0.0,0.0,0.306155285,0.0
2024-09-02 03:00:00,17.513,0.0,0.0,0.0,0.0,0.2,0.0
2024-09-02 03:30:00,17.813000000000002,0.0,0.0,0.0,0.0,0.560977225,0.0
2024-09-02 04:00:00,18.113,0.0,0.0,0.0,0.0,0.92195445,0.0
2024-09-02 04:30:00,17.838001,0.0,0.0,0.0,0.0,0.66713251,0.0
2024-09-02 05:00:00,17.563002,0.0,0.0,0.0,0.0,0.41231057,0.0
2024-09-02 05:30:00,17.3880015,0.0,0.0,0.0,0.0,0.5263115,0.0
2024-09-02 06:00:00,17.213001,0.0,0.0,0.0,0.0,0.64031243,0.0
2024-09-02 06:30:00,17.588001,0.0,0.0,0.0,0.0,1.016575565,0.0
2024-09-02 07:00:00,17.963001,0.0,0.0,0.0,0.0,1.3928387,6.267
2024-09-02 07:30:00,18.7880005,45.8209483728369,0.0827483425459502,189.11096,30.597605,1.12361955,45.959
2024-09-02 08:00:00,19.613,138.65061520005105,0.20703706292042573,378.22192,61.19521,0.8544004,132.413
2024-09-02 08:30:00,21.063,260.6981397845899,0.3283878348064297,555.28604,78.9762975,0.731338325,247.777
2024-09-02 09:00:00,22.513,422.04588673508283,0.44472254592625865,732.35016,96.757385,0.60827625,363.9500000000001
2024-09-02 09:30:00,23.463,536.7589057026165,0.5540488202917984,781.0390299999999,103.8749175,0.76511535,474.98
2024-09-02 10:00:00,24.413,654.7490997448003,0.6544941465227916,829.7279,110.99245,0.92195445,568.928
2024-09-02 10:30:00,25.238001,747.0264122804291,0.7443379552724528,846.87988,115.467315,1.251546575,653.242
2024-09-02 11:00:00,26.063002,831.8957844750965,0.8220410788828444,864.03186,119.94218,1.5811387,727.332
2024-09-02 11:30:00,26.7630015,854.0882714309761,0.8862721288990152,797.12363,146.54704,1.93074485,729.7059999999999
2024-09-02 12:00:00,27.463001,857.0442550929379,0.9359303123902252,730.2154,173.1519,2.280351,729.888
2024-09-02 12:30:00,27.8130005,834.0576240530602,0.9701642886982262,668.440615,185.58737,2.5552727500000003,729.5689999999998
2024-09-02 13:00:00,28.163,797.1277722981043,0.9883867687549308,606.66583,198.02284,2.8301945,234.945
2024-09-02 13:30:00,28.213,772.3109750690138,0.9902845856463662,565.166915,213.742645,2.2665666,450.313
2024-09-02 14:00:00,28.263,738.7703264784388,0.9758240673373351,523.668,229.46245,1.7029387,543.849
2024-09-02 14:30:00,27.688,642.9092121824164,0.9452516265338469,442.70967,226.664645,1.25458225,445.419
2024-09-02 15:00:00,27.113,546.3587121643443,0.8990895455510076,361.75134,223.86684,0.8062258,141.041
2024-09-02 15:30:00,26.863,475.93826343886496,0.8381270427068099,296.35774000000004,230.96397,0.7936254,95.266
2024-09-02 16:00:00,26.613,410.31337621217233,0.7634067610437971,230.96414,238.0611,0.781025,287.51
2024-09-02 16:30:00,25.988,313.2033690797384,0.6762069099858558,212.905035,172.012312,1.4452634999999998,290.003
2024-09-02 17:00:00,25.363,217.10196164408146,0.5780193886404082,194.84593,105.963524,2.109502,511.346
2024-09-02 17:30:00,24.263,204.71944698868003,0.4705242358046998,231.06429,97.294042,2.3982539000000003,141.906
2024-09-02 18:00:00,23.163,182.55420811515847,0.355560854369781,267.28265,88.62456,2.6870058,57.21600000000001
2024-09-02 18:30:00,23.338,116.8112732502044,0.2350965307037675,224.77211,64.814805,1.804480125,68.36999999999999
2024-09-02 19:00:00,23.513,60.68346351966032,0.11119274492215817,182.26157,41.00505,0.92195445,42.247
2024-09-02 19:30:00,22.9880005,20.208649628769123,0.0,91.130785,20.502525,1.001809925,21.376
2024-09-02 20:00:00,22.463001,0.0,0.0,0.0,0.0,1.0816654,0.0
2024-09-02 20:30:00,22.1130005,0.0,0.0,0.0,0.0,1.144985,0.0
2024-09-02 21:00:00,21.763,0.0,0.0,0.0,0.0,1.2083046,0.0
2024-09-02 21:30:00,21.338,0.0,0.0,0.0,0.0,1.1189338,0.0
2024-09-02 22:00:00,20.913,0.0,0.0,0.0,0.0,1.029563,0.0
2024-09-02 22:30:00,20.5630005,0.0,0.0,0.0,0.0,0.868334885,0.0
2024-09-02 23:00:00,20.213001,0.0,0.0,0.0,0.0,0.70710677,0.0
2024-09-02 23:30:00,19.8880015,0.0,0.0,0.0,0.0,0.645100985,0.0
2024-09-03 00:00:00,19.563002,0.0,0.0,0.0,0.0,0.5830952,0.0
2024-09-03 00:30:00,19.2630015,0.0,0.0,0.0,0.0,0.5830952,0.0
2024-09-03 01:00:00,18.963001,0.0,0.0,0.0,0.0,0.5830952,0.0
2024-09-03 01:30:00,18.6630005,0.0,0.0,0.0,0.0,0.6820601,0.0
2024-09-03 02:00:00,18.363,0.0,0.0,0.0,0.0,0.781025,0.0
2024-09-03 02:30:00,18.188,0.0,0.0,0.0,0.0,0.8905125,0.0
2024-09-03 03:00:00,18.013,0.0,0.0,0.0,0.0,1.0,0.0
2024-09-03 03:30:00,18.338,0.0,0.0,0.0,0.0,1.085235,0.0
2024-09-03 04:00:00,18.663,0.0,0.0,0.0,0.0,1.17047,0.0
2024-09-03 04:30:00,18.588,0.0,0.0,0.0,0.0,1.1000165,0.0
2024-09-03 05:00:00,18.513,0.0,0.0,0.0,0.0,1.029563,0.0
2024-09-03 05:30:00,18.463,0.0,0.0,0.0,0.0,1.0737985,0.0
2024-09-03 06:00:00,18.413,0.0,0.0,0.0,0.0,1.118034,0.0
2024-09-03 06:30:00,18.3130005,0.0,0.0,0.0,0.0,1.20901705,0.0
2024-09-03 07:00:00,18.213001,0.0,0.0,0.0,0.0,1.3000001,6.036999999999999
2024-09-03 07:30:00,19.338001,45.75120151687985,0.08248790173404014,185.00734,30.927480000000003,1.23523505,45.473
2024-09-03 08:00:00,20.463001,137.52255772223776,0.20686176357238137,370.01468,61.85496,1.17047,126.37699999999998
2024-09-03 08:30:00,21.8880015,260.7901141129461,0.32827211200121137,554.52929,79.393185,1.41288225,236.969
2024-09-03 09:00:00,23.313002,425.1348913515351,0.4446398028386062,739.0439,96.93141,1.6552945,360.622
2024-09-03 09:30:00,24.288001,539.8611396381032,0.5539718871371685,786.52778,103.996768,2.1276473,468.142
2024-09-03 10:00:00,25.263,657.540850106587,0.6543957495050567,834.01166,111.062126,2.6000001,564.172
2024-09-03 10:30:00,26.138,751.7510445002571,0.7441911872835029,854.7464,114.415988,2.8692356,645.2199999999999
2024-09-03 11:00:00,27.013,839.0332391320092,0.8218198639676293,875.48114,117.76985,3.1384711,705.8670000000001
2024-09-03 11:30:00,27.888,903.1319296573309,0.8859516723358558,881.95112,119.596585,3.3426503,729.681
2024-09-03 12:00:00,28.763,955.0931315073626,0.9354875287278147,888.4211,121.42332,3.5468295,729.5310000000001
2024-09-03 12:30:00,29.313,948.5483317555177,0.9695782002561325,833.56365,138.280765,3.3434465,729.768
2024-09-03 13:00:00,29.863,925.7806138595906,0.9876388677515815,778.7062,155.13821,3.1400635,729.4270000000001
2024-09-03 13:30:00,29.6630005,864.6385461634751,0.9893591536589202,686.273085,185.352935,2.80696345,729.451
2024-09-03 14:00:00,29.463001,793.4567057323188,0.9747084466119977,593.83997,215.56766,2.4738634,729.647
2024-09-03 14:30:00,29.3630005,739.0335899291083,0.9439364384199264,548.22426,223.019905,2.8369317,729.5540000000001
2024-09-03 15:00:00,29.263,679.5793773131231,0.8975688522847636,502.60855,230.47215,3.2,729.636
2024-09-03 15:30:00,29.088,658.7071733659595,0.8363984497853696,569.930175,182.747305,2.85,698.7009999999999
2024-09-03 16:00:00,28.913,620.832376600159,0.7614714584112003,637.2518,135.02246,2.5,634.451
2024-09-03 16:30:00,28.363001,522.6814005204955,0.6740696512614205,584.96655,128.23009,2.6,550.732
2024-09-03 17:00:00,27.813002,427.8215352845343,0.5756884088830081,532.6813,121.43772,2.7,451.91
2024-09-03 17:30:00,26.963001,328.23114790278464,0.46801110913004723,490.291,99.02765,2.404751,341.969
2024-09-03 18:00:00,26.113,234.43127182899093,0.3528802939628889,447.9007,76.61758,2.109502,226.928
2024-09-03 18:30:00,25.5380005,137.3789224718175,0.2322661346174784,350.646355,56.230167,1.59326745,119.84000000000002
2024-09-03 19:00:00,24.963001,62.92065622545289,0.10823269216634478,253.39201,35.842754,1.0770329,41.55
2024-09-03 19:30:00,24.0130015,17.747678404855765,0.0,126.696005,17.921377,1.03349118,7.997
2024-09-03 20:00:00,23.063002,0.0,0.0,0.0,0.0,0.98994946,0.0
2024-09-03 20:30:00,22.5130015,0.0,0.0,0.0,0.0,1.23827813,0.0
2024-09-03 21:00:00,21.963001,0.0,0.0,0.0,0.0,1.4866068,0.0
2024-09-03 21:30:00,21.5130015,0.0,0.0,0.0,0.0,1.45919445,0.0
2024-09-03 22:00:00,21.063002,0.0,0.0,0.0,0.0,1.4317821,0.0
2024-09-03 22:30:00,20.713001,0.0,0.0,0.0,0.0,1.3343569,0.0
2024-09-03 23:00:00,20.363,0.0,0.0,0.0,0.0,1.2369317,0.0
2024-09-03 23:30:00,20.138,0.0,0.0,0.0,0.0,1.25092135,0.0
2024-09-04 00:00:00,19.913,0.0,0.0,0.0,0.0,1.264911,0.0
2024-09-04 00:30:00,19.8130005,0.0,0.0,0.0,0.0,1.40866425,0.0
2024-09-04 01:00:00,19.713001,0.0,0.0,0.0,0.0,1.5524175,0.0
2024-09-04 01:30:00,19.4880005,0.0,0.0,0.0,0.0,1.5328460499999998,0.0
2024-09-04 02:00:00,19.263,0.0,0.0,0.0,0.0,1.5132746,0.0
2024-09-04 02:30:00,19.163001,0.0,0.0,0.0,0.0,1.6580251,0.0
2024-09-04 03:00:00,19.063002,0.0,0.0,0.0,0.0,1.8027756,0.0
2024-09-04 03:30:00,19.188002,0.0,0.0,0.0,0.0,1.7572499499999998,0.0
2024-09-04 04:00:00,19.313002,0.0,0.0,0.0,0.0,1.7117243,0.0
2024-09-04 04:30:00,19.038001,0.0,0.0,0.0,0.0,1.60752695,0.0
2024-09-04 05:00:00,18.763,0.0,0.0,0.0,0.0,1.5033296,0.0
2024-09-04 05:30:00,18.463,0.0,0.0,0.0,0.0,1.403585,0.0
2024-09-04 06:00:00,18.163,0.0,0.0,0.0,0.0,1.3038404,0.0
2024-09-04 06:30:00,17.988001,0.0,0.0,0.0,0.0,1.2109372,0.0
2024-09-04 07:00:00,17.813002,0.0,0.0,0.0,0.0,1.118034,5.606
2024-09-04 07:30:00,18.913001,45.17363622932015,0.08223532289818361,186.0296,30.295355,1.4134174,43.671
2024-09-04 08:00:00,20.013,136.65147585563483,0.20668918238343356,372.0592,60.59071,1.7088008,131.131
2024-09-04 08:30:00,21.963,261.65790704425564,0.3281537353572865,558.97925,78.849497,1.73899065,246.91
2024-09-04 09:00:00,23.913,428.2914047246158,0.444548898752062,745.8993,97.108284,1.7691805,366.492
2024-09-04 09:30:00,25.138,542.5201194555691,0.5538812461217641,793.2904000000001,102.950632,2.8976725,475.69
2024-09-04 10:00:00,26.363,659.5997360725288,0.6542781541736533,840.6815,108.79298,4.0261645,575.04
2024-09-04 10:30:00,26.988,754.2505995356051,0.7440198821493412,859.7662250000001,113.29581,4.55325925,655.9199999999998
2024-09-04 11:00:00,27.613,841.6113835834212,0.82156901726939,878.85095,117.79864,5.080354,724.166
2024-09-04 11:30:00,28.088001,904.5157873152195,0.8855968219886496,884.434445,119.08594,5.2572528,729.691
2024-09-04 12:00:00,28.563002,955.1243529491462,0.9350060045789065,890.01794,120.37324,5.4341516,729.803
2024-09-04 12:30:00,29.038001,976.3129902068296,0.9689495154463148,875.89777,124.99182,5.54285,729.686
2024-09-04 13:00:00,29.513,982.7132839411673,0.9868450723686959,861.7776,129.6104,5.6515484,729.683
2024-09-04 13:30:00,29.688,940.081313381294,0.9883851445604596,805.9389699999999,141.423265,5.54285,729.72
2024-09-04 14:00:00,29.863,884.9884664242373,0.9735422281048577,750.10034,153.23613,5.4341516,729.727
2024-09-04 14:30:00,29.963001,853.4997123370897,0.9425693292467798,748.5542,146.401015,5.13057945,729.542
2024-09-04 15:00:00,30.063002,810.4528154848085,0.8959956353439816,747.00806,139.5659,4.8270073,729.605
2024-09-04 15:30:00,29.788001,735.2616423832302,0.8346174620555442,724.16605,129.444875,4.49316695,716.5419999999999
2024-09-04 16:00:00,29.513,653.2279907145748,0.7594846194374351,701.32404,119.32385,4.1593266,639.045
2024-09-04 16:30:00,29.263,550.5921455910801,0.6718824298085099,654.5690950000001,109.90454,3.805931,555.337
2024-09-04 17:00:00,29.013,449.479939217167,0.5733097282782439,607.81415,100.48523,3.4525354,454.255
2024-09-04 17:30:00,28.563,332.39981862783264,0.46545319300332505,522.266265,89.206395,3.4726927,343.25800000000004
2024-09-04 18:00:00,28.113,230.52509511999227,0.3501584549422069,436.71838,77.92756,3.49285,226.275
2024-09-04 18:30:00,27.388,133.08186330586523,0.22939850980985146,334.92355,56.6024025,3.2761309,115.15300000000002
2024-09-04 19:00:00,26.663,59.43178827841081,0.105239929861321,233.12872,35.277245,3.0594118,40.51
2024-09-04 19:30:00,25.588,17.44866906847563,0.0,116.56436,17.6386225,2.8944403,8.353
2024-09-04 20:00:00,24.513,0.0,0.0,0.0,0.0,2.7294688,0.0
2024-09-04 20:30:00,23.788001,0.0,0.0,0.0,0.0,2.3955108,0.0
2024-09-04 21:00:00,23.063002,0.0,0.0,0.0,0.0,2.0615528,0.0
2024-09-04 21:30:00,22.563002,0.0,0.0,0.0,0.0,1.81340015,0.0
2024-09-04 22:00:00,22.063002,0.0,0.0,0.0,0.0,1.5652475,0.0
2024-09-04 22:30:00,21.6380015,0.0,0.0,0.0,0.0,1.4150792499999998,0.0
2024-09-04 23:00:00,21.213001,0.0,0.0,0.0,0.0,1.264911,0.0
2024-09-04 23:30:00,20.963001,0.0,0.0,0.0,0.0,1.33956225,0.0
2024-09-05 00:00:00,20.713001,0.0,0.0,0.0,0.0,1.4142135,0.0
2024-09-05 00:30:00,20.5380005,0.0,0.0,0.0,0.0,1.38718025,0.0
2024-09-05 01:00:00,20.363,0.0,0.0,0.0,0.0,1.360147,0.0
2024-09-05 01:30:00,20.138,0.0,0.0,0.0,0.0,1.2653085,0.0
2024-09-05 02:00:00,19.913,0.0,0.0,0.0,0.0,1.17047,0.0
2024-09-05 02:30:00,19.763,0.0,0.0,0.0,0.0,1.1553227499999998,0.0
2024-09-05 03:00:00,19.613,0.0,0.0,0.0,0.0,1.1401755,0.0
2024-09-05 03:30:00,19.638,0.0,0.0,0.0,0.0,1.20254325,0.0
2024-09-05 04:00:00,19.663,0.0,0.0,0.0,0.0,1.264911,0.0
2024-09-05 04:30:00,19.463,0.0,0.0,0.0,0.0,1.147237,0.0
2024-09-05 05:00:00,19.263,0.0,0.0,0.0,0.0,1.029563,0.0
2024-09-05 05:30:00,19.063,0.0,0.0,0.0,0.0,0.98648055,0.0
2024-09-05 06:00:00,18.863,0.0,0.0,0.0,0.0,0.9433981,0.0
2024-09-05 06:30:00,18.763,0.0,0.0,0.0,0.0,0.98648055,0.0
2024-09-05 07:00:00,18.663,0.0,0.0,0.0,0.0,1.029563,5.2940000000000005
2024-09-05 07:30:00,19.763,44.15891281639316,0.08198987356063897,181.87158,29.657160000000005,1.21120085,42.03
2024-09-05 08:00:00,20.863,133.6142550996059,0.20651848178744275,363.74316,59.31432,1.3928387,127.726
2024-09-05 08:30:00,23.113,258.8221720746295,0.3280317849604707,554.17313,77.643862,1.43972275,243.864
2024-09-05 09:00:00,25.363,426.5149679031385,0.44444885565448283,744.6031,95.973404,1.4866068,363.352
2024-09-05 09:30:00,26.638,542.1457824306851,0.5537758863307355,793.7262350000001,102.418107,2.6958659000000003,473.206
2024-09-05 10:00:00,27.913,660.9634696777448,0.6541403425263258,842.84937,108.86281,3.905125,570.309
2024-09-05 10:30:00,28.488001,755.6737024217671,0.7438230406879383,862.569435,112.794555,4.50305265,654.3610000000001
2024-09-05 11:00:00,29.063002,843.1410827783559,0.8212875840809875,882.2895,116.7263,5.1009803,725.8340000000001
2024-09-05 11:30:00,29.488001,906.4965683850584,0.8852066924609552,887.6499699999999,118.55263,5.25095315,729.788
2024-09-05 12:00:00,29.913,957.4628920561805,0.9344849475252825,893.01044,120.37896,5.400926,729.5310000000001
2024-09-05 12:30:00,30.138,974.3649513162745,0.9682775568821219,877.595095,121.927385,5.552216700000001,729.4799999999999
2024-09-05 13:00:00,30.363,976.3739624263324,0.9860048403174648,862.17975,123.47581,5.7035074,729.748
2024-09-05 13:30:00,30.313,963.0617919008758,0.9873621688941495,847.518975,123.512625,5.9553807,729.827
2024-09-05 14:00:00,30.263,936.0556892166468,0.9723251902753898,832.8582,123.54944,6.207254,729.7760000000001
2024-09-05 14:30:00,30.013,880.7009892967272,0.9411502575665949,801.61968,123.884935,6.353627,729.606
2024-09-05 15:00:00,29.763,815.2719913270286,0.89437004244458,770.38116,124.22043,6.5,729.533
2024-09-05 15:30:00,29.6130005,745.6577534931571,0.8327844221590235,754.64248,115.30917,6.26039865,718.092
2024-09-05 16:00:00,29.463001,667.8206502269717,0.7574467841238413,738.9038,106.39791,6.0207973,641.761
2024-09-05 16:30:00,29.1380015,570.8450373861166,0.669645981947517,705.65295,96.88511,5.8121839,543.9100000000001
2024-09-05 17:00:00,28.813002,472.33819181095976,0.5708842750679043,672.4021,87.37231,5.6035705,442.412
2024-09-05 17:30:00,28.188002,355.89504744501255,0.4628515997984947,600.9534,77.08344,5.40178525,331.664
2024-09-05 18:00:00,27.563002,250.95934789064535,0.34739662289613865,529.5047,66.79457,5.2,80.66900000000001
2024-09-05 18:30:00,26.688002,140.35047359588268,0.22649510111108365,399.407975,49.915178,4.6524375,112.304
2024-09-05 19:00:00,25.813002,60.28977548200629,0.10221604540341206,269.31125,33.035786,4.104875,41.692
2024-09-05 19:30:00,24.6380015,16.38092226217832,0.0,134.655625,16.517893,3.5731282,5.549
2024-09-05 20:00:00,23.463001,0.0,0.0,0.0,0.0,3.0413814,0.0
2024-09-05 20:30:00,22.838001,0.0,0.0,0.0,0.0,2.7796586000000003,0.0
2024-09-05 21:00:00,22.213001,0.0,0.0,0.0,0.0,2.5179358,0.0
2024-09-05 21:30:00,21.9880005,0.0,0.0,0.0,0.0,2.4755204,0.0
2024-09-05 22:00:00,21.763,0.0,0.0,0.0,0.0,2.433105,0.0
2024-09-05 22:30:00,21.538001,0.0,0.0,0.0,0.0,2.3934127,0.0
2024-09-05 23:00:00,21.313002,0.0,0.0,0.0,0.0,2.3537204,0.0
2024-09-05 23:30:00,21.213001,0.0,0.0,0.0,0.0,2.3934127,0.0
2024-09-06 00:00:00,21.113,0.0,0.0,0.0,0.0,2.433105,0.0
2024-09-06 00:30:00,20.813,0.0,0.0,0.0,0.0,2.2713035,0.0
2024-09-06 01:00:00,20.513,0.0,0.0,0.0,0.0,2.109502,0.0
2024-09-06 01:30:00,20.213,0.0,0.0,0.0,0.0,2.1059408,0.0
2024-09-06 02:00:00,19.913,0.0,0.0,0.0,0.0,2.1023796,0.0
2024-09-06 02:30:00,19.738001,0.0,0.0,0.0,0.0,2.1557258,0.0
2024-09-06 03:00:00,19.563002,0.0,0.0,0.0,0.0,2.209072,0.0
2024-09-06 03:30:00,20.088001,0.0,0.0,0.0,0.0,2.3635039,0.0
2024-09-06 04:00:00,20.613,0.0,0.0,0.0,0.0,2.5179358,0.0
2024-09-06 04:30:00,20.388,0.0,0.0,0.0,0.0,2.4600091,0.0
2024-09-06 05:00:00,20.163,0.0,0.0,0.0,0.0,2.4020824,0.0
2024-09-06 05:30:00,20.113001,0.0,0.0,0.0,0.0,2.45204075,0.0
2024-09-06 06:00:00,20.063002,0.0,0.0,0.0,0.0,2.5019991,0.0
2024-09-06 06:30:00,19.913001,0.0,0.0,0.0,0.0,2.35099955,0.0
2024-09-06 07:00:00,19.763,0.0,0.0,0.0,0.0,2.2,4.5600000000000005
2024-09-06 07:30:00,20.763,44.54962298687275,0.08175078134515745,182.893265,30.012745,2.1606601000000003,44.118
2024-09-06 08:00:00,21.763,134.67551948455684,0.20634879076560095,365.78653,60.02549,2.1213202,128.926
2024-09-06 08:30:00,23.788001,261.43817686101,0.32790531460495254,562.9540850000001,77.431095,2.3891931,244.536
2024-09-06 09:00:00,25.813002,432.2406134453415,0.4443386768519965,760.12164,94.8367,2.657066,363.953
2024-09-06 09:30:00,26.788001,548.3919111375388,0.5536547862084082,806.08389,101.884955,3.86871,469.631
2024-09-06 10:00:00,27.763,666.9324823595281,0.6539812941745226,852.04614,108.93321,5.080354,567.476
2024-09-06 10:30:00,28.263,760.965761928645,0.7435996697539561,870.57882,112.293455,5.335262,652.515
2024-09-06 11:00:00,28.763,847.435012193825,0.8209746240556266,889.1115,115.6537,5.59017,722.7280000000001
2024-09-06 11:30:00,29.1130005,910.0600620568184,0.8847804208835062,893.2629999999999,117.49124,5.8598035,729.735
2024-09-06 12:00:00,29.463001,960.0564416687938,0.9339235954982613,897.4145,119.32878,6.129437,729.5749999999999
2024-09-06 12:30:00,29.7880005,986.8484759089716,0.9675616849000479,893.1451999999999,119.86608,6.2246237,729.721
2024-09-06 13:00:00,30.113,999.0582964197756,0.9851176738205324,888.8759,120.40338,6.3198104,729.8019999999999
2024-09-06 13:30:00,30.313,987.5869127078296,0.9862898877894228,877.6015,118.99773,6.42372205,729.7289999999999
2024-09-06 14:00:00,30.513,961.8770577991336,0.9710571674345363,866.3271,117.59208,6.5276337,729.712
2024-09-06 14:30:00,30.513,912.7594743816028,0.9396792421562508,846.78475,114.194645,6.68178415,729.65
2024-09-06 15:00:00,30.513,851.9558346827284,0.8926922848971727,827.2424,110.79721,6.8359346,729.739
2024-09-06 15:30:00,30.388,765.5311618282024,0.8308997386985619,789.0604000000001,107.6427225,7.0401213,707.064
2024-09-06 16:00:00,30.263,673.5016635501995,0.7553585596702052,750.8784,104.488235,7.244308,608.194
2024-09-06 16:30:00,29.8630005,564.1828037002364,0.6673611113961659,697.75173,97.1655875,7.125367000000001,551.979
2024-09-06 17:00:00,29.463001,457.1549230892535,0.5684130439333323,644.62506,89.84294,7.006426,445.957
2024-09-06 17:30:00,29.0380005,338.3331755891743,0.4602075063543611,552.7772649999999,83.62287,6.5536228,335.498
2024-09-06 18:00:00,28.613,235.9747456443722,0.3445961448180733,460.92947,77.4028,6.1008196,219.343
2024-09-06 18:30:00,27.888,134.7674674210664,0.22355741078140817,359.555755,54.6560195,5.1793766,109.675
2024-09-06 19:00:00,27.163,57.2340230116804,0.09916267861850768,258.18204,31.909239,4.2579336,37.061
2024-09-06 19:30:00,25.838,15.816000177044854,0.0,129.09102,15.9546195,3.4037217,3.418
2024-09-06 20:00:00,24.513,0.0,0.0,0.0,0.0,2.5495098,0.0
2024-09-06 20:30:00,23.7380005,0.0,0.0,0.0,0.0,2.13788875,0.0
2024-09-06 21:00:00,22.963001,0.0,0.0,0.0,0.0,1.7262677,0.0
2024-09-06 21:30:00,22.588001,0.0,0.0,0.0,0.0,1.65370325,0.0
2024-09-06 22:00:00,22.213001,0.0,0.0,0.0,0.0,1.5811388,0.0
2024-09-06 22:30:00,21.963001,0.0,0.0,0.0,0.0,1.67657165,0.0
2024-09-06 23:00:00,21.713001,0.0,0.0,0.0,0.0,1.7720045,0.0
2024-09-06 23:30:00,21.588001,0.0,0.0,0.0,0.0,1.8683464,0.0
2024-09-07 00:00:00,21.463001,0.0,0.0,0.0,0.0,1.9646883,0.0
2024-09-07 00:30:00,21.3630005,0.0,0.0,0.0,0.0,2.00214805,0.0
2024-09-07 01:00:00,21.263,0.0,0.0,0.0,0.0,2.0396078,0.0
2024-09-07 01:30:00,21.1130005,0.0,0.0,0.0,0.0,2.0505803,0.0
2024-09-07 02:00:00,20.963001,0.0,0.0,0.0,0.0,2.0615528,0.0
2024-09-07 02:30:00,20.9380005,0.0,0.0,0.0,0.0,2.1488104,0.0
2024-09-07 03:00:00,20.913,0.0,0.0,0.0,0.0,2.236068,0.0
2024-09-07 03:30:00,20.9380005,0.0,0.0,0.0,0.0,2.22257,0.0
2024-09-07 04:00:00,20.963001,0.0,0.0,0.0,0.0,2.209072,0.0
2024-09-07 04:30:00,20.6880005,0.0,0.0,0.0,0.0,2.1557258,0.0
2024-09-07 05:00:00,20.413,0.0,0.0,0.0,0.0,2.1023796,0.0
2024-09-07 05:30:00,20.263,0.0,0.0,0.0,0.0,2.1023796,0.0
2024-09-07 06:00:00,20.113,0.0,0.0,0.0,0.0,2.1023796,0.0
2024-09-07 06:30:00,19.963001,0.0,0.0,0.0,0.0,2.0511898,0.0
2024-09-07 07:00:00,19.813002,0.0,0.0,0.0,0.0,2.0,3.606
2024-09-07 07:30:00,20.6380015,43.534013486145845,0.08151723754452993,178.67695,29.3734435,1.9,41.168
2024-09-07 08:00:00,21.463001,131.61646849228123,0.20617920854859484,357.3539,58.746887,1.8,125.318
2024-09-07 08:30:00,23.588001,259.95241605927396,0.32777335545362923,560.30738,76.8823385,1.9511898,241.29900000000004
2024-09-07 09:00:00,25.713001,433.71336492424285,0.4442173506450808,763.26086,95.01779,2.1023796,356.692
2024-09-07 09:30:00,27.0380005,550.564631191887,0.5535169171072354,809.99108,102.011165,3.1254368,463.609
2024-09-07 10:00:00,28.363,669.9064607724707,0.6537999898036547,856.7213,109.00454,4.148494,568.486
2024-09-07 10:30:00,28.963001,765.0332766814062,0.7433487854361759,875.546535,112.89446,4.7913228,654.057
2024-09-07 11:00:00,29.563002,852.5591658188556,0.820629214173592,894.37177,116.78438,5.4341516,722.926
2024-09-07 11:30:00,29.938002,915.6334913436981,0.8843171695483301,898.807315,118.587533,5.689028,729.5419999999999
2024-09-07 12:00:00,30.313002,966.0096653496188,0.9333212190874138,903.24286,120.390686,5.9439044,729.7020000000001
2024-09-07 12:30:00,30.538001,991.5284541398044,0.9668012994713369,898.1451099999999,120.391483,6.1128117,729.645
2024-09-07 13:00:00,30.763,1002.3293892784225,0.984183121088767,893.04736,120.39228,6.281719,729.5509999999999
2024-09-07 13:30:00,30.8630005,988.435737642455,0.9851680139913978,879.48983,118.978605,6.3302952,729.5840000000001
2024-09-07 14:00:00,30.963001,960.3012260633227,0.96973805031342,865.9323,117.56493,6.3788714,729.7669999999999
2024-09-07 14:30:00,30.9380005,909.4755972090296,0.93815636209096,844.73382,114.158083,6.32152745,729.6190000000001
2024-09-07 15:00:00,30.913,847.1318720294158,0.8909626372343216,823.53534,110.751236,6.2641835,729.535
2024-09-07 15:30:00,30.638,736.4782357541794,0.8289638853778523,741.69502,119.946303,5.90021375,693.0110000000001
2024-09-07 16:00:00,30.363,626.9032125177324,0.7532206192453179,659.8547,129.14137,5.536244,619.751
2024-09-07 16:30:00,29.988,524.229920334593,0.6650286875682758,610.11835,118.0556,5.3313232,533.66
2024-09-07 17:00:00,29.613,424.1989280861954,0.5658970939688501,560.382,106.96983,5.1264024,427.48300000000006
2024-09-07 17:30:00,28.988,321.711129518228,0.4575221515591215,509.5644,88.579905,4.79311135,320.314
2024-09-07 18:00:00,28.363,226.84845946761442,0.34175842642775317,458.7468,70.18998,4.4598203,205.104
2024-09-07 18:30:00,27.5380005,124.93442566498113,0.2205869954222339,337.364185,50.749339500000005,3.75306475,103.275
2024-09-07 19:00:00,26.713001,51.716509717354484,0.09608151854197912,215.98157,31.308699,3.0463092,36.962
2024-09-07 19:30:00,25.5380005,15.482336247336862,0.0,107.990785,15.654349500000002,2.752992,5.687
2024-09-07 20:00:00,24.363,0.0,0.0,0.0,0.0,2.4596748,0.0
2024-09-07 20:30:00,23.688,0.0,0.0,0.0,0.0,2.4947484,0.0
2024-09-07 21:00:00,23.013,0.0,0.0,0.0,0.0,2.529822,0.0
2024-09-07 21:30:00,22.688,0.0,0.0,0.0,0.0,2.37509125,0.0
2024-09-07 22:00:00,22.363,0.0,0.0,0.0,0.0,2.2203605,0.0
2024-09-07 22:30:00,22.138,0.0,0.0,0.0,0.0,2.11516785,0.0
2024-09-07 23:00:00,21.913,0.0,0.0,0.0,0.0,2.0099752,0.0
2024-09-07 23:30:00,21.6880005,0.0,0.0,0.0,0.0,1.95630245,0.0
2024-09-08 00:00:00,21.463001,0.0,0.0,0.0,0.0,1.9026297,0.0
2024-09-08 00:30:00,21.3130005,0.0,0.0,0.0,0.0,2.10240135,0.0
2024-09-08 01:00:00,21.163,0.0,0.0,0.0,0.0,2.302173,0.0
2024-09-08 01:30:00,21.113001,0.0,0.0,0.0,0.0,2.355246,0.0
2024-09-08 02:00:00,21.063002,0.0,0.0,0.0,0.0,2.408319,0.0
2024-09-08 02:30:00,21.0130015,0.0,0.0,0.0,0.0,2.3086955,0.0
2024-09-08 03:00:00,20.963001,0.0,0.0,0.0,0.0,2.209072,0.0
2024-09-08 03:30:00,21.0630005,0.0,0.0,0.0,0.0,2.3303011,0.0
2024-09-08 04:00:00,21.163,0.0,0.0,0.0,0.0,2.4515302,0.0
2024-09-08 04:30:00,21.163,0.0,0.0,0.0,0.0,2.5599315,0.0
2024-09-08 05:00:00,21.163,0.0,0.0,0.0,0.0,2.6683328,0.0
2024-09-08 05:30:00,21.288,0.0,0.0,0.0,0.0,2.9411824,0.0
2024-09-08 06:00:00,21.413,0.0,0.0,0.0,0.0,3.214032,0.0
2024-09-08 06:30:00,21.538,0.0,0.0,0.0,0.0,3.607641,0.0
2024-09-08 07:00:00,21.663,0.0,0.0,0.0,0.0,4.00125,4.339
2024-09-08 07:30:00,22.238001,42.5856707284418,0.08128839974368299,126.84825,32.831245,4.250624999999999,34.65
2024-09-08 08:00:00,22.813002,116.81247233679886,0.20600880731696547,253.6965,65.66249,4.5,123.324
2024-09-08 08:30:00,23.6380015,235.0316291371813,0.3276349188148224,458.71435,85.7212825,5.0611385,246.656
2024-09-08 09:00:00,24.463001,399.68557444542324,0.4440838530438315,663.7322,105.780075,5.622277,336.16200000000003
2024-09-08 09:30:00,24.9880005,509.228652884589,0.5533612460038392,702.7549,120.9164175,5.930834000000001,141.347
2024-09-08 10:00:00,25.513,620.5922672494928,0.6535954137184593,741.7776,136.05276,6.239391,425.439
2024-09-08 10:30:00,25.838,676.6227766390941,0.7430694154597682,662.170965,185.942295,6.443849500000001,668.487
2024-09-08 11:00:00,26.163,711.24639397297,0.8202504509315737,582.56433,235.83183,6.648308,729.5819999999999
2024-09-08 11:30:00,26.463,769.8351818961464,0.8838161279188745,592.753215,248.345665,6.5986768,729.674
2024-09-08 12:00:00,26.763,820.8532249407324,0.932677123272347,602.9421,260.8595,6.5490456,729.6199999999999
2024-09-08 12:30:00,26.9880005,836.3491012388868,0.9659958416675692,617.3839,241.629305,6.59303145,729.6970000000001
2024-09-08 13:00:00,27.213001,842.6262401248878,0.9832007775009337,631.8257,222.39911,6.6370173,729.47
2024-09-08 13:30:00,27.4130005,884.2757764762232,0.9839963127394693,710.4453,184.78403,6.78152765,729.813
2024-09-08 14:00:00,27.613,913.0907518185672,0.9683677866194647,789.0649,147.16895,6.926038,729.741
2024-09-08 14:30:00,27.588001,867.6616027593359,0.936581757003534,776.12005,138.957645,6.87219775,729.7610000000001
2024-09-08 15:00:00,27.563002,811.1389453887864,0.8891814371404021,763.1752,130.74634,6.8183575,729.628
2024-09-08 15:30:00,27.238001,726.0145414647734,0.8269774006492238,723.02522,126.69313,6.71523375,721.297
2024-09-08 16:00:00,26.913,636.5026435889006,0.7510337012674417,682.87524,122.63992,6.61211,637.15
2024-09-08 16:30:00,26.513,536.1988094727615,0.6626496446258647,642.06047,109.9907,6.6094622,540.977
2024-09-08 17:00:00,26.113,436.5392878540122,0.5633375474351477,601.2457,97.34148,6.6068144,440.427
2024-09-08 17:30:00,25.563,329.9018470435647,0.4547968349051354,542.6432500000001,82.87134,6.4549942,325.30100000000004
2024-09-08 18:00:00,25.013,232.4179519504757,0.3388849304411985,484.0408,68.4012,6.303174,213.395
2024-09-08 18:30:00,24.3630005,126.34042138945526,0.21758546421255248,354.904325,49.2819425,5.703547,103.948
2024-09-08 19:00:00,23.713001,50.84358719951692,0.09297430145485797,225.76785,30.162685,5.10392,34.391
2024-09-08 19:30:00,23.0380005,14.926489527400882,0.0,112.883925,15.081342500000002,4.4046607,2.778
2024-09-08 20:00:00,22.363,0.0,0.0,0.0,0.0,3.7054014,0.0
2024-09-08 20:30:00,22.0380005,0.0,0.0,0.0,0.0,3.4534818,0.0
2024-09-08 21:00:00,21.713001,0.0,0.0,0.0,0.0,3.2015622,0.0
2024-09-08 21:30:00,21.5630005,0.0,0.0,0.0,0.0,3.3007811,0.0
2024-09-08 22:00:00,21.413,0.0,0.0,0.0,0.0,3.4,0.0
2024-09-08 22:30:00,21.338,0.0,0.0,0.0,0.0,3.4007352,0.0
2024-09-08 23:00:00,21.263,0.0,0.0,0.0,0.0,3.4014704,0.0
2024-09-08 23:30:00,21.063,0.0,0.0,0.0,0.0,3.3537627,0.0
2024-09-09 00:00:00,20.863,0.0,0.0,0.0,0.0,3.306055,0.0
2024-09-09 00:30:00,20.6630005,0.0,0.0,0.0,0.0,3.45926665,0.0
2024-09-09 01:00:00,20.463001,0.0,0.0,0.0,0.0,3.6124783,0.0
2024-09-09 01:30:00,20.2380005,0.0,0.0,0.0,0.0,3.7088689,0.0
2024-09-09 02:00:00,20.013,0.0,0.0,0.0,0.0,3.8052595,0.0
2024-09-09 02:30:00,19.763,0.0,0.0,0.0,0.0,3.65262975,0.0
2024-09-09 03:00:00,19.513,0.0,0.0,0.0,0.0,3.5,0.0
2024-09-09 03:30:00,19.588,0.0,0.0,0.0,0.0,3.5113915,0.0
2024-09-09 04:00:00,19.663,0.0,0.0,0.0,0.0,3.522783,0.0
2024-09-09 04:30:00,19.488001,0.0,0.0,0.0,0.0,3.3613915,0.0
2024-09-09 05:00:00,19.313002,0.0,0.0,0.0,0.0,3.2,0.0
2024-09-09 05:30:00,19.1380015,0.0,0.0,0.0,0.0,3.2007811000000004,0.0
2024-09-09 06:00:00,18.963001,0.0,0.0,0.0,0.0,3.2015622,0.0
2024-09-09 06:30:00,18.8880015,0.0,0.0,0.0,0.0,3.2077971,0.0
2024-09-09 07:00:00,18.813002,0.0,0.0,0.0,0.0,3.214032,3.528
2024-09-09 07:30:00,19.588001,41.61819019280748,0.08106339180559337,159.477,29.11371,3.3187403,41.269
2024-09-09 08:00:00,20.363,123.03330451806485,0.2058366322491993,318.954,58.22742,3.4234486,132.172
2024-09-09 08:30:00,21.613,247.86545007702412,0.3274889962308008,518.45277,78.795765,4.1535473,179.675
2024-09-09 09:00:00,22.863,417.5002174338615,0.4439371480089359,717.95154,99.36411,4.883646,399.045
2024-09-09 09:30:00,23.463001,539.7668179504712,0.5531867357475175,785.07767,105.430685,5.27951575,552.328
2024-09-09 10:00:00,24.063002,668.9711306736563,0.6533665541992248,852.2038,111.49726,5.6753855,588.451
2024-09-09 10:30:00,24.563002,768.078301328623,0.7427605996289047,878.6804500000001,114.1705125,5.6148317500000005,687.8230000000001
2024-09-09 11:00:00,25.063002,860.7701859334879,0.8198374508875915,905.1571,116.843765,5.554278,729.673
2024-09-09 11:30:00,25.488001,924.7825342284037,0.8832765131846589,910.15573,118.6233075,5.591832699999999,729.7360000000001
2024-09-09 12:00:00,25.913,975.9535177776452,0.9319906480436772,915.15436,120.40285,5.6293874,729.7760000000001
2024-09-09 12:30:00,26.338,1003.3610059015076,0.9651447943149941,911.39096,120.896497,5.487239199999999,729.5729999999999
2024-09-09 13:00:00,26.763,1015.8801382627669,0.9821702863016745,907.62756,121.390144,5.345091,729.672
2024-09-09 13:30:00,27.1130005,1003.1771511559621,0.9827746024985117,895.6081300000001,119.9438895,5.22205525,729.579
2024-09-09 14:00:00,27.463001,975.9400330724532,0.9669463818099718,883.5887,118.497635,5.0990195,729.637
2024-09-09 14:30:00,27.4880005,923.9097746971105,0.9349556278753803,862.055825,115.054905,4.80838105,729.6610000000001
2024-09-09 15:00:00,27.513,860.1317942232051,0.887349086281664,840.52295,111.612175,4.5177426,729.6170000000001
2024-09-09 15:30:00,27.088,763.4042613933723,0.8249408885167491,778.975775,118.9094775,4.2311796,716.908
2024-09-09 16:00:00,26.663,664.5056029597444,0.7487986102561043,717.4286,126.20678,3.9446166,641.784
2024-09-09 16:30:00,26.238001,561.3153183679174,0.6602249822892521,682.204015,109.983205,3.8518028,557.703
2024-09-09 17:00:00,25.813002,457.30269774938097,0.5607355905849611,646.97943,93.75963,3.758989,457.059
2024-09-09 17:30:00,25.288001,338.9630249832156,0.4520329172107335,569.1130499999999,81.3374,3.4748002,337.242
2024-09-09 18:00:00,24.763,233.93975011629715,0.33597717731149507,491.24667,68.91517,3.1906114,198.55
2024-09-09 18:30:00,23.888,126.23342650838495,0.214554479495824,358.56036,49.471543,3.0793879,66.595
2024-09-09 19:00:00,23.013,50.00646931594103,0.08984281142728585,225.87405,30.027916,2.9681644,41.514
2024-09-09 19:30:00,21.913001,14.856654817736848,0.0,112.937025,15.013958,2.52451475,3.482
2024-09-09 20:00:00,20.813002,0.0,0.0,0.0,0.0,2.0808651,0.0
2024-09-09 20:30:00,20.338001,0.0,0.0,0.0,0.0,1.4212212,0.0
2024-09-09 21:00:00,19.863,0.0,0.0,0.0,0.0,0.7615773,0.0
2024-09-09 21:30:00,19.588001,0.0,0.0,0.0,0.0,0.7343420350000001,0.0
2024-09-09 22:00:00,19.313002,0.0,0.0,0.0,0.0,0.70710677,0.0
2024-09-09 22:30:00,18.963001,0.0,0.0,0.0,0.0,1.033626885,0.0
2024-09-09 23:00:00,18.613,0.0,0.0,0.0,0.0,1.360147,0.0
2024-09-09 23:30:00,18.438,0.0,0.0,0.0,0.0,1.5315428,0.0
2024-09-10 00:00:00,18.263,0.0,0.0,0.0,0.0,1.7029386,0.0
2024-09-10 00:30:00,18.338,0.0,0.0,0.0,0.0,1.5241505,0.0
2024-09-10 01:00:00,18.413,0.0,0.0,0.0,0.0,1.3453624,0.0
2024-09-10 01:30:00,18.388,0.0,0.0,0.0,0.0,1.37978795,0.0
2024-09-10 02:00:00,18.363,0.0,0.0,0.0,0.0,1.4142135,0.0
2024-09-10 02:30:00,18.313,0.0,0.0,0.0,0.0,1.6290612,0.0
2024-09-10 03:00:00,18.263,0.0,0.0,0.0,0.0,1.8439089,0.0
2024-09-10 03:30:00,18.388,0.0,0.0,0.0,0.0,1.45346175,0.0
2024-09-10 04:00:00,18.513,0.0,0.0,0.0,0.0,1.0630146,0.0
2024-09-10 04:30:00,18.3630005,0.0,0.0,0.0,0.0,1.7030447,0.0
2024-09-10 05:00:00,18.213001,0.0,0.0,0.0,0.0,2.3430748,0.0
2024-09-10 05:30:00,18.2380005,0.0,0.0,0.0,0.0,2.6979711,0.0
2024-09-10 06:00:00,18.263,0.0,0.0,0.0,0.0,3.0528674,0.0
2024-09-10 06:30:00,18.688,0.0,0.0,0.0,0.0,3.0504087,0.0
2024-09-10 07:00:00,19.113,0.0,0.0,0.0,0.0,3.04795,3.45
2024-09-10 07:30:00,19.313,27.522321881760668,0.0808413001184674,21.387083,26.357656500000004,2.25198595,26.832
2024-09-10 08:00:00,19.513,60.383732178359026,0.20566169789869979,42.774166,52.715313,1.4560219,65.423
2024-09-10 08:30:00,20.1130005,128.47411041887005,0.3273345561178486,150.270763,80.7852715,1.89527265,194.009
2024-09-10 09:00:00,20.713001,221.37488470331672,0.4437761842553131,257.76736,108.85523,2.3345234,149.58499999999998
2024-09-10 09:30:00,22.2380005,393.34688552197764,0.5529923421888879,496.88738,119.609465,3.2660707,324.61600000000004
2024-09-10 10:00:00,23.763,610.8556297562154,0.653112400921256,736.0074,130.3637,4.197618,534.984
2024-09-10 10:30:00,24.563,717.1997154117257,0.7424213876160892,791.3643,129.13159,4.587282500000001,241.906
2024-09-10 11:00:00,25.363,822.9821304390928,0.819389348812473,846.7212,127.89948,4.976947,269.837
2024-09-10 11:30:00,25.938,883.6856886958831,0.8826975688792728,852.5945999999999,129.435205,5.2924885,385.421
2024-09-10 12:00:00,26.513,932.4751302416919,0.9312611674686704,858.468,130.97093,5.60803,238.428
2024-09-10 12:30:00,26.663001,950.832265421735,0.9642476815618748,847.15505,131.78462000000002,5.5229302,253.776
2024-09-10 13:00:00,26.813002,954.9501715370759,0.98109133865436,835.8421,132.59831,5.4378304,729.61
2024-09-10 13:30:00,27.1380015,940.0101030648801,0.9815027554973871,817.05798,135.89981,5.7022017,725.5680000000001
2024-09-10 14:00:00,27.463001,911.9307388059015,0.965473900100905,798.27386,139.20131,5.966573,729.7719999999999
2024-09-10 14:30:00,26.8630005,814.8406770301635,0.9332782385159238,704.54733,156.37263000000002,6.23597775,729.664
2024-09-10 15:00:00,26.263,714.2468924009173,0.8854660521886,610.8208,173.54395,6.5053825,729.535
2024-09-10 15:30:00,26.163001,629.470024447762,0.8228550208556886,554.3115849999999,174.04414,6.01357885,228.307
2024-09-10 16:00:00,26.063002,544.9356405075428,0.7465162195063544,497.80237,174.54433,5.5217752,205.814
2024-09-10 16:30:00,25.963001,478.50810755221914,0.6577557688570735,504.679985,147.394905,5.2912036,183.518
2024-09-10 17:00:00,25.863,405.2822228381009,0.5580924768753404,511.5576,120.24548,5.060632,449.769
2024-09-10 17:30:00,25.563,285.88914359127523,0.44923182408880596,414.849175,100.169565,4.7630273,235.506
2024-09-10 18:00:00,25.263,185.21817021150468,0.33303674877431794,318.14075,80.09365,4.4654226,65.176
2024-09-10 18:30:00,24.4880005,104.58447378675119,0.21149576041764587,239.869865,54.465685,4.192940800000001,50.366
2024-09-10 19:00:00,23.713001,42.44925460314759,0.08668888384959433,161.59898,28.83772,3.920459,21.918
2024-09-10 19:30:00,22.9380005,0.0,0.0,80.79949,14.41886,3.1102295,2.523
2024-09-10 20:00:00,22.163,0.0,0.0,0.0,0.0,2.3,0.0
2024-09-10 20:30:00,21.713,0.0,0.0,0.0,0.0,2.15,0.0
2024-09-10 21:00:00,21.263,0.0,0.0,0.0,0.0,2.0,0.0
2024-09-10 21:30:00,20.913001,0.0,0.0,0.0,0.0,1.99624295,0.0
2024-09-10 22:00:00,20.563002,0.0,0.0,0.0,0.0,1.9924859,0.0
2024-09-10 22:30:00,20.2630015,0.0,0.0,0.0,0.0,1.9449262,0.0
2024-09-10 23:00:00,19.963001,0.0,0.0,0.0,0.0,1.8973665,0.0
2024-09-10 23:30:00,19.838001,0.0,0.0,0.0,0.0,1.97945965,0.0
2024-09-11 00:00:00,19.713001,0.0,0.0,0.0,0.0,2.0615528,0.0
2024-09-11 00:30:00,19.7630015,0.0,0.0,0.0,0.0,2.17314235,0.0
2024-09-11 01:00:00,19.813002,0.0,0.0,0.0,0.0,2.2847319,0.0
2024-09-11 01:30:00,19.938002,0.0,0.0,0.0,0.0,2.46240395,0.0
2024-09-11 02:00:00,20.063002,0.0,0.0,0.0,0.0,2.640076,0.0
2024-09-11 02:30:00,19.913001,0.0,0.0,0.0,0.0,2.3324609,0.0
2024-09-11 03:00:00,19.763,0.0,0.0,0.0,0.0,2.0248458,0.0
2024-09-11 03:30:00,19.4880005,0.0,0.0,0.0,0.0,2.1101478,0.0
2024-09-11 04:00:00,19.213001,0.0,0.0,0.0,0.0,2.1954498,0.0
2024-09-11 04:30:00,19.0380005,0.0,0.0,0.0,0.0,1.8136159,0.0
2024-09-11 05:00:00,18.863,0.0,0.0,0.0,0.0,1.431782,0.0
2024-09-11 05:30:00,18.838001,0.0,0.0,0.0,0.0,1.215891,0.0
2024-09-11 06:00:00,18.813002,0.0,0.0,0.0,0.0,1.0,0.0
2024-09-11 06:30:00,18.613001,0.0,0.0,0.0,0.0,1.0,0.0
2024-09-11 07:00:00,18.413,0.0,0.0,0.0,0.0,1.0,1.248
2024-09-11 07:30:00,19.113001,39.710168067736824,0.08062116603549428,139.83115,28.880305,1.28262375,49.002
2024-09-11 08:00:00,19.813002,114.33947846809099,0.20548298091943593,279.6623,57.76061,1.5652475,126.453
2024-09-11 08:30:00,21.1380015,236.36257667877302,0.3271705367298606,484.11902,78.762535,1.610271,163.93099999999998
2024-09-11 09:00:00,22.463001,404.5246803242181,0.4435998886760746,688.57574,99.76446,1.6552945,415.454
2024-09-11 09:30:00,23.5630005,518.063249362152,0.5527770080758644,743.0894450000001,107.46925,1.9949091,445.713
2024-09-11 10:00:00,24.663,636.2292311072736,0.6528319395150974,797.60315,115.17404,2.3345237,596.1129999999999
2024-09-11 10:30:00,25.488001,719.2964141820269,0.742050834175672,804.550575,121.553085,2.77971335,713.8779999999999
2024-09-11 11:00:00,26.313002,793.5695660168318,0.8189052936824657,811.498,127.93213,3.224903,729.466
2024-09-11 11:30:00,26.713001,821.1258290747552,0.8820785616578077,776.3159250000001,135.264025,3.60305435,729.6200000000001
2024-09-11 12:00:00,27.113,833.2950496712074,0.9304880873514232,741.13385,142.59592,3.9812057,729.575
2024-09-11 12:30:00,27.4130005,855.6304536263214,0.9633040674011301,720.801775,160.53782,4.1837741,729.5269999999999
2024-09-11 13:00:00,27.713001,865.314372927437,0.9799636730653926,700.4697,178.47972,4.3863425,729.496
2024-09-11 13:30:00,27.7380005,847.1453863958416,0.9801806980643594,682.7558,177.576345,4.201279749999999,464.689
2024-09-11 14:00:00,27.763,818.0305958607602,0.9639504657022072,665.0419,176.67297,4.016217,244.291
2024-09-11 14:30:00,27.813,771.9059406754526,0.9315499176419386,638.62422,176.97625,3.8762625,201.82300000000004
2024-09-11 15:00:00,27.863,717.9326576586368,0.8835328711815225,612.20654,177.27953,3.736308,136.884
2024-09-11 15:30:00,27.763,622.6264617512028,0.8207205410716235,541.029235,179.496235,3.12214765,81.358
2024-09-11 16:00:00,27.663,529.8151765187091,0.7441874754077689,469.85193,181.71294,2.5079873,148.86
2024-09-11 16:30:00,27.363001,433.097526602043,0.6552431460541399,433.267615,150.458128,2.3240403,109.669
2024-09-11 17:00:00,27.063002,338.5682141641222,0.5554095323612698,396.6833,119.203316,2.1400933,96.455
2024-09-11 17:30:00,26.313002,234.14278712857,0.4463950516775955,288.31941,106.7072105,2.0812341,76.174
2024-09-11 18:00:00,25.563002,152.02740198286864,0.3300652938822506,179.95552,94.211105,2.0223749,56.318
2024-09-11 18:30:00,24.813002,85.8297747793038,0.20841108905984576,127.93836,60.1939175,2.08006525,27.969
2024-09-11 19:00:00,24.063002,32.042187639778085,0.08351441165006744,75.9212,26.17673,2.1377556,10.485
2024-09-11 19:30:00,23.338001,0.0,0.0,37.9606,13.088365,1.7396982,1.747
2024-09-11 20:00:00,22.613,0.0,0.0,0.0,0.0,1.3416408,0.0
2024-09-11 20:30:00,22.063,0.0,0.0,0.0,0.0,0.882952435,0.0
2024-09-11 21:00:00,21.513,0.0,0.0,0.0,0.0,0.42426407,0.0
2024-09-11 21:30:00,21.388,0.0,0.0,0.0,0.0,0.683831085,0.0
2024-09-11 22:00:00,21.263,0.0,0.0,0.0,0.0,0.9433981,0.0
2024-09-11 22:30:00,21.013,0.0,0.0,0.0,0.0,0.80710925,0.0
2024-09-11 23:00:00,20.763,0.0,0.0,0.0,0.0,0.6708204,0.0
2024-09-11 23:30:00,20.438,0.0,0.0,0.0,0.0,0.6269578,0.0
2024-09-12 00:00:00,20.113,0.0,0.0,0.0,0.0,0.5830952,0.0
2024-09-12 00:30:00,19.938,0.0,0.0,0.0,0.0,0.54649857,0.0
2024-09-12 01:00:00,19.763,0.0,0.0,0.0,0.0,0.50990194,0.0
2024-09-12 01:30:00,19.538001,0.0,0.0,0.0,0.0,0.559089095,0.0
2024-09-12 02:00:00,19.313002,0.0,0.0,0.0,0.0,0.60827625,0.0
2024-09-12 02:30:00,19.063002,0.0,0.0,0.0,0.0,0.654138125,0.0
2024-09-12 03:00:00,18.813002,0.0,0.0,0.0,0.0,0.7,0.0
2024-09-12 03:30:00,19.088001,0.0,0.0,0.0,0.0,0.8815073,0.0
2024-09-12 04:00:00,19.363,0.0,0.0,0.0,0.0,1.0630146,0.0
2024-09-12 04:30:00,19.138,0.0,0.0,0.0,0.0,0.955771375,0.0
2024-09-12 05:00:00,18.913,0.0,0.0,0.0,0.0,0.84852815,0.0
2024-09-12 05:30:00,18.788,0.0,0.0,0.0,0.0,0.7778174600000001,0.0
2024-09-12 06:00:00,18.663,0.0,0.0,0.0,0.0,0.70710677,0.0
2024-09-12 06:30:00,18.488001,0.0,0.0,0.0,0.0,0.714108535,0.0
2024-09-12 07:00:00,18.313002,0.0,0.0,0.0,0.0,0.7211103,2.5860000000000003
2024-09-12 07:30:00,18.988001,36.9930760567616,0.08040197592544145,91.96678,30.1424865,0.566710435,49.546
2024-09-12 08:00:00,19.663,96.95898184711558,0.20529941026854004,183.93356,60.284973,0.41231057,61.964
2024-09-12 08:30:00,20.763,186.8181000664763,0.32699583681780414,288.21057,94.1229815,0.506155285,262.941
2024-09-12 09:00:00,21.863,299.98315885300394,0.44340715750635085,392.48758,127.96099,0.6,384.56500000000005
2024-09-12 09:30:00,22.963001,440.953936645992,0.5525396549596877,573.37934,125.135065,0.77169905,499.725
2024-09-12 10:00:00,24.063002,614.5069752968686,0.6525241442006315,754.2711,122.30914,0.9433981,589.946
2024-09-12 10:30:00,24.988001,709.5806580741391,0.7416479927074613,777.877065,132.3074,0.97169905,661.21
2024-09-12 11:00:00,25.913,798.9337604529902,0.8183844431985721,801.48303,142.30566,1.0,727.712
2024-09-12 11:30:00,26.663,826.4620102355124,0.8814187769100986,768.6003149999999,148.26362999999998,0.8905125,729.5930000000001
2024-09-12 12:00:00,27.413,838.9692047082973,0.9296708419244576,735.7176,154.2216,0.781025,729.657
2024-09-12 12:30:00,28.0630005,857.5647919139604,0.9623135535202841,715.12295,168.89077,0.54862638,729.561
2024-09-12 13:00:00,28.713001,863.5858881331308,0.9787870743923361,694.5283,183.55994,0.31622776,729.62
2024-09-12 13:30:00,28.8630005,819.0000776538348,0.9788084107855268,646.29598,186.50798,0.6298129299999999,729.635
2024-09-12 14:00:00,29.013,764.5719786554436,0.9623762640969882,598.06366,189.45602,0.9433981,729.566
2024-09-12 14:30:00,28.538001,651.9726767388772,0.9297710612554009,458.3228,228.10376,1.07585135,729.9079999999999
2024-09-12 15:00:00,28.063002,543.5110508712419,0.8815501517539048,318.58194,266.7515,1.2083046,729.652
2024-09-12 15:30:00,27.463001,463.02933307031157,0.818538268447497,294.84497,225.071865,1.33216325,709.533
2024-09-12 16:00:00,26.863,381.8213383755123,0.7418134026350609,271.108,183.39223,1.4560219,632.0150000000001
2024-09-12 16:30:00,26.713001,336.47024123675646,0.652688335012489,246.83814,178.17473,1.3545091500000002,545.646
2024-09-12 17:00:00,26.563002,293.02479647964435,0.552688162250331,222.56828,172.95723,1.2529964,431.965
2024-09-12 17:30:00,26.163001,210.14766916803632,0.4435241737074957,191.5658,127.336857,1.056614465,346.06600000000003
2024-09-12 18:00:00,25.763,132.8678370002923,0.32706453632546756,160.56332,81.716484,0.86023253,163.784
2024-09-12 18:30:00,25.288001,84.4977384178073,0.20530231793142076,153.60865,53.826208,0.580116265,58.992
2024-09-12 19:00:00,24.813002,37.349229904368066,0.08032135275838245,146.65398,25.935932,0.3,26.298
2024-09-12 19:30:00,24.038001,0.0,0.0,73.32699,12.967966,0.3,2.032
2024-09-12 20:00:00,23.263,0.0,0.0,0.0,0.0,0.3,0.0
2024-09-12 20:30:00,22.713,0.0,0.0,0.0,0.0,0.33027757,0.0
2024-09-12 21:00:00,22.163,0.0,0.0,0.0,0.0,0.36055514,0.0
2024-09-12 21:30:00,21.663,0.0,0.0,0.0,0.0,0.75036532,0.0
2024-09-12 22:00:00,21.163,0.0,0.0,0.0,0.0,1.1401755,0.0
2024-09-12 22:30:00,20.6880005,0.0,0.0,0.0,0.0,1.3462965,0.0
2024-09-12 23:00:00,20.213001,0.0,0.0,0.0,0.0,1.5524175,0.0
2024-09-12 23:30:00,19.7630015,0.0,0.0,0.0,0.0,1.6364413,0.0
2024-09-13 00:00:00,19.313002,0.0,0.0,0.0,0.0,1.7204651,0.0
2024-09-13 00:30:00,19.163001,0.0,0.0,0.0,0.0,1.64125755,0.0
2024-09-13 01:00:00,19.013,0.0,0.0,0.0,0.0,1.56205,0.0
2024-09-13 01:30:00,18.913001,0.0,0.0,0.0,0.0,1.6712497,0.0
2024-09-13 02:00:00,18.813002,0.0,0.0,0.0,0.0,1.7804494,0.0
2024-09-13 02:30:00,18.688002,0.0,0.0,0.0,0.0,1.96027135,0.0
2024-09-13 03:00:00,18.563002,0.0,0.0,0.0,0.0,2.1400933,0.0
2024-09-13 03:30:00,18.188002,0.0,0.0,0.0,0.0,2.09960965,0.0
2024-09-13 04:00:00,17.813002,0.0,0.0,0.0,0.0,2.059126,0.0
2024-09-13 04:30:00,17.713001,0.0,0.0,0.0,0.0,2.15317325,0.0
2024-09-13 05:00:00,17.613,0.0,0.0,0.0,0.0,2.2472205,0.0
2024-09-13 05:30:00,17.7880005,0.0,0.0,0.0,0.0,2.2637857500000003,0.0
2024-09-13 06:00:00,17.963001,0.0,0.0,0.0,0.0,2.280351,0.0
2024-09-13 06:30:00,18.213001,0.0,0.0,0.0,0.0,2.13264715,0.0
2024-09-13 07:00:00,18.463001,0.0,0.0,0.0,0.0,1.9849433,1.431
2024-09-13 07:30:00,19.1380015,36.995722789660825,0.08018265048398356,130.60692,26.93757,2.05313175,17.805
2024-09-13 08:00:00,19.813002,106.62416089637576,0.20510985693312922,261.21384,53.87514,2.1213202,130.863
2024-09-13 08:30:00,21.3880015,228.56749455211855,0.3268093057560578,464.15477,77.6944175,2.02112875,258.048
2024-09-13 09:00:00,22.963001,396.3628762214336,0.443196847103563,667.0957,101.513695,1.9209373,383.04
2024-09-13 09:30:00,24.0130015,508.08818354970293,0.5522791746186151,718.98663,111.3652475,2.6707318,484.14
2024-09-13 10:00:00,25.063002,624.0625877118682,0.6521879700765849,770.87756,121.2168,3.4205263,599.633
2024-09-13 10:30:00,25.788001,727.3300554787385,0.7412119084137936,814.41165,122.952,4.02651015,679.1479999999999
2024-09-13 11:00:00,26.513,827.7016643500313,0.817825958005555,857.94574,124.6872,4.632494,729.5029999999999
2024-09-13 11:30:00,27.013,865.5443232341464,0.8807175140217893,818.97462,143.154895,4.46682835,729.703
2024-09-13 12:00:00,27.513,886.9408813360326,0.9288088902577556,780.0035,161.62259,4.3011627,729.7
2024-09-13 12:30:00,28.038001,896.5467773424828,0.961275776855157,758.1450500000001,166.973135,4.0806073000000005,729.628
2024-09-13 13:00:00,28.563002,892.8192540667817,0.9775613725700933,736.2866,172.32368,3.8600519,729.608
2024-09-13 13:30:00,28.363001,817.1698005795155,0.9773859283795807,632.8634500000001,199.1155,3.55867565,729.648
2024-09-13 14:00:00,28.163,732.8426103316792,0.9607515430351098,529.4403,225.90732,3.2572994,677.251
2024-09-13 14:30:00,27.713,678.3928628152764,0.9279421347039725,466.0335,248.64824,2.8876176,288.526
2024-09-13 15:00:00,27.263,621.8171213021737,0.8795185776314794,402.6267,271.38916,2.5179358,223.047
2024-09-13 15:30:00,27.138,484.9094656962555,0.8163091020667617,304.93978500000003,239.622895,2.3635039,318.502
2024-09-13 16:00:00,27.013,357.5109868172443,0.7393951088928874,207.25287,207.85663,2.209072,328.776
2024-09-13 16:30:00,26.8630005,378.38174513809963,0.6500926416632565,323.86925,170.17818,2.58101825,249.178
2024-09-13 17:00:00,26.713001,373.6404287345814,0.5499298568845672,440.48563,132.49973,2.9529645,110.78
2024-09-13 17:30:00,26.1880005,265.99021131978986,0.4406208478316404,352.55631500000004,111.830395,3.17353855,324.038
2024-09-13 18:00:00,25.663,175.63761748293265,0.3240362811040583,264.627,91.16106,3.3941126,211.153
2024-09-13 18:30:00,25.038,100.51793654458848,0.20217137679784858,212.363595,58.392662,2.8770987000000003,109.865
2024-09-13 19:00:00,24.413,37.624927538306764,0.07711173695746547,160.10019,25.624264,2.3600848,53.784
2024-09-13 19:30:00,23.463,0.0,0.0,80.050095,12.812131999999998,2.5254048,1.566
2024-09-13 20:00:00,22.513,0.0,0.0,0.0,0.0,2.6907248,0.0
2024-09-13 20:30:00,21.813,0.0,0.0,0.0,0.0,2.7542626500000003,0.0
2024-09-13 21:00:00,21.113,0.0,0.0,0.0,0.0,2.8178005,0.0
2024-09-13 21:30:00,20.738,0.0,0.0,0.0,0.0,2.5632399,0.0
2024-09-13 22:00:00,20.363,0.0,0.0,0.0,0.0,2.3086793,0.0
2024-09-13 22:30:00,20.138,0.0,0.0,0.0,0.0,2.1983703,0.0
2024-09-13 23:00:00,19.913,0.0,0.0,0.0,0.0,2.0880613,0.0
2024-09-13 23:30:00,19.763,0.0,0.0,0.0,0.0,1.94541845,0.0
2024-09-14 00:00:00,19.613,0.0,0.0,0.0,0.0,1.8027756,0.0
2024-09-14 00:30:00,19.463001,0.0,0.0,0.0,0.0,1.553308,0.0
2024-09-14 01:00:00,19.313002,0.0,0.0,0.0,0.0,1.3038404,0.0
2024-09-14 01:30:00,19.188002,0.0,0.0,0.0,0.0,1.2109372,0.0
2024-09-14 02:00:00,19.063002,0.0,0.0,0.0,0.0,1.118034,0.0
2024-09-14 02:30:00,18.863001,0.0,0.0,0.0,0.0,0.8944272,0.0
2024-09-14 03:00:00,18.663,0.0,0.0,0.0,0.0,0.6708204,0.0
2024-09-14 03:30:00,18.9380005,0.0,0.0,0.0,0.0,0.541565485,0.0
2024-09-14 04:00:00,19.213001,0.0,0.0,0.0,0.0,0.41231057,0.0
2024-09-14 04:30:00,19.0380005,0.0,0.0,0.0,0.0,0.907938685,0.0
2024-09-14 05:00:00,18.863,0.0,0.0,0.0,0.0,1.4035668,0.0
2024-09-14 05:30:00,18.7880005,0.0,0.0,0.0,0.0,1.66355255,0.0
2024-09-14 06:00:00,18.713001,0.0,0.0,0.0,0.0,1.9235383,0.0
2024-09-14 06:30:00,18.8880015,0.0,0.0,0.0,0.0,1.97419195,0.0
2024-09-14 07:00:00,19.063002,0.0,0.0,0.0,0.0,2.0248456,2.112
2024-09-14 07:30:00,19.813002,37.05453311829934,0.07996203526185296,131.38736,26.9631825,2.22072745,38.218
2024-09-14 08:00:00,20.563002,106.94305376711159,0.2049131246608367,262.77472,53.926365,2.4166093,122.446
2024-09-14 08:30:00,22.163001,234.16070594136355,0.32660973475720206,489.03171,75.1505075,2.2487372,237.93
2024-09-14 09:00:00,23.763,412.62915009580377,0.4429677656099331,715.2887,96.37465,2.0808651,354.557
2024-09-14 09:30:00,25.138,528.3874344244492,0.5519944213794298,769.74275,103.53838,2.8081995500000003,469.364
2024-09-14 10:00:00,26.513,648.438039994931,0.6518223461087506,824.1968,110.70211,3.535534,564.1260000000001
2024-09-14 10:30:00,27.288001,742.9676918723289,0.7407416121728586,846.4517000000001,114.951375,4.206004200000001,643.205
2024-09-14 11:00:00,28.063002,830.655464647786,0.8172289963442757,868.7066,119.20064,4.8764744,728.151
2024-09-14 11:30:00,28.338001,884.6100064532056,0.8799740819180248,860.556885,125.62532000000002,5.36825445,729.6970000000001
2024-09-14 12:00:00,28.613,924.9113344037044,0.9279017126775827,852.40717,132.05,5.8600345,729.595
2024-09-14 12:30:00,28.563,904.6982670080151,0.9601904069286109,786.556435,148.09903,6.2665574500000005,729.7729999999999
2024-09-14 13:00:00,28.513,868.5625885009165,0.9762864408271976,720.7057,164.14806,6.6730804,729.773
2024-09-14 13:30:00,28.288001,866.6672164114672,0.9759133387871864,717.264685,165.90393,6.9400107,221.743
2024-09-14 14:00:00,28.063002,853.0222873113214,0.9590766124600614,713.82367,167.6598,7.206941,729.325
2024-09-14 14:30:00,27.913001,800.4048807727278,0.9260636733655196,694.3288600000001,156.64207,7.1390045,729.573
2024-09-14 15:00:00,27.763,738.5392450172928,0.877438909160463,674.83405,145.62434,7.071068,729.551
2024-09-14 15:30:00,27.3630005,672.2605330915067,0.8140340228651158,662.141825,132.47539999999998,7.113243000000001,715.6869999999999
2024-09-14 16:00:00,26.963001,598.6968803462926,0.736933787484408,649.4496,119.32646,7.155418,671.731
2024-09-14 16:30:00,26.5130015,482.8824357014795,0.6474574597819269,530.6085,139.88431500000002,7.0015225,549.5
2024-09-14 17:00:00,26.063002,383.8693299532066,0.5471361950598895,411.7674,160.44217,6.847627,441.517
2024-09-14 17:30:00,25.338001,279.4276628117215,0.4376868192382186,338.292485,133.100075,6.391978,319.018
2024-09-14 18:00:00,24.613,189.14830469706328,0.3209824182164684,264.81757,105.75798,5.936329,197.537
2024-09-14 18:30:00,23.763,105.41781600426035,0.1990202763820617,199.06805,66.8252455,5.0616067000000005,95.983
2024-09-14 19:00:00,22.913,37.302550126326715,0.07388766940151949,133.31853,27.892511,4.1868844,14.385
2024-09-14 19:30:00,22.013,0.0,0.0,66.659265,13.9462555,3.725924950000001,0.427
2024-09-14 20:00:00,21.113,0.0,0.0,0.0,0.0,3.2649655,0.0
2024-09-14 20:30:00,20.763,0.0,0.0,0.0,0.0,2.8040201500000004,0.0
2024-09-14 21:00:00,20.413,0.0,0.0,0.0,0.0,2.3430748,0.0
2024-09-14 21:30:00,20.138,0.0,0.0,0.0,0.0,2.2532028000000004,0.0
2024-09-14 22:00:00,19.863,0.0,0.0,0.0,0.0,2.1633308,0.0
2024-09-14 22:30:00,19.613,0.0,0.0,0.0,0.0,2.02108015,0.0
2024-09-14 23:00:00,19.363,0.0,0.0,0.0,0.0,1.8788295,0.0
2024-09-14 23:30:00,19.213001,0.0,0.0,0.0,0.0,1.6674257,0.0
2024-09-15 00:00:00,19.063002,0.0,0.0,0.0,0.0,1.4560219,0.0
2024-09-15 00:30:00,18.963001,0.0,0.0,0.0,0.0,1.081564335,0.0
2024-09-15 01:00:00,18.863,0.0,0.0,0.0,0.0,0.70710677,0.0
2024-09-15 01:30:00,18.6630005,0.0,0.0,0.0,0.0,0.65769151,0.0
2024-09-15 02:00:00,18.463001,0.0,0.0,0.0,0.0,0.60827625,0.0
2024-09-15 02:30:00,18.2630015,0.0,0.0,0.0,0.0,0.58698085,0.0
2024-09-15 03:00:00,18.063002,0.0,0.0,0.0,0.0,0.56568545,0.0
2024-09-15 03:30:00,17.588001,0.0,0.0,0.0,0.0,0.884922475,0.0
2024-09-15 04:00:00,17.113,0.0,0.0,0.0,0.0,1.2041595,0.0
2024-09-15 04:30:00,17.113,0.0,0.0,0.0,0.0,0.7601936300000001,0.0
2024-09-15 05:00:00,17.113,0.0,0.0,0.0,0.0,0.31622776,0.0
2024-09-15 05:30:00,16.838001,0.0,0.0,0.0,0.0,0.364269165,0.0
2024-09-15 06:00:00,16.563002,0.0,0.0,0.0,0.0,0.41231057,0.0
2024-09-15 06:30:00,15.9880005,0.0,0.0,0.0,0.0,0.55970867,0.0
2024-09-15 07:00:00,15.412999,0.0,0.0,0.0,0.0,0.70710677,1.604
2024-09-15 07:30:00,15.6379995,37.11475478602422,0.07973889368711191,132.17946,26.989973,0.756666285,35.605999999999995
2024-09-15 08:00:00,15.863,107.26619255161246,0.20470794326396755,264.35892,53.979946,0.8062258,121.026
2024-09-15 08:30:00,18.138,226.89240645197785,0.3263958504082325,456.89286,78.63458299999999,0.85032652,237.423
2024-09-15 09:00:00,20.413,389.8924911078034,0.44271866687527434,649.4268,103.28922,0.89442724,460.5990000000001
2024-09-15 09:30:00,21.4380005,493.7446649523897,0.5516842063919286,681.87212,118.23041,1.39061172,457.978
2024-09-15 10:00:00,22.463001,598.079121184459,0.6514261698893582,714.31744,133.1716,1.8867962,628.694
2024-09-15 10:30:00,23.5130015,710.0279804267593,0.7402361156325121,781.47552,131.169465,1.4581796,705.2539999999999
2024-09-15 11:00:00,24.563002,823.3371178320309,0.8165927096358132,848.6336,129.16733,1.029563,214.304
2024-09-15 11:30:00,25.163001,806.0155594861181,0.8791877950883322,729.087275,164.945655,0.67289538,305.88699999999994
2024-09-15 12:00:00,25.763,764.6860011709027,0.9269488072739389,609.54095,200.72398,0.31622776,729.8329999999999
2024-09-15 12:30:00,25.8630005,716.3107804569161,0.9590571427714122,481.648895,257.35524,0.588230145,514.725
2024-09-15 13:00:00,25.963001,653.990734739403,0.9749621930271815,353.75684,313.9865,0.86023253,358.126
2024-09-15 13:30:00,25.8880015,712.0605389870684,0.9743907808763527,465.4574,261.505945,1.211141265,159.119
2024-09-15 14:00:00,25.813002,760.4983252918406,0.9573518425245224,577.15796,209.02539,1.56205,502.05
2024-09-15 14:30:00,25.663001,753.1011001550316,0.9241362809570279,594.7707800000001,204.402945,1.2958065,548.852
2024-09-15 15:00:00,25.513,734.9753007120248,0.8753119818400247,612.3836,199.7805,1.029563,729.772
2024-09-15 15:30:00,24.6130005,547.4374446742427,0.8117140923344717,431.603855,199.09245,0.6147815,210.053
2024-09-15 16:00:00,23.713001,379.46135911790196,0.7344307161615377,250.82411,198.4044,0.2,94.311
2024-09-15 16:30:00,22.7880005,305.4259009301827,0.644784269842282,230.542805,159.2655,0.7082762499999999,100.787
2024-09-15 17:00:00,21.863,232.7498188815896,0.544308842940239,210.2615,120.1266,1.2165525,95.377
2024-09-15 17:30:00,21.488,169.90508901344302,0.43472391948533345,161.230745,101.5001,1.5944303999999998,139.117
2024-09-15 18:00:00,21.113,116.99475911568535,0.3179049214388572,112.19999,82.8736,1.9723083,156.35500000000002
2024-09-15 18:30:00,20.888,73.45429178911598,0.19585110692549876,110.575913,52.752016,1.68615415,66.238
2024-09-15 19:00:00,20.663,29.967515566693088,0.0706513290739883,108.951836,22.630432,1.4,33.211000000000006
2024-09-15 19:30:00,20.113001,0.0,0.0,54.475918,11.315216,1.20990195,0.283
2024-09-15 20:00:00,19.563002,0.0,0.0,0.0,0.0,1.0198039,0.0
2024-09-15 20:30:00,19.163001,0.0,0.0,0.0,0.0,0.98424358,0.0
2024-09-15 21:00:00,18.763,0.0,0.0,0.0,0.0,0.94868326,0.0
2024-09-15 21:30:00,18.513,0.0,0.0,0.0,0.0,1.17076098,0.0
2024-09-15 22:00:00,18.263,0.0,0.0,0.0,0.0,1.3928387,0.0
2024-09-15 22:30:00,17.888,0.0,0.0,0.0,0.0,0.96567758,0.0
2024-09-15 23:00:00,17.513,0.0,0.0,0.0,0.0,0.53851646,0.0
2024-09-15 23:30:00,16.938000000000002,0.0,0.0,0.0,0.0,0.573396355,0.0
2024-09-16 00:00:00,16.363,0.0,0.0,0.0,0.0,0.60827625,0.0
2024-09-16 00:30:00,16.038,0.0,0.0,0.0,0.0,0.7569073749999999,0.0
2024-09-16 01:00:00,15.713,0.0,0.0,0.0,0.0,0.9055385,0.0
2024-09-16 01:30:00,15.313,0.0,0.0,0.0,0.0,0.913746475,0.0
2024-09-16 02:00:00,14.913,0.0,0.0,0.0,0.0,0.92195445,0.0
2024-09-16 02:30:00,14.413,0.0,0.0,0.0,0.0,0.841765875,0.0
2024-09-16 03:00:00,13.913,0.0,0.0,0.0,0.0,0.7615773,0.0
2024-09-16 03:30:00,14.763,0.0,0.0,0.0,0.0,0.7615773,0.0
2024-09-16 04:00:00,15.613,0.0,0.0,0.0,0.0,0.7615773,0.0
2024-09-16 04:30:00,15.613,0.0,0.0,0.0,0.0,1.49882265,0.0
2024-09-16 05:00:00,15.613,0.0,0.0,0.0,0.0,2.236068,0.0
2024-09-16 05:30:00,15.288,0.0,0.0,0.0,0.0,1.7283618,0.0
2024-09-16 06:00:00,14.963,0.0,0.0,0.0,0.0,1.2206556,0.0
2024-09-16 06:30:00,14.663,0.0,0.0,0.0,0.0,0.7103278,0.0
2024-09-16 07:00:00,14.363,0.0,0.0,0.0,0.0,0.2,1.424
2024-09-16 07:30:00,14.663,36.27832110862019,0.07951190412053045,121.898955,27.017685,0.25811388,16.778
2024-09-16 08:00:00,14.963,103.02676385215969,0.20449296583233637,243.79791,54.03537,0.31622776,128.59199999999998
2024-09-16 08:30:00,16.813,228.22513513016509,0.32616631201599966,468.855605,76.086715,0.478270095,255.049
2024-09-16 09:00:00,18.663,404.4493807628793,0.4424482478961627,693.9133,98.13806,0.64031243,380.815
2024-09-16 09:30:00,19.788,510.01021766712563,0.5513472951981571,722.36113,112.1641875,0.5894144450000001,488.343
2024-09-16 10:00:00,20.913,614.8234284467744,0.6509983051642415,750.80896,126.190315,0.53851646,587.34
2024-09-16 10:30:00,21.788,680.7988789176391,0.7396944087733625,721.3017600000001,147.5726975,0.69645843,666.7360000000001
2024-09-16 11:00:00,22.663,732.9103482369442,0.8159162399413573,691.79456,168.95508,0.8544004,728.7389999999999
2024-09-16 11:30:00,23.013,691.1678226043571,0.8783579709590514,559.6989000000001,201.21902,1.4960780000000002,729.739
2024-09-16 12:00:00,23.363,626.5788191422283,0.9259496870683179,427.60324,233.48296,2.1377556,228.225
2024-09-16 12:30:00,23.338001,608.0222137262513,0.9578757098822037,373.44442,253.83976,2.4290249,667.622
2024-09-16 13:00:00,23.313002,580.8308307906672,0.9735885803527935,319.2856,274.19656,2.7202942,729.5809999999999
2024-09-16 13:30:00,23.1380015,592.8418591799756,0.9728184408302505,354.01245,251.93224,2.6260459000000003,729.4490000000001
2024-09-16 14:00:00,22.963001,598.3966128242632,0.9555776596574705,388.7393,229.66792,2.5317976,222.249
2024-09-16 14:30:00,23.1630005,562.5794861700415,0.9221606252328527,352.96486500000003,240.34892,2.0736735,262.02500000000003
2024-09-16 15:00:00,23.363,524.2035890678867,0.8731387016576841,317.19043,251.02992,1.6155494,90.803
2024-09-16 15:30:00,23.488,496.1976272384939,0.8093504474318746,360.736015,206.899155,1.7270135,99.218
2024-09-16 16:00:00,23.613,457.1077444377205,0.7318872515846865,404.2816,162.76839,1.8384776,205.431
2024-09-16 16:30:00,23.188,402.1155342408596,0.6420746331323348,397.81905,148.146615,2.0237748,495.398
2024-09-16 17:00:00,22.763,344.05263192473654,0.541449547801266,391.3565,133.52484,2.209072,354.532
2024-09-16 17:30:00,21.963,217.99147760936447,0.4317340599059697,275.64207,100.19995,2.21471625,318.494
2024-09-16 18:00:00,21.163,116.16813858957934,0.3148058413509496,159.92764,66.87506,2.2203605,212.687
2024-09-16 18:30:00,20.713,60.20239964534089,0.19266603106800115,104.0203825,40.822278,1.61018025,53.971
2024-09-16 19:00:00,20.263,17.74349080799254,0.067404961417889,48.113125,14.769496,1.0,14.862
2024-09-16 19:30:00,19.9880005,0.0,0.0,24.0565625,7.384748,0.8162277499999999,0.324
2024-09-16 20:00:00,19.713001,0.0,0.0,0.0,0.0,0.6324555,0.0
2024-09-16 20:30:00,19.3130005,0.0,0.0,0.0,0.0,0.7193406499999999,0.0
2024-09-16 21:00:00,18.913,0.0,0.0,0.0,0.0,0.8062258,0.0
2024-09-16 21:30:00,18.4380005,0.0,0.0,0.0,0.0,0.91301485,0.0
2024-09-16 22:00:00,17.963001,0.0,0.0,0.0,0.0,1.0198039,0.0
2024-09-16 22:30:00,17.6380015,0.0,0.0,0.0,0.0,1.00487668,0.0
2024-09-16 23:00:00,17.313002,0.0,0.0,0.0,0.0,0.98994946,0.0
2024-09-16 23:30:00,17.188002,0.0,0.0,0.0,0.0,0.7865223299999999,0.0
2024-09-17 00:00:00,17.063002,0.0,0.0,0.0,0.0,0.5830952,0.0
2024-09-17 00:30:00,17.038001,0.0,0.0,0.0,0.0,0.5830952,0.0
2024-09-17 01:00:00,17.013,0.0,0.0,0.0,0.0,0.5830952,0.0
2024-09-17 01:30:00,17.188000000000002,0.0,0.0,0.0,0.0,0.5608058300000001,0.0
2024-09-17 02:00:00,17.363,0.0,0.0,0.0,0.0,0.53851646,0.0
2024-09-17 02:30:00,17.188000000000002,0.0,0.0,0.0,0.0,0.31925823,0.0
2024-09-17 03:00:00,17.013,0.0,0.0,0.0,0.0,0.1,0.0
2024-09-17 03:30:00,17.813000000000002,0.0,0.0,0.0,0.0,0.12071068,0.0
2024-09-17 04:00:00,18.613,0.0,0.0,0.0,0.0,0.14142136,0.0
2024-09-17 04:30:00,18.438,0.0,0.0,0.0,0.0,0.212132045,0.0
2024-09-17 05:00:00,18.263,0.0,0.0,0.0,0.0,0.28284273,0.0
2024-09-17 05:30:00,18.038001,0.0,0.0,0.0,0.0,0.34757665,0.0
2024-09-17 06:00:00,17.813002,0.0,0.0,0.0,0.0,0.41231057,0.0
2024-09-17 06:30:00,17.538001,0.0,0.0,0.0,0.0,0.406155285,0.0
2024-09-17 07:00:00,17.263,0.0,0.0,0.0,0.0,0.4,1.602
2024-09-17 07:30:00,17.063000000000002,34.830046854762344,0.07927966371398128,117.069555,25.964745,0.25,37.782
2024-09-17 08:00:00,16.863,98.9244641393086,0.20426677257325693,234.13911,51.92949,0.1,130.15200000000002
2024-09-17 08:30:00,18.363,228.54678195206156,0.3259197154066774,475.019505,74.469515,0.1,252.449
2024-09-17 09:00:00,19.863,412.89832570361915,0.44215515237587183,715.8999,97.00954,0.1,378.124
2024-09-17 09:30:00,20.838001,528.1521257679537,0.5509824108618717,767.9584,105.154295,0.161803405,491.512
2024-09-17 10:00:00,21.813002,647.1334272297514,0.6505375844989816,820.0169,113.29905,0.22360681,588.175
2024-09-17 10:30:00,22.663001,726.2971946300518,0.7391154619269493,818.3881799999999,120.714625,0.25322477,672.757
2024-09-17 11:00:00,23.513,794.9673274132555,0.8151987212992562,816.75946,128.1302,0.28284273,729.6379999999999
2024-09-17 11:30:00,24.138,800.1761385175649,0.8774839303612583,726.2219299999999,162.85022,0.6439151649999999,729.481
2024-09-17 12:00:00,24.763,784.6570378711052,0.9249038795824419,635.6844,197.57024,1.0049876,729.476
2024-09-17 12:30:00,25.213,774.2070376685868,0.9566458587944575,591.2130999999999,209.877655,1.5332702,222.181
2024-09-17 13:00:00,25.663,752.0644415953482,0.97216558883793,546.7418,222.18507,2.0615528,729.655
2024-09-17 13:30:00,25.9380005,737.7508725442194,0.9711965485892363,528.9042850000001,225.894665,2.32788865,637.218
2024-09-17 14:00:00,26.213001,715.0530882794354,0.9537545418950848,511.06677,229.60426,2.5942245,458.38700000000006
2024-09-17 14:30:00,26.1880005,682.4167500578059,0.9201374322270248,485.23201,238.354065,2.42516365,281.439
2024-09-17 15:00:00,26.163,644.3506640338874,0.8709200382241653,459.39725,247.10387,2.2561028,483.79
2024-09-17 15:30:00,25.838,524.6679422706912,0.806944292723591,380.67299,220.308935,2.18280255,360.071
2024-09-17 16:00:00,25.513,410.9323620385254,0.7293048205567982,301.94873,193.514,2.1095023,274.458
2024-09-17 16:30:00,24.963,340.16247512589575,0.6393301821282109,262.12702,175.285875,1.9726292,609.9549999999999
2024-09-17 17:00:00,24.413,274.15859780666653,0.5385601275923084,222.30531,157.05775,1.8357561,467.306
2024-09-17 17:30:00,23.963,210.7727486124219,0.4287192205397671,205.545075,124.741145,1.8887024,331.225
2024-09-17 18:00:00,23.513,149.71126275559573,0.3116872938470415,188.78484,92.42454,1.9416487,210.198
2024-09-17 18:30:00,22.763,80.36106840080144,0.18946727191756588,127.41368,57.202058,2.02201415,83.213
2024-09-17 19:00:00,22.013,25.807950105942773,0.0641508662925695,66.04252,21.979576,2.1023796,17.678
2024-09-17 19:30:00,21.138,0.0,0.0,33.02126,10.989788,2.03353395,0.213
2024-09-17 20:00:00,20.263,0.0,0.0,0.0,0.0,1.9646883,0.0
2024-09-17 20:30:00,19.6130005,0.0,0.0,0.0,0.0,1.5524319,0.0
2024-09-17 21:00:00,18.963001,0.0,0.0,0.0,0.0,1.1401755,0.0
2024-09-17 21:30:00,18.5130015,0.0,0.0,0.0,0.0,1.20648385,0.0
2024-09-17 22:00:00,18.063002,0.0,0.0,0.0,0.0,1.2727922,0.0
2024-09-17 22:30:00,17.613001,0.0,0.0,0.0,0.0,1.1511776,0.0
2024-09-17 23:00:00,17.163,0.0,0.0,0.0,0.0,1.029563,0.0
2024-09-17 23:30:00,16.863001,0.0,0.0,0.0,0.0,0.975758725,0.0
2024-09-18 00:00:00,16.563002,0.0,0.0,0.0,0.0,0.92195445,0.0
2024-09-18 00:30:00,16.163001,0.0,0.0,0.0,0.0,0.810977225,0.0
2024-09-18 01:00:00,15.763,0.0,0.0,0.0,0.0,0.7,0.0
2024-09-18 01:30:00,15.413,0.0,0.0,0.0,0.0,0.6,0.0
2024-09-18 02:00:00,15.063,0.0,0.0,0.0,0.0,0.5,0.0
2024-09-18 02:30:00,15.038,0.0,0.0,0.0,0.0,0.603553385,0.0
2024-09-18 03:00:00,15.013,0.0,0.0,0.0,0.0,0.70710677,0.0
2024-09-18 03:30:00,16.013,0.0,0.0,0.0,0.0,0.688963585,0.0
2024-09-18 04:00:00,17.013,0.0,0.0,0.0,0.0,0.6708204,0.0
2024-09-18 04:30:00,17.338,0.0,0.0,0.0,0.0,1.0460437,0.0
2024-09-18 05:00:00,17.663,0.0,0.0,0.0,0.0,1.421267,0.0
2024-09-18 05:30:00,17.488001,0.0,0.0,0.0,0.0,1.8906759,0.0
2024-09-18 06:00:00,17.313002,0.0,0.0,0.0,0.0,2.3600848,0.0
2024-09-18 06:30:00,17.363001,0.0,0.0,0.0,0.0,2.2108188,0.0
2024-09-18 07:00:00,17.413,0.0,0.0,0.0,0.0,2.0615528,0.0
2024-09-18 07:30:00,17.762999999999998,28.56658864967749,0.07904070211017375,39.2635575,25.993875,1.98209125,11.098
2024-09-18 08:00:00,18.113,66.94806013834963,0.20402788442286476,78.527115,51.98775,1.9026297,41.047
2024-09-18 08:30:00,18.688,80.48549376507337,0.32565460605604757,39.2635575,69.20712,1.67242515,110.274
2024-09-18 09:00:00,19.263,84.47193183503518,0.44183798321930357,0.0,86.42649,1.4422206,319.213
2024-09-18 09:30:00,21.138,289.2128843578813,0.5505882455956238,290.4904,131.20222,1.84472055,139.117
2024-09-18 10:00:00,23.013,551.7350349754297,0.6500428198168413,580.9808,175.97795,2.2472205,547.206
2024-09-18 10:30:00,23.788001,515.9353681376541,0.7384982350590686,394.39372,228.30671,2.3855531,451.826
2024-09-18 11:00:00,24.563002,444.52585833526825,0.8144392875064351,207.80664,280.63547,2.5238857,367.477
2024-09-18 11:30:00,24.288001,510.4018655997148,0.8765650037218881,271.608995,277.143205,2.3585285,271.074
2024-09-18 12:00:00,24.013,579.2145568629969,0.9238109312767018,335.41135,273.65094,2.1931713,276.92999999999995
2024-09-18 12:30:00,22.963,445.6391896803076,0.9553673677016489,206.386365,253.00009,1.8348268,729.595
2024-09-18 13:00:00,21.913,302.6650661925106,0.9706932400862032,77.36138,232.34924,1.4764823,729.57
2024-09-18 13:30:00,22.9380005,381.26650810956437,0.9695253766459099,110.564725,279.709455,1.2767576,729.5360000000001
2024-09-18 14:00:00,23.963001,457.42188937990124,0.9518830157648774,143.76807,327.06967,1.0770329,191.384
2024-09-18 14:30:00,25.0130015,525.0617294859416,0.9180674812389849,261.60312,289.874435,2.0251233,80.488
2024-09-18 15:00:00,26.063002,578.8149479725819,0.8686570179895814,379.43817,252.6792,2.9732137,21.807
2024-09-18 15:30:00,25.313002,552.4827579843769,0.8044968918922536,402.009635,232.08661,2.9940882,5.938000000000001
2024-09-18 16:00:00,24.563002,517.4578719595423,0.7266849099882808,424.5811,211.49402,3.0149627,11.131
2024-09-18 16:30:00,23.613001,305.6894229184255,0.6365526090401064,238.5338285,156.168195,2.6310915,10.924
2024-09-18 17:00:00,22.663,126.8930189851352,0.535642458384187,52.486557,100.84237,2.2472203,43.47599999999999
2024-09-18 17:30:00,22.588,117.03364554860016,0.4256814366471948,54.0050535,96.03021,1.86691355,142.811
2024-09-18 18:00:00,22.513,106.44227465379879,0.3085514459775915,55.52355,91.21805,1.4866068,78.905
2024-09-18 18:30:00,22.063,60.567768116267686,0.18625709857373832,39.2802505,54.388425000000005,1.19051702,76.612
2024-09-18 19:00:00,21.613,18.5954340517819,0.06089138330395698,23.036951,17.5588,0.89442724,7.480999999999999
2024-09-18 19:30:00,20.9130005,0.0,0.0,11.5184755,8.7794,0.94721362,0.0
2024-09-18 20:00:00,20.213001,0.0,0.0,0.0,0.0,1.0,0.0
2024-09-18 20:30:00,20.0130015,0.0,0.0,0.0,0.0,1.31394105,0.0
2024-09-18 21:00:00,19.813002,0.0,0.0,0.0,0.0,1.6278821,0.0
2024-09-18 21:30:00,19.288001,0.0,0.0,0.0,0.0,1.7691897,0.0
2024-09-18 22:00:00,18.763,0.0,0.0,0.0,0.0,1.9104973,0.0
2024-09-18 22:30:00,18.4880005,0.0,0.0,0.0,0.0,1.82846115,0.0
2024-09-18 23:00:00,18.213001,0.0,0.0,0.0,0.0,1.746425,0.0
2024-09-18 23:30:00,18.0630005,0.0,0.0,0.0,0.0,1.9039889,0.0
2024-09-19 00:00:00,17.913,0.0,0.0,0.0,0.0,2.0615528,0.0
2024-09-19 00:30:00,17.887999999999998,0.0,0.0,0.0,0.0,2.1588278,0.0
2024-09-19 01:00:00,17.863,0.0,0.0,0.0,0.0,2.2561028,0.0
2024-09-19 01:30:00,17.813000000000002,0.0,0.0,0.0,0.0,2.28239105,0.0
2024-09-19 02:00:00,17.763,0.0,0.0,0.0,0.0,2.3086793,0.0
2024-09-19 02:30:00,17.663001,0.0,0.0,0.0,0.0,2.21499975,0.0
2024-09-19 03:00:00,17.563002,0.0,0.0,0.0,0.0,2.1213202,0.0
2024-09-19 03:30:00,17.438002,0.0,0.0,0.0,0.0,1.9620479,0.0
2024-09-19 04:00:00,17.313002,0.0,0.0,0.0,0.0,1.8027756,0.0
2024-09-19 04:30:00,17.313002,0.0,0.0,0.0,0.0,1.75285715,0.0
2024-09-19 05:00:00,17.313002,0.0,0.0,0.0,0.0,1.7029387,0.0
2024-09-19 05:30:00,17.2630015,0.0,0.0,0.0,0.0,1.6276781,0.0
2024-09-19 06:00:00,17.213001,0.0,0.0,0.0,0.0,1.5524175,0.0
2024-09-19 06:30:00,17.088001,0.0,0.0,0.0,0.0,1.6008299,0.0
2024-09-19 07:00:00,16.963001,0.0,0.0,0.0,0.0,1.6492423,0.124
2024-09-19 07:30:00,17.2880005,32.07487905569259,0.07879350639667179,95.94687,24.939950000000003,1.93141825,23.251
2024-09-19 08:00:00,17.613,88.13288358463288,0.20377478756429981,191.89374,49.8799,2.2135942,118.627
2024-09-19 08:30:00,18.738,213.85255489008796,0.3253695029509633,433.34692000000007,73.66748,2.3078383,242.099
2024-09-19 09:00:00,19.863,394.60067804788605,0.4414953253272869,674.8001,97.45506,2.4020824,172.59099999999998
2024-09-19 09:30:00,20.763,508.0716936066339,0.550163482265813,730.2056500000001,106.642302,2.6231875,477.814
2024-09-19 10:00:00,21.663,626.2633802054792,0.6495128222561678,785.6112,115.829544,2.8442926,702.1740000000001
2024-09-19 10:30:00,22.538,719.6723075403913,0.7378416957155325,811.36165,120.356357,3.2421738,666.06
2024-09-19 11:00:00,23.413,807.1383225347446,0.8136370879127074,837.1121,124.88317,3.640055,727.4580000000001
2024-09-19 11:30:00,23.913,842.7235634766747,0.8756005445017616,804.26385,137.46092,4.0040605,729.4749999999999
2024-09-19 12:00:00,24.413,862.7488802439759,0.9226704185020967,771.4156,150.03867,4.368066,729.602
2024-09-19 12:30:00,24.788,850.5073743401568,0.9540400507582297,712.127,170.800915,4.54040725,729.885
2024-09-19 13:00:00,25.163,823.945299105454,0.969171596877086,652.8384,191.56316,4.7127485,729.508
2024-09-19 13:30:00,25.338,836.2437320676986,0.9678052429360713,675.4944499999999,182.450215,4.9044127500000005,729.69
2024-09-19 14:00:00,25.513,836.9780608419983,0.9499636564749417,698.1505,173.33727,5.096077,729.638
2024-09-19 14:30:00,25.388,769.3165851905999,0.9159516024282318,648.404535,175.441165,5.08279685,729.716
2024-09-19 15:00:00,25.263,695.7066483311003,0.8663507193291415,598.65857,177.54506,5.0695167,729.8330000000001
2024-09-19 15:30:00,25.138,612.9696115121825,0.8020095605197546,547.8661850000001,174.47191500000002,4.85100535,698.2940000000001
2024-09-19 16:00:00,25.013,529.9888958685804,0.7240290575247169,497.0738,171.39877,4.632494,619.269
2024-09-19 16:30:00,24.538001,429.49391785079,0.6337436546375979,444.4078,149.137423,4.46682835,524.851
2024-09-19 17:00:00,24.063002,334.2938223239187,0.5326984615877057,391.7418,126.876076,4.3011627,420.43
2024-09-19 17:30:00,23.663001,251.95100826054062,0.4226227847132617,361.8499000000001,100.025841,3.9239961,272.991
2024-09-19 18:00:00,23.263,173.816563129752,0.3054005009833212,331.958,73.175606,3.5468295,160.991
2024-09-19 18:30:00,22.4880005,84.18769827053501,0.18303781058541685,215.46662,45.247987,3.47414985,58.497
2024-09-19 19:00:00,21.713001,22.76572800881293,0.05762887617300578,98.97524,17.320368,3.4014702,16.916
2024-09-19 19:30:00,21.1380015,0.0,0.0,49.48762000000001,8.660184,3.0764166,0.021
2024-09-19 20:00:00,20.563002,0.0,0.0,0.0,0.0,2.751363,0.0
2024-09-19 20:30:00,20.2630015,0.0,0.0,0.0,0.0,2.67664265,0.0
2024-09-19 21:00:00,19.963001,0.0,0.0,0.0,0.0,2.6019223,0.0
2024-09-19 21:30:00,19.9130005,0.0,0.0,0.0,0.0,2.56685995,0.0
2024-09-19 22:00:00,19.863,0.0,0.0,0.0,0.0,2.5317976,0.0
2024-09-19 22:30:00,19.638,0.0,0.0,0.0,0.0,2.442759,0.0
2024-09-19 23:00:00,19.413,0.0,0.0,0.0,0.0,2.3537204,0.0
2024-09-19 23:30:00,18.963,0.0,0.0,0.0,0.0,2.2948942,0.0
2024-09-20 00:00:00,18.513,0.0,0.0,0.0,0.0,2.236068,0.0
2024-09-20 00:30:00,18.2380005,0.0,0.0,0.0,0.0,2.22257,0.0
2024-09-20 01:00:00,17.963001,0.0,0.0,0.0,0.0,2.209072,0.0
2024-09-20 01:30:00,17.7880005,0.0,0.0,0.0,0.0,2.1095236,0.0
2024-09-20 02:00:00,17.613,0.0,0.0,0.0,0.0,2.0099752,0.0
2024-09-20 02:30:00,17.512999999999998,0.0,0.0,0.0,0.0,2.1049876000000003,0.0
2024-09-20 03:00:00,17.413,0.0,0.0,0.0,0.0,2.2,0.0
2024-09-20 03:30:00,17.988001,0.0,0.0,0.0,0.0,2.05,0.0
2024-09-20 04:00:00,18.563002,0.0,0.0,0.0,0.0,1.9,0.0
2024-09-20 04:30:00,18.738001,0.0,0.0,0.0,0.0,2.0011898,0.0
2024-09-20 05:00:00,18.913,0.0,0.0,0.0,0.0,2.1023796,0.0
2024-09-20 05:30:00,18.6880005,0.0,0.0,0.0,0.0,2.1059408,0.0
2024-09-20 06:00:00,18.463001,0.0,0.0,0.0,0.0,2.109502,0.0
2024-09-20 06:30:00,18.5630005,0.0,0.0,0.0,0.0,2.159287,0.0
2024-09-20 07:00:00,18.663,0.0,0.0,0.0,0.0,2.209072,0.0
2024-09-20 07:30:00,18.913,21.22218927550753,0.07853655497080068,0.0,21.71324,2.31387465,15.204
2024-09-20 08:00:00,19.163,42.44437855101506,0.20350596683344482,0.0,43.42648,2.4186773,41.663
2024-09-20 08:30:00,20.013,170.27870888387224,0.32506293103028167,297.53135,74.626097,2.9939954,248.069
2024-09-20 09:00:00,20.863,367.1777095807053,0.4411257767841423,595.0627,105.825714,3.5693135,217.302
2024-09-20 09:30:00,21.513,473.1166888231153,0.5497068238074116,653.80945,114.419672,3.83465675,177.38600000000002
2024-09-20 10:00:00,22.163,585.1569334025337,0.6489464295360574,712.5562,123.01363,4.1,266.336
2024-09-20 10:30:00,22.788,681.5680077403849,0.7371448439649775,744.32015,132.80916000000002,4.26923425,692.617
2024-09-20 11:00:00,23.413,773.8407743699995,0.8127913097581304,776.0841,142.60469,4.4384685,723.5040000000001
2024-09-20 11:30:00,23.863001,821.307761399949,0.874589948650736,763.37823,153.193085,4.3552351,729.826
2024-09-20 12:00:00,24.313002,856.0143471107897,0.9214819638663808,750.67236,163.78148,4.2720017,729.6980000000001
2024-09-20 12:30:00,24.363001,799.7507213106245,0.9526637712646872,619.47537,210.772775,4.03994415,729.654
2024-09-20 13:00:00,24.413,727.3731896115685,0.9676007730829149,488.27838,257.76407,3.8078866,729.7189999999999
2024-09-20 13:30:00,24.4380005,771.434387216495,0.9660365174563406,568.4103700000001,223.894945,4.09083605,729.848
2024-09-20 14:00:00,24.463001,804.5600449999976,0.9479970912811969,648.54236,190.02582,4.3737855,362.173
2024-09-20 14:30:00,24.4380005,723.159146106109,0.913790677003651,582.37653,191.80594,4.562813500000001,500.089
2024-09-20 15:00:00,24.413,638.2412472866239,0.8640022697344996,516.2107,193.58606,4.7518415,409.55
2024-09-20 15:30:00,23.863001,505.9441067871343,0.7994836604453691,384.42402,200.986915,4.48601555,704.812
2024-09-20 16:00:00,23.313002,387.20986403691506,0.7213388433929961,252.63734,208.38777,4.2201896,688.942
2024-09-20 16:30:00,23.1380015,360.6384994716758,0.6309050977994585,315.75152,163.712735,4.41877415,571.414
2024-09-20 17:00:00,22.963001,318.5823362988213,0.5297300916149367,378.8657,119.0377,4.6173587,290.802
2024-09-20 17:30:00,22.5380005,242.18374591969774,0.4195453684836411,351.783315,95.543715,4.62816215,300.752
2024-09-20 18:00:00,22.113,169.44012860324062,0.30223668323972147,324.70093,72.04973,4.6389656,201.113
2024-09-20 18:30:00,21.4130005,80.543519336212,0.17981172215917268,206.91061,43.8280285,4.3100858,70.57900000000001
2024-09-20 19:00:00,20.713001,20.21862439646822,0.054365716644792596,89.12029,15.606327,3.981206,13.986999999999998
2024-09-20 19:30:00,20.0380005,0.0,0.0,44.560145,7.8031635,3.5913841,0.019
2024-09-20 20:00:00,19.363,0.0,0.0,0.0,0.0,3.2015622,0.0
2024-09-20 20:30:00,18.888,0.0,0.0,0.0,0.0,2.8666799000000003,0.0
2024-09-20 21:00:00,18.413,0.0,0.0,0.0,0.0,2.5317976,0.0
2024-09-20 21:30:00,18.163,0.0,0.0,0.0,0.0,2.5158988,0.0
2024-09-20 22:00:00,17.913,0.0,0.0,0.0,0.0,2.5,0.0
2024-09-20 22:30:00,17.8130005,0.0,0.0,0.0,0.0,2.5089679,0.0
2024-09-20 23:00:00,17.713001,0.0,0.0,0.0,0.0,2.5179358,0.0
2024-09-20 23:30:00,17.588001,0.0,0.0,0.0,0.0,2.5742624000000003,0.0
2024-09-21 00:00:00,17.463001,0.0,0.0,0.0,0.0,2.630589,0.0
2024-09-21 00:30:00,17.4130005,0.0,0.0,0.0,0.0,2.8725356,0.0
2024-09-21 01:00:00,17.363,0.0,0.0,0.0,0.0,3.1144822,0.0
2024-09-21 01:30:00,17.4130005,0.0,0.0,0.0,0.0,3.1603631,0.0
2024-09-21 02:00:00,17.463001,0.0,0.0,0.0,0.0,3.206244,0.0
2024-09-21 02:30:00,17.5380005,0.0,0.0,0.0,0.0,3.3645135,0.0
2024-09-21 03:00:00,17.613,0.0,0.0,0.0,0.0,3.522783,0.0
2024-09-21 03:30:00,17.563000000000002,0.0,0.0,0.0,0.0,3.01239105,0.0
2024-09-21 04:00:00,17.513,0.0,0.0,0.0,0.0,2.5019991,0.0
2024-09-21 04:30:00,17.6130005,0.0,0.0,0.0,0.0,2.65099955,0.0
2024-09-21 05:00:00,17.713001,0.0,0.0,0.0,0.0,2.8,0.0
2024-09-21 05:30:00,17.7630015,0.0,0.0,0.0,0.0,2.9508063,0.0
2024-09-21 06:00:00,17.813002,0.0,0.0,0.0,0.0,3.1016126,0.0
2024-09-21 06:30:00,17.813002,0.0,0.0,0.0,0.0,3.35704545,0.0
2024-09-21 07:00:00,17.813002,0.0,0.0,0.0,0.0,3.6124783,0.275
2024-09-21 07:30:00,18.2630015,29.599596276875833,0.07826835414485078,91.439225,22.827945,3.71215095,12.820000000000002
2024-09-21 08:00:00,18.713001,82.05014521662073,0.20321994173140936,182.87845,45.65589,3.8118236,47.639
2024-09-21 08:30:00,19.6130005,202.9641874173568,0.32473345628222827,402.462905,73.148275,4.5728388,231.819
2024-09-21 09:00:00,20.513,373.81011521232375,0.44072798246965084,622.04736,100.64066,5.333854,411.4740000000001
2024-09-21 09:30:00,21.063,484.12420155535176,0.5492170250627988,679.9111800000001,111.28229,5.643922249999999,382.986
2024-09-21 10:00:00,21.613,600.085288888243,0.6483425355827522,737.775,121.92392,5.9539905,624.2560000000001
2024-09-21 10:30:00,21.838001,677.1097717597343,0.7364067395814718,733.21845,137.26004,5.9836545,192.92200000000005
2024-09-21 11:00:00,22.063002,744.1726253153331,0.8119012024994081,728.6619,152.59616,6.0133185,144.286
2024-09-21 11:30:00,22.288001,760.0083158449726,0.873532675887864,671.3838499999999,174.042955,5.95708295,724.188
2024-09-21 12:00:00,22.513,759.6219651955381,0.9202452542741255,614.1058,195.48975,5.9008474,718.8430000000001
2024-09-21 12:30:00,22.813,784.2444266195791,0.9512384563288256,616.0923,199.106295,5.9504237,729.552
2024-09-21 13:00:00,23.113,798.9458025309837,0.9659809448751515,618.0788,202.72284,6.0,562.0500000000001
2024-09-21 13:30:00,23.138,770.5021028451156,0.9642196299999511,573.97645,218.49399,6.10644485,729.838
2024-09-21 14:00:00,23.163,733.4844485157672,0.9459840037861654,529.8741,234.26514,6.2128897,729.4770000000001
2024-09-21 14:30:00,23.038,698.4381638775241,0.9115856381990892,543.9688,203.91662,6.31619585,729.557
2024-09-21 15:00:00,22.913,653.7306895718682,0.8616128435720698,558.0635,173.5681,6.419502,705.847
2024-09-21 15:30:00,22.788,587.466628106211,0.7969205945363816,543.1846,155.125565,6.2634374,729.7850000000001
2024-09-21 16:00:00,22.663,515.9361238055657,0.7186158824071809,528.3057,136.68303,6.1073728,668.9929999999999
2024-09-21 16:30:00,22.1880005,434.0793997685648,0.6280387451164207,495.94234,123.111175,6.2599304,535.2959999999999
2024-09-21 17:00:00,21.713001,353.1148110214979,0.5267393233211155,463.57898,109.53932,6.412488,427.865
2024-09-21 17:30:00,21.1880005,259.18850424231204,0.416451304750214,409.76854,89.144805,6.362587,389.306
2024-09-21 18:00:00,20.663,174.60381001524618,0.299062222711627,355.9581,68.75029,6.312686,85.86500000000001
2024-09-21 18:30:00,19.988001,78.43776189112299,0.1765811457507854,210.76026,41.64156800000001,5.8637405000000005,99.963
2024-09-21 19:00:00,19.313002,17.6432774183819,0.05110426753987033,65.56242,14.532846,5.414795,17.578000000000003
2024-09-21 19:30:00,18.8880015,0.0,0.0,32.78121,7.266423,5.16554715,0.0
2024-09-21 20:00:00,18.463001,0.0,0.0,0.0,0.0,4.9162993,0.0
2024-09-21 20:30:00,18.2380005,0.0,0.0,0.0,0.0,4.9760854000000005,0.0
2024-09-21 21:00:00,18.013,0.0,0.0,0.0,0.0,5.0358715,0.0
2024-09-21 21:30:00,17.913001,0.0,0.0,0.0,0.0,4.95975875,0.0
2024-09-21 22:00:00,17.813002,0.0,0.0,0.0,0.0,4.883646,0.0
2024-09-21 22:30:00,17.738001,0.0,0.0,0.0,0.0,4.8256223,0.0
2024-09-21 23:00:00,17.663,0.0,0.0,0.0,0.0,4.7675986,0.0
2024-09-21 23:30:00,17.588,0.0,0.0,0.0,0.0,4.5979583,0.0
2024-09-22 00:00:00,17.513,0.0,0.0,0.0,0.0,4.428318,0.0
2024-09-22 00:30:00,17.413001,0.0,0.0,0.0,0.0,4.2696395,0.0
2024-09-22 01:00:00,17.313002,0.0,0.0,0.0,0.0,4.110961,0.0
2024-09-22 01:30:00,17.2630015,0.0,0.0,0.0,0.0,3.9061561,0.0
2024-09-22 02:00:00,17.213001,0.0,0.0,0.0,0.0,3.7013512,0.0
2024-09-22 02:30:00,17.1380015,0.0,0.0,0.0,0.0,3.65136985,0.0
2024-09-22 03:00:00,17.063002,0.0,0.0,0.0,0.0,3.6013885,0.0
2024-09-22 03:30:00,17.188002,0.0,0.0,0.0,0.0,3.65676535,0.0
2024-09-22 04:00:00,17.313002,0.0,0.0,0.0,0.0,3.7121422,0.0
2024-09-22 04:30:00,17.538001,0.0,0.0,0.0,0.0,4.0583428,0.0
2024-09-22 05:00:00,17.763,0.0,0.0,0.0,0.0,4.4045434,0.0
2024-09-22 05:30:00,18.013,0.0,0.0,0.0,0.0,4.852271699999999,0.0
2024-09-22 06:00:00,18.263,0.0,0.0,0.0,0.0,5.3,0.0
2024-09-22 06:30:00,18.3630005,0.0,0.0,0.0,0.0,5.35,0.0
2024-09-22 07:00:00,18.463001,0.0,0.0,0.0,0.0,5.4,0.4389999999999999
2024-09-22 07:30:00,18.463001,31.164134660654764,0.07798746992544907,57.511675,27.212303,5.25440785,6.998000000000001
2024-09-22 08:00:00,18.463001,76.6978865902515,0.20291529778772194,115.02335,54.424606,5.1088157,41.473
2024-09-22 08:30:00,19.1130005,177.00578717663603,0.32437971613459426,264.933305,92.653608,5.70599485,72.974
2024-09-22 09:00:00,19.763,311.43146704445405,0.440300663206248,414.84326,130.88261,6.303174,156.591
2024-09-22 09:30:00,20.338,446.9866804041604,0.5486929202364742,578.870145,130.59679,6.8070624,640.141
2024-09-22 10:00:00,20.913,611.1282482224912,0.6477001160571406,742.89703,130.31097,7.3109508,640.057
2024-09-22 10:30:00,21.263,695.8194878384079,0.7356265252173939,753.72543,141.47514,7.517145899999999,683.494
2024-09-22 11:00:00,21.613,772.7916184975186,0.8109660984517744,764.55383,152.63931,7.723341,210.413
2024-09-22 11:30:00,21.863,835.3722901430795,0.8724282675463082,773.954765,159.802955,7.6279685,729.6700000000001
2024-09-22 12:00:00,22.113,887.4127666015306,0.9189600558440427,783.3557,166.9666,7.532596,729.744
2024-09-22 12:30:00,22.188,917.9310566625711,0.9497641087026937,796.0435,160.89582,7.6321742,585.608
2024-09-22 13:00:00,22.263,936.0844420382184,0.964312359406645,808.7313,154.82504,7.7317524,729.557
2024-09-22 13:30:00,22.313,926.1989289446111,0.9623550756712712,807.24335,147.77025500000002,7.6371492,729.8889999999999
2024-09-22 14:00:00,22.363,903.0463093170193,0.9439251363202446,805.7554,140.71547,7.542546,729.557
2024-09-22 14:30:00,22.238,836.4613928904939,0.9093374705789898,759.7694,144.298965,7.4380155,586.558
2024-09-22 15:00:00,22.113,761.9467163986957,0.8591836584986249,713.7834,147.88246,7.333485,490.443
2024-09-22 15:30:00,22.063,692.4170887376366,0.7943218003864775,704.68775,131.81829,7.079952199999999,729.6890000000001
2024-09-22 16:00:00,22.013,614.6086328214444,0.7158618151900683,695.5921,115.75412,6.8264194,722.3820000000001
2024-09-22 16:30:00,21.688,506.4052537665418,0.6251464198120165,643.2094,103.709217,6.72681785,569.768
2024-09-22 17:00:00,21.363,401.382158936246,0.5237281390390881,590.8267,91.664314,6.6272163,445.2000000000001
2024-09-22 17:30:00,20.738,287.50208948729346,0.41334270872136525,509.79955,76.7704085,6.46995115,303.989
2024-09-22 18:00:00,20.113,188.4756286214651,0.2958793390185206,428.7724,61.876503,6.312686,181.391
2024-09-22 18:30:00,19.4130005,81.7092103673086,0.17334837514081147,257.18149,37.3470635,5.910431,70.944
2024-09-22 19:00:00,18.713001,16.738940557254367,0.04784686537120349,85.59058,12.817624,5.508176,14.371
2024-09-22 19:30:00,18.3130005,0.0,0.0,42.79529,6.408811999999999,5.2086755,0.0
2024-09-22 20:00:00,17.913,0.0,0.0,0.0,0.0,4.909175,0.0
2024-09-22 20:30:00,17.788,0.0,0.0,0.0,0.0,4.7567605,0.0
2024-09-22 21:00:00,17.663,0.0,0.0,0.0,0.0,4.604346,0.0
2024-09-22 21:30:00,17.5630005,0.0,0.0,0.0,0.0,4.5527285,0.0
2024-09-22 22:00:00,17.463001,0.0,0.0,0.0,0.0,4.501111,0.0
2024-09-22 22:30:00,17.3630005,0.0,0.0,0.0,0.0,4.301165,0.0
2024-09-22 23:00:00,17.263,0.0,0.0,0.0,0.0,4.101219,0.0
2024-09-22 23:30:00,17.088,0.0,0.0,0.0,0.0,4.0506095,0.0
2024-09-23 00:00:00,16.913,0.0,0.0,0.0,0.0,4.0,0.0
2024-09-23 00:30:00,16.6880005,0.0,0.0,0.0,0.0,3.80623915,0.0
2024-09-23 01:00:00,16.463001,0.0,0.0,0.0,0.0,3.6124783,0.0
2024-09-23 01:30:00,16.188,0.0,0.0,0.0,0.0,3.42565265,0.0
2024-09-23 02:00:00,15.912999,0.0,0.0,0.0,0.0,3.238827,0.0
2024-09-23 02:30:00,15.6879995,0.0,0.0,0.0,0.0,3.1401042,0.0
2024-09-23 03:00:00,15.463,0.0,0.0,0.0,0.0,3.0413814,0.0
2024-09-23 03:30:00,15.163,0.0,0.0,0.0,0.0,2.9784287000000003,0.0
2024-09-23 04:00:00,14.863,0.0,0.0,0.0,0.0,2.915476,0.0
2024-09-23 04:30:00,15.113,0.0,0.0,0.0,0.0,3.0701895,0.0
2024-09-23 05:00:00,15.363,0.0,0.0,0.0,0.0,3.224903,0.0
2024-09-23 05:30:00,15.413,0.0,0.0,0.0,0.0,3.224903,0.0
2024-09-23 06:00:00,15.463,0.0,0.0,0.0,0.0,3.224903,0.0
2024-09-23 06:30:00,15.6380005,0.0,0.0,0.0,0.0,3.4732309,0.0
2024-09-23 07:00:00,15.813001,0.0,0.0,0.0,0.0,3.7215588,2.59
2024-09-23 07:30:00,16.663000500000003,28.78299958360489,0.0776925497078678,81.031005,22.8901235,3.88315425,32.44
2024-09-23 08:00:00,17.513,77.80724571496201,0.20259070781260952,162.06201,45.780247,4.0447497,107.256
2024-09-23 08:30:00,18.7380005,190.81407163968248,0.3240004400667667,346.748205,79.61197849999999,4.72283785,164.68800000000002
2024-09-23 09:00:00,19.963001,345.7075198596251,0.43984263533657353,531.4344,113.44371,5.400926,93.91000000000004
2024-09-23 09:30:00,20.7380005,452.74262938436186,0.548133441261851,579.165,136.748705,5.82616275,513.945
2024-09-23 10:00:00,21.513,564.2187278659362,0.6470182450940264,626.8956,160.0537,6.2513995,569.7510000000001
2024-09-23 10:30:00,21.888,657.1618597287152,0.7348034414075024,682.53025,156.368555,6.30768025,704.7639999999999
2024-09-23 11:00:00,22.263,750.5695402665845,0.8099854257976364,738.1649,152.68341,6.363961,729.6209999999999
2024-09-23 11:30:00,22.638,829.717888818278,0.8712763574830622,782.0494,147.67588,6.2319805,194.659
2024-09-23 12:00:00,23.013,901.9053477096993,0.9176262225245709,825.9339,142.66835,6.1,729.8430000000001
2024-09-23 12:30:00,23.2380005,912.4769965694402,0.9482408130485896,787.91623,164.52375999999998,6.06039865,729.6210000000001
2024-09-23 13:00:00,23.463001,908.527455378638,0.9625953386765129,749.89856,186.37917,6.0207973,443.26
2024-09-23 13:30:00,23.713001,871.3613335858934,0.9604434163330369,698.88861,200.417315,5.95743085,729.736
2024-09-23 14:00:00,23.963001,823.7440563551811,0.941821288997384,647.87866,214.45546,5.8940644,729.663
2024-09-23 14:30:00,23.8630005,761.3887645469927,0.907047206794232,623.8192300000001,196.28963,5.715154200000001,729.681
2024-09-23 15:00:00,23.763,691.3762059998609,0.8567159699900129,599.7598,178.1238,5.536244,729.649
2024-09-23 15:30:00,23.388,601.9783877942111,0.7916887427736683,543.51622,172.632455,5.921295,712.2769999999999
2024-09-23 16:00:00,23.013,513.2765677510963,0.7130782986754844,487.27264,167.14111,6.306346,628.239
2024-09-23 16:30:00,22.588,421.12065159901863,0.6222299505928368,438.822735,149.45414499999998,6.19701935,488.054
2024-09-23 17:00:00,22.163,333.5975363650747,0.520698515908366,390.37283,131.76718,6.0876927,221.417
2024-09-23 17:30:00,21.613001,246.11745713281218,0.4102216801519364,356.586285,100.92814,5.701853,157.506
2024-09-23 18:00:00,21.063002,163.82541027061905,0.2926902265838101,322.79974,70.0891,5.3160133,115.391
2024-09-23 18:30:00,20.363001,72.39753522514299,0.17011566994838678,182.928665,41.773423,4.47803415,57.032
2024-09-23 19:00:00,19.663,15.13211228346642,0.04459580437461799,43.05759,13.457746,3.640055,8.712
2024-09-23 19:30:00,19.088,0.0,0.0,21.528795,6.728873,3.1847619,0.0
2024-09-23 20:00:00,18.513,0.0,0.0,0.0,0.0,2.7294688,0.0
2024-09-23 20:30:00,18.013,0.0,0.0,0.0,0.0,2.3147344,0.0
2024-09-23 21:00:00,17.513,0.0,0.0,0.0,0.0,1.9,0.0
2024-09-23 21:30:00,17.338,0.0,0.0,0.0,0.0,1.751561,0.0
2024-09-23 22:00:00,17.163,0.0,0.0,0.0,0.0,1.603122,0.0
2024-09-23 22:30:00,17.038,0.0,0.0,0.0,0.0,1.3605779999999998,0.0
2024-09-23 23:00:00,16.913,0.0,0.0,0.0,0.0,1.118034,0.0
2024-09-23 23:30:00,16.738001,0.0,0.0,0.0,0.0,1.16109675,0.0
2024-09-24 00:00:00,16.563002,0.0,0.0,0.0,0.0,1.2041595,0.0
2024-09-24 00:30:00,16.1880015,0.0,0.0,0.0,0.0,1.1721675,0.0
2024-09-24 01:00:00,15.813001,0.0,0.0,0.0,0.0,1.1401755,0.0
2024-09-24 01:30:00,16.2380005,0.0,0.0,0.0,0.0,1.1721675,0.0
2024-09-24 02:00:00,16.663,0.0,0.0,0.0,0.0,1.2041595,0.0
2024-09-24 02:30:00,16.788,0.0,0.0,0.0,0.0,1.28215325,0.0
2024-09-24 03:00:00,16.913,0.0,0.0,0.0,0.0,1.360147,0.0
2024-09-24 03:30:00,17.3130005,0.0,0.0,0.0,0.0,0.94933173,0.0
2024-09-24 04:00:00,17.713001,0.0,0.0,0.0,0.0,0.53851646,0.0
2024-09-24 04:30:00,17.6880005,0.0,0.0,0.0,0.0,0.58548598,0.0
2024-09-24 05:00:00,17.663,0.0,0.0,0.0,0.0,0.6324555,0.0
2024-09-24 05:30:00,17.663,0.0,0.0,0.0,0.0,0.92038005,0.0
2024-09-24 06:00:00,17.663,0.0,0.0,0.0,0.0,1.2083046,0.0
2024-09-24 06:30:00,17.6880005,0.0,0.0,0.0,0.0,1.5096908,0.0
2024-09-24 07:00:00,17.713001,0.0,0.0,0.0,0.0,1.811077,0.0
2024-09-24 07:30:00,18.0130015,21.648276706884513,0.0773823322585668,17.475265,20.740362,1.76867235,31.19
2024-09-24 08:00:00,18.313002,47.66056779087095,0.20224494169830712,34.95053,41.480724,1.7262677,129.985
2024-09-24 08:30:00,19.213001,180.16401549745638,0.32359445895158967,343.01076500000005,70.07168000000001,1.8593768,253.14
2024-09-24 09:00:00,20.113,383.79314484459826,0.4393528195356164,651.071,98.662636,1.9924859,286.524
2024-09-24 09:30:00,20.863,502.8094448439906,0.547537625771207,726.981665,105.098563,2.02701935,480.485
2024-09-24 10:00:00,21.613,630.6821783009316,0.6462961024378865,802.89233,111.53449,2.0615528,557.2969999999999
2024-09-24 10:30:00,22.2880005,721.6294156708218,0.7339368326001525,821.162615,118.297395,2.037007,653.686
2024-09-24 11:00:00,22.963001,805.18641802404,0.8089587134749802,839.4329,125.0603,2.0124612,718.551
2024-09-24 11:30:00,23.588001,851.3619533786956,0.8700766756490851,824.5061499999999,132.81124,1.8140053,729.5440000000001
2024-09-24 12:00:00,24.213001,883.6089310277756,0.9162436983331153,809.5794,140.56218,1.6155494,729.565
2024-09-24 12:30:00,25.088001,909.8687394332485,0.9466687367760256,809.00613,142.58370000000002,1.019906735,729.669
2024-09-24 13:00:00,25.963001,922.9457195192756,0.9608302789579483,808.43286,144.60522,0.42426407,729.654
2024-09-24 13:30:00,26.6380015,814.9220081218955,0.9584852786307383,638.100355,204.085935,0.462132035,729.644
2024-09-24 14:00:00,27.313002,699.9944409029108,0.939673316366056,467.76785,263.56665,0.5,729.708
2024-09-24 14:30:00,26.613001,671.4718143238512,0.9047159229105682,478.035,241.6316,1.7,683.1959999999999
2024-09-24 15:00:00,25.913,634.6395020253134,0.8542110654206807,488.30215,219.69655,2.9,666.4300000000001
2024-09-24 15:30:00,25.5630005,615.8314285026617,0.7890229065338956,563.484355,172.12732499999998,2.9,476.458
2024-09-24 16:00:00,25.213001,578.5561079133847,0.710266997964667,638.66656,124.5581,2.9,486.006
2024-09-24 16:30:00,24.3880015,465.2939627371939,0.6192911625374701,564.31453,115.88441,3.205705,502.852
2024-09-24 17:00:00,23.563002,360.3358670639854,0.5176524159957824,489.9625,107.21072,3.51141,393.231
2024-09-24 17:30:00,22.863001,248.76312011882908,0.4070902927287357,396.2954,88.078825,3.6351995,273.376
2024-09-24 18:00:00,22.163,155.77462239982776,0.2894970435346736,302.6283,68.94693,3.758989,154.84500000000003
2024-09-24 18:30:00,21.263,68.79103709836828,0.16688524411567565,180.014782,39.208283,3.4677325000000003,59.67699999999999
2024-09-24 19:00:00,20.363,11.707561375070817,0.041353324819433365,57.401264,9.469636,3.176476,10.018999999999998
2024-09-24 19:30:00,19.5380005,0.0,0.0,28.700632,4.734818,2.6394278,0.0
2024-09-24 20:00:00,18.713001,0.0,0.0,0.0,0.0,2.1023796,0.0
2024-09-24 20:30:00,18.338001,0.0,0.0,0.0,0.0,1.8527508,0.0
2024-09-24 21:00:00,17.963001,0.0,0.0,0.0,0.0,1.603122,0.0
2024-09-24 21:30:00,17.7380005,0.0,0.0,0.0,0.0,1.5033444,0.0
2024-09-24 22:00:00,17.513,0.0,0.0,0.0,0.0,1.4035668,0.0
2024-09-24 22:30:00,17.2380005,0.0,0.0,0.0,0.0,1.3017834,0.0
2024-09-24 23:00:00,16.963001,0.0,0.0,0.0,0.0,1.2,0.0
2024-09-24 23:30:00,16.5130015,0.0,0.0,0.0,0.0,1.3905694,0.0
2024-09-25 00:00:00,16.063002,0.0,0.0,0.0,0.0,1.5811388,0.0
2024-09-25 00:30:00,15.888001,0.0,0.0,0.0,0.0,1.4613898,0.0
2024-09-25 01:00:00,15.713,0.0,0.0,0.0,0.0,1.3416408,0.0
2024-09-25 01:30:00,15.538,0.0,0.0,0.0,0.0,1.36723975,0.0
2024-09-25 02:00:00,15.363,0.0,0.0,0.0,0.0,1.3928387,0.0
2024-09-25 02:30:00,15.238,0.0,0.0,0.0,0.0,1.43972275,0.0
2024-09-25 03:00:00,15.113,0.0,0.0,0.0,0.0,1.4866068,0.0
2024-09-25 03:30:00,15.088,0.0,0.0,0.0,0.0,1.51507085,0.0
2024-09-25 04:00:00,15.063,0.0,0.0,0.0,0.0,1.5435349,0.0
2024-09-25 04:30:00,15.288,0.0,0.0,0.0,0.0,1.48765845,0.0
2024-09-25 05:00:00,15.513,0.0,0.0,0.0,0.0,1.431782,0.0
2024-09-25 05:30:00,15.388,0.0,0.0,0.0,0.0,1.5005088,0.0
2024-09-25 06:00:00,15.263,0.0,0.0,0.0,0.0,1.5692356,0.0
2024-09-25 06:30:00,15.038,0.0,0.0,0.0,0.0,1.6846178,0.0
2024-09-25 07:00:00,14.813,0.0,0.0,0.0,0.0,1.8,0.0
2024-09-25 07:30:00,15.463,27.662354608515585,0.0770556482202902,93.80583,20.771986,1.4006246,13.240000000000002
2024-09-25 08:00:00,16.113,78.74262524469447,0.20187686683571793,187.61166,41.543972,1.0012492,120.383
2024-09-25 08:30:00,17.688000000000002,213.60803349037946,0.3231607053913066,452.19188,68.172613,1.1979409,244.937
2024-09-25 09:00:00,19.263,408.6278753005201,0.4388302408643554,716.7721,94.801254,1.3946326,371.723
2024-09-25 09:30:00,20.338,526.7601569316289,0.5469046169140056,775.85468,102.619937,2.0743603,486.841
2024-09-25 10:00:00,21.413,649.776230349951,0.6455329728512059,834.93726,110.43862,2.754088,585.895
2024-09-25 10:30:00,22.3130005,743.9631834491271,0.7330261462764356,857.6071300000001,114.44719,3.2117783,670.847
2024-09-25 11:00:00,23.213001,830.995872498242,0.8078855898814654,880.277,118.45576,3.6694686,728.673
2024-09-25 11:30:00,23.8630005,891.5689427620997,0.8688290464324593,885.444135,120.529145,3.93011605,729.6419999999999
2024-09-25 12:00:00,24.513,939.448285524744,0.914812515293263,890.61127,122.60253,4.1907635,729.6650000000001
2024-09-25 12:30:00,25.013,961.5440847692676,0.9450481276098635,885.514465,122.3951,4.52398725,729.67
2024-09-25 13:00:00,25.513,969.0107193687716,0.9590176479844272,880.41766,122.18767,4.857211,729.7320000000001
2024-09-25 13:30:00,25.7380005,950.2298148292901,0.9564813508107457,864.82728,120.575955,5.103021350000001,729.697
2024-09-25 14:00:00,25.963001,917.5470665399489,0.9374821238899922,849.2369,118.96424,5.3488317,729.6790000000001
2024-09-25 14:30:00,25.9380005,862.3089208035958,0.9023447345545927,825.3449800000001,115.32373,5.334538,729.5719999999999
2024-09-25 15:00:00,25.913,796.2975299045002,0.8516702599246873,801.45306,111.68322,5.3202443,729.657
2024-09-25 15:30:00,25.388,707.0942245422723,0.786325792235971,762.437345,105.887028,5.3127153,699.684
2024-09-25 16:00:00,24.863,613.1862176120503,0.7074295818044596,723.42163,100.090836,5.3051863,609.561
2024-09-25 16:30:00,24.363,502.9043015762313,0.6163318724234208,666.159015,91.420765,5.1507175,518.6
2024-09-25 17:00:00,23.863,396.57526381234493,0.5145917814362435,608.8964,82.750694,4.9962487,408.321
2024-09-25 17:30:00,23.113,276.5827759369787,0.40395058918636206,512.852525,69.273777,4.6521902,287.071
2024-09-25 18:00:00,22.363,174.92232320603145,0.28630190673161526,416.80865,55.79686,4.3081317,165.472
2024-09-25 18:30:00,21.338001,69.93954219633801,0.16365926096235714,233.27949,31.921887,3.5904242,58.755
2024-09-25 19:00:00,20.313002,9.829737139415059,0.03812160799116725,49.75033,8.046914,2.8727167,8.511999999999999
2024-09-25 19:30:00,19.438002,0.0,0.0,24.875165000000003,4.023457,2.3307856,0.0
2024-09-25 20:00:00,18.563002,0.0,0.0,0.0,0.0,1.7888545,0.0
2024-09-25 20:30:00,18.163001,0.0,0.0,0.0,0.0,1.7087521,0.0
2024-09-25 21:00:00,17.763,0.0,0.0,0.0,0.0,1.6286497,0.0
2024-09-25 21:30:00,17.4880005,0.0,0.0,0.0,0.0,1.5734362,0.0
2024-09-25 22:00:00,17.213001,0.0,0.0,0.0,0.0,1.5182227,0.0
2024-09-25 22:30:00,17.0130015,0.0,0.0,0.0,0.0,1.43826525,0.0
2024-09-25 23:00:00,16.813002,0.0,0.0,0.0,0.0,1.3583078,0.0
2024-09-25 23:30:00,16.788001,0.0,0.0,0.0,0.0,1.4557650999999998,0.0
2024-09-26 00:00:00,16.763,0.0,0.0,0.0,0.0,1.5532224,0.0
2024-09-26 00:30:00,16.588,0.0,0.0,0.0,0.0,1.5084753,0.0
2024-09-26 01:00:00,16.413,0.0,0.0,0.0,0.0,1.4637282,0.0
2024-09-26 01:30:00,16.3130005,0.0,0.0,0.0,0.0,1.51048465,0.0
2024-09-26 02:00:00,16.213001,0.0,0.0,0.0,0.0,1.5572411,0.0
2024-09-26 02:30:00,16.0880005,0.0,0.0,0.0,0.0,1.6070226,0.0
2024-09-26 03:00:00,15.963,0.0,0.0,0.0,0.0,1.6568041,0.0
2024-09-26 03:30:00,15.963,0.0,0.0,0.0,0.0,1.72874915,0.0
2024-09-26 04:00:00,15.963,0.0,0.0,0.0,0.0,1.8006942,0.0
2024-09-26 04:30:00,15.8880005,0.0,0.0,0.0,0.0,1.7536495,0.0
2024-09-26 05:00:00,15.813001,0.0,0.0,0.0,0.0,1.7066048,0.0
2024-09-26 05:30:00,15.688001,0.0,0.0,0.0,0.0,1.63192295,0.0
2024-09-26 06:00:00,15.563001,0.0,0.0,0.0,0.0,1.5572411,0.0
2024-09-26 06:30:00,15.563001,0.0,0.0,0.0,0.0,1.61303645,0.0
2024-09-26 07:00:00,15.563001,0.0,0.0,0.0,0.0,1.6688318,0.0
2024-09-26 07:30:00,16.2380005,27.248843016383116,0.07671141418977256,88.515595,20.805385,1.7267443,12.703
2024-09-26 08:00:00,16.913,76.58658069646759,0.20148544222235465,177.03119,41.61077,1.7846568,121.309
2024-09-26 08:30:00,18.738001,209.12341238458458,0.322698207837774,438.553095,68.3340675,1.9342617,243.975
2024-09-26 09:00:00,20.563002,401.11354274572693,0.4382740230191675,700.075,95.057365,2.0838666,377.7480000000001
2024-09-26 09:30:00,21.813002,518.0199040670202,0.5462336577784603,757.428585,104.5770975,2.8112905,515.561
2024-09-26 10:00:00,23.063002,639.598054217891,0.6447282408566459,814.78217,114.09683,3.5387144,591.977
2024-09-26 10:30:00,23.7630015,734.2456352392371,0.7320709279152303,840.8835349999999,117.95576,4.1602252,699.2979999999999
2024-09-26 11:00:00,24.463001,822.4872594676511,0.8067657781972732,866.9849,121.81469,4.781736,729.5540000000001
2024-09-26 11:30:00,24.9380005,884.4435616321762,0.8675333843367972,877.322375,121.683895,5.0395706,729.655
2024-09-26 12:00:00,25.413,934.3695600363052,0.913332789561353,887.65985,121.5531,5.2974052,729.7550000000001
2024-09-26 12:30:00,25.863001,957.0259320870273,0.9433793101559675,882.883875,121.8635825,5.51935145,586.2520000000001
2024-09-26 13:00:00,26.313002,965.1103747792255,0.9571579820088386,878.1079,122.174065,5.7412977,729.645
2024-09-26 13:30:00,26.613001,947.5146538920571,0.9544323803073355,863.89625,120.5521925,5.75866285,729.591
2024-09-26 14:00:00,26.913,916.0121988283543,0.9352486660645706,849.6846,118.93032,5.776028,729.6220000000001
2024-09-26 14:30:00,26.9380005,860.2205206495241,0.8999347955992482,825.8251,114.804285,5.780353,729.7819999999999
2024-09-26 15:00:00,26.963001,793.6626434854694,0.8490948956259776,801.9656,110.67825,5.784678,729.779
2024-09-26 15:30:00,26.6130005,705.9764284593856,0.7835989159015814,764.9309499999999,104.885317,5.777213,687.075
2024-09-26 16:00:00,26.263,613.2892230385319,0.7045677227604247,727.8963,99.092384,5.769748,608.591
2024-09-26 16:30:00,25.663001,501.69945187657925,0.6133538893587367,669.0431,90.418587,5.5570687,511.62
2024-09-26 17:00:00,25.063002,394.36498819312715,0.5115185355395329,610.1899,81.74479,5.3443894,406.066
2024-09-26 17:30:00,24.3880015,273.98116596622657,0.4008045827797757,512.10714,68.588982,4.7405577,283.007
2024-09-26 18:00:00,23.713001,172.42416670652008,0.28310689358599717,414.02438,55.433174,4.136726,160.16
2024-09-26 18:30:00,22.6380015,67.25358648856357,0.16043983515462604,227.356192,30.9323339,3.483681,56.443
2024-09-26 19:00:00,21.563002,7.762306816118653,0.034902778385740844,40.688004,6.4314938,2.830636,7.525
2024-09-26 19:30:00,20.5130015,0.0,0.0,20.344002,3.2157469,2.6030153,0.0
2024-09-26 20:00:00,19.463001,0.0,0.0,0.0,0.0,2.3753946,0.0
2024-09-26 20:30:00,18.963001,0.0,0.0,0.0,0.0,2.20535385,0.0
2024-09-26 21:00:00,18.463001,0.0,0.0,0.0,0.0,2.0353131,0.0
2024-09-26 21:30:00,18.213001,0.0,0.0,0.0,0.0,1.7697370500000005,0.0
2024-09-26 22:00:00,17.963001,0.0,0.0,0.0,0.0,1.504161,0.0
2024-09-26 22:30:00,17.7880005,0.0,0.0,0.0,0.0,1.61990825,0.0
2024-09-26 23:00:00,17.613,0.0,0.0,0.0,0.0,1.7356555,0.0
2024-09-26 23:30:00,17.488,0.0,0.0,0.0,0.0,1.78468375,0.0
2024-09-27 00:00:00,17.363,0.0,0.0,0.0,0.0,1.833712,0.0
2024-09-27 00:30:00,17.262999999999998,0.0,0.0,0.0,0.0,1.88768035,0.0
2024-09-27 01:00:00,17.163,0.0,0.0,0.0,0.0,1.9416487,0.0
2024-09-27 01:30:00,17.038,0.0,0.0,0.0,0.0,1.91223285,0.0
2024-09-27 02:00:00,16.913,0.0,0.0,0.0,0.0,1.882817,0.0
2024-09-27 02:30:00,16.6880005,0.0,0.0,0.0,0.0,1.8005505,0.0
2024-09-27 03:00:00,16.463001,0.0,0.0,0.0,0.0,1.718284,0.0
2024-09-27 03:30:00,16.4380005,0.0,0.0,0.0,0.0,1.6845207,0.0
2024-09-27 04:00:00,16.413,0.0,0.0,0.0,0.0,1.6507574,0.0
2024-09-27 04:30:00,16.3130005,0.0,0.0,0.0,0.0,1.6639042000000002,0.0
2024-09-27 05:00:00,16.213001,0.0,0.0,0.0,0.0,1.677051,0.0
2024-09-27 05:30:00,16.1880005,0.0,0.0,0.0,0.0,1.67667825,0.0
2024-09-27 06:00:00,16.163,0.0,0.0,0.0,0.0,1.6763055,0.0
2024-09-27 06:30:00,16.088,0.0,0.0,0.0,0.0,1.6691913,0.0
2024-09-27 07:00:00,16.013,0.0,0.0,0.0,0.0,1.6620771,0.0
2024-09-27 07:30:00,16.688000000000002,26.833541464030912,0.07634862262988285,83.15471,20.8403435,1.7960515,12.637
2024-09-27 08:00:00,17.363,74.40937438221246,0.20106970850794464,166.30942,41.680687,1.9300259,122.515
2024-09-27 08:30:00,19.063,210.61228751605597,0.32220608089542513,443.32524,68.5006535,2.10216945,245.992
2024-09-27 09:00:00,20.763,409.8521202034853,0.43768337908838356,720.34106,95.32062,2.274313,372.917
2024-09-27 09:30:00,22.1130005,527.6614102556606,0.5455240826642325,779.9443650000001,102.3785375,2.859074,487.768
2024-09-27 10:00:00,23.463001,650.3642555670156,0.6438813825947444,839.54767,109.436455,3.443835,585.857
2024-09-27 10:30:00,24.2880005,745.1248910329683,0.7310708136354198,862.140565,113.9833325,3.9254657,670.2460000000001
2024-09-27 11:00:00,25.113,832.6235025111888,0.8055990898589647,884.73346,118.53021,4.4070964,727.95
2024-09-27 11:30:00,25.6630005,893.7281699445347,0.8661896884416799,890.60593,120.57421,4.4690502,729.704
2024-09-27 12:00:00,26.213001,942.1191951636151,0.9118047168832922,896.4784,122.61821,4.531004,729.629
2024-09-27 12:30:00,26.6880005,964.0124669377974,0.941662682456184,891.341985,122.389565,4.72632,729.629
2024-09-27 13:00:00,27.163,971.1815431505561,0.9552518834839068,886.20557,122.16092,4.921636,729.6179999999999
2024-09-27 13:30:00,27.413,952.2550339018716,0.9523391725664621,871.282085,120.03751,5.07053535,729.7660000000001
2024-09-27 14:00:00,27.663,919.3262073238654,0.9329739464005069,856.3586,117.9141,5.2194347,729.608
2024-09-27 14:30:00,27.613001,861.4746020460268,0.897487299268606,830.06147,114.26697,5.127777099999999,729.544
2024-09-27 15:00:00,27.563002,793.019542958612,0.8464863438565446,803.76434,110.61984,5.0361195,729.5709999999999
2024-09-27 15:30:00,27.188002,704.0750878254669,0.7808438122705009,765.3225399999999,104.8075625,4.96665645,685.587
2024-09-27 16:00:00,26.813002,610.3513627470338,0.7016831015031835,726.88074,98.995285,4.8971934,602.6819999999999
2024-09-27 16:30:00,26.213001,497.5036224122881,0.6103590199451349,665.0654,90.7004025,4.75307605,508.311
2024-09-27 17:00:00,25.613,389.5516788099336,0.508434588722793,603.25006,82.40552,4.6089587,403.915
2024-09-27 17:30:00,24.888,269.23607104960223,0.39765426379697744,503.98563,68.733655,4.18397385,282.249
2024-09-27 18:00:00,24.163,168.09673992648206,0.2799140489994663,404.7212,55.06179,3.758989,157.061
2024-09-27 18:30:00,23.038,64.04515594710858,0.15722904006478247,217.379885,30.028445,3.0745364000000004,54.0
2024-09-27 19:00:00,21.913,5.876050443540515,0.031698911225408084,30.03857,4.9951,2.3900838,6.542
2024-09-27 19:30:00,20.888,0.0,0.0,15.019285,2.49755,2.34014025,0.0
2024-09-27 20:00:00,19.863,0.0,0.0,0.0,0.0,2.2901967,0.0
2024-09-27 20:30:00,19.388,0.0,0.0,0.0,0.0,1.95132415,0.0
2024-09-27 21:00:00,18.913,0.0,0.0,0.0,0.0,1.6124516,0.0
2024-09-27 21:30:00,18.538,0.0,0.0,0.0,0.0,1.4552635,0.0
2024-09-27 22:00:00,18.163,0.0,0.0,0.0,0.0,1.2980754,0.0
2024-09-27 22:30:00,17.838,0.0,0.0,0.0,0.0,1.5297334500000002,0.0
2024-09-27 23:00:00,17.513,0.0,0.0,0.0,0.0,1.7613915,0.0
2024-09-27 23:30:00,17.588,0.0,0.0,0.0,0.0,1.71173425,0.0
2024-09-28 00:00:00,17.663,0.0,0.0,0.0,0.0,1.662077,0.0
2024-09-28 00:30:00,17.363001,0.0,0.0,0.0,0.0,1.6156563,0.0
2024-09-28 01:00:00,17.063002,0.0,0.0,0.0,0.0,1.5692356,0.0
2024-09-28 01:30:00,17.213001,0.0,0.0,0.0,0.0,1.4096178,0.0
2024-09-28 02:00:00,17.363,0.0,0.0,0.0,0.0,1.25,0.0
2024-09-28 02:30:00,18.263,0.0,0.0,0.0,0.0,1.18009005,0.0
2024-09-28 03:00:00,19.163,0.0,0.0,0.0,0.0,1.1101801,0.0
2024-09-28 03:30:00,18.363001,0.0,0.0,0.0,0.0,1.4357858,0.0
2024-09-28 04:00:00,17.563002,0.0,0.0,0.0,0.0,1.7613915,0.0
2024-09-28 04:30:00,17.938002,0.0,0.0,0.0,0.0,1.7438296,0.0
2024-09-28 05:00:00,18.313002,0.0,0.0,0.0,0.0,1.7262677,0.0
2024-09-28 05:30:00,18.438002,0.0,0.0,0.0,0.0,1.7931876,0.0
2024-09-28 06:00:00,18.563002,0.0,0.0,0.0,0.0,1.8601075,0.0
2024-09-28 06:30:00,18.063002,0.0,0.0,0.0,0.0,1.8601075,0.0
2024-09-28 07:00:00,17.563002,0.0,0.0,0.0,0.0,1.8601075,0.0
2024-09-28 07:30:00,17.338001,25.805730377267484,0.07596632926018641,83.702635,19.7784785,1.7206231,12.204
2024-09-28 08:00:00,17.113,72.48061123240535,0.20062877553723846,167.40527,39.556957,1.5811387,119.903
2024-09-28 08:30:00,18.888,209.04701808262263,0.32168351330830147,446.21246,66.1890185,1.46325055,245.122
2024-09-28 09:00:00,20.663,408.9967038415481,0.43705760002450605,725.01965,92.82108,1.3453624,369.743
2024-09-28 09:30:00,21.838,528.2024949050516,0.5447753062939429,784.177775,101.176657,1.5259836,484.491
2024-09-28 10:00:00,23.013,652.1404588613074,0.6429919559006086,843.3359,109.532234,1.7066048,583.299
2024-09-28 10:30:00,24.1130005,746.3154474368589,0.7300255213108001,865.66682,113.496577,1.84860385,664.973
2024-09-28 11:00:00,25.213001,833.1233250215407,0.8043854168940288,887.99774,117.46092,1.9906029,725.9970000000001
2024-09-28 11:30:00,26.1130005,892.2444250799075,0.8647980359869221,891.54232,119.515425,2.0132651,729.6709999999999
2024-09-28 12:00:00,27.013,938.3835295951422,0.9102285675686467,895.0869,121.56993,2.0359273,729.721
2024-09-28 12:30:00,27.6130005,957.8308000708178,0.9398987123939164,887.56845,121.35016,1.8353528,729.519
2024-09-28 13:00:00,28.213001,962.5145324352886,0.9533000189594494,880.05,121.13039,1.6347783,729.628
2024-09-28 13:30:00,28.4880005,942.9922080466511,0.9502025904440035,864.11222,119.505755,1.6347783,729.6550000000001
2024-09-28 14:00:00,28.763,909.6194172707129,0.9306590183076884,848.17444,117.88112,1.6347783,729.767
2024-09-28 14:30:00,28.563,853.0399514830136,0.8950034804922404,823.06602,114.22139,1.9139748,729.7159999999999
2024-09-28 15:00:00,28.363,785.8811082400863,0.8438460088737678,797.9576,110.56166,2.1931713,728.6769999999999
2024-09-28 15:30:00,28.138,697.0876457404743,0.7780620398458808,759.81132,104.280372,2.1645861,668.2520000000001
2024-09-28 16:00:00,27.913,603.5700578981442,0.698777413024156,721.66504,97.999084,2.1360009,588.69
2024-09-28 16:30:00,27.238001,491.2531628489458,0.6073490755908338,659.7573199999999,89.69966199999999,2.53471445,495.368
2024-09-28 17:00:00,26.563002,383.931921593561,0.5053418466872127,597.8496,81.40024,2.933428,387.136
2024-09-28 17:30:00,25.7630015,264.0791887160118,0.3945016085588794,497.6087,67.6955765,2.84262285,268.016
2024-09-28 18:00:00,24.963001,163.69177299687115,0.27672539500931603,397.3678,53.990913,2.7518177,148.058
2024-09-28 18:30:00,23.7630015,60.70991293400121,0.15402891780656267,208.732851,28.7142722,2.1145732,50.42
2024-09-28 19:00:00,22.563002,3.961056229551362,0.028512042692525563,20.097902,3.4376314,1.4773287,6.595
2024-09-28 19:30:00,21.613001,0.0,0.0,10.048951,1.7188157,1.2846726,0.0
2024-09-28 20:00:00,20.663,0.0,0.0,0.0,0.0,1.0920165,0.0
2024-09-28 20:30:00,19.888,0.0,0.0,0.0,0.0,1.17150805,0.0
2024-09-28 21:00:00,19.113,0.0,0.0,0.0,0.0,1.2509996,0.0
2024-09-28 21:30:00,18.688,0.0,0.0,0.0,0.0,1.17150805,0.0
2024-09-28 22:00:00,18.263,0.0,0.0,0.0,0.0,1.0920165,0.0
2024-09-28 22:30:00,18.163001,0.0,0.0,0.0,0.0,1.03908532,0.0
2024-09-28 23:00:00,18.063002,0.0,0.0,0.0,0.0,0.98615414,0.0
2024-09-28 23:30:00,18.238001,0.0,0.0,0.0,0.0,0.8647287699999999,0.0
2024-09-29 00:00:00,18.413,0.0,0.0,0.0,0.0,0.7433034,0.0
2024-09-29 00:30:00,17.988001,0.0,0.0,0.0,0.0,0.7597560800000001,0.0
2024-09-29 01:00:00,17.563002,0.0,0.0,0.0,0.0,0.77620876,0.0
2024-09-29 01:30:00,17.163001,0.0,0.0,0.0,0.0,0.807180765,0.0
2024-09-29 02:00:00,16.763,0.0,0.0,0.0,0.0,0.83815277,0.0
2024-09-29 02:30:00,16.563000000000002,0.0,0.0,0.0,0.0,0.688334615,0.0
2024-09-29 03:00:00,16.363,0.0,0.0,0.0,0.0,0.53851646,0.0
2024-09-29 03:30:00,16.387999999999998,0.0,0.0,0.0,0.0,0.67622876,0.0
2024-09-29 04:00:00,16.413,0.0,0.0,0.0,0.0,0.81394106,0.0
2024-09-29 04:30:00,16.137999999999998,0.0,0.0,0.0,0.0,0.67622876,0.0
2024-09-29 05:00:00,15.863,0.0,0.0,0.0,0.0,0.53851646,0.0
2024-09-29 05:30:00,15.663,0.0,0.0,0.0,0.0,0.51547967,0.0
2024-09-29 06:00:00,15.463,0.0,0.0,0.0,0.0,0.49244288,0.0
2024-09-29 06:30:00,15.388,0.0,0.0,0.0,0.0,0.436615765,0.0
2024-09-29 07:00:00,15.313,0.0,0.0,0.0,0.0,0.38078865,0.0
2024-09-29 07:30:00,16.238,24.923918387990526,0.07556363920588102,72.22042,19.8152235,0.215394325,11.259
2024-09-29 08:00:00,17.163,67.84490105535096,0.200161808805074,144.44084,39.630447,0.05,116.912
2024-09-29 08:30:00,19.338,200.0477131997556,0.3211297547731406,420.70712,65.66651350000001,0.22655645,238.453
2024-09-29 09:00:00,21.513,395.1153498199104,0.43639604212994987,696.9734,91.70258,0.4031129,358.771
2024-09-29 09:30:00,23.138,511.19611451389153,0.5439868120790383,757.26995,99.47486,0.45155645,469.32
2024-09-29 10:00:00,24.763,632.4699919847509,0.6420595896658307,817.5665,107.24714,0.5,565.879
2024-09-29 10:30:00,25.8630005,725.9919162298564,0.7289348410606216,841.4868,111.81957,0.692295135,642.234
2024-09-29 11:00:00,26.963001,812.6919963815519,0.8031247236327073,865.4071,116.392,0.88459027,718.2620000000001
2024-09-29 11:30:00,27.8130005,871.7698522204792,0.8633585754631219,870.65725,118.457125,0.916636765,729.963
2024-09-29 12:00:00,28.663,918.3523037251521,0.9086046810447554,875.9074,120.52225,0.94868326,729.713
2024-09-29 12:30:00,29.3130005,939.5012905004247,0.9380879337906697,870.95005,120.3114025,1.07434163,729.677
2024-09-29 13:00:00,29.963001,946.2699299724154,0.9513031167280487,865.9927,120.100555,1.2,729.517
2024-09-29 13:30:00,30.4380005,928.2529262406481,0.9480235534252477,851.7094500000001,118.4834875,1.31107315,729.675
2024-09-29 14:00:00,30.913,896.563155297758,0.9283049858779984,837.4262,116.86642,1.4221463,729.745
2024-09-29 14:30:00,31.113001,841.459787239579,0.8924846181745653,814.12325,112.74054,1.5731201,729.573
2024-09-29 15:00:00,31.313002,775.7769081871132,0.8411753315986193,790.8203,108.61466,1.7240939,720.7489999999999
2024-09-29 15:30:00,31.338001,687.5490042493872,0.7752551859514325,752.1972000000001,102.80944,1.89282335,653.5250000000001
2024-09-29 16:00:00,31.363,594.7922988399638,0.6958523729451179,713.5741,97.00422,2.0615528,573.896
2024-09-29 16:30:00,30.888,484.73591401850354,0.6043258798465876,654.637665,88.286072,1.933896,479.626
2024-09-29 17:00:00,30.413,379.17910165238385,0.5022422187408359,595.70123,79.567924,1.8062392,374.457
2024-09-29 17:30:00,29.6880005,256.68819185706377,0.3913485884524491,487.326765,65.9010045,1.40933105,256.84700000000004
2024-09-29 18:00:00,28.963001,155.6140327356179,0.27354294038517757,378.9523,52.234085,1.0124229,135.75
2024-09-29 18:30:00,27.3130005,56.35725826882384,0.1508414891306428,195.0966255,27.0823747,1.38263885,45.439
2024-09-29 19:00:00,25.663,2.1877718656194887,0.025344179992462013,11.240951,1.9306644,1.7528548,5.116
2024-09-29 19:30:00,25.613001,0.0,0.0,5.6204755,0.9653322,1.4038029,0.0
2024-09-29 20:00:00,25.563002,0.0,0.0,0.0,0.0,1.054751,0.0
2024-09-29 20:30:00,23.8880015,0.0,0.0,0.0,0.0,1.1873944,0.0
2024-09-29 21:00:00,22.213001,0.0,0.0,0.0,0.0,1.3200378,0.0
2024-09-29 21:30:00,21.4880005,0.0,0.0,0.0,0.0,1.1100189,0.0
2024-09-29 22:00:00,20.763,0.0,0.0,0.0,0.0,0.9,0.0
2024-09-29 22:30:00,20.513,0.0,0.0,0.0,0.0,1.5284827500000002,0.0
2024-09-29 23:00:00,20.263,0.0,0.0,0.0,0.0,2.1569655,0.0
2024-09-29 23:30:00,19.688,0.0,0.0,0.0,0.0,1.88625745,0.0
2024-09-30 00:00:00,19.113,0.0,0.0,0.0,0.0,1.6155494,0.0
2024-09-30 00:30:00,18.588001,0.0,0.0,0.0,0.0,1.5971573499999998,0.0
2024-09-30 01:00:00,18.063002,0.0,0.0,0.0,0.0,1.5787653,0.0
2024-09-30 01:30:00,17.788001,0.0,0.0,0.0,0.0,1.71977235,0.0
2024-09-30 02:00:00,17.513,0.0,0.0,0.0,0.0,1.8607794,0.0
2024-09-30 02:30:00,17.313000000000002,0.0,0.0,0.0,0.0,2.24211555,0.0
2024-09-30 03:00:00,17.113,0.0,0.0,0.0,0.0,2.6234517,0.0
2024-09-30 03:30:00,17.088001,0.0,0.0,0.0,0.0,2.29788,0.0
2024-09-30 04:00:00,17.063002,0.0,0.0,0.0,0.0,1.9723083,0.0
2024-09-30 04:30:00,17.2630015,0.0,0.0,0.0,0.0,2.33823595,0.0
2024-09-30 05:00:00,17.463001,0.0,0.0,0.0,0.0,2.7041636,0.0
2024-09-30 05:30:00,18.1380015,0.0,0.0,0.0,0.0,3.5981895999999995,0.0
2024-09-30 06:00:00,18.813002,0.0,0.0,0.0,0.0,4.4922156,0.0
2024-09-30 06:30:00,19.1380015,0.0,0.0,0.0,0.0,4.556005,0.0
2024-09-30 07:00:00,19.463001,0.0,0.0,0.0,0.0,4.6197944,0.0
2024-09-30 07:30:00,19.6130005,22.498677340596924,0.07513969425040763,54.524135,18.750975,4.639730950000001,10.615
2024-09-30 08:00:00,19.763,58.576952828126224,0.19966801686325028,109.04827,37.50195,4.6596675,36.1
2024-09-30 08:30:00,20.188,188.5783672508141,0.32054410380568893,380.258205,67.52657,5.2428437500000005,67.8
2024-09-30 09:00:00,20.613,380.41762330145144,0.4356981154713891,651.46814,97.55119,5.82602,352.378
2024-09-30 09:30:00,21.0380005,490.5106435793326,0.543158141353548,702.4199699999999,109.604395,6.1765395000000005,101.703
2024-09-30 10:00:00,21.463001,604.3714413704361,0.6410839738562036,753.3718,121.6576,6.527059,600.7090000000001
2024-09-30 10:30:00,21.6880005,660.2687246091816,0.7277986263162287,719.6936499999999,136.78677,6.4858150000000006,551.595
2024-09-30 11:00:00,21.913,701.6154123792456,0.8018170389344597,686.0155,151.91594,6.444571,729.885
2024-09-30 11:30:00,21.763,703.6933290415973,0.8618715201204821,615.3534,174.28662,6.276994999999999,708.212
2024-09-30 12:00:00,21.613,689.1177877507482,0.9069334606818036,544.6913,196.6573,6.109419,729.604
2024-09-30 12:30:00,21.5380005,665.9448230242684,0.9362309425830464,468.82444,229.611915,6.03569085,336.297
2024-09-30 13:00:00,21.463001,631.9344135936112,0.9492619644031041,392.95758,262.56653,5.9619627,342.273
2024-09-30 13:30:00,21.8630005,667.0028795763229,0.9458030365907604,468.243775,226.517485,6.0208211,461.2
2024-09-30 14:00:00,22.263,692.619728752137,0.9259130041985615,543.52997,190.46844,6.0796795,381.396
2024-09-30 14:30:00,21.513,531.8251434803215,0.8899320368402541,363.12655,211.34287,5.91320895,729.6560000000001
2024-09-30 15:00:00,20.763,381.18504629172116,0.8384757924905842,182.72313,232.2173,5.7467384,729.5680000000001
2024-09-30 15:30:00,21.013,367.075116407745,0.7724248708090551,212.23079,206.73456,5.4028207,699.4100000000001
2024-09-30 16:00:00,21.263,345.81234899253485,0.6929097225971433,241.73845,181.25182,5.058903,653.919
2024-09-30 16:30:00,21.063,308.74469887730413,0.6012912744651392,260.82662500000004,154.3058075,5.1922742,520.454
2024-09-30 17:00:00,20.863,265.23043193532703,0.49913762460603034,279.9148,127.359795,5.3256454,416.436
2024-09-30 17:30:00,20.188,190.4587539586011,0.38819717741313753,247.581055,95.7443175,5.28305645,270.692
2024-09-30 18:00:00,19.513,121.37868379219088,0.27036868851079776,215.24731,64.12884,5.2404675,145.324
2024-09-30 18:30:00,19.013,47.86602026541472,0.1476687616868217,108.6137316,32.30432215,4.5263096,47.17
2024-09-30 19:00:00,18.513,0.0,0.022197309741402788,1.9801532,0.4798043,3.8121517,4.630999999999999
2024-09-30 19:30:00,17.8630005,0.0,0.0,0.9900766,0.23990215,3.36231235,0.0
2024-09-30 20:00:00,17.213001,0.0,0.0,0.0,0.0,2.912473,0.0
2024-09-30 20:30:00,16.7630015,0.0,0.0,0.0,0.0,2.6315024,0.0
2024-09-30 21:00:00,16.313002,0.0,0.0,0.0,0.0,2.3505318,0.0
2024-09-30 21:30:00,16.013001,0.0,0.0,0.0,0.0,2.27640175,0.0
2024-09-30 22:00:00,15.713,0.0,0.0,0.0,0.0,2.2022717,0.0
2024-09-30 22:30:00,15.488,0.0,0.0,0.0,0.0,2.17613585,0.0
2024-09-30 23:00:00,15.263,0.0,0.0,0.0,0.0,2.15,0.0
2024-09-30 23:30:00,15.088,0.0,0.0,0.0,0.0,2.227443,0.0
