collect_time,temperature,poa_global,cos_aoi,dni,dhi,wind_speed,active_power
2023-09-01 00:00:00,20.013,0.0,0.0,0.0,0.0,1.0440307,0.0
2023-09-01 00:30:00,19.763,0.0,0.0,0.0,0.0,1.39522785,0.0
2023-09-01 01:00:00,19.513,0.0,0.0,0.0,0.0,1.746425,0.0
2023-09-01 01:30:00,19.313,0.0,0.0,0.0,0.0,1.8349817,0.0
2023-09-01 02:00:00,19.113,0.0,0.0,0.0,0.0,1.9235384,0.0
2023-09-01 02:30:00,19.763,0.0,0.0,0.0,0.0,1.58023505,0.0
2023-09-01 03:00:00,20.413,0.0,0.0,0.0,0.0,1.2369317,0.0
2023-09-01 03:30:00,19.838,0.0,0.0,0.0,0.0,1.42002685,0.0
2023-09-01 04:00:00,19.263,0.0,0.0,0.0,0.0,1.603122,0.0
2023-09-01 04:30:00,19.1130005,0.0,0.0,0.0,0.0,1.65303035,0.0
2023-09-01 05:00:00,18.963001,0.0,0.0,0.0,0.0,1.7029387,0.0
2023-09-01 05:30:00,18.8130005,0.0,0.0,0.0,0.0,1.65769515,0.0
2023-09-01 06:00:00,18.663,0.0,0.0,0.0,0.0,1.6124516,0.0
2023-09-01 06:30:00,19.513,0.0,0.0,0.0,0.0,1.52211685,0.0
2023-09-01 07:00:00,20.363,0.0,0.0,0.0,0.0,1.4317821,7.073
2023-09-01 07:30:00,20.763,47.43057256072147,0.08319075803125023,202.54567000000003,30.998435,1.11900395,47.391
2023-09-01 08:00:00,21.163,145.1442572173826,0.2073185957084014,405.09134,61.99687,0.8062258,159.595
2023-09-01 08:30:00,22.638,265.5570084585596,0.328553363978784,565.104995,80.5336675,0.5031129,254.076
2023-09-01 09:00:00,24.113,421.1649520226338,0.4448189531428967,725.11865,99.070465,0.2,199.933
2023-09-01 09:30:00,25.488,534.9671752333647,0.554124181323965,772.6822500000001,106.7233375,0.8433033999999999,176.81099999999998
2023-09-01 10:00:00,26.863,651.9224712889803,0.6545969022057383,820.24585,114.37621,1.4866068,558.576
2023-09-01 10:30:00,27.838001,747.6692120557566,0.7445160761917637,847.4703999999999,115.48554,2.0746561,615.343
2023-09-01 11:00:00,28.813002,837.7333997391768,0.8223412382258067,874.69495,116.59487,2.6627054,686.348
2023-09-01 11:30:00,29.3880015,899.9914043638046,0.8867388976876857,877.6780249999999,119.53036,2.7847968,745.684
2023-09-01 12:00:00,29.963001,949.8365823940389,0.9366053910853521,880.6611,122.46585,2.9068882,791.592
2023-09-01 12:30:00,30.213001,976.1063103665047,0.971085788318364,876.20605,122.488015,2.8834791,813.366
2023-09-01 13:00:00,30.463001,988.1402982938,0.9895885540284015,871.751,122.51018,2.86007,831.4369999999999
2023-09-01 13:30:00,30.338001,926.3771624313862,0.991795691496319,787.47925,143.381225,2.9531896,825.6560000000001
2023-09-01 14:00:00,30.213001,852.755393406125,0.977668198732017,703.2075,164.25227,3.0463092,808.779
2023-09-01 14:30:00,29.9380005,778.2926244368807,0.9474467503803187,641.42575,170.206035,2.9240472,820.817
2023-09-01 15:00:00,29.663,698.5345912636039,0.901647581673648,579.644,176.1598,2.8017852,758.4480000000001
2023-09-01 15:30:00,29.663,674.0092463046587,0.8410536591738229,623.41445,149.279955,2.25236195,502.972
2023-09-01 16:00:00,29.663,635.0000185616112,0.7667012774014074,667.1849,122.40011,1.7029387,780.8299999999999
2023-09-01 16:30:00,29.0630005,543.1732864299055,0.6798623100469932,632.8438,112.129925,1.7146032,384.07
2023-09-01 17:00:00,28.463001,450.7267771953247,0.5820224425688126,598.5027,101.85974,1.7262677,532.819
2023-09-01 17:30:00,27.6630005,339.31981704425107,0.47485572933488635,520.7603,91.94073,1.9597195,352.13
2023-09-01 18:00:00,26.863,241.25607672345825,0.3601959212541073,443.0179,82.02172,2.1931713,200.712
2023-09-01 18:30:00,25.838001,145.61877809747006,0.2400050824772789,357.07453,60.262672,2.62056065,115.612
2023-09-01 19:00:00,24.813002,69.69871268735008,0.11633999072507725,271.13116,38.503624,3.04795,47.46
2023-09-01 19:30:00,23.8880015,19.077658023835323,0.0,135.56558,19.251812,2.6575534000000003,12.942
2023-09-01 20:00:00,22.963001,0.0,0.0,0.0,0.0,2.2671568,0.0
2023-09-01 20:30:00,22.5380005,0.0,0.0,0.0,0.0,2.3684872,0.0
2023-09-01 21:00:00,22.113,0.0,0.0,0.0,0.0,2.4698176,0.0
2023-09-01 21:30:00,21.7880005,0.0,0.0,0.0,0.0,2.33149445,0.0
2023-09-01 22:00:00,21.463001,0.0,0.0,0.0,0.0,2.1931713,0.0
2023-09-01 22:30:00,21.1880005,0.0,0.0,0.0,0.0,2.12614865,0.0
2023-09-01 23:00:00,20.913,0.0,0.0,0.0,0.0,2.059126,0.0
2023-09-01 23:30:00,20.713,0.0,0.0,0.0,0.0,2.1065959000000003,0.0
2023-09-02 00:00:00,20.513,0.0,0.0,0.0,0.0,2.1540658,0.0
2023-09-02 00:30:00,20.338,0.0,0.0,0.0,0.0,2.1690494,0.0
2023-09-02 01:00:00,20.163,0.0,0.0,0.0,0.0,2.184033,0.0
2023-09-02 01:30:00,19.963,0.0,0.0,0.0,0.0,2.294098,0.0
2023-09-02 02:00:00,19.763,0.0,0.0,0.0,0.0,2.404163,0.0
2023-09-02 02:30:00,19.7380005,0.0,0.0,0.0,0.0,2.2328579,0.0
2023-09-02 03:00:00,19.713001,0.0,0.0,0.0,0.0,2.0615528,0.0
2023-09-02 03:30:00,19.5380005,0.0,0.0,0.0,0.0,1.84471745,0.0
2023-09-02 04:00:00,19.363,0.0,0.0,0.0,0.0,1.6278821,0.0
2023-09-02 04:30:00,19.088001,0.0,0.0,0.0,0.0,1.4715883,0.0
2023-09-02 05:00:00,18.813002,0.0,0.0,0.0,0.0,1.3152945,0.0
2023-09-02 05:30:00,18.613001,0.0,0.0,0.0,0.0,1.53085975,0.0
2023-09-02 06:00:00,18.413,0.0,0.0,0.0,0.0,1.746425,0.0
2023-09-02 06:30:00,18.513,0.0,0.0,0.0,0.0,1.778751,0.0
2023-09-02 07:00:00,18.613,0.0,0.0,0.0,0.0,1.811077,6.828
2023-09-02 07:30:00,19.613,46.12845899489075,0.08292729735127884,173.08809,32.2611275,2.0728002,48.267
2023-09-02 08:00:00,20.613,135.25943550535027,0.20714877762634795,346.17618,64.522255,2.3345234,117.602
2023-09-02 08:30:00,22.138,252.0945207443467,0.3284518947380053,514.74514,83.8416725,2.3930268000000003,217.622
2023-09-02 09:00:00,23.663,406.41188395626875,0.44475935521150023,683.3141,103.16109,2.4515302,314.318
2023-09-02 09:30:00,24.713,523.1843003434495,0.5540792502059222,745.906775,109.971705,3.1764061000000003,435.77600000000007
2023-09-02 10:00:00,25.763,646.4786857320142,0.6545391758887311,808.49945,116.78232,3.901282,536.6800000000001
2023-09-02 10:30:00,26.513,741.5497551608499,0.7444183090134214,834.2528050000001,119.4529925,4.3511618,619.1610000000001
2023-09-02 11:00:00,27.263,830.8264372864552,0.8221768711085562,860.00616,122.123665,4.8010416,709.6189999999999
2023-09-02 11:30:00,27.838,883.0137720978926,0.8864825165246581,851.84028,125.9929525,5.0177713,762.0699999999999
2023-09-02 12:00:00,28.413,921.8712045519162,0.9362331653806736,843.6744,129.86224,5.234501,809.535
2023-09-02 12:30:00,28.738001,955.0930333579297,0.9705758825323918,844.3235500000001,133.326725,5.58794075,838.3789999999999
2023-09-02 13:00:00,29.063002,974.8423405707629,0.9889215044609647,844.9727,136.79121,5.9413805,857.7529999999999
2023-09-02 13:30:00,29.038001,940.5430319762121,0.9909547422369269,799.7405,146.052275,6.1897740500000005,847.245
2023-09-02 14:00:00,29.013,893.7247924422145,0.9766395908646359,754.5083,155.31334,6.4381676,838.441
2023-09-02 14:30:00,28.538001,864.5496241881834,0.9462199594213712,756.5748,147.040545,6.57057595,803.7040000000001
2023-09-02 15:00:00,28.063002,823.4254367997015,0.900215499156243,758.6413,138.76775,6.7029843,748.3159999999999
2023-09-02 15:30:00,28.038001,756.3912449537524,0.8394127152401185,750.632965,124.564855,6.65754715,694.3499999999999
2023-09-02 16:00:00,28.013,680.1135629693514,0.7648515022997402,742.62463,110.36196,6.61211,622.7830000000001
2023-09-02 16:30:00,27.688,583.3122281413679,0.6778073334451623,709.091185,101.2639725,6.520087,528.914
2023-09-02 17:00:00,27.363,484.9217730072329,0.5797694307257887,675.55774,92.165985,6.428064,427.925
2023-09-02 17:30:00,26.763,369.4025976426852,0.4724152612660694,609.71597,80.6801425,6.22443065,321.94
2023-09-02 18:00:00,26.163,263.952408718194,0.3575818059197257,543.8742,69.1943,6.0207973,206.396
2023-09-02 18:30:00,25.3130005,153.15049985351243,0.23723412033093316,422.10641,53.0053225,5.76221635,112.503
2023-09-02 19:00:00,24.463001,70.61993919753334,0.11343168355888718,300.33862,36.816345,5.5036354,44.28
2023-09-02 19:30:00,23.5630005,18.276011946590234,0.0,150.16931,18.4081725,5.0023732,9.896
2023-09-02 20:00:00,22.663,0.0,0.0,0.0,0.0,4.501111,0.0
2023-09-02 20:30:00,22.238001,0.0,0.0,0.0,0.0,4.203118,0.0
2023-09-02 21:00:00,21.813002,0.0,0.0,0.0,0.0,3.905125,0.0
2023-09-02 21:30:00,21.688002,0.0,0.0,0.0,0.0,4.203118,0.0
2023-09-02 22:00:00,21.563002,0.0,0.0,0.0,0.0,4.501111,0.0
2023-09-02 22:30:00,21.463001,0.0,0.0,0.0,0.0,4.4528272,0.0
2023-09-02 23:00:00,21.363,0.0,0.0,0.0,0.0,4.4045434,0.0
2023-09-02 23:30:00,21.363,0.0,0.0,0.0,0.0,4.5044447,0.0
2023-09-03 00:00:00,21.363,0.0,0.0,0.0,0.0,4.604346,0.0
2023-09-03 00:30:00,21.338001,0.0,0.0,0.0,0.0,4.604346,0.0
2023-09-03 01:00:00,21.313002,0.0,0.0,0.0,0.0,4.604346,0.0
2023-09-03 01:30:00,21.313002,0.0,0.0,0.0,0.0,4.764894999999999,0.0
2023-09-03 02:00:00,21.313002,0.0,0.0,0.0,0.0,4.925444,0.0
2023-09-03 02:30:00,21.5130015,0.0,0.0,0.0,0.0,4.9208716500000005,0.0
2023-09-03 03:00:00,21.713001,0.0,0.0,0.0,0.0,4.9162993,0.0
2023-09-03 03:30:00,21.6880005,0.0,0.0,0.0,0.0,5.09680435,0.0
2023-09-03 04:00:00,21.663,0.0,0.0,0.0,0.0,5.2773094,0.0
2023-09-03 04:30:00,21.638,0.0,0.0,0.0,0.0,5.326590700000001,0.0
2023-09-03 05:00:00,21.613,0.0,0.0,0.0,0.0,5.375872,0.0
2023-09-03 05:30:00,21.5380005,0.0,0.0,0.0,0.0,5.453799500000001,0.0
2023-09-03 06:00:00,21.463001,0.0,0.0,0.0,0.0,5.531727,0.0
2023-09-03 06:30:00,21.4130005,0.0,0.0,0.0,0.0,5.4829393,0.0
2023-09-03 07:00:00,21.363,0.0,0.0,0.0,0.0,5.4341516,5.026999999999999
2023-09-03 07:30:00,21.863,44.69621766106789,0.08267246417671456,163.7867,31.639824000000004,5.31563305,28.550000000000004
2023-09-03 08:00:00,22.363,130.11314358829173,0.20698264402085323,327.5734,63.279648,5.1971145,114.924
2023-09-03 08:30:00,23.138,245.31736815270412,0.3283489079886394,488.238115,85.928004,5.96196325,72.782
2023-09-03 09:00:00,23.913,396.2611586620337,0.44469286919180206,648.90283,108.57636,6.726812,147.074
2023-09-03 09:30:00,24.338,498.1981267759584,0.5540219851654715,673.84924,125.56953,7.27492765,139.548
2023-09-03 10:00:00,24.763,599.3793479733306,0.6544636891745905,698.79565,142.5627,7.8230433,332.273
2023-09-03 10:30:00,25.163001,692.3591884073288,0.7442974686694496,729.598205,149.41504,8.07625465,659.9590000000001
2023-09-03 11:00:00,25.563002,781.6367184065745,0.8219843240841049,760.40076,156.26738,8.329466,329.07300000000004
2023-09-03 11:30:00,25.963001,858.8859528000962,0.8861931435203634,799.39438,149.40281,8.3792905,538.118
2023-09-03 12:00:00,26.363,928.9202594560927,0.9358235143755143,838.388,142.53824,8.429115,232.063
2023-09-03 12:30:00,26.5380005,955.5266919041904,0.9700245735530887,831.7713,146.803755,8.289480999999999,609.55
2023-09-03 13:00:00,26.713001,968.4648238069765,0.988209598585315,825.1546,151.06927,8.149847,440.238
2023-09-03 13:30:00,26.6130005,942.5634870242641,0.9900660684186701,795.51305,153.17404,8.169127,321.19
2023-09-03 14:00:00,26.513,904.0212762567402,0.9755610249981261,765.8715,155.27881,8.188407,303.605
2023-09-03 14:30:00,26.3630005,854.8643936139088,0.9449416507698307,745.5082299999999,148.909055,7.895519,356.86400000000003
2023-09-03 15:00:00,26.213001,795.6486257034933,0.8987310402225688,725.14496,142.5393,7.602631,454.879
2023-09-03 15:30:00,25.9130005,732.426222731005,0.8377192522232543,705.64606,140.198505,8.001612999999999,786.188
2023-09-03 16:00:00,25.613,662.1433521507668,0.7629497841458217,686.14716,137.85771,8.400595,659.253
2023-09-03 16:30:00,25.088001,552.9093895787545,0.6757016986873554,625.80295,129.7140075,8.3502975,561.751
2023-09-03 17:00:00,24.563002,447.9931982446222,0.5774677323773043,565.45874,121.570305,8.3,496.418
2023-09-03 17:30:00,24.088001,335.58530400787015,0.46992873103290134,490.47672,105.4650225,8.157805,236.552
2023-09-03 18:00:00,23.613,236.20277912106445,0.35492486010237423,415.4947,89.35974,8.01561,180.569
2023-09-03 18:30:00,23.138,138.46010735876717,0.23442411077728484,317.654235,64.5528175,7.557805,188.466
2023-09-03 19:00:00,22.663,63.54212599162739,0.11048859802280314,219.81377,39.745895,7.1,68.906
2023-09-03 19:30:00,22.163,19.62760535911024,0.0,109.906885,19.8729475,6.501694499999999,16.186
2023-09-03 20:00:00,21.663,0.0,0.0,0.0,0.0,5.903389,0.0
2023-09-03 20:30:00,21.513,0.0,0.0,0.0,0.0,5.80213285,0.0
2023-09-03 21:00:00,21.363,0.0,0.0,0.0,0.0,5.7008767,0.0
2023-09-03 21:30:00,21.363,0.0,0.0,0.0,0.0,5.60043835,0.0
2023-09-03 22:00:00,21.363,0.0,0.0,0.0,0.0,5.5,0.0
2023-09-03 22:30:00,21.363,0.0,0.0,0.0,0.0,5.5018177,0.0
2023-09-03 23:00:00,21.363,0.0,0.0,0.0,0.0,5.5036354,0.0
2023-09-03 23:30:00,21.363,0.0,0.0,0.0,0.0,5.5022722,0.0
2023-09-04 00:00:00,21.363,0.0,0.0,0.0,0.0,5.500909,0.0
2023-09-04 00:30:00,21.338001,0.0,0.0,0.0,0.0,5.250954500000001,0.0
2023-09-04 01:00:00,21.313002,0.0,0.0,0.0,0.0,5.001,0.0
2023-09-04 01:30:00,21.2630015,0.0,0.0,0.0,0.0,4.8005,0.0
2023-09-04 02:00:00,21.213001,0.0,0.0,0.0,0.0,4.6,0.0
2023-09-04 02:30:00,21.1630005,0.0,0.0,0.0,0.0,4.199999999999999,0.0
2023-09-04 03:00:00,21.113,0.0,0.0,0.0,0.0,3.8,0.0
2023-09-04 03:30:00,21.063,0.0,0.0,0.0,0.0,3.85576085,0.0
2023-09-04 04:00:00,21.013,0.0,0.0,0.0,0.0,3.9115217,0.0
2023-09-04 04:30:00,20.938,0.0,0.0,0.0,0.0,3.70647505,0.0
2023-09-04 05:00:00,20.863,0.0,0.0,0.0,0.0,3.5014284,0.0
2023-09-04 05:30:00,20.613,0.0,0.0,0.0,0.0,3.4769819,0.0
2023-09-04 06:00:00,20.363,0.0,0.0,0.0,0.0,3.4525354,0.0
2023-09-04 06:30:00,20.188,0.0,0.0,0.0,0.0,3.65629365,0.0
2023-09-04 07:00:00,20.013,0.0,0.0,0.0,0.0,3.8600519,5.121
2023-09-04 07:30:00,20.6130005,45.066460163243164,0.08242507116511523,164.68129,31.982088,4.09624375,26.199
2023-09-04 08:00:00,21.213001,131.10359422548072,0.20681890454774898,329.36258,63.964176,4.3324356,52.167
2023-09-04 08:30:00,22.1880005,241.18915703353963,0.3282430394418148,455.25794,92.920118,4.7063948,217.091
2023-09-04 09:00:00,23.163,378.9138965602839,0.44461808723327173,581.1533,121.87606,5.080354,358.346
2023-09-04 09:30:00,24.038,498.48744439264766,0.5539509658560725,674.9505999999999,125.24818,5.3619672000000005,472.411
2023-09-04 10:00:00,24.913,631.7180130389005,0.6543690405253224,768.7479,128.6203,5.6435804,412.512
2023-09-04 10:30:00,25.613001,733.9841053920026,0.7441522033190773,810.236775,130.354355,5.6875362,309.231
2023-09-04 11:00:00,26.313002,833.3321113013795,0.8217623250869636,851.72565,132.08841,5.731492,724.59
2023-09-04 11:30:00,26.688002,892.1513441205843,0.885869615048093,845.08545,142.06796500000002,5.8263205,829.972
2023-09-04 12:00:00,27.063002,937.8766520743188,0.9353754096678506,838.44525,152.04752,5.921149,817.7930000000001
2023-09-04 12:30:00,27.313002,973.889036151246,0.9694309926632279,855.554075,142.36560500000002,6.0802700000000005,867.5670000000001
2023-09-04 13:00:00,27.563002,997.0740730293589,0.9874521490566537,872.6629,132.68369,6.239391,864.0169999999999
2023-09-04 13:30:00,27.538001,946.7481771794378,0.9891291826452584,778.9524,175.11121500000002,6.3091312,880.384
2023-09-04 14:00:00,27.513,884.8878277704524,0.9744322288188288,685.2419,217.53874,6.3788714,843.965
2023-09-04 14:30:00,27.213,818.8232467408557,0.9436117786237941,611.70988,243.122945,5.8624492,494.4429999999999
2023-09-04 15:00:00,26.913,748.8973203796734,0.8971943931481328,538.17786,268.70715,5.346027,320.374
2023-09-04 15:30:00,26.4380005,627.5367911591611,0.8359736959961424,435.256595,267.063415,5.3413463,324.43
2023-09-04 16:00:00,25.963001,514.2064095525615,0.7609967858763134,332.33533,265.41968,5.3366656,342.10099999999994
2023-09-04 16:30:00,25.3630005,409.026511153427,0.6735463011856055,241.63797,250.64933,5.4634178,270.731
2023-09-04 17:00:00,24.763,318.0527410850885,0.5751184668370469,150.94061,235.87898,5.59017,291.655
2023-09-04 17:30:00,24.1130005,227.45541965757113,0.4673974694530042,99.401051,184.7444,5.751856849999999,201.25
2023-09-04 18:00:00,23.463001,147.60532212193826,0.35222661011014655,47.861492,133.60982,5.9135437,181.859
2023-09-04 18:30:00,22.8630005,101.87397577397417,0.23157675631791383,56.801641,90.630279,5.5553291,108.957
2023-09-04 19:00:00,22.263,53.760911099932635,0.1075125904630507,65.74179,47.650738,5.1971145,60.47500000000001
2023-09-04 19:30:00,21.688,23.346420477677377,0.0,32.870895,23.825369,4.43703485,7.371
2023-09-04 20:00:00,21.113,0.0,0.0,0.0,0.0,3.6769552,0.0
2023-09-04 20:30:00,20.888,0.0,0.0,0.0,0.0,3.6412532,0.0
2023-09-04 21:00:00,20.663,0.0,0.0,0.0,0.0,3.6055512,0.0
2023-09-04 21:30:00,20.388,0.0,0.0,0.0,0.0,3.1956143,0.0
2023-09-04 22:00:00,20.113,0.0,0.0,0.0,0.0,2.7856774,0.0
2023-09-04 22:30:00,19.763,0.0,0.0,0.0,0.0,2.53520465,0.0
2023-09-04 23:00:00,19.413,0.0,0.0,0.0,0.0,2.2847319,0.0
2023-09-04 23:30:00,19.0630005,0.0,0.0,0.0,0.0,2.1827985,0.0
2023-09-05 00:00:00,18.713001,0.0,0.0,0.0,0.0,2.0808651,0.0
2023-09-05 00:30:00,18.4880005,0.0,0.0,0.0,0.0,1.6923528,0.0
2023-09-05 01:00:00,18.263,0.0,0.0,0.0,0.0,1.3038405,0.0
2023-09-05 01:30:00,17.963,0.0,0.0,0.0,0.0,1.2560725499999998,0.0
2023-09-05 02:00:00,17.663,0.0,0.0,0.0,0.0,1.2083046,0.0
2023-09-05 02:30:00,18.463,0.0,0.0,0.0,0.0,0.8956999,0.0
2023-09-05 03:00:00,19.263,0.0,0.0,0.0,0.0,0.5830952,0.0
2023-09-05 03:30:00,19.263,0.0,0.0,0.0,0.0,0.3415476,0.0
2023-09-05 04:00:00,19.263,0.0,0.0,0.0,0.0,0.1,0.0
2023-09-05 04:30:00,18.588,0.0,0.0,0.0,0.0,0.3854102,0.0
2023-09-05 05:00:00,17.913,0.0,0.0,0.0,0.0,0.6708204,0.0
2023-09-05 05:30:00,18.113001,0.0,0.0,0.0,0.0,1.01548375,0.0
2023-09-05 06:00:00,18.313002,0.0,0.0,0.0,0.0,1.3601471,0.0
2023-09-05 06:30:00,18.538001,0.0,0.0,0.0,0.0,1.7501202,0.0
2023-09-05 07:00:00,18.763,0.0,0.0,0.0,0.0,2.1400933,0.651
2023-09-05 07:30:00,19.388,41.12735062484148,0.0821839831874769,113.84128,32.340275,2.2113179,18.963
2023-09-05 08:00:00,20.013,110.59488266006947,0.20665632490037097,227.68256,64.68055,2.2825425,49.488
2023-09-05 08:30:00,20.938,217.22321575570425,0.32813298410552205,398.84723,87.48127,2.21014905,113.015
2023-09-05 09:00:00,21.863,362.5432043937859,0.4445336632676997,570.0119,110.28199,2.1377556,115.968
2023-09-05 09:30:00,22.688,462.93580779495585,0.5538648354720118,588.5956699999999,138.21192,2.5495871,96.235
2023-09-05 10:00:00,23.513,561.9625136410558,0.6542538928523756,607.17944,166.14185,2.9614186,244.028
2023-09-05 10:30:00,23.888,613.4944245544236,0.7439812257447639,561.73522,197.57486,3.1570148,272.832
2023-09-05 11:00:00,24.263,650.5729796617505,0.8215096659698556,516.291,229.00787,3.352611,352.20000000000005
2023-09-05 11:30:00,24.663001,721.2752350784651,0.8855108298960448,587.1451500000001,202.674135,3.3792442,321.636
2023-09-05 12:00:00,25.063002,791.4243319265174,0.934887882965788,657.9993,176.3404,3.4058774,303.13500000000005
2023-09-05 12:30:00,25.588001,857.216799015849,0.9687943281780876,707.40993,171.34474,3.7529387,289.318
2023-09-05 13:00:00,26.113,914.2112696900512,0.986648521779874,756.82056,166.34908,4.1,209.383
2023-09-05 13:30:00,26.188,874.3138583785244,0.9881436463319658,699.631565,182.527185,4.295551,722.099
2023-09-05 14:00:00,26.263,823.7185041412894,0.9732529738086237,642.44257,198.70529,4.491102,436.764
2023-09-05 14:30:00,26.213,824.2667019973416,0.9422303354809269,695.588385,168.17455,4.492771299999999,979.265
2023-09-05 15:00:00,26.163,809.8357630438272,0.8956057785887849,748.7342,137.64381,4.4944406,877.923
2023-09-05 15:30:00,25.988001,684.9885166263241,0.8341764986355664,649.260775,142.70087,4.3549443,768.733
2023-09-05 16:00:00,25.813002,564.8006411125625,0.7589931902553222,549.78735,147.75793,4.215448,664.7660000000001
2023-09-05 16:30:00,25.463001,506.1455936361828,0.6713420497325747,561.408445,129.304285,3.9925317,77.29599999999999
2023-09-05 17:00:00,25.113,439.1682684258535,0.5727227603911764,573.02954,110.85064,3.7696154,484.64
2023-09-05 17:30:00,24.7880005,319.83708815582736,0.4648228081077443,465.90936,103.708445,3.33825195,372.335
2023-09-05 18:00:00,24.463001,220.95509373093083,0.3494885770758402,358.78918,96.56625,2.9068885,283.081
2023-09-05 18:30:00,23.9130005,124.76883725042505,0.22869374869249975,219.454412,75.62985499999999,2.8570111,149.187
2023-09-05 19:00:00,23.363,61.972540031607636,0.10450550139810243,80.119644,54.69346,2.8071337,43.308
2023-09-05 19:30:00,22.613,26.799798231775085,0.0,40.059822,27.34673,2.50810285,7.708
2023-09-05 20:00:00,21.863,0.0,0.0,0.0,0.0,2.209072,0.0
2023-09-05 20:30:00,21.313,0.0,0.0,0.0,0.0,1.94268875,0.0
2023-09-05 21:00:00,20.763,0.0,0.0,0.0,0.0,1.6763055,0.0
2023-09-05 21:30:00,20.413001,0.0,0.0,0.0,0.0,1.3480547,0.0
2023-09-05 22:00:00,20.063002,0.0,0.0,0.0,0.0,1.0198039,0.0
2023-09-05 22:30:00,19.7630015,0.0,0.0,0.0,0.0,0.8300581650000001,0.0
2023-09-05 23:00:00,19.463001,0.0,0.0,0.0,0.0,0.64031243,0.0
2023-09-05 23:30:00,19.4380005,0.0,0.0,0.0,0.0,0.81259909,0.0
2023-09-06 00:00:00,19.413,0.0,0.0,0.0,0.0,0.98488575,0.0
2023-09-06 00:30:00,19.288,0.0,0.0,0.0,0.0,1.007224375,0.0
2023-09-06 01:00:00,19.163,0.0,0.0,0.0,0.0,1.029563,0.0
2023-09-06 01:30:00,19.213,0.0,0.0,0.0,0.0,1.45419625,0.0
2023-09-06 02:00:00,19.263,0.0,0.0,0.0,0.0,1.8788295,0.0
2023-09-06 02:30:00,19.688,0.0,0.0,0.0,0.0,1.61948825,0.0
2023-09-06 03:00:00,20.113,0.0,0.0,0.0,0.0,1.360147,0.0
2023-09-06 03:30:00,20.213001,0.0,0.0,0.0,0.0,0.7800735,0.0
2023-09-06 04:00:00,20.313002,0.0,0.0,0.0,0.0,0.2,0.0
2023-09-06 04:30:00,19.588001,0.0,0.0,0.0,0.0,1.2101802499999998,0.0
2023-09-06 05:00:00,18.863,0.0,0.0,0.0,0.0,2.2203605,0.0
2023-09-06 05:30:00,18.738,0.0,0.0,0.0,0.0,2.31226175,0.0
2023-09-06 06:00:00,18.613,0.0,0.0,0.0,0.0,2.404163,0.0
2023-09-06 06:30:00,18.588001,0.0,0.0,0.0,0.0,1.85972875,0.0
2023-09-06 07:00:00,18.563002,0.0,0.0,0.0,0.0,1.3152945,2.737
2023-09-06 07:30:00,19.538001,26.190926595778325,0.08194812597374622,46.83024,22.8016815,2.03060025,21.802000000000003
2023-09-06 08:00:00,20.513,64.04685476036835,0.20649373548601532,93.66048,45.603363,2.745906,149.578
2023-09-06 08:30:00,19.788001,99.33019165923731,0.3280175047241965,71.846165,77.3867615,3.1534024,264.642
2023-09-06 09:00:00,19.063002,129.05630282575456,0.4444383211822241,50.03185,109.17016,3.5608988,470.56
2023-09-06 09:30:00,18.913001,164.5493406447217,0.5537623084800423,52.7616775,138.29407,3.1964296,600.455
2023-09-06 10:00:00,18.763,200.14152892910317,0.6541169807726884,55.491505,167.41798,2.8319604,641.713
2023-09-06 10:30:00,20.338,342.28896566095176,0.7437833198706802,180.4337025,212.00614,3.45558795,794.0500000000001
2023-09-06 11:00:00,21.913,503.10956866140225,0.821225208287513,305.3759,256.5943,4.0792155,761.24
2023-09-06 11:30:00,22.888,615.827077712742,0.8851157541672958,415.03295,251.846275,3.51100175,962.898
2023-09-06 12:00:00,23.863,734.8719329322364,0.9343600300591262,524.69,247.09825,2.942788,270.492
2023-09-06 12:30:00,25.2880005,819.4819654017465,0.9681138284391919,622.9452200000001,217.430225,4.16397615,685.251
2023-09-06 13:00:00,26.713001,899.1356491583629,0.9857981378929453,721.20044,187.7622,5.3851643,360.8
2023-09-06 13:30:00,27.3630005,905.5107368711301,0.9871090706654526,758.68757,155.15885500000002,5.285842649999999,281.422
2023-09-06 14:00:00,28.013,898.9292913650711,0.972023075184205,796.1747,122.55551,5.186521,990.755
2023-09-06 14:30:00,27.888,858.1269336011437,0.9407973510610578,779.59803,122.427195,4.96918125,921.996
2023-09-06 15:00:00,27.763,806.4519646700796,0.8939654475568539,763.02136,122.29888,4.7518415,236.332
2023-09-06 15:30:00,27.4880005,668.5316254929561,0.8323281354286769,650.24298,126.262355,4.35392475,750.2479999999999
2023-09-06 16:00:00,27.213001,537.1232546133803,0.7569396960240381,537.4646,130.22583,3.956008,634.7719999999999
2023-09-06 16:30:00,26.9880005,503.92378664780625,0.6690898618378315,580.3808300000001,115.27218,3.811716,541.359
2023-09-06 17:00:00,26.763,456.35368340502515,0.5702817409264912,623.29706,100.31853,3.667424,432.233
2023-09-06 17:30:00,26.213,341.65808480198643,0.4622060732450156,547.14518,88.576535,3.4615941,115.59
2023-09-06 18:00:00,25.663,239.92892473583998,0.34671227028325696,470.9933,76.83454,3.2557642,204.953
2023-09-06 18:30:00,25.013,133.91689042738722,0.22577676171705713,345.41666999999995,56.24309,2.83722075,107.169
2023-09-06 19:00:00,24.363,57.536879596519995,0.10146914792119349,219.84004,35.65164,2.4186773,32.122
2023-09-06 19:30:00,23.513,17.61494902937945,0.0,109.92002,17.82582,1.8176149,5.656000000000001
2023-09-06 20:00:00,22.663,0.0,0.0,0.0,0.0,1.2165525,0.0
2023-09-06 20:30:00,21.963,0.0,0.0,0.0,0.0,1.28834975,0.0
2023-09-06 21:00:00,21.263,0.0,0.0,0.0,0.0,1.360147,0.0
2023-09-06 21:30:00,21.163001,0.0,0.0,0.0,0.0,1.0154837,0.0
2023-09-06 22:00:00,21.063002,0.0,0.0,0.0,0.0,0.6708204,0.0
2023-09-06 22:30:00,21.313002,0.0,0.0,0.0,0.0,1.03182955,0.0
2023-09-06 23:00:00,21.563002,0.0,0.0,0.0,0.0,1.3928387,0.0
2023-09-06 23:30:00,21.363001,0.0,0.0,0.0,0.0,1.5210405,0.0
2023-09-07 00:00:00,21.163,0.0,0.0,0.0,0.0,1.6492423,0.0
2023-09-07 00:30:00,20.888,0.0,0.0,0.0,0.0,1.22773405,0.0
2023-09-07 01:00:00,20.613,0.0,0.0,0.0,0.0,0.8062258,0.0
2023-09-07 01:30:00,20.513,0.0,0.0,0.0,0.0,0.92512825,0.0
2023-09-07 02:00:00,20.413,0.0,0.0,0.0,0.0,1.0440307,0.0
2023-09-07 02:30:00,20.5630005,0.0,0.0,0.0,0.0,1.2291221,0.0
2023-09-07 03:00:00,20.713001,0.0,0.0,0.0,0.0,1.4142135,0.0
2023-09-07 03:30:00,20.6380015,0.0,0.0,0.0,0.0,1.4453479,0.0
2023-09-07 04:00:00,20.563002,0.0,0.0,0.0,0.0,1.4764823,0.0
2023-09-07 04:30:00,19.863001,0.0,0.0,0.0,0.0,1.29725815,0.0
2023-09-07 05:00:00,19.163,0.0,0.0,0.0,0.0,1.118034,0.0
2023-09-07 05:30:00,19.1880005,0.0,0.0,0.0,0.0,0.841859725,0.0
2023-09-07 06:00:00,19.213001,0.0,0.0,0.0,0.0,0.56568545,0.0
2023-09-07 06:30:00,19.3880015,0.0,0.0,0.0,0.0,0.463120295,0.0
2023-09-07 07:00:00,19.563002,0.0,0.0,0.0,0.0,0.36055514,3.803
2023-09-07 07:30:00,20.3880015,40.62824741209742,0.08171648431960402,99.418335,33.1092,0.544283045,54.718
2023-09-07 08:00:00,21.213001,106.03423726051184,0.20633002988097857,198.83667,66.2184,0.72801095,155.046
2023-09-07 08:30:00,22.5380005,210.04316677050895,0.32789543050522046,366.695555,91.09091,1.196171325,98.086
2023-09-07 09:00:00,23.863,352.1215093069758,0.4443308537594168,534.55444,115.96342,1.6643317,161.186
2023-09-07 09:30:00,25.063,448.49540354510805,0.5536421697274168,583.4271550000001,126.514835,1.2444764199999998,185.175
2023-09-07 10:00:00,26.263,549.8655720867366,0.6539571098466257,632.29987,137.06625,0.82462114,229.369
2023-09-07 10:30:00,27.538001,661.1927421983223,0.7435573402101039,685.71991,151.69857000000002,1.28552307,344.40099999999995
2023-09-07 11:00:00,28.813002,773.0385745334131,0.8209078828702625,739.13995,166.33089,1.746425,244.731
2023-09-07 11:30:00,29.613001,786.4898082365278,0.8846834210547103,670.522125,194.04747,2.075294,570.9780000000001
2023-09-07 12:00:00,30.413,782.3600632216451,0.9337910107278169,601.9043,221.76405,2.404163,159.15699999999998
2023-09-07 12:30:00,30.638,769.4750480989992,0.9673888018794385,550.50922,238.935375,2.5750345,851.4750000000001
2023-09-07 13:00:00,30.863,745.1077011554349,0.9849004739465624,499.11414,256.1067,2.745906,891.0520000000001
2023-09-07 13:30:00,30.513,815.6295153497791,0.9860251168872958,614.4144699999999,210.560925,3.9671775,927.491
2023-09-07 14:00:00,30.163,874.437974012187,0.9707423922697257,729.7148,165.01515,5.188449,839.789
2023-09-07 14:30:00,29.363001,795.5934311769279,0.9393128927471318,665.163215,170.37257499999998,4.2221066,831.143
2023-09-07 15:00:00,28.563002,711.431162204932,0.8922736819097284,600.61163,175.73,3.2557642,825.7460000000001
2023-09-07 15:30:00,28.113001,651.8786318601921,0.83042910542686,589.462765,162.55198,2.3778821,709.895
2023-09-07 16:00:00,27.663,585.754718751024,0.7548370184089562,578.3139,149.37396,1.5,199.397
2023-09-07 16:30:00,27.463,510.1724326859424,0.6667906642319137,575.3220799999999,126.502085,1.7624229,252.698
2023-09-07 17:00:00,27.263,428.85124327462506,0.5677965383383387,572.33026,103.63021,2.0248458,116.721
2023-09-07 17:30:00,26.963,325.4302372679753,0.45954858614475064,517.02014,87.7773775,2.3853759,129.754
2023-09-07 18:00:00,26.663,230.566323644055,0.34389918732794694,461.71002,71.924545,2.745906,129.35
2023-09-07 18:30:00,25.463,129.18381117700113,0.2228274512999843,342.24198,53.1917475,3.1258078,107.553
2023-09-07 19:00:00,24.263,55.98332473736939,0.09840532348968814,222.77394,34.45895,3.5057096,39.321000000000005
2023-09-07 19:30:00,23.063,17.030591553298503,0.0,111.38697,17.229475,3.9236843,6.005
2023-09-07 20:00:00,21.863,0.0,0.0,0.0,0.0,4.341659,0.0
2023-09-07 20:30:00,21.5380005,0.0,0.0,0.0,0.0,4.0316089,0.0
2023-09-07 21:00:00,21.213001,0.0,0.0,0.0,0.0,3.7215588,0.0
2023-09-07 21:30:00,21.3630005,0.0,0.0,0.0,0.0,3.4615605,0.0
2023-09-07 22:00:00,21.513,0.0,0.0,0.0,0.0,3.2015622,0.0
2023-09-07 22:30:00,21.263,0.0,0.0,0.0,0.0,2.71096135,0.0
2023-09-07 23:00:00,21.013,0.0,0.0,0.0,0.0,2.2203605,0.0
2023-09-07 23:30:00,20.688,0.0,0.0,0.0,0.0,2.1299841500000003,0.0
2023-09-08 00:00:00,20.363,0.0,0.0,0.0,0.0,2.0396078,0.0
2023-09-08 00:30:00,20.1630005,0.0,0.0,0.0,0.0,1.7580450500000002,0.0
2023-09-08 01:00:00,19.963001,0.0,0.0,0.0,0.0,1.4764823,0.0
2023-09-08 01:30:00,19.6130005,0.0,0.0,0.0,0.0,1.501458,0.0
2023-09-08 02:00:00,19.263,0.0,0.0,0.0,0.0,1.5264337,0.0
2023-09-08 02:30:00,19.7380005,0.0,0.0,0.0,0.0,1.3652966,0.0
2023-09-08 03:00:00,20.213001,0.0,0.0,0.0,0.0,1.2041595,0.0
2023-09-08 03:30:00,20.2630015,0.0,0.0,0.0,0.0,1.65683075,0.0
2023-09-08 04:00:00,20.313002,0.0,0.0,0.0,0.0,2.109502,0.0
2023-09-08 04:30:00,20.3880015,0.0,0.0,0.0,0.0,1.90622035,0.0
2023-09-08 05:00:00,20.463001,0.0,0.0,0.0,0.0,1.7029387,0.0
2023-09-08 05:30:00,20.213001,0.0,0.0,0.0,0.0,1.5794803000000002,0.0
2023-09-08 06:00:00,19.963001,0.0,0.0,0.0,0.0,1.4560219,0.0
2023-09-08 06:30:00,19.9380005,0.0,0.0,0.0,0.0,1.3799312,0.0
2023-09-08 07:00:00,19.913,0.0,0.0,0.0,0.0,1.3038405,3.748
2023-09-08 07:30:00,20.413,41.45048005980002,0.08148809328560776,152.6017,29.4594135,1.68269665,54.258
2023-09-08 08:00:00,20.913,120.95251846940356,0.20616415636289823,305.2034,58.918827,2.0615528,42.191
2023-09-08 08:30:00,21.738001,245.21191423521708,0.32776564912041584,507.4659,79.6297385,2.3545965,68.696
2023-09-08 09:00:00,22.563002,415.0020655731904,0.4442101152103025,709.7284,100.34065,2.6476402,333.23
2023-09-08 09:30:00,23.338001,530.6934687208883,0.5535032676977389,768.5809999999999,105.2668,2.6476402,482.351
2023-09-08 10:00:00,24.113,651.7830877777512,0.653773150568134,827.4336,110.19295,2.6476402,589.6500000000001
2023-09-08 10:30:00,24.613,739.5058884908767,0.743302206662832,836.3709,116.79712,2.9246012,671.556
2023-09-08 11:00:00,25.113,818.4531844737916,0.8205566855130637,845.3082,123.40129,3.2015622,777.237
2023-09-08 11:30:00,25.188,860.535806653389,0.8842129274098395,820.60338,133.512915,3.4365371500000004,797.238
2023-09-08 12:00:00,25.263,887.7821449867088,0.9331800462977671,795.89856,143.62454,3.6715121,513.536
2023-09-08 12:30:00,25.313,859.7978775843112,0.9666186155270879,722.03493,161.08346999999998,3.6091708,222.815
2023-09-08 13:00:00,25.363,816.4368877461146,0.9839550614053268,648.1713,178.5424,3.5468295,254.327
2023-09-08 13:30:00,24.963001,755.7243056946874,0.984891496779306,570.08395,194.97388,3.67735805,920.354
2023-09-08 14:00:00,24.563002,686.7883176548439,0.9694108299318155,491.9966,211.40536,3.8078866,433.97800000000007
2023-09-08 14:30:00,24.113001,633.7723126034501,0.9377770679441615,440.268075,223.123845,3.9630693,267.615
2023-09-08 15:00:00,23.663,577.9629662504002,0.8905307975328454,388.53955,234.84233,4.118252,591.5840000000001
2023-09-08 15:30:00,23.788,531.7564949414657,0.8284799353826828,383.377625,216.776405,4.2727202,576.8489999999999
2023-09-08 16:00:00,23.913,480.99274119324787,0.7526858937915498,378.2157,198.71048,4.4271884,645.597
2023-09-08 16:30:00,24.0630005,462.9265260825449,0.6644453980654516,464.66315,155.4069175,4.82367085,350.939
2023-09-08 17:00:00,24.213001,423.57669642532665,0.5652682902291868,551.1106,112.103355,5.2201533,479.822
2023-09-08 17:30:00,23.7380005,307.1552079563408,0.4568516691647049,456.116,99.2046775,4.9387028,317.922
2023-09-08 18:00:00,23.263,208.66510396274515,0.3410508204489295,361.1214,86.306,4.6572523,193.209
2023-09-08 18:30:00,22.588,117.63064957238657,0.21984746177258163,264.85236999999995,60.045103,4.27027485,60.771
2023-09-08 19:00:00,21.913,49.371358986994494,0.09531580422600314,168.58334,33.784206,3.8832974,36.283
2023-09-08 19:30:00,21.463,16.651351177894387,0.0,84.29167,16.892103,3.5794827,4.058
2023-09-08 20:00:00,21.013,0.0,0.0,0.0,0.0,3.275668,0.0
2023-09-08 20:30:00,20.813,0.0,0.0,0.0,0.0,3.12947745,0.0
2023-09-08 21:00:00,20.613,0.0,0.0,0.0,0.0,2.9832869,0.0
2023-09-08 21:30:00,20.4130005,0.0,0.0,0.0,0.0,2.66850365,0.0
2023-09-08 22:00:00,20.213001,0.0,0.0,0.0,0.0,2.3537204,0.0
2023-09-08 22:30:00,19.963001,0.0,0.0,0.0,0.0,2.0768602,0.0
2023-09-08 23:00:00,19.713001,0.0,0.0,0.0,0.0,1.8,0.0
2023-09-08 23:30:00,19.588001,0.0,0.0,0.0,0.0,1.55764725,0.0
2023-09-09 00:00:00,19.463001,0.0,0.0,0.0,0.0,1.3152945,0.0
2023-09-09 00:30:00,19.1880005,0.0,0.0,0.0,0.0,1.13198888,0.0
2023-09-09 01:00:00,18.913,0.0,0.0,0.0,0.0,0.94868326,0.0
2023-09-09 01:30:00,18.713,0.0,0.0,0.0,0.0,0.966784505,0.0
2023-09-09 02:00:00,18.513,0.0,0.0,0.0,0.0,0.98488575,0.0
2023-09-09 02:30:00,18.2380005,0.0,0.0,0.0,0.0,1.397981375,0.0
2023-09-09 03:00:00,17.963001,0.0,0.0,0.0,0.0,1.811077,0.0
2023-09-09 03:30:00,18.3630005,0.0,0.0,0.0,0.0,1.8396155,0.0
2023-09-09 04:00:00,18.763,0.0,0.0,0.0,0.0,1.868154,0.0
2023-09-09 04:30:00,18.588,0.0,0.0,0.0,0.0,1.82007925,0.0
2023-09-09 05:00:00,18.413,0.0,0.0,0.0,0.0,1.7720045,0.0
2023-09-09 05:30:00,18.288,0.0,0.0,0.0,0.0,1.593109,0.0
2023-09-09 06:00:00,18.163,0.0,0.0,0.0,0.0,1.4142135,0.0
2023-09-09 06:30:00,18.113001,0.0,0.0,0.0,0.0,1.4351177000000002,0.0
2023-09-09 07:00:00,18.063002,0.0,0.0,0.0,0.0,1.4560219,15.521999999999998
2023-09-09 07:30:00,18.588001,40.98795328893295,0.08126202574905314,142.888825,29.841955,1.6674257,85.528
2023-09-09 08:00:00,19.113,117.62183311611244,0.2059951059540536,285.77765,59.68391,1.8788295,191.704
2023-09-09 08:30:00,20.2880005,239.2519731015029,0.32762709530427053,486.225875,80.770645,2.080686,0.0
2023-09-09 09:00:00,21.463001,406.0841764042027,0.4440750105505852,686.6741,101.85738,2.2825425,0.0
2023-09-09 09:30:00,22.4880005,523.105085137883,0.5533445047299776,747.60698,109.580335,2.6185999,0.0
2023-09-09 10:00:00,23.513,646.124942973771,0.6535640296836361,808.53986,117.30329,2.9546573,0.0
2023-09-09 10:30:00,24.213,732.9835712739628,0.743016896972483,821.15068,122.020495,3.19924615,0.0
2023-09-09 11:00:00,24.913,811.8438368976902,0.8201706707049694,833.7615,126.7377,3.443835,0.0
2023-09-09 11:30:00,25.363001,851.1429315670248,0.8837034288482938,804.049575,139.408545,3.64610565,0.0
2023-09-09 12:00:00,25.813002,875.276335749921,0.9325264161359157,774.33765,152.07939,3.8483763,0.0
2023-09-09 12:30:00,25.713001,820.5535943884317,0.9658026929901398,646.250855,196.926095,3.75858175,0.0
2023-09-09 13:00:00,25.613,748.9548489062925,0.982961486094006,518.16406,241.7728,3.6687872,0.0
2023-09-09 13:30:00,25.088001,646.9133474968355,0.9837079735672376,411.67168,244.83445,3.891697750000001,0.0
2023-09-09 14:00:00,24.563002,539.6999437911459,0.9680283409173044,305.1793,247.8961,4.1146083,0.0
2023-09-09 14:30:00,24.688002,671.4759565899898,0.9361900277627566,506.229115,198.854955,4.0270756500000005,0.0
2023-09-09 15:00:00,24.813002,779.405942442469,0.8887371493516181,707.27893,149.81381,3.939543,0.0
2023-09-09 15:30:00,24.688002,657.8957906189769,0.8264811859470373,603.01938,159.54611,3.8278619,0.0
2023-09-09 16:00:00,24.563002,542.5151660758688,0.7504870869384487,498.75983,169.27841,3.7161808,0.0
2023-09-09 16:30:00,23.913001,469.8519872475267,0.662055027106296,498.97963,140.1776,3.9604699,0.0
2023-09-09 17:00:00,23.263,391.69627154240436,0.5626981508269812,499.19943,111.07679,4.204759,0.0
2023-09-09 17:30:00,22.8630005,274.48295760611126,0.4541166551623807,386.480065,99.68265,4.2989678,0.0
2023-09-09 18:00:00,22.463001,179.73146181879073,0.33816866629712944,273.7607,88.28851,4.3931766,0.0
2023-09-09 18:30:00,22.0380005,103.6688786620614,0.21683843592324906,196.306395,61.975123,4.051985800000001,0.0
2023-09-09 19:00:00,21.613,46.008486055928735,0.09220235886547015,118.85209,35.661736,3.710795,0.0
2023-09-09 19:30:00,21.1630005,17.52502150091879,0.0,59.426045,17.830868,3.5641983,0.0
2023-09-09 20:00:00,20.713001,0.0,0.0,0.0,0.0,3.4176016,0.0
2023-09-09 20:30:00,20.5130015,0.0,0.0,0.0,0.0,3.3243503,0.0
2023-09-09 21:00:00,20.313002,0.0,0.0,0.0,0.0,3.231099,0.0
2023-09-09 21:30:00,20.088001,0.0,0.0,0.0,0.0,3.0271088500000003,0.0
2023-09-09 22:00:00,19.863,0.0,0.0,0.0,0.0,2.8231187,0.0
2023-09-09 22:30:00,19.838001,0.0,0.0,0.0,0.0,2.565899,0.0
2023-09-09 23:00:00,19.813002,0.0,0.0,0.0,0.0,2.3086793,0.0
2023-09-09 23:30:00,19.538001,0.0,0.0,0.0,0.0,2.27237365,0.0
2023-09-10 00:00:00,19.263,0.0,0.0,0.0,0.0,2.236068,0.0
2023-09-10 00:30:00,18.963,0.0,0.0,0.0,0.0,2.24164425,0.0
2023-09-10 01:00:00,18.663,0.0,0.0,0.0,0.0,2.2472205,0.0
2023-09-10 01:30:00,18.4380005,0.0,0.0,0.0,0.0,2.2337904,0.0
2023-09-10 02:00:00,18.213001,0.0,0.0,0.0,0.0,2.2203603,0.0
2023-09-10 02:30:00,18.213001,0.0,0.0,0.0,0.0,2.4082556,0.0
2023-09-10 03:00:00,18.213001,0.0,0.0,0.0,0.0,2.5961509,0.0
2023-09-10 03:30:00,18.1130005,0.0,0.0,0.0,0.0,2.48656195,0.0
2023-09-10 04:00:00,18.013,0.0,0.0,0.0,0.0,2.376973,0.0
2023-09-10 04:30:00,17.938000000000002,0.0,0.0,0.0,0.0,2.37381345,0.0
2023-09-10 05:00:00,17.863,0.0,0.0,0.0,0.0,2.3706539,0.0
2023-09-10 05:30:00,17.813000000000002,0.0,0.0,0.0,0.0,2.39466545,0.0
2023-09-10 06:00:00,17.763,0.0,0.0,0.0,0.0,2.418677,0.0
2023-09-10 06:30:00,17.7380005,0.0,0.0,0.0,0.0,2.4623350000000004,0.0
2023-09-10 07:00:00,17.713001,0.0,0.0,0.0,0.0,2.505993,3.321
2023-09-10 07:30:00,18.338001,41.419150027375636,0.08103737907446949,143.711135,30.244898,2.6618967500000004,46.356
2023-09-10 08:00:00,18.963001,118.70415016072761,0.20582189944575577,287.42227,60.489796,2.8178005,123.353
2023-09-10 08:30:00,19.9880005,236.06663789192095,0.3274787385455484,475.311585,81.273593,3.38690435,238.941
2023-09-10 09:00:00,21.013,395.68916402345207,0.44392448410383234,663.2009,102.05739,3.9560082,348.955
2023-09-10 09:30:00,21.813,505.55951078053045,0.553164826505606,702.703475,117.348945,4.3549771,458.813
2023-09-10 10:00:00,22.613,617.3238124463707,0.6533287207583225,742.20605,132.6405,4.753946,566.208
2023-09-10 10:30:00,23.113,698.8844816080989,0.742700438624395,742.755095,147.342245,4.97553025,233.4
2023-09-10 11:00:00,23.613,771.3833947603008,0.8197489448920529,743.30414,162.04399,5.1971145,808.63
2023-09-10 11:30:00,23.763,784.4072109807856,0.883154134491658,683.33302,181.356375,5.26689005,432.836
2023-09-10 12:00:00,23.913,780.644026894108,0.9318294539484762,623.3619,200.66876,5.3366656,886.522
2023-09-10 12:30:00,24.138,756.8011720738075,0.9649405123139214,540.30656,237.52888,5.1547961,906.291
2023-09-10 13:00:00,24.363,720.081756463127,0.9819193876536411,457.25122,274.389,4.9729266,905.979
2023-09-10 13:30:00,24.638,790.8458565651583,0.982474362949815,573.35806,229.02177,4.7711951500000005,995.474
2023-09-10 14:00:00,24.913,850.4078807843181,0.9665949284033628,689.4649,183.65454,4.5694637,931.246
2023-09-10 14:30:00,23.713,726.5621131825536,0.9345519710460092,567.315335,197.223045,4.53528735,654.2230000000001
2023-09-10 15:00:00,22.513,603.5927582700228,0.8868931366732354,445.16577,210.79155,4.501111,350.089
2023-09-10 15:30:00,22.963,521.3339037237037,0.8244334582654862,397.80072,195.455535,4.6923785,745.222
2023-09-10 16:00:00,23.413,440.1795445654491,0.7482413986949709,350.43567,180.11952,4.883646,593.089
2023-09-10 16:30:00,23.138,399.42626303807447,0.6596205463424037,354.772875,167.43876,4.98789835,562.559
2023-09-10 17:00:00,22.863,353.98549734900774,0.5600873003476518,359.11008,154.758,5.0921507,167.628
2023-09-10 17:30:00,22.388,264.8941084645094,0.4513448975357358,308.20314,127.473143,5.1058605,355.41200000000003
2023-09-10 18:00:00,21.913,184.98352657671683,0.33525423635817625,257.2962,100.188286,5.1195703,187.688
2023-09-10 18:30:00,21.463,107.13775242535542,0.21380202555889974,179.7643,69.799736,5.10782365,87.617
2023-09-10 19:00:00,21.013,47.78918496672147,0.08906675936613347,102.2324,39.411186,5.096077,40.395
2023-09-10 19:30:00,20.413001,0.0,0.0,51.1162,19.705593,4.561120750000001,1.982
2023-09-10 20:00:00,19.813002,0.0,0.0,0.0,0.0,4.0261645,0.0
2023-09-10 20:30:00,19.463001,0.0,0.0,0.0,0.0,3.91044875,0.0
2023-09-10 21:00:00,19.113,0.0,0.0,0.0,0.0,3.794733,0.0
2023-09-10 21:30:00,18.963001,0.0,0.0,0.0,0.0,3.794733,0.0
2023-09-10 22:00:00,18.813002,0.0,0.0,0.0,0.0,3.794733,0.0
2023-09-10 22:30:00,18.788001,0.0,0.0,0.0,0.0,3.8286873,0.0
2023-09-10 23:00:00,18.763,0.0,0.0,0.0,0.0,3.8626416,0.0
2023-09-10 23:30:00,18.7380005,0.0,0.0,0.0,0.0,3.6120944,0.0
2023-09-11 00:00:00,18.713001,0.0,0.0,0.0,0.0,3.3615472,0.0
2023-09-11 00:30:00,18.7630015,0.0,0.0,0.0,0.0,3.4364786,0.0
2023-09-11 01:00:00,18.813002,0.0,0.0,0.0,0.0,3.51141,0.0
2023-09-11 01:30:00,18.913001,0.0,0.0,0.0,0.0,3.638522,0.0
2023-09-11 02:00:00,19.013,0.0,0.0,0.0,0.0,3.765634,0.0
2023-09-11 02:30:00,19.288001,0.0,0.0,0.0,0.0,4.46399875,0.0
2023-09-11 03:00:00,19.563002,0.0,0.0,0.0,0.0,5.1623635,0.0
2023-09-11 03:30:00,19.563002,0.0,0.0,0.0,0.0,5.204633449999999,0.0
2023-09-11 04:00:00,19.563002,0.0,0.0,0.0,0.0,5.2469034,0.0
2023-09-11 04:30:00,19.5130015,0.0,0.0,0.0,0.0,5.222008949999999,0.0
2023-09-11 05:00:00,19.463001,0.0,0.0,0.0,0.0,5.1971145,0.0
2023-09-11 05:30:00,19.338001,0.0,0.0,0.0,0.0,5.1333156,0.0
2023-09-11 06:00:00,19.213001,0.0,0.0,0.0,0.0,5.0695167,0.0
2023-09-11 06:30:00,19.1630005,0.0,0.0,0.0,0.0,5.04573435,0.0
2023-09-11 07:00:00,19.113,0.0,0.0,0.0,0.0,5.021952,1.766
2023-09-11 07:30:00,19.2880005,33.19697732863196,0.08081326263186449,64.243185,28.5553915,5.1196155,16.980999999999998
2023-09-11 08:00:00,19.463001,82.43294840967468,0.20564357539119266,128.48637,57.110783,5.217279,60.156000000000006
2023-09-11 08:30:00,20.0630005,173.75311788255652,0.32731957169270615,224.067145,102.2631715,5.252972850000001,68.593
2023-09-11 09:00:00,20.663,286.6587246974851,0.44375750885482396,319.64792,147.41556,5.2886667,0.0
2023-09-11 09:30:00,21.463,400.70543253259063,0.5529632124030858,447.47901,155.34228000000002,5.8711741,0.0
2023-09-11 10:00:00,22.263,537.4350446768675,0.6530662356257092,575.3101,163.269,6.4536815,347.899
2023-09-11 10:30:00,22.813,609.5776623715127,0.7423519014220371,562.3204499999999,194.1014,6.557381250000001,189.613
2023-09-11 11:00:00,23.363,672.6181647552318,0.8192906603755233,549.3308,224.9338,6.661081,327.455
2023-09-11 11:30:00,23.588001,731.2365551448136,0.882564302189684,575.89172,224.95194,6.73971925,514.956
2023-09-11 12:00:00,23.813002,784.3303430787602,0.931088544395762,602.45264,224.97008,6.8183575,299.049
2023-09-11 12:30:00,23.938002,831.1109506886271,0.9640316040109187,642.66922,212.43802,6.9095359,425.119
2023-09-11 13:00:00,24.063002,869.5152588090178,0.9808284589833787,682.8858,199.90596,7.0007143,715.497
2023-09-11 13:30:00,24.088001,826.93236887955,0.9811905339284357,636.799465,202.61603,7.05070915,1017.657
2023-09-11 14:00:00,24.113,774.6036234632272,0.9651106481667296,590.71313,205.3261,7.100704,985.122
2023-09-11 14:30:00,23.6630005,761.7745067217962,0.9328631477924423,613.987665,189.421045,7.5318717,964.11
2023-09-11 15:00:00,23.213001,737.4925321670311,0.8849992078096443,637.2622,173.51599,7.9630394,496.615
2023-09-11 15:30:00,23.0130015,640.4932201357276,0.8223373996186631,572.32858,170.35222499999998,7.83671095,396.6830000000001
2023-09-11 16:00:00,22.813002,544.6671621384739,0.7459496725712504,507.39496,167.18846,7.7103825,671.2570000000001
2023-09-11 16:30:00,22.488001,446.69484563878655,0.6571429893451333,436.53828,161.28427,7.66110755,592.945
2023-09-11 17:00:00,22.163,357.32192972544783,0.5574369530094256,365.6816,155.38008,7.6118326,161.44899999999998
2023-09-11 17:30:00,21.838,279.0027055470351,0.4485377785845999,353.489725,121.87428,7.5224335,122.972
2023-09-11 18:00:00,21.513,200.83729586885534,0.33230906562283846,341.29785,88.36848,7.4330344,266.68500000000006
2023-09-11 18:30:00,20.938,109.6890952621925,0.21073990027309322,235.974045,60.705114,7.2858307,104.523
2023-09-11 19:00:00,20.363,43.723236141822554,0.08591078955833555,130.65024,33.041748,7.138627,32.863
2023-09-11 19:30:00,19.888,0.0,0.0,65.32512,16.520874,6.44724675,2.86
2023-09-11 20:00:00,19.413,0.0,0.0,0.0,0.0,5.7558665,0.0
2023-09-11 20:30:00,19.213,0.0,0.0,0.0,0.0,5.48992475,0.0
2023-09-11 21:00:00,19.013,0.0,0.0,0.0,0.0,5.223983,0.0
2023-09-11 21:30:00,19.013,0.0,0.0,0.0,0.0,5.0640315000000005,0.0
2023-09-11 22:00:00,19.013,0.0,0.0,0.0,0.0,4.90408,0.0
2023-09-11 22:30:00,19.138,0.0,0.0,0.0,0.0,4.7525833,0.0
2023-09-11 23:00:00,19.263,0.0,0.0,0.0,0.0,4.6010866,0.0
2023-09-11 23:30:00,19.338,0.0,0.0,0.0,0.0,4.4505433,0.0
2023-09-12 00:00:00,19.413,0.0,0.0,0.0,0.0,4.3,0.0
2023-09-12 00:30:00,19.388,0.0,0.0,0.0,0.0,4.2024375,0.0
2023-09-12 01:00:00,19.363,0.0,0.0,0.0,0.0,4.104875,0.0
2023-09-12 01:30:00,19.2880005,0.0,0.0,0.0,0.0,4.1121705,0.0
2023-09-12 02:00:00,19.213001,0.0,0.0,0.0,0.0,4.119466,0.0
2023-09-12 02:30:00,19.0130015,0.0,0.0,0.0,0.0,3.98327135,0.0
2023-09-12 03:00:00,18.813002,0.0,0.0,0.0,0.0,3.8470767,0.0
2023-09-12 03:30:00,18.788001,0.0,0.0,0.0,0.0,3.79035385,0.0
2023-09-12 04:00:00,18.763,0.0,0.0,0.0,0.0,3.733631,0.0
2023-09-12 04:30:00,18.638,0.0,0.0,0.0,0.0,3.79878335,0.0
2023-09-12 05:00:00,18.513,0.0,0.0,0.0,0.0,3.8639357,0.0
2023-09-12 05:30:00,18.338,0.0,0.0,0.0,0.0,3.79878335,0.0
2023-09-12 06:00:00,18.163,0.0,0.0,0.0,0.0,3.733631,0.0
2023-09-12 06:30:00,18.038,0.0,0.0,0.0,0.0,3.81681545,0.0
2023-09-12 07:00:00,17.913,0.0,0.0,0.0,0.0,3.8999999,2.449
2023-09-12 07:30:00,18.238001,39.37089650268357,0.08058878804694254,134.625535,28.974613,4.1040658,24.345
2023-09-12 08:00:00,18.563002,112.36327985395548,0.20545918075731626,269.25107,57.949226,4.3081317,126.41
2023-09-12 08:30:00,19.563002,235.27086507779774,0.3271486021051882,468.639285,82.87067,4.7856052,240.376
2023-09-12 09:00:00,20.563002,403.18819518612827,0.44357307832822335,668.0275,107.792114,5.2630787,386.399
2023-09-12 09:30:00,21.2630015,518.5190226383057,0.5527386680423495,721.3915,120.305967,5.54401235,465.391
2023-09-12 10:00:00,21.963001,638.4284111338561,0.6527756177976288,774.7555,132.81982,5.824946,617.933
2023-09-12 10:30:00,22.4880005,729.3541585963692,0.7419703918648191,793.5523499999999,140.304015,6.1288375,300.661
2023-09-12 11:00:00,23.013,813.5841818866597,0.818795010646484,812.3492,147.78821,6.432729,518.656
2023-09-12 11:30:00,23.463,882.4592061756057,0.8819332349399671,826.4681800000001,152.58432,6.3837765,822.4019999999999
2023-09-12 12:00:00,23.913,940.7030492578876,0.9303031205655906,840.58716,157.38043,6.334824,865.4340000000001
2023-09-12 12:30:00,24.138,964.529868350344,0.9630755496203545,837.7164600000001,156.1968,6.4636218,896.9169999999999
2023-09-12 13:00:00,24.363,974.6778103522498,0.9796884458455148,834.84576,155.01317,6.5924196,903.791
2023-09-12 13:30:00,24.463001,962.6628964593922,0.9798564094270636,825.44383,152.017405,6.68331765,896.9320000000001
2023-09-12 14:00:00,24.563002,937.2219445236701,0.9635756101703415,816.0419,149.02164,6.7742157,878.835
2023-09-12 14:30:00,24.6380015,889.1255229528891,0.931123861640325,801.2521,141.21789,6.3611622,838.694
2023-09-12 15:00:00,24.713001,829.707419441628,0.8830558633786953,786.4623,133.41414,5.9481087,802.442
2023-09-12 15:30:00,24.463001,744.1872822041767,0.8201937074895802,749.65873,127.86981,5.984453,723.719
2023-09-12 16:00:00,24.213001,653.5147651696782,0.7436127993839852,712.85516,122.32548,6.0207973,648.293
2023-09-12 16:30:00,23.8630005,551.2324289723725,0.65462343343841,673.36573,109.59015,5.95318665,554.6010000000001
2023-09-12 17:00:00,23.513,449.07818108540374,0.5547483625624448,633.8763,96.85482,5.885576,448.99
2023-09-12 17:30:00,22.838,331.92656110100376,0.4456967153693855,555.5976,84.08785,5.719927,335.04200000000003
2023-09-12 18:00:00,22.163,228.35841540439714,0.32933471850764723,477.3189,71.32088,5.554278,211.278
2023-09-12 18:30:00,21.363001,119.58418770350617,0.2076537534091417,338.221875,49.594212,4.896101,99.252
2023-09-12 19:00:00,20.563002,44.01640548261654,0.08273625098914889,199.12485,27.867544,4.237924,31.829
2023-09-12 19:30:00,19.7630015,0.0,0.0,99.56242500000002,13.933771999999998,4.06896195,2.863
2023-09-12 20:00:00,18.963001,0.0,0.0,0.0,0.0,3.8999999,0.0
2023-09-12 20:30:00,18.463001,0.0,0.0,0.0,0.0,3.76176715,0.0
2023-09-12 21:00:00,17.963001,0.0,0.0,0.0,0.0,3.6235344,0.0
2023-09-12 21:30:00,17.6880005,0.0,0.0,0.0,0.0,3.5610528,0.0
2023-09-12 22:00:00,17.413,0.0,0.0,0.0,0.0,3.4985712,0.0
2023-09-12 22:30:00,17.088,0.0,0.0,0.0,0.0,3.41361725,0.0
2023-09-12 23:00:00,16.763,0.0,0.0,0.0,0.0,3.3286633,0.0
2023-09-12 23:30:00,16.438000000000002,0.0,0.0,0.0,0.0,3.3286633,0.0
2023-09-13 00:00:00,16.113,0.0,0.0,0.0,0.0,3.3286633,0.0
2023-09-13 00:30:00,15.938,0.0,0.0,0.0,0.0,3.25963735,0.0
2023-09-13 01:00:00,15.763,0.0,0.0,0.0,0.0,3.1906114,0.0
2023-09-13 01:30:00,15.638,0.0,0.0,0.0,0.0,3.16454125,0.0
2023-09-13 02:00:00,15.513,0.0,0.0,0.0,0.0,3.1384711,0.0
2023-09-13 02:30:00,15.4629995,0.0,0.0,0.0,0.0,2.79500065,0.0
2023-09-13 03:00:00,15.412999,0.0,0.0,0.0,0.0,2.4515302,0.0
2023-09-13 03:30:00,15.5879995,0.0,0.0,0.0,0.0,2.4278466,0.0
2023-09-13 04:00:00,15.763,0.0,0.0,0.0,0.0,2.404163,0.0
2023-09-13 04:30:00,15.688,0.0,0.0,0.0,0.0,2.43699045,0.0
2023-09-13 05:00:00,15.613,0.0,0.0,0.0,0.0,2.4698179,0.0
2023-09-13 05:30:00,15.6379995,0.0,0.0,0.0,0.0,2.66669095,0.0
2023-09-13 06:00:00,15.662999,0.0,0.0,0.0,0.0,2.863564,0.0
2023-09-13 06:30:00,15.787999,0.0,0.0,0.0,0.0,2.9549366,0.0
2023-09-13 07:00:00,15.912999,0.0,0.0,0.0,0.0,3.0463092,2.624
2023-09-13 07:30:00,16.688,40.38688838563972,0.08036306329213151,146.25804,29.07145,3.2450721,19.084
2023-09-13 08:00:00,17.463001,117.31041057966608,0.2052677653118859,292.51608,58.1429,3.443835,68.78999999999999
2023-09-13 08:30:00,18.9380005,243.55552230489695,0.32696484647052293,499.43312,81.078755,3.6942258,125.018
2023-09-13 09:00:00,20.413,416.4252222662659,0.4433702018032158,706.35016,104.01461,3.9446166,89.153
2023-09-13 09:30:00,21.363001,535.7825029193709,0.5524902211233227,763.3009050000001,114.34625,4.3889176,195.087
2023-09-13 10:00:00,22.313002,660.0598853641928,0.6524559388365117,820.25165,124.67789,4.8332186,617.208
2023-09-13 10:30:00,22.938002,760.6666784632434,0.7415550501196415,857.195325,124.117145,5.1479093,717.5819999999999
2023-09-13 11:00:00,23.563002,856.7757637008503,0.8182612279981114,894.139,123.5564,5.4626,776.381
2023-09-13 11:30:00,24.063002,920.7396055812886,0.8812602790900137,899.95103,125.683955,5.5084387,837.6969999999999
2023-09-13 12:00:00,24.563002,972.0425351341643,0.9294726628194845,905.76306,127.81151,5.5542774,882.801
2023-09-13 12:30:00,24.963001,998.6014355549946,0.9620719811525293,904.17438,126.108605,5.5953827,903.996
2023-09-13 13:00:00,25.363,1010.4600025515339,0.9784991469086031,902.5857,124.4057,5.636488,921.183
2023-09-13 13:30:00,25.588001,996.6775183896314,0.9784719668984818,891.058565,121.895245,5.7482612500000005,912.866
2023-09-13 14:00:00,25.813002,968.4231407278851,0.9619899796790995,879.53143,119.38479,5.8600345,898.4630000000001
2023-09-13 14:30:00,26.0130015,916.2183980939633,0.9293344714585074,858.22284,115.891633,5.55394555,857.5440000000001
2023-09-13 15:00:00,26.213001,852.3366698855775,0.8810636582693447,836.91425,112.398476,5.2478566,812.5369999999999
2023-09-13 15:30:00,25.6880005,767.2262139572725,0.8180031318422156,804.0800750000001,107.279618,5.2625833,744.473
2023-09-13 16:00:00,25.163,675.6823744721951,0.7412317198500892,771.2459,102.16076,5.27731,659.506
2023-09-13 16:30:00,24.763,566.17079263004,0.6520630024637375,720.87112,94.72485,5.18816475,564.2049999999999
2023-09-13 17:00:00,24.363,458.35364575721195,0.5520228251778252,670.49634,87.28894,5.0990195,461.936
2023-09-13 17:30:00,23.738,337.0292067832209,0.44282316265382843,588.04605,76.135452,5.0540056,341.42499999999995
2023-09-13 18:00:00,23.113,230.02570430334794,0.32633279185353353,505.59576,64.981964,5.0089917,214.531
2023-09-13 18:30:00,22.1630005,118.66983765017144,0.20454530490221426,357.92078,45.5723045,4.47490185,98.996
2023-09-13 19:00:00,21.213001,42.60841169549437,0.0795449656557564,210.2458,26.162645,3.940812,25.532
2023-09-13 19:30:00,20.0630005,0.0,0.0,105.1229,13.0813225,3.494381,2.335
2023-09-13 20:00:00,18.913,0.0,0.0,0.0,0.0,3.04795,0.0
2023-09-13 20:30:00,18.3130005,0.0,0.0,0.0,0.0,2.896928,0.0
2023-09-13 21:00:00,17.713001,0.0,0.0,0.0,0.0,2.745906,0.0
2023-09-13 21:30:00,17.4380005,0.0,0.0,0.0,0.0,2.6939375,0.0
2023-09-13 22:00:00,17.163,0.0,0.0,0.0,0.0,2.641969,0.0
2023-09-13 22:30:00,16.9380005,0.0,0.0,0.0,0.0,2.6866345000000003,0.0
2023-09-13 23:00:00,16.713001,0.0,0.0,0.0,0.0,2.7313,0.0
2023-09-13 23:30:00,16.5130015,0.0,0.0,0.0,0.0,2.694183,0.0
2023-09-14 00:00:00,16.313002,0.0,0.0,0.0,0.0,2.657066,0.0
2023-09-14 00:30:00,16.213001,0.0,0.0,0.0,0.0,2.6409735,0.0
2023-09-14 01:00:00,16.113,0.0,0.0,0.0,0.0,2.624881,0.0
2023-09-14 01:30:00,16.088001,0.0,0.0,0.0,0.0,2.624881,0.0
2023-09-14 02:00:00,16.063002,0.0,0.0,0.0,0.0,2.624881,0.0
2023-09-14 02:30:00,15.963001,0.0,0.0,0.0,0.0,2.5624405,0.0
2023-09-14 03:00:00,15.863,0.0,0.0,0.0,0.0,2.5,0.0
2023-09-14 03:30:00,15.663,0.0,0.0,0.0,0.0,2.2624228,0.0
2023-09-14 04:00:00,15.463,0.0,0.0,0.0,0.0,2.0248456,0.0
2023-09-14 04:30:00,15.338,0.0,0.0,0.0,0.0,2.0859683,0.0
2023-09-14 05:00:00,15.213,0.0,0.0,0.0,0.0,2.147091,0.0
2023-09-14 05:30:00,15.188,0.0,0.0,0.0,0.0,2.39453,0.0
2023-09-14 06:00:00,15.163,0.0,0.0,0.0,0.0,2.641969,0.0
2023-09-14 06:30:00,15.213,0.0,0.0,0.0,0.0,2.819317,0.0
2023-09-14 07:00:00,15.263,0.0,0.0,0.0,0.0,2.996665,2.276
2023-09-14 07:30:00,16.263,40.286455628286696,0.08013519073541658,158.03035,28.020755,3.2447575,42.579
2023-09-14 08:00:00,17.263,120.05938248966845,0.2050683799395633,316.0607,56.04151,3.49285,136.56300000000002
2023-09-14 08:30:00,19.1130005,255.5209581340879,0.3267673293682273,548.8734999999999,76.79682,3.41750235,257.477
2023-09-14 09:00:00,20.963001,443.49137875791706,0.4431479031675861,781.6863,97.55213,3.3421547,383.493
2023-09-14 09:30:00,22.338001,563.8490468101458,0.5522169204726216,831.27702,104.685027,4.0189486500000005,502.503
2023-09-14 10:00:00,23.713001,686.9382882675252,0.6521062977211969,880.86774,111.817924,4.6957426,601.799
2023-09-14 10:30:00,24.6630005,784.190785590587,0.7411050496083129,900.6140700000001,115.496437,5.12501,690.6090000000002
2023-09-14 11:00:00,25.613,873.5316052253381,0.8176885833515227,920.3604,119.17495,5.5542774,763.624
2023-09-14 11:30:00,26.213001,937.7212998836711,0.8805448243989594,925.19715,120.85549,5.417214700000001,819.237
2023-09-14 12:00:00,26.813002,988.750471769074,0.9285966990456631,930.0339,122.53603,5.280152,867.47
2023-09-14 12:30:00,27.238001,1015.1240473663743,0.9610205815066074,925.968425,122.44496,5.2787310000000005,893.4549999999999
2023-09-14 13:00:00,27.663,1026.3138628657298,0.9772604143006652,921.90295,122.35389,5.27731,907.112
2023-09-14 13:30:00,27.788,1010.7073562345125,0.9770372389780593,907.683475,120.854385,5.502219,897.123
2023-09-14 14:00:00,27.913,980.4007024990751,0.9603539779932878,893.464,119.35488,5.727128,887.0920000000001
2023-09-14 14:30:00,28.263,925.5368248105826,0.9274953920957194,869.96055,115.85127,5.3338878,851.367
2023-09-14 15:00:00,28.613,859.0012816261046,0.8790232024403067,846.4571,112.34766,4.9406476,806.255
2023-09-14 15:30:00,27.813,772.4443125753074,0.8157664758993027,812.7296799999999,107.2131825,4.99420955,734.6690000000001
2023-09-14 16:00:00,27.013,679.4801744728761,0.7388074252862462,779.00226,102.078705,5.0477715,658.049
2023-09-14 16:30:00,26.388,568.1423533976172,0.6494628673949195,727.5874799999999,94.1870475,4.9677556,564.818
2023-09-14 17:00:00,25.763,458.6508374054082,0.5492616799867405,676.1727,86.29539,4.8877397,457.98
2023-09-14 17:30:00,25.013,335.59246489033615,0.4399186132455104,590.9253699999999,75.12518850000001,4.62217185,364.913
2023-09-14 18:00:00,24.263,227.49990271573228,0.32330491508248627,505.67804,63.954987,4.356604,220.058
2023-09-14 18:30:00,23.188,114.8350051349949,0.20141630134896327,345.676535,45.349189,3.6386102,98.229
2023-09-14 19:00:00,22.113,40.58272954272037,0.07633877583235416,185.67503,26.743391,2.9206164,27.012
2023-09-14 19:30:00,21.0380005,0.0,0.0,92.837515,13.3716955,2.6456351500000004,2.3480000000000003
2023-09-14 20:00:00,19.963001,0.0,0.0,0.0,0.0,2.3706539,0.0
2023-09-14 20:30:00,19.213001,0.0,0.0,0.0,0.0,2.1340102,0.0
2023-09-14 21:00:00,18.463001,0.0,0.0,0.0,0.0,1.8973665,0.0
2023-09-14 21:30:00,18.1130005,0.0,0.0,0.0,0.0,1.933569,0.0
2023-09-14 22:00:00,17.763,0.0,0.0,0.0,0.0,1.9697715,0.0
2023-09-14 22:30:00,17.588,0.0,0.0,0.0,0.0,1.99730855,0.0
2023-09-14 23:00:00,17.413,0.0,0.0,0.0,0.0,2.0248456,0.0
2023-09-14 23:30:00,17.3130005,0.0,0.0,0.0,0.0,2.05645345,0.0
2023-09-15 00:00:00,17.213001,0.0,0.0,0.0,0.0,2.0880613,0.0
2023-09-15 00:30:00,17.1130005,0.0,0.0,0.0,0.0,2.10351165,0.0
2023-09-15 01:00:00,17.013,0.0,0.0,0.0,0.0,2.118962,0.0
2023-09-15 01:30:00,16.938000000000002,0.0,0.0,0.0,0.0,2.1662781,0.0
2023-09-15 02:00:00,16.863,0.0,0.0,0.0,0.0,2.2135942,0.0
2023-09-15 02:30:00,16.762999999999998,0.0,0.0,0.0,0.0,2.4797501000000004,0.0
2023-09-15 03:00:00,16.663,0.0,0.0,0.0,0.0,2.745906,0.0
2023-09-15 03:30:00,16.637999999999998,0.0,0.0,0.0,0.0,2.51531895,0.0
2023-09-15 04:00:00,16.613,0.0,0.0,0.0,0.0,2.2847319,0.0
2023-09-15 04:30:00,16.613,0.0,0.0,0.0,0.0,2.1041351500000003,0.0
2023-09-15 05:00:00,16.613,0.0,0.0,0.0,0.0,1.9235384,0.0
2023-09-15 05:30:00,16.637999999999998,0.0,0.0,0.0,0.0,1.881008,0.0
2023-09-15 06:00:00,16.663,0.0,0.0,0.0,0.0,1.8384776,0.0
2023-09-15 06:30:00,16.613001,0.0,0.0,0.0,0.0,1.7924513,0.0
2023-09-15 07:00:00,16.563002,0.0,0.0,0.0,0.0,1.746425,1.973
2023-09-15 07:30:00,17.463001,37.96014474289785,0.07990426843730003,142.537615,26.96926,1.75921475,39.313
2023-09-15 08:00:00,18.363,111.54209565733282,0.20486007807231155,285.07523,53.93852,1.7720045,128.21200000000002
2023-09-15 08:30:00,20.263,243.37574904186442,0.3265550847639397,517.08339,75.1805,1.96766765,245.056
2023-09-15 09:00:00,22.163,427.6740754121554,0.44290522248505915,749.09155,96.42248,2.1633308,364.311
2023-09-15 09:30:00,23.513,544.2459323702183,0.5519178376500405,799.422605,102.982045,2.5394033,477.987
2023-09-15 10:00:00,24.863,663.9695608022884,0.6517258223988166,849.75366,109.54161,2.9154758,576.2919999999999
2023-09-15 10:30:00,25.763,758.7631362603881,0.7406195985839434,870.009,113.27042,3.63086915,662.011
2023-09-15 11:00:00,26.663,846.0856529889544,0.8170763877382738,890.26434,116.99923,4.3462625,737.1999999999999
2023-09-15 11:30:00,27.1880005,908.4885740563241,0.8797863054180793,895.3487700000001,118.714352,4.73633245,789.4689999999999
2023-09-15 12:00:00,27.713001,958.1834873739995,0.9276748058920427,900.4332,120.429474,5.1264024,829.562
2023-09-15 12:30:00,28.0380005,982.8415411232793,0.9599210855517342,895.72722,120.366022,5.3672162,859.322
2023-09-15 13:00:00,28.363,992.7658174328448,0.9759721544828814,891.02124,120.30257,5.60803,871.6750000000001
2023-09-15 13:30:00,28.488,977.7717430985978,0.9755523141321278,877.06252,119.32067,5.5617315000000005,863.5139999999999
2023-09-15 14:00:00,28.613,948.5787386274537,0.9586678828426033,863.1038,118.33877,5.515433,843.0710000000001
2023-09-15 14:30:00,29.063,896.0893541347086,0.9256070945308873,841.20625,114.84184,5.3209177,807.4920000000001
2023-09-15 15:00:00,29.513,832.2575228704613,0.8769351607477602,819.3087,111.34491,5.1264024,761.9169999999999
2023-09-15 15:30:00,29.063,747.9765625599618,0.8134845956970486,786.3461500000001,106.21508,5.0055362,697.62
2023-09-15 16:00:00,28.613,657.5624498882798,0.736340956882577,753.3836,101.08525,4.88467,617.845
2023-09-15 16:30:00,28.188,548.3879229983617,0.6468242453617403,701.1037249999999,93.620485,4.84753765,525.5840000000001
2023-09-15 17:00:00,27.763,441.5391950501034,0.5464663077734881,648.82385,86.15572,4.8104053,422.902
2023-09-15 17:30:00,27.063,321.3874279195734,0.4369845965418983,564.792495,74.167433,4.43004815,309.231
2023-09-15 18:00:00,26.363,216.14986984501041,0.32025274851877966,480.76114,62.179146,4.049691,188.679
2023-09-15 18:30:00,25.088001,108.30866251031853,0.19826851409598278,332.571915,42.49461,3.2546829,85.559
2023-09-15 19:00:00,23.813002,36.037430665828914,0.07311954206976491,184.38269,22.810074,2.4596748,22.200000000000003
2023-09-15 19:30:00,22.5130015,0.0,0.0,92.191345,11.405037,2.21472315,0.439
2023-09-15 20:00:00,21.213001,0.0,0.0,0.0,0.0,1.9697715,0.0
2023-09-15 20:30:00,20.6880005,0.0,0.0,0.0,0.0,1.879313,0.0
2023-09-15 21:00:00,20.163,0.0,0.0,0.0,0.0,1.7888545,0.0
2023-09-15 21:30:00,19.888,0.0,0.0,0.0,0.0,1.7888545,0.0
2023-09-15 22:00:00,19.613,0.0,0.0,0.0,0.0,1.7888545,0.0
2023-09-15 22:30:00,19.4130005,0.0,0.0,0.0,0.0,1.82850425,0.0
2023-09-15 23:00:00,19.213001,0.0,0.0,0.0,0.0,1.868154,0.0
2023-09-15 23:30:00,19.1130005,0.0,0.0,0.0,0.0,1.9538809,0.0
2023-09-16 00:00:00,19.013,0.0,0.0,0.0,0.0,2.0396078,0.0
2023-09-16 00:30:00,18.938,0.0,0.0,0.0,0.0,2.0886817000000004,0.0
2023-09-16 01:00:00,18.863,0.0,0.0,0.0,0.0,2.1377556,0.0
2023-09-16 01:30:00,18.7880005,0.0,0.0,0.0,0.0,2.1377556,0.0
2023-09-16 02:00:00,18.713001,0.0,0.0,0.0,0.0,2.1377556,0.0
2023-09-16 02:30:00,18.6880005,0.0,0.0,0.0,0.0,2.377503,0.0
2023-09-16 03:00:00,18.663,0.0,0.0,0.0,0.0,2.6172504,0.0
2023-09-16 03:30:00,18.513,0.0,0.0,0.0,0.0,2.4266592,0.0
2023-09-16 04:00:00,18.363,0.0,0.0,0.0,0.0,2.236068,0.0
2023-09-16 04:30:00,18.1630005,0.0,0.0,0.0,0.0,2.1378379,0.0
2023-09-16 05:00:00,17.963001,0.0,0.0,0.0,0.0,2.0396078,0.0
2023-09-16 05:30:00,17.8880015,0.0,0.0,0.0,0.0,2.06383455,0.0
2023-09-16 06:00:00,17.813002,0.0,0.0,0.0,0.0,2.0880613,0.0
2023-09-16 06:30:00,17.8880015,0.0,0.0,0.0,0.0,2.1406163,0.0
2023-09-16 07:00:00,17.963001,0.0,0.0,0.0,0.0,2.1931713,2.1770000000000005
2023-09-16 07:30:00,18.6380015,37.89558233714938,0.07966939284566084,115.82591,29.156229,2.25955595,38.757000000000005
2023-09-16 08:00:00,19.313002,104.74127767128815,0.20464191841005913,231.65182,58.312458,2.3259406,87.82799999999999
2023-09-16 08:30:00,20.788001,227.86292060396173,0.32632715882436847,441.40751,84.854434,2.48300815,272.831
2023-09-16 09:00:00,22.263,398.53539158830074,0.44264121874172524,651.1632,111.39641,2.6400757,364.042
2023-09-16 09:30:00,23.4880005,503.7286934641201,0.5515920696798788,671.03253,134.671955,3.08142935,427.501
2023-09-16 10:00:00,24.713001,606.8750514100554,0.6513136724118891,690.90186,157.9475,3.522783,565.266
2023-09-16 10:30:00,25.6380015,692.2385849493854,0.7400979425238838,698.7337950000001,176.13133,4.0202628,682.308
2023-09-16 11:00:00,26.563002,770.190273776861,0.8164239945208652,706.56573,194.31516,4.5177426,756.514
2023-09-16 11:30:00,27.213001,857.4965712414939,0.8789842034327564,785.8213499999999,166.355175,4.83034945,792.0360000000001
2023-09-16 12:00:00,27.863,941.8835242574944,0.9267066104113519,865.07697,138.39519,5.1429563,830.824
2023-09-16 12:30:00,28.213001,970.9433538628889,0.9587732814347425,871.770235,132.910575,5.366563149999999,856.961
2023-09-16 13:00:00,28.563002,986.19639641955,0.9746343292280406,878.4635,127.42596,5.59017,870.6220000000001
2023-09-16 13:30:00,28.713001,971.9801918167925,0.9740173372782083,869.015075,122.867185,5.6128855,864.309
2023-09-16 14:00:00,28.863,943.6200306118817,0.9569320286405654,859.56665,118.30841,5.635601,843.888
2023-09-16 14:30:00,28.963001,889.1146506492047,0.9236701057436068,833.526175,116.703255,5.41635775,811.809
2023-09-16 15:00:00,29.063002,823.738402654604,0.8748002524830218,807.4857,115.0981,5.1971145,762.5479999999999
2023-09-16 15:30:00,28.3880015,739.775621017903,0.8111583992502105,775.291435,108.95968,5.23863325,692.985
2023-09-16 16:00:00,27.713001,649.7427410361511,0.7338334045230139,743.09717,102.82126,5.280152,615.452
2023-09-16 16:30:00,27.213001,541.3521410470521,0.644148398129315,691.989785,94.416865,5.1939943500000005,524.294
2023-09-16 17:00:00,26.713001,435.1909531430091,0.5436381292289154,640.8824,86.01247,5.1078367,419.184
2023-09-16 17:30:00,25.9880005,316.0373826787094,0.4340226764254832,556.907815,73.95563,4.5965881,301.481
2023-09-16 18:00:00,25.263,211.87468751556833,0.3171779811001162,472.93323,61.89879,4.0853395,183.541
2023-09-16 18:30:00,24.188,104.65303333513828,0.19510373677234227,323.17759,41.738322,3.2520082500000003,83.44000000000001
2023-09-16 19:00:00,23.113,33.44938638032001,0.06988914055697559,173.42195,21.577854,2.418677,21.097
2023-09-16 19:30:00,22.013,0.0,0.0,86.710975,10.788927,2.2401149,0.485
2023-09-16 20:00:00,20.913,0.0,0.0,0.0,0.0,2.0615528,0.0
2023-09-16 20:30:00,20.463,0.0,0.0,0.0,0.0,2.02701935,0.0
2023-09-16 21:00:00,20.013,0.0,0.0,0.0,0.0,1.9924859,0.0
2023-09-16 21:30:00,19.713,0.0,0.0,0.0,0.0,2.05572395,0.0
2023-09-16 22:00:00,19.413,0.0,0.0,0.0,0.0,2.118962,0.0
2023-09-16 22:30:00,19.213,0.0,0.0,0.0,0.0,2.0251414,0.0
2023-09-16 23:00:00,19.013,0.0,0.0,0.0,0.0,1.9313208,0.0
2023-09-16 23:30:00,18.938,0.0,0.0,0.0,0.0,1.9854643,0.0
2023-09-17 00:00:00,18.863,0.0,0.0,0.0,0.0,2.0396078,0.0
2023-09-17 00:30:00,18.863,0.0,0.0,0.0,0.0,2.2218854,0.0
2023-09-17 01:00:00,18.863,0.0,0.0,0.0,0.0,2.404163,0.0
2023-09-17 01:30:00,18.888,0.0,0.0,0.0,0.0,2.5306145,0.0
2023-09-17 02:00:00,18.913,0.0,0.0,0.0,0.0,2.657066,0.0
2023-09-17 02:30:00,19.138,0.0,0.0,0.0,0.0,2.7603151500000003,0.0
2023-09-17 03:00:00,19.363,0.0,0.0,0.0,0.0,2.8635643,0.0
2023-09-17 03:30:00,19.2880005,0.0,0.0,0.0,0.0,2.60864235,0.0
2023-09-17 04:00:00,19.213001,0.0,0.0,0.0,0.0,2.3537204,0.0
2023-09-17 04:30:00,19.1880005,0.0,0.0,0.0,0.0,2.4137919,0.0
2023-09-17 05:00:00,19.163,0.0,0.0,0.0,0.0,2.4738634,0.0
2023-09-17 05:30:00,19.0630005,0.0,0.0,0.0,0.0,2.5224277,0.0
2023-09-17 06:00:00,18.963001,0.0,0.0,0.0,0.0,2.570992,0.0
2023-09-17 06:30:00,18.9380005,0.0,0.0,0.0,0.0,2.7560401,0.0
2023-09-17 07:00:00,18.913,0.0,0.0,0.0,0.0,2.9410882,1.396
2023-09-17 07:30:00,19.5630005,36.7391114867558,0.07942966126849323,127.63372,27.0249575,3.03659,35.134
2023-09-17 08:00:00,20.213001,105.38239158560182,0.2044129674515702,255.26744,54.049915,3.1320918,125.489
2023-09-17 08:30:00,21.6380015,235.9964120752855,0.32608261235861025,496.57032,74.7760625,3.2763089,241.277
2023-09-17 09:00:00,23.063002,421.34639209069786,0.4423549723072544,737.8732,95.50221,3.420526,364.129
2023-09-17 09:30:00,23.8880015,537.3717843711403,0.5512387413232452,785.6089,104.37027,4.2778495,478.775
2023-09-17 10:00:00,24.713001,656.0811338568266,0.6508690410541536,833.3446,113.23833,5.135173,582.899
2023-09-17 10:30:00,25.1880005,734.8323774424057,0.7395393661656697,810.5865,135.028735,5.3893767,679.7669999999999
2023-09-17 11:00:00,25.663,799.7164607789688,0.8157308012077555,787.8284,156.81914,5.6435804,756.2
2023-09-17 11:30:00,25.9380005,837.314366352501,0.8781380481039244,733.12163,194.09659,5.7987854500000005,815.672
2023-09-17 12:00:00,26.213001,858.0072366333727,0.9256917915138981,678.41486,231.37404,5.9539905,868.1510000000001
2023-09-17 12:30:00,26.4130005,902.1656879983095,0.9575770118033817,723.83011,209.462455,6.10948625,914.716
2023-09-17 13:00:00,26.613,936.7467644207021,0.9732469565869484,769.24536,187.55087,6.264982,586.936
2023-09-17 13:30:00,26.588001,944.2227183238617,0.9724325104993978,806.16858,158.82797,6.5621413,799.114
2023-09-17 14:00:00,26.563002,937.751746180973,0.9551468069498354,843.0918,130.10507,6.8593006,868.054
2023-09-17 14:30:00,26.588001,885.6011059322207,0.9216850089446157,819.355225,128.27889,6.6273058,785.4110000000001
2023-09-17 15:00:00,26.613,822.6242013770561,0.8726192513509884,795.61865,126.45271,6.395311,802.2919999999999
2023-09-17 15:30:00,26.063,695.8609082707704,0.808788846303631,687.401625,139.14037000000002,6.603532850000001,728.7919999999999
2023-09-17 16:00:00,25.513,574.9937665828398,0.7312859063525747,579.1846,151.82803,6.8117547,443.55
2023-09-17 16:30:00,24.888,463.58574147586774,0.6414366314774018,489.37433,150.72739,6.6074395,513.486
2023-09-17 17:00:00,24.263,363.99770261900085,0.5407786041293919,399.56406,149.62675,6.4031243,253.272
2023-09-17 17:30:00,23.563,255.83864354845002,0.4310344503666518,286.728145,134.19523999999998,5.913111649999999,298.928
2023-09-17 18:00:00,22.863,171.1923389791207,0.314082329288653,173.89223,118.76373,5.423099,94.265
2023-09-17 18:30:00,22.113,95.33673644655727,0.19192378414352532,123.43182000000002,73.00011699999999,5.080621,144.03900000000002
2023-09-17 19:00:00,21.363,31.58211181234864,0.06664946190571856,72.97141,27.236504,4.738143,24.295
2023-09-17 19:30:00,20.763,0.0,0.0,36.485705,13.618251999999998,4.6212925,0.871
2023-09-17 20:00:00,20.163,0.0,0.0,0.0,0.0,4.504442,0.0
2023-09-17 20:30:00,19.963,0.0,0.0,0.0,0.0,4.6543035,0.0
2023-09-17 21:00:00,19.763,0.0,0.0,0.0,0.0,4.804165,0.0
2023-09-17 21:30:00,19.763,0.0,0.0,0.0,0.0,4.9025825,0.0
2023-09-17 22:00:00,19.763,0.0,0.0,0.0,0.0,5.001,0.0
2023-09-17 22:30:00,19.7380005,0.0,0.0,0.0,0.0,4.9025825,0.0
2023-09-17 23:00:00,19.713001,0.0,0.0,0.0,0.0,4.804165,0.0
2023-09-17 23:30:00,19.7630015,0.0,0.0,0.0,0.0,4.8020825,0.0
2023-09-18 00:00:00,19.813002,0.0,0.0,0.0,0.0,4.8,0.0
2023-09-18 00:30:00,19.788001,0.0,0.0,0.0,0.0,4.55058135,0.0
2023-09-18 01:00:00,19.763,0.0,0.0,0.0,0.0,4.3011627,0.0
2023-09-18 01:30:00,19.763,0.0,0.0,0.0,0.0,4.05649315,0.0
2023-09-18 02:00:00,19.763,0.0,0.0,0.0,0.0,3.8118236,0.0
2023-09-18 02:30:00,19.588,0.0,0.0,0.0,0.0,3.7396238,0.0
2023-09-18 03:00:00,19.413,0.0,0.0,0.0,0.0,3.667424,0.0
2023-09-18 03:30:00,19.238001,0.0,0.0,0.0,0.0,3.44771325,0.0
2023-09-18 04:00:00,19.063002,0.0,0.0,0.0,0.0,3.2280025,0.0
2023-09-18 04:30:00,18.988001,0.0,0.0,0.0,0.0,3.24265095,0.0
2023-09-18 05:00:00,18.913,0.0,0.0,0.0,0.0,3.2572994,0.0
2023-09-18 05:30:00,18.863001,0.0,0.0,0.0,0.0,3.3643052,0.0
2023-09-18 06:00:00,18.813002,0.0,0.0,0.0,0.0,3.471311,0.0
2023-09-18 06:30:00,18.813002,0.0,0.0,0.0,0.0,3.77526325,0.0
2023-09-18 07:00:00,18.813002,0.0,0.0,0.0,0.0,4.0792155,0.26
2023-09-18 07:30:00,19.238001,33.332720776600745,0.07918417221520715,111.668695,24.890065,4.21791005,15.076
2023-09-18 08:00:00,19.663,94.5799637629041,0.204172299862363,223.33739,49.78013,4.3566046,60.617
2023-09-18 08:30:00,20.613001,212.84198034501372,0.3258205212496691,416.33053,78.14148,4.759484049999999,54.59
2023-09-18 09:00:00,21.563002,374.75408325093395,0.44204558532209176,609.32367,106.50283,5.1623635,245.194
2023-09-18 09:30:00,22.213001,480.3866278192119,0.5508570055961737,655.7761849999999,119.945675,5.99914905,192.805
2023-09-18 10:00:00,22.863,589.6135354127797,0.6503911558873905,702.2287,133.38852,6.8359346,642.623
2023-09-18 10:30:00,23.1630005,638.951747116741,0.738943194058947,635.5773300000001,170.53216,6.8359346,682.5690000000001
2023-09-18 11:00:00,23.463001,669.3747340740705,0.8149962500680816,568.92596,207.6758,6.8359346,400.809
2023-09-18 11:30:00,23.7630015,752.7976763451109,0.8772474181268505,621.5870649999999,208.96476,6.831177,884.771
2023-09-18 12:00:00,24.063002,832.7519865561529,0.9246300806396136,674.24817,210.25372,6.8264194,219.518
2023-09-18 12:30:00,24.313002,886.049862846983,0.9563321745498099,733.263285,184.62331,6.96883895,301.926
2023-09-18 13:00:00,24.563002,930.23549562466,0.9718101117130152,792.2784,158.9929,7.1112585,961.791
2023-09-18 13:30:00,24.5130015,915.0908392196404,0.9707980939540963,779.2121,157.34145999999998,7.2569804,382.978
2023-09-18 14:00:00,24.463001,887.3515965640233,0.953312667470775,766.1458,155.69002,7.4027023,718.437
2023-09-18 14:30:00,24.2630015,837.2352690757872,0.9196524446364878,742.41975,153.39476000000002,7.46764915,982.363
2023-09-18 15:00:00,24.063002,777.5051177955393,0.8703929866176334,718.6937,151.0995,7.532596,787.213
2023-09-18 15:30:00,23.613001,688.1407180719624,0.8063769495849729,670.15462,147.310225,7.59285,718.315
2023-09-18 16:00:00,23.163,596.4988243737022,0.7286996500615033,621.61554,143.52095,7.653104,655.159
2023-09-18 16:30:00,22.638,496.1009866078877,0.6386902965839037,575.64552,128.620685,7.597825,644.0129999999999
2023-09-18 17:00:00,22.113,398.26250784122624,0.5378892327856426,529.6755,113.72042,7.542546,176.41400000000002
2023-09-18 17:30:00,21.563,288.26465849825433,0.4280215509247775,452.95475,94.901125,7.2009233,322.102
2023-09-18 18:00:00,21.013,192.42132923702619,0.31096753868305843,376.234,76.08183,6.8593006,179.709
2023-09-18 18:30:00,20.388,95.08294612889301,0.18873049366782627,249.17782,48.5393765,6.08718655,54.354
2023-09-18 19:00:00,19.763,28.42902463363439,0.06340241273650002,122.12164,20.996923,5.3150725,27.012
2023-09-18 19:30:00,19.263,0.0,0.0,61.06081999999999,10.4984615,5.26617575,0.093
2023-09-18 20:00:00,18.763,0.0,0.0,0.0,0.0,5.217279,0.0
2023-09-18 20:30:00,18.513,0.0,0.0,0.0,0.0,5.14043715,0.0
2023-09-18 21:00:00,18.263,0.0,0.0,0.0,0.0,5.0635953,0.0
2023-09-18 21:30:00,18.263,0.0,0.0,0.0,0.0,5.10570505,0.0
2023-09-18 22:00:00,18.263,0.0,0.0,0.0,0.0,5.1478148,0.0
2023-09-18 22:30:00,18.3630005,0.0,0.0,0.0,0.0,5.15508915,0.0
2023-09-18 23:00:00,18.463001,0.0,0.0,0.0,0.0,5.1623635,0.0
2023-09-18 23:30:00,18.5130015,0.0,0.0,0.0,0.0,5.0991175,0.0
2023-09-19 00:00:00,18.563002,0.0,0.0,0.0,0.0,5.0358715,0.0
2023-09-19 00:30:00,18.488001,0.0,0.0,0.0,0.0,5.03040455,0.0
2023-09-19 01:00:00,18.413,0.0,0.0,0.0,0.0,5.0249376,0.0
2023-09-19 01:30:00,18.4380005,0.0,0.0,0.0,0.0,5.1359205,0.0
2023-09-19 02:00:00,18.463001,0.0,0.0,0.0,0.0,5.2469034,0.0
2023-09-19 02:30:00,18.588001,0.0,0.0,0.0,0.0,5.0754914,0.0
2023-09-19 03:00:00,18.713001,0.0,0.0,0.0,0.0,4.9040794,0.0
2023-09-19 03:30:00,18.6630005,0.0,0.0,0.0,0.0,4.9520397,0.0
2023-09-19 04:00:00,18.613,0.0,0.0,0.0,0.0,5.0,0.0
2023-09-19 04:30:00,18.563,0.0,0.0,0.0,0.0,5.0622255,0.0
2023-09-19 05:00:00,18.513,0.0,0.0,0.0,0.0,5.124451,0.0
2023-09-19 05:30:00,18.388,0.0,0.0,0.0,0.0,5.139530349999999,0.0
2023-09-19 06:00:00,18.263,0.0,0.0,0.0,0.0,5.1546097,0.0
2023-09-19 06:30:00,18.088,0.0,0.0,0.0,0.0,5.1546097,0.0
2023-09-19 07:00:00,17.913,0.0,0.0,0.0,0.0,5.1546097,0.131
2023-09-19 07:30:00,18.138,33.09105374224038,0.07893202212670522,95.50621,26.00175,5.04712275,8.291
2023-09-19 08:00:00,18.363,90.05617168576254,0.20391899523181417,191.01242,52.0035,4.9396358,28.482
2023-09-19 08:30:00,19.063,208.23282863781492,0.32553997333761114,398.927625,79.375373,5.3818617,224.021
2023-09-19 09:00:00,19.763,373.6766381695971,0.4417121788005727,606.84283,106.747246,5.8240876,174.257
2023-09-19 09:30:00,20.438,478.2085493982895,0.550446041047746,646.83923,123.070448,6.1500988,111.015
2023-09-19 10:00:00,21.113,585.0503847775373,0.6498792763815916,686.83563,139.39365,6.47611,719.433
2023-09-19 10:30:00,21.5380005,669.1558700457317,0.7383087885358512,710.574795,144.83402999999998,6.552417500000001,301.294
2023-09-19 11:00:00,21.963001,748.2673505191283,0.8142198265014996,734.31396,150.27441,6.628725,789.468
2023-09-19 11:30:00,22.4130005,809.3511633940859,0.8763119400309007,738.17443,162.30666,6.6598818,283.978
2023-09-19 12:00:00,22.863,859.8708343256185,0.923521261084559,742.0349,174.33891,6.6910386,251.156
2023-09-19 12:30:00,23.113,892.7644426105919,0.9550387226362655,760.06,166.14736,6.73262715,1004.971
2023-09-19 13:00:00,23.363,914.164184402435,0.9703239272207562,778.0851,157.95581,6.7742157,827.508
2023-09-19 13:30:00,23.5380005,915.8718494924203,0.969114406777478,786.85595,151.876075,6.8663320500000005,1025.317
2023-09-19 14:00:00,23.713001,904.4505315227542,0.9514301195027007,795.6268,145.79634,6.9584484,252.925
2023-09-19 14:30:00,23.3880015,850.495051526984,0.9175731126351274,772.79103,139.862045,6.685858,285.141
2023-09-19 15:00:00,23.063002,786.3912507611187,0.8681223456630811,749.95526,133.92775,6.4132676,874.488
2023-09-19 15:30:00,22.938002,708.6810824043243,0.8039237778463475,725.026,124.593615,6.2872181000000005,650.653
2023-09-19 16:00:00,22.813002,624.6159056788279,0.7260758764444242,700.09674,115.25948,6.1611686,762.6490000000001
2023-09-19 16:30:00,22.538001,523.078218188737,0.6359107939497749,660.75267,102.104135,5.979290949999999,521.5500000000001
2023-09-19 17:00:00,22.263,421.94030318479264,0.5349715603598496,621.4086,88.94879,5.7974133,409.0369999999999
2023-09-19 17:30:00,21.688,304.73793693434,0.42498565029206126,540.103575,74.973737,5.60286995,294.471
2023-09-19 18:00:00,21.113,202.13339094922378,0.30783538874565086,458.79855,60.998684,5.4083266,181.772
2023-09-19 18:30:00,20.388,94.26795272738329,0.1855257304401292,295.75515,39.563364,4.8065428,82.706
2023-09-19 19:00:00,19.663,25.87916526075038,0.06014992063910421,132.71175,18.128044,4.204759,17.901
2023-09-19 19:30:00,18.913,0.0,0.0,66.355875,9.064022,3.9584506,0.0
2023-09-19 20:00:00,18.163,0.0,0.0,0.0,0.0,3.7121422,0.0
2023-09-19 20:30:00,17.788,0.0,0.0,0.0,0.0,3.5560711,0.0
2023-09-19 21:00:00,17.413,0.0,0.0,0.0,0.0,3.4,0.0
2023-09-19 21:30:00,17.262999999999998,0.0,0.0,0.0,0.0,3.3552945,0.0
2023-09-19 22:00:00,17.113,0.0,0.0,0.0,0.0,3.310589,0.0
2023-09-19 22:30:00,16.963001,0.0,0.0,0.0,0.0,3.4670617,0.0
2023-09-19 23:00:00,16.813002,0.0,0.0,0.0,0.0,3.6235344,0.0
2023-09-19 23:30:00,16.688002,0.0,0.0,0.0,0.0,3.5610528,0.0
2023-09-20 00:00:00,16.563002,0.0,0.0,0.0,0.0,3.4985712,0.0
2023-09-20 00:30:00,16.438002,0.0,0.0,0.0,0.0,3.45589045,0.0
2023-09-20 01:00:00,16.313002,0.0,0.0,0.0,0.0,3.4132097,0.0
2023-09-20 01:30:00,16.088001,0.0,0.0,0.0,0.0,3.36265445,0.0
2023-09-20 02:00:00,15.863,0.0,0.0,0.0,0.0,3.3120992,0.0
2023-09-20 02:30:00,15.7130005,0.0,0.0,0.0,0.0,3.1137875,0.0
2023-09-20 03:00:00,15.563001,0.0,0.0,0.0,0.0,2.9154758,0.0
2023-09-20 03:30:00,15.5380005,0.0,0.0,0.0,0.0,2.7107344,0.0
2023-09-20 04:00:00,15.513,0.0,0.0,0.0,0.0,2.505993,0.0
2023-09-20 04:30:00,15.438,0.0,0.0,0.0,0.0,2.55010875,0.0
2023-09-20 05:00:00,15.363,0.0,0.0,0.0,0.0,2.5942245,0.0
2023-09-20 05:30:00,15.313,0.0,0.0,0.0,0.0,2.6180967500000003,0.0
2023-09-20 06:00:00,15.263,0.0,0.0,0.0,0.0,2.641969,0.0
2023-09-20 06:30:00,15.213,0.0,0.0,0.0,0.0,2.8050667,0.0
2023-09-20 07:00:00,15.163,0.0,0.0,0.0,0.0,2.9681644,1.031
2023-09-20 07:30:00,15.763,34.34784071376333,0.07867229747518577,124.366785,24.947933,3.1759746,37.702
2023-09-20 08:00:00,16.363,99.78236144639067,0.20365213038983418,248.73357,49.895866,3.3837848,135.811
2023-09-20 08:30:00,17.9130005,237.5688628630695,0.32524006096022307,503.894035,74.38315800000001,3.3948309,255.422
2023-09-20 09:00:00,19.463001,433.24908531342993,0.44135388555828103,759.0545,98.87045,3.405877,382.345
2023-09-20 09:30:00,20.838001,553.5115333789792,0.5500050451939854,814.47825,105.589085,3.8737678,487.6840000000001
2023-09-20 10:00:00,22.213001,677.707144845414,0.6493326879084352,869.902,112.30772,4.3416586,596.767
2023-09-20 10:30:00,23.1380015,775.3979170693161,0.7376355444590338,892.6731,115.838003,4.74230745,689.657
2023-09-20 11:00:00,24.063002,865.6329546002452,0.8134010546082111,915.4442,119.368286,5.1429563,766.701
2023-09-20 11:30:00,24.6380015,928.4947503210273,0.8753312846618166,919.625815,121.498008,5.232775,821.336
2023-09-20 12:00:00,25.213001,978.1131246404534,0.9223651654197176,923.80743,123.62773,5.3225937,865.0959999999999
2023-09-20 12:30:00,25.6630005,999.5673136047205,0.9536966625482829,915.93234,123.460425,5.03669135,884.674
2023-09-20 13:00:00,26.113,1005.7815693014094,0.9687885926802365,908.05725,123.29312,4.750789,898.8340000000001
2023-09-20 13:30:00,26.2880005,989.6297509010817,0.9673818276394615,894.809145,121.229152,4.914095,887.697
2023-09-20 14:00:00,26.463001,958.9911982357708,0.9494997335540586,881.56104,119.165184,5.077401,871.6279999999999
2023-09-20 14:30:00,26.463001,904.9381753736401,0.9154477746999455,858.915105,116.069797,4.9661478,837.0619999999999
2023-09-20 15:00:00,26.463001,839.3920517473667,0.8658082776159961,836.26917,112.97441,4.8548946,789.2339999999999
2023-09-20 15:30:00,26.0130015,747.7096093050192,0.8014304604312407,796.6433850000001,107.2643275,4.7296203,721.7460000000001
2023-09-20 16:00:00,25.563002,650.8059437936223,0.7234158847958048,757.0176,101.554245,4.604346,644.596
2023-09-20 16:30:00,25.213001,540.3278758948303,0.6330995796108988,704.60722,93.0555025,4.576485999999999,540.712
2023-09-20 17:00:00,24.863,432.3017433429592,0.5320271836682506,652.19684,84.55676,4.548626,430.462
2023-09-20 17:30:00,24.063,309.4841023853286,0.4219284677282506,561.42923,72.252171,4.4794207,312.319
2023-09-20 18:00:00,23.263,203.2917666814089,0.3046877006344418,470.66162,59.947582,4.4102154,189.743
2023-09-20 18:30:00,22.063,92.7510413383319,0.18231139523752166,299.960435,38.1940315,3.88513755,76.52199999999999
2023-09-20 19:00:00,20.863,23.596780241797713,0.056893942318783745,129.25925,16.440481,3.3600597,13.023
2023-09-20 19:30:00,19.738,0.0,0.0,64.629625,8.2202405,3.24527735,0.0
2023-09-20 20:00:00,18.613,0.0,0.0,0.0,0.0,3.130495,0.0
2023-09-20 20:30:00,18.113,0.0,0.0,0.0,0.0,2.9115387,0.0
2023-09-20 21:00:00,17.613,0.0,0.0,0.0,0.0,2.6925824,0.0
2023-09-20 21:30:00,17.387999999999998,0.0,0.0,0.0,0.0,2.56694675,0.0
2023-09-20 22:00:00,17.163,0.0,0.0,0.0,0.0,2.4413111,0.0
2023-09-20 22:30:00,17.137999999999998,0.0,0.0,0.0,0.0,2.47365205,0.0
2023-09-20 23:00:00,17.113,0.0,0.0,0.0,0.0,2.505993,0.0
2023-09-20 23:30:00,17.063000000000002,0.0,0.0,0.0,0.0,2.50699015,0.0
2023-09-21 00:00:00,17.013,0.0,0.0,0.0,0.0,2.5079873,0.0
2023-09-21 00:30:00,16.9880005,0.0,0.0,0.0,0.0,2.64683235,0.0
2023-09-21 01:00:00,16.963001,0.0,0.0,0.0,0.0,2.7856774,0.0
2023-09-21 01:30:00,17.088001,0.0,0.0,0.0,0.0,2.80085155,0.0
2023-09-21 02:00:00,17.213001,0.0,0.0,0.0,0.0,2.8160257,0.0
2023-09-21 02:30:00,16.9880005,0.0,0.0,0.0,0.0,2.83103785,0.0
2023-09-21 03:00:00,16.763,0.0,0.0,0.0,0.0,2.84605,0.0
2023-09-21 03:30:00,16.663001,0.0,0.0,0.0,0.0,2.6977799,0.0
2023-09-21 04:00:00,16.563002,0.0,0.0,0.0,0.0,2.5495098,0.0
2023-09-21 04:30:00,16.563002,0.0,0.0,0.0,0.0,2.4840934,0.0
2023-09-21 05:00:00,16.563002,0.0,0.0,0.0,0.0,2.418677,0.0
2023-09-21 05:30:00,16.563002,0.0,0.0,0.0,0.0,2.2389015,0.0
2023-09-21 06:00:00,16.563002,0.0,0.0,0.0,0.0,2.059126,0.0
2023-09-21 06:30:00,16.563002,0.0,0.0,0.0,0.0,2.08431415,0.0
2023-09-21 07:00:00,16.563002,0.0,0.0,0.0,0.0,2.1095023,0.451
2023-09-21 07:30:00,17.1380015,33.043430907462415,0.07840406254542796,108.081605,24.9787425,2.13641655,28.105
2023-09-21 08:00:00,17.713001,93.10006586491653,0.20337076733294338,216.16321,49.957485,2.1633308,120.709
2023-09-21 08:30:00,19.213001,223.86715964645703,0.32491986936504685,470.15277,71.8164425,2.3544576,239.99
2023-09-21 09:00:00,20.713001,412.3965048952591,0.44096983917573107,724.14233,93.6754,2.5455844,353.048
2023-09-21 09:30:00,21.9880005,528.8521164795543,0.5495332243070341,777.176845,101.851025,3.0341837,472.84
2023-09-21 10:00:00,23.263,649.0638545845966,0.6487506924737142,830.21136,110.02665,3.522783,568.333
2023-09-21 10:30:00,24.188,742.5653591534112,0.7369228810088851,852.19348,113.6084,4.19911585,663.6070000000001
2023-09-21 11:00:00,25.113,828.9675058188,0.8125394901369992,874.1756,117.19015,4.8754487,734.7900000000001
2023-09-21 11:30:00,25.763,890.4329094223449,0.8743051614237439,880.41278,118.826695,5.1589372,789.925
2023-09-21 12:00:00,26.413,939.4495927106539,0.9211616711124792,886.64996,120.46324,5.4424257,839.977
2023-09-21 12:30:00,26.9380005,962.9010274735448,0.9523060513450652,881.6786500000001,120.852092,5.64738775,821.127
2023-09-21 13:00:00,27.463001,971.7997493066431,0.9672043531633829,876.70734,121.240944,5.8523498,858.1659999999999
2023-09-21 13:30:00,27.5630005,955.7145856798528,0.9656007947878845,863.1179500000001,119.693952,5.9465224,861.5139999999999
2023-09-21 14:00:00,27.663,925.676942322472,0.9475221428723932,849.52856,118.14696,6.040695,848.6080000000001
2023-09-21 14:30:00,27.913,872.399974164979,0.9132772575234016,826.65353,115.05741,5.70362915,801.5889999999999
2023-09-21 15:00:00,28.163,808.1663807825942,0.8634517976948722,803.7785,111.96786,5.3665633,758.343
2023-09-21 15:30:00,27.463,723.2989880084777,0.7988981929252674,770.6094,105.808412,5.43373615,647.387
2023-09-21 16:00:00,26.763,632.6674115475447,0.7207210397399555,737.4403,99.648964,5.500909,518.922
2023-09-21 16:30:00,26.313,522.6777053209543,0.6302581729827137,682.23505,91.600982,5.1886917,338.033
2023-09-21 17:00:00,25.863,415.94328796784276,0.5290577599770776,627.0298,83.553,4.8764744,166.04000000000002
2023-09-21 17:30:00,25.088001,295.93499881648137,0.4188517789726027,536.70391,70.8600285,4.4212904,226.168
2023-09-21 18:00:00,24.313002,192.65764995189537,0.30152634717543597,446.37802,58.167057,3.9661064,96.433
2023-09-21 18:30:00,23.0130015,84.95797054421527,0.1790894348362104,265.3893,37.617713,3.5386882,61.656
2023-09-21 19:00:00,21.713001,21.32313499128166,0.0536364740846304,84.40058,17.068369,3.11127,14.897
2023-09-21 19:30:00,20.6880005,0.0,0.0,42.20029,8.5341845,2.6958105000000003,0.0
2023-09-21 20:00:00,19.663,0.0,0.0,0.0,0.0,2.280351,0.0
2023-09-21 20:30:00,19.4380005,0.0,0.0,0.0,0.0,2.12632965,0.0
2023-09-21 21:00:00,19.213001,0.0,0.0,0.0,0.0,1.9723083,0.0
2023-09-21 21:30:00,19.1380015,0.0,0.0,0.0,0.0,1.92955225,0.0
2023-09-21 22:00:00,19.063002,0.0,0.0,0.0,0.0,1.8867962,0.0
2023-09-21 22:30:00,18.913001,0.0,0.0,0.0,0.0,1.77104535,0.0
2023-09-21 23:00:00,18.763,0.0,0.0,0.0,0.0,1.6552945,0.0
2023-09-21 23:30:00,18.588,0.0,0.0,0.0,0.0,1.7008597499999998,0.0
2023-09-22 00:00:00,18.413,0.0,0.0,0.0,0.0,1.746425,0.0
2023-09-22 00:30:00,18.413,0.0,0.0,0.0,0.0,1.8856353,0.0
2023-09-22 01:00:00,18.413,0.0,0.0,0.0,0.0,2.0248456,0.0
2023-09-22 01:30:00,18.463,0.0,0.0,0.0,0.0,2.0719038,0.0
2023-09-22 02:00:00,18.513,0.0,0.0,0.0,0.0,2.118962,0.0
2023-09-22 02:30:00,18.438,0.0,0.0,0.0,0.0,2.21382065,0.0
2023-09-22 03:00:00,18.363,0.0,0.0,0.0,0.0,2.3086793,0.0
2023-09-22 03:30:00,18.463001,0.0,0.0,0.0,0.0,2.29451515,0.0
2023-09-22 04:00:00,18.563002,0.0,0.0,0.0,0.0,2.280351,0.0
2023-09-22 04:30:00,18.463001,0.0,0.0,0.0,0.0,2.328662,0.0
2023-09-22 05:00:00,18.363,0.0,0.0,0.0,0.0,2.376973,0.0
2023-09-22 05:30:00,18.313,0.0,0.0,0.0,0.0,2.3165379,0.0
2023-09-22 06:00:00,18.263,0.0,0.0,0.0,0.0,2.2561028,0.0
2023-09-22 06:30:00,18.213,0.0,0.0,0.0,0.0,2.1478553,0.0
2023-09-22 07:00:00,18.163,0.0,0.0,0.0,0.0,2.0396078,0.0
2023-09-22 07:30:00,18.738001,31.58019613532665,0.07812634455183129,103.040015,23.923538,2.0505803,24.569
2023-09-22 08:00:00,19.313002,88.90959621589596,0.2030739386745741,206.08003,47.847076,2.0615528,116.364
2023-09-22 08:30:00,20.838001,218.53783453844892,0.3245784625954964,457.160895,70.875028,2.2656852,179.95499999999998
2023-09-22 09:00:00,22.363,405.26879066416944,0.4405591606807476,708.24176,93.90298,2.4698176,333.048
2023-09-22 09:30:00,23.588001,521.5652387090388,0.5490297809251026,764.4294150000001,102.00712,2.8727428,446.231
2023-09-22 10:00:00,24.813002,642.3637265928746,0.6481325973326629,820.61707,110.11126,3.275668,544.162
2023-09-22 10:30:00,25.588001,736.0246891909908,0.7361702315514501,843.441635,114.220065,3.8972587,629.505
2023-09-22 11:00:00,26.363,822.8127949063488,0.8116347118227508,866.2662,118.32887,4.5188494,702.8960000000001
2023-09-22 11:30:00,26.863,883.8131568737891,0.8732333111375724,872.7501,119.92716,4.7478982,758.118
2023-09-22 12:00:00,27.363,932.4930772517125,0.9199106950470393,879.234,121.52545,4.976947,795.523
2023-09-22 12:30:00,27.7880005,955.5761606849288,0.9508669928801061,874.8371850000001,121.375972,5.15399415,821.837
2023-09-22 13:00:00,28.213001,964.2408174213775,0.9655715071849647,870.44037,121.226494,5.3310413,835.478
2023-09-22 13:30:00,28.4130005,948.2586850411841,0.9637718057278819,857.108,119.669827,5.351130449999999,824.568
2023-09-22 14:00:00,28.613,918.424131353534,0.9454980448352506,843.77563,118.11316,5.3712196,805.04
2023-09-22 14:30:00,28.7880005,859.8895827977165,0.9110624557840489,808.0072299999999,121.65025,5.16855165,769.433
2023-09-22 15:00:00,28.963001,791.792467428374,0.8610539918744785,772.23883,125.18734,4.9658837,718.898
2023-09-22 15:30:00,28.463001,711.8740653432146,0.7963282432565899,750.3154,112.82403,4.83081315,649.408
2023-09-22 16:00:00,27.963001,624.8804762864171,0.7179927786918301,728.39197,100.46072,4.6957426,574.105
2023-09-22 16:30:00,27.5380005,516.0864391180348,0.6273881655008137,674.4400049999999,91.926175,4.3201796,486.882
2023-09-22 17:00:00,27.113,410.4182725817564,0.5260650166111291,620.48804,83.39163,3.9446166,325.885
2023-09-22 17:30:00,26.388,292.30920795362954,0.41575742672406185,534.32674,69.89225300000001,3.4723083,313.128
2023-09-22 18:00:00,25.663,190.0281952816425,0.2983532638997031,448.16544,56.392876,3.0,178.189
2023-09-22 18:30:00,24.463,78.9264144820288,0.175861853411011,237.698781,37.351048500000005,2.49247165,63.636
2023-09-22 19:00:00,23.263,19.303901528820816,0.050379563361060795,27.232122,18.309221,1.9849433,14.097
2023-09-22 19:30:00,22.188,0.0,0.0,13.616060999999998,9.1546105,1.89385945,0.0
2023-09-22 20:00:00,21.113,0.0,0.0,0.0,0.0,1.8027756,0.0
2023-09-22 20:30:00,20.638,0.0,0.0,0.0,0.0,1.5338433,0.0
2023-09-22 21:00:00,20.163,0.0,0.0,0.0,0.0,1.264911,0.0
2023-09-22 21:30:00,19.988001,0.0,0.0,0.0,0.0,1.312529,0.0
2023-09-22 22:00:00,19.813002,0.0,0.0,0.0,0.0,1.360147,0.0
2023-09-22 22:30:00,19.713001,0.0,0.0,0.0,0.0,1.4367108,0.0
2023-09-22 23:00:00,19.613,0.0,0.0,0.0,0.0,1.5132746,0.0
2023-09-22 23:30:00,19.563,0.0,0.0,0.0,0.0,1.64263955,0.0
2023-09-23 00:00:00,19.513,0.0,0.0,0.0,0.0,1.7720045,0.0
2023-09-23 00:30:00,19.388,0.0,0.0,0.0,0.0,1.7720045,0.0
2023-09-23 01:00:00,19.263,0.0,0.0,0.0,0.0,1.7720045,0.0
2023-09-23 01:30:00,19.2380005,0.0,0.0,0.0,0.0,1.8079567,0.0
2023-09-23 02:00:00,19.213001,0.0,0.0,0.0,0.0,1.8439089,0.0
2023-09-23 02:30:00,18.7880005,0.0,0.0,0.0,0.0,1.8732693,0.0
2023-09-23 03:00:00,18.363,0.0,0.0,0.0,0.0,1.9026297,0.0
2023-09-23 03:30:00,18.588001,0.0,0.0,0.0,0.0,1.85270265,0.0
2023-09-23 04:00:00,18.813002,0.0,0.0,0.0,0.0,1.8027756,0.0
2023-09-23 04:30:00,18.838001,0.0,0.0,0.0,0.0,1.7746003,0.0
2023-09-23 05:00:00,18.863,0.0,0.0,0.0,0.0,1.746425,0.0
2023-09-23 05:30:00,18.763,0.0,0.0,0.0,0.0,1.68715355,0.0
2023-09-23 06:00:00,18.663,0.0,0.0,0.0,0.0,1.6278821,0.0
2023-09-23 06:30:00,18.5630005,0.0,0.0,0.0,0.0,1.61550205,0.0
2023-09-23 07:00:00,18.463001,0.0,0.0,0.0,0.0,1.603122,0.0
2023-09-23 07:30:00,19.1880005,30.56884097353683,0.07783811838367952,103.69424999999998,22.8668615,1.603122,22.533
2023-09-23 08:00:00,19.913,87.04517480998553,0.20276063271264122,207.3885,45.733723,1.603122,106.511
2023-09-23 08:30:00,21.5630005,219.91510988205908,0.32421486913952907,464.73447,69.93463349999999,1.87160765,213.883
2023-09-23 09:00:00,23.213001,411.2903432103662,0.4401209448773668,722.08044,94.135544,2.1400933,329.51699999999994
2023-09-23 09:30:00,24.463001,528.2300103449318,0.5484939012002179,778.06017,101.573872,2.3603954,441.57
2023-09-23 10:00:00,25.713001,649.4721260412075,0.647477703470847,834.0399,109.0122,2.5806975,544.0450000000001
2023-09-23 10:30:00,26.6880005,743.5601727454927,0.7353770334250652,855.998465,113.13423,3.08269355,631.557
2023-09-23 11:00:00,27.663,830.4549821144683,0.8106863125474997,877.95703,117.25626,3.5846896,704.9870000000001
2023-09-23 11:30:00,28.3130005,891.2063362048486,0.8721154987745574,883.497895,118.865275,4.02225495,758.408
2023-09-23 12:00:00,28.963001,939.3628631851983,0.9186121878336415,889.03876,120.47429,4.4598203,797.626
2023-09-23 12:30:00,29.4880005,961.5966940717465,0.9493796337937479,883.593505,120.333815,4.71838365,0.0
2023-09-23 13:00:00,30.013,969.2196807742628,0.9638904044076029,878.14825,120.19334,4.976947,833.2760000000001
2023-09-23 13:30:00,30.213,952.4284671957016,0.9618954166294522,864.138525,118.644185,5.08847365,833.0400000000001
2023-09-23 14:00:00,30.413,921.6896376618816,0.9434282020363066,850.1288,117.09503,5.2000003,813.6210000000001
2023-09-23 14:30:00,30.913,867.2350507483482,0.908804334820668,826.74308,113.525235,5.1714783,772.477
2023-09-23 15:00:00,31.413,801.8960592757637,0.8586160210589804,803.35736,109.95544,5.1429563,720.4170000000001
2023-09-23 15:30:00,30.613001,716.7741978188301,0.7937219573113663,769.39933,104.256125,5.031153,654.9179999999999
2023-09-23 16:00:00,29.813002,626.0611588614589,0.7152326186892455,735.4413,98.55681,4.9193497,574.319
2023-09-23 16:30:00,29.213001,516.2391902822484,0.6244912285796053,679.4329,90.8919075,4.42944635,481.85
2023-09-23 17:00:00,28.613,409.9117141105297,0.5230507598483493,623.4245,83.227005,3.939543,375.797
2023-09-23 17:30:00,27.863,289.0150975179456,0.4126473302726833,528.48407,70.7232245,3.17807615,262.535
2023-09-23 18:00:00,27.113,186.01533350988646,0.29517045920851603,433.54364,58.219444,2.4166093,149.518
2023-09-23 18:30:00,25.6630005,79.66321080353687,0.17263072306203445,258.879865,35.138555,1.998874,61.628
2023-09-23 19:00:00,24.213001,15.86783697384216,0.0471253193211302,84.21609,12.057666,1.5811387,12.652
2023-09-23 19:30:00,23.0130015,0.0,0.0,42.108045,6.028832999999999,1.4090352,0.0
2023-09-23 20:00:00,21.813002,0.0,0.0,0.0,0.0,1.2369317,0.0
2023-09-23 20:30:00,21.313002,0.0,0.0,0.0,0.0,1.27038605,0.0
2023-09-23 21:00:00,20.813002,0.0,0.0,0.0,0.0,1.3038404,0.0
2023-09-23 21:30:00,20.6380015,0.0,0.0,0.0,0.0,1.30956745,0.0
2023-09-23 22:00:00,20.463001,0.0,0.0,0.0,0.0,1.3152945,0.0
2023-09-23 22:30:00,20.338001,0.0,0.0,0.0,0.0,1.4225002,0.0
2023-09-23 23:00:00,20.213001,0.0,0.0,0.0,0.0,1.5297059,0.0
2023-09-23 23:30:00,19.9880005,0.0,0.0,0.0,0.0,1.5214902499999998,0.0
2023-09-24 00:00:00,19.763,0.0,0.0,0.0,0.0,1.5132746,0.0
2023-09-24 00:30:00,19.463,0.0,0.0,0.0,0.0,1.5132746,0.0
2023-09-24 01:00:00,19.163,0.0,0.0,0.0,0.0,1.5132746,0.0
2023-09-24 01:30:00,19.0630005,0.0,0.0,0.0,0.0,1.6066373,0.0
2023-09-24 02:00:00,18.963001,0.0,0.0,0.0,0.0,1.7,0.0
2023-09-24 02:30:00,18.8630005,0.0,0.0,0.0,0.0,1.71313385,0.0
2023-09-24 03:00:00,18.763,0.0,0.0,0.0,0.0,1.7262677,0.0
2023-09-24 03:30:00,18.963,0.0,0.0,0.0,0.0,1.5631338499999998,0.0
2023-09-24 04:00:00,19.163,0.0,0.0,0.0,0.0,1.4,0.0
2023-09-24 04:30:00,18.888,0.0,0.0,0.0,0.0,1.5558621499999998,0.0
2023-09-24 05:00:00,18.613,0.0,0.0,0.0,0.0,1.7117243,0.0
2023-09-24 05:30:00,18.438,0.0,0.0,0.0,0.0,1.807177,0.0
2023-09-24 06:00:00,18.263,0.0,0.0,0.0,0.0,1.9026297,0.0
2023-09-24 06:30:00,18.438,0.0,0.0,0.0,0.0,1.95256405,0.0
2023-09-24 07:00:00,18.613,0.0,0.0,0.0,0.0,2.0024984,0.0
2023-09-24 07:30:00,19.463001,30.163111760309356,0.07753829320701992,98.5602,22.899048,1.9012492,20.165000000000003
2023-09-24 08:00:00,20.313002,84.94488341045488,0.20242978028718095,197.1204,45.798096,1.8,103.434
2023-09-24 08:30:00,22.288001,217.3756692657961,0.32382806926423696,459.106,69.40201300000001,1.50207975,212.433
2023-09-24 09:00:00,24.263,409.39766065428864,0.43965424837327705,721.0916,93.00593,1.2041595,327.40200000000004
2023-09-24 09:30:00,25.763,526.4823462164453,0.5479247437240209,776.64705,101.05223,1.13358705,437.662
2023-09-24 10:00:00,27.263,647.766085266455,0.6467852953483113,832.2025,109.09853,1.0630146,532.9499999999999
2023-09-24 10:30:00,28.388,741.4126116378648,0.7345427187590463,854.7362,112.641055,1.51639305,616.567
2023-09-24 11:00:00,29.513,827.9550525264898,0.8096938913607595,877.2699,116.18358,1.9697715,683.335
2023-09-24 11:30:00,30.263,889.2675662273996,0.8709515066979974,883.0785000000001,118.33185,2.5541213,741.5939999999999
2023-09-24 12:00:00,31.013,938.0090876290934,0.9172661284108352,888.8871,120.48012,3.1384711,776.838
2023-09-24 12:30:00,31.563,960.828570066592,0.9478441594538729,884.2399,120.329475,3.58480005,803.64
2023-09-24 13:00:00,32.113,969.0610132047418,0.9621614429399762,879.5927,120.17883,4.031129,809.3950000000001
2023-09-24 13:30:00,32.488,952.1845924503582,0.9599722409740076,865.65728,118.61986,4.011811,803.672
2023-09-24 14:00:00,32.863,921.3416709914882,0.9413134422288656,851.72186,117.06089,3.992493,787.3340000000001
2023-09-24 14:30:00,33.388,864.969664855303,0.906503931859225,825.91516,113.952705,3.7203405,748.011
2023-09-24 15:00:00,33.913,797.9483703714636,0.8561391234864029,800.10846,110.84452,3.448188,702.9950000000001
2023-09-24 15:30:00,32.738001,691.8037666836684,0.7910807623934963,730.70678,112.331315,3.29332955,643.005
2023-09-24 16:00:00,31.563002,585.7087998490207,0.7124421608599198,661.3051,113.81811,3.1384711,565.408
2023-09-24 16:30:00,30.563002,476.95308607762036,0.6215691188803505,602.213,102.21412,3.09239015,473.391
2023-09-24 17:00:00,29.563002,373.1370355101053,0.5200168808616732,543.1209,90.61013,3.0463092,367.454
2023-09-24 17:30:00,28.6380015,263.0340388055736,0.40952349190438275,457.055,76.024572,2.6633301,256.165
2023-09-24 18:00:00,27.713001,169.33496453926176,0.2919800211762299,370.9891,61.439014,2.280351,96.3
2023-09-24 18:30:00,26.1880005,73.0253800030904,0.16939819073741097,219.962695,36.0505015,1.850809,49.604000000000006
2023-09-24 19:00:00,24.663,13.53927875235739,0.043875919878162147,68.93629,10.661989,1.421267,6.287
2023-09-24 19:30:00,23.713,0.0,0.0,34.468145,5.3309945,1.31890975,0.0
2023-09-24 20:00:00,22.763,0.0,0.0,0.0,0.0,1.2165525,0.0
2023-09-24 20:30:00,22.563,0.0,0.0,0.0,0.0,1.1467927,0.0
2023-09-24 21:00:00,22.363,0.0,0.0,0.0,0.0,1.0770329,0.0
2023-09-24 21:30:00,23.063,0.0,0.0,0.0,0.0,1.1086042,0.0
2023-09-24 22:00:00,23.763,0.0,0.0,0.0,0.0,1.1401755,0.0
2023-09-24 22:30:00,23.9880005,0.0,0.0,0.0,0.0,0.874225875,0.0
2023-09-24 23:00:00,24.213001,0.0,0.0,0.0,0.0,0.60827625,0.0
2023-09-24 23:30:00,24.0630005,0.0,0.0,0.0,0.0,0.4622520049999999,0.0
2023-09-25 00:00:00,23.913,0.0,0.0,0.0,0.0,0.31622776,0.0
2023-09-25 00:30:00,23.5630005,0.0,0.0,0.0,0.0,0.4273721099999999,0.0
2023-09-25 01:00:00,23.213001,0.0,0.0,0.0,0.0,0.53851646,0.0
2023-09-25 01:30:00,21.6380015,0.0,0.0,0.0,0.0,0.82827523,0.0
2023-09-25 02:00:00,20.063002,0.0,0.0,0.0,0.0,1.118034,0.0
2023-09-25 02:30:00,19.863001,0.0,0.0,0.0,0.0,0.91957215,0.0
2023-09-25 03:00:00,19.663,0.0,0.0,0.0,0.0,0.7211103,0.0
2023-09-25 03:30:00,19.288,0.0,0.0,0.0,0.0,0.62981338,0.0
2023-09-25 04:00:00,18.913,0.0,0.0,0.0,0.0,0.53851646,0.0
2023-09-25 04:30:00,18.788,0.0,0.0,0.0,0.0,0.730235455,0.0
2023-09-25 05:00:00,18.663,0.0,0.0,0.0,0.0,0.92195445,0.0
2023-09-25 05:30:00,18.713,0.0,0.0,0.0,0.0,0.8640901249999999,0.0
2023-09-25 06:00:00,18.763,0.0,0.0,0.0,0.0,0.8062258,0.0
2023-09-25 06:30:00,18.563,0.0,0.0,0.0,0.0,0.8774545300000001,0.0
2023-09-25 07:00:00,18.363,0.0,0.0,0.0,0.0,0.94868326,0.0
2023-09-25 07:30:00,18.688,28.837875905137885,0.07722570242202274,81.68889,22.9327735,0.98424358,17.467000000000002
2023-09-25 08:00:00,19.013,78.07420980215062,0.202080245015727,163.37778,45.865547,1.0198039,36.373000000000005
2023-09-25 08:30:00,20.8630005,210.5226999353087,0.3234169855298076,434.04076,70.9272335,1.40012665,246.217
2023-09-25 09:00:00,22.713001,404.71064523944614,0.4391580804594384,704.70374,95.98892,1.7804494,347.08900000000006
2023-09-25 09:30:00,24.5630005,523.0798699223085,0.5473214308754973,767.55107,103.181095,1.54214495,470.299
2023-09-25 10:00:00,26.413,647.2138700117902,0.6460546328852153,830.3984,110.37327,1.3038405,532.508
2023-09-25 10:30:00,27.513,741.7142632756951,0.7336667070710294,855.31773,113.29545,1.55330805,600.441
2023-09-25 11:00:00,28.613,829.4710064553217,0.8086570467646376,880.23706,116.21763,1.8027756,670.6059999999999
2023-09-25 11:30:00,29.313,887.7076973040337,0.869741128689797,880.161255,120.46565,1.9013878,714.272
2023-09-25 12:00:00,30.013,932.7754806788813,0.915872518786903,880.08545,124.71367,2.0,754.9879999999999
2023-09-25 12:30:00,30.263,954.4899219679238,0.9462607894577552,874.8209750000001,124.475705,2.0259142,782.2739999999999
2023-09-25 13:00:00,30.513,961.7419444982215,0.9603850655793574,869.5565,124.23774,2.0518284,798.303
2023-09-25 13:30:00,30.413001,945.2160780973569,0.958002946511489,857.18645,121.61557,1.8164836,789.77
2023-09-25 14:00:00,30.313002,914.8382538604734,0.939154655977288,844.8164,118.9934,1.5811388,766.736
2023-09-25 14:30:00,30.313002,862.2475310249156,0.9041623542663588,824.5818750000001,114.41585,1.3428374,733.752
2023-09-25 15:00:00,30.313002,798.5689807452026,0.8536246135710036,804.34735,109.8383,1.104536,688.4229999999999
2023-09-25 15:30:00,29.738001,705.4308834357779,0.7884061665772043,759.40164,105.004275,1.2041882,633.402
2023-09-25 16:00:00,29.163,608.4640350270273,0.7096230901880088,714.45593,100.17025,1.3038404,553.357
2023-09-25 16:30:00,28.538,500.13731486179654,0.6186236784348876,659.0681649999999,91.529465,1.4424896,462.531
2023-09-25 17:00:00,27.913,395.4565273926395,0.516965356154662,603.6804,82.88868,1.5811388,361.981
2023-09-25 17:30:00,26.963,275.9743237419066,0.4063879975990265,507.77027,69.48661849999999,1.6637819,247.636
2023-09-25 18:00:00,26.013,174.80915395832628,0.28878411833880757,411.86014,56.084557,1.746425,134.51000000000002
2023-09-25 18:30:00,24.763,71.45909778561602,0.16616647913665078,234.525425,32.66126225,1.5402957,60.017
2023-09-25 19:00:00,23.513,11.431045888358872,0.04063361247322446,57.19071,9.2379675,1.3341664,10.21
2023-09-25 19:30:00,22.513,0.0,0.0,28.595355,4.61898375,1.04787185,0.0
2023-09-25 20:00:00,21.513,0.0,0.0,0.0,0.0,0.7615773,0.0
2023-09-25 20:30:00,21.138,0.0,0.0,0.0,0.0,0.7009448650000001,0.0
2023-09-25 21:00:00,20.763,0.0,0.0,0.0,0.0,0.64031243,0.0
2023-09-25 21:30:00,20.388,0.0,0.0,0.0,0.0,0.723269115,0.0
2023-09-25 22:00:00,20.013,0.0,0.0,0.0,0.0,0.8062258,0.0
2023-09-25 22:30:00,19.688,0.0,0.0,0.0,0.0,0.9056067,0.0
2023-09-25 23:00:00,19.363,0.0,0.0,0.0,0.0,1.0049876,0.0
2023-09-25 23:30:00,18.988,0.0,0.0,0.0,0.0,1.154414,0.0
2023-09-26 00:00:00,18.613,0.0,0.0,0.0,0.0,1.3038404,0.0
2023-09-26 00:30:00,18.363,0.0,0.0,0.0,0.0,1.403585,0.0
2023-09-26 01:00:00,18.113,0.0,0.0,0.0,0.0,1.5033296,0.0
2023-09-26 01:30:00,18.263,0.0,0.0,0.0,0.0,1.37013065,0.0
2023-09-26 02:00:00,18.413,0.0,0.0,0.0,0.0,1.2369317,0.0
2023-09-26 02:30:00,18.388,0.0,0.0,0.0,0.0,1.3255726,0.0
2023-09-26 03:00:00,18.363,0.0,0.0,0.0,0.0,1.4142135,0.0
2023-09-26 03:30:00,18.263,0.0,0.0,0.0,0.0,1.1788058,0.0
2023-09-26 04:00:00,18.163,0.0,0.0,0.0,0.0,0.9433981,0.0
2023-09-26 04:30:00,18.038,0.0,0.0,0.0,0.0,0.901815315,0.0
2023-09-26 05:00:00,17.913,0.0,0.0,0.0,0.0,0.86023253,0.0
2023-09-26 05:30:00,17.538,0.0,0.0,0.0,0.0,0.721663865,0.0
2023-09-26 06:00:00,17.163,0.0,0.0,0.0,0.0,0.5830952,0.0
2023-09-26 06:30:00,17.0630005,0.0,0.0,0.0,0.0,0.5830952,0.0
2023-09-26 07:00:00,16.963001,0.0,0.0,0.0,0.0,0.5830952,0.41
2023-09-26 07:30:00,17.3130005,27.80558951824196,0.07689909857526767,41.108925,25.155535,0.721663865,19.311
2023-09-26 08:00:00,17.663,65.87293027753583,0.20171081818423237,82.21785,50.31107,0.86023253,63.528
2023-09-26 08:30:00,19.1880005,180.88437142343338,0.32298047778217126,299.088145,85.65100000000001,0.699374495,225.766
2023-09-26 09:00:00,20.713001,345.5963503926003,0.43863139824321423,515.95844,120.99093,0.53851646,328.985
2023-09-26 09:30:00,22.0630005,470.9229538977216,0.5466830440312835,639.5147400000001,122.260182,0.4754135149999999,481.5609999999999
2023-09-26 10:00:00,23.413,615.739655181711,0.645284946652451,763.07104,123.529434,0.41231057,530.1610000000001
2023-09-26 10:30:00,24.4380005,710.4845273610947,0.7327484005361857,802.32392,122.105255,0.5263115,603.784
2023-09-26 11:00:00,25.463001,801.4612139938257,0.8075753719669578,841.5768,120.681076,0.64031243,663.54
2023-09-26 11:30:00,26.1130005,833.6825095736294,0.8684841651798781,814.1617,125.343003,1.712994915,720.982
2023-09-26 12:00:00,26.763,850.793192298651,0.9144313792246659,786.7466,130.00493,2.7856774,783.716
2023-09-26 12:30:00,26.763,858.4065065164748,0.9446297727465837,759.969675,139.33252,3.5005627,793.114
2023-09-26 13:00:00,26.763,852.4761655598243,0.9585617548268168,733.19275,148.66011,4.215448,807.6519999999999
2023-09-26 13:30:00,26.788001,843.2576160773917,0.9559882501577979,721.653175,152.48863,4.373226000000001,0.0
2023-09-26 14:00:00,26.813002,822.4086034182859,0.9369527914057202,710.1136,156.31715,4.531004,798.152
2023-09-26 14:30:00,26.538001,808.5139667860897,0.9017807741590971,744.97242,135.4140225,4.6534927,763.685
2023-09-26 15:00:00,26.263,780.0526349107492,0.8510738763059079,779.83124,114.510895,4.7759814,714.534
2023-09-26 15:30:00,26.1130005,673.7761910053692,0.7856997529379751,710.26717,114.5033425,4.6083512,665.599
2023-09-26 16:00:00,25.963001,567.9145869582571,0.7067771695578414,640.7031,114.49579,4.440721,595.3100000000001
2023-09-26 16:30:00,25.7380005,460.3864785033582,0.6156568285326136,579.7517,103.20079,4.34168075,145.25
2023-09-26 17:00:00,25.513,358.4470693844668,0.5138982412073692,518.8003,91.90579,4.2426405,123.581
2023-09-26 17:30:00,24.763,242.54884955716756,0.4032430105124462,412.3001,76.6347475,3.88838005,279.233
2023-09-26 18:00:00,24.013,148.0787866326901,0.28558499303672585,305.7999,61.363705,3.5341196,113.5
2023-09-26 18:30:00,23.213,62.15472215590509,0.16293787990818093,172.1273325,34.476461,2.7327202,19.985
2023-09-26 19:00:00,22.413,8.908630136978859,0.03740070728109644,38.454765,7.589217,1.9313208,3.611
2023-09-26 19:30:00,21.713,0.0,0.0,19.2273825,3.7946085,1.4971677,0.0
2023-09-26 20:00:00,21.013,0.0,0.0,0.0,0.0,1.0630146,0.0
2023-09-26 20:30:00,20.513,0.0,0.0,0.0,0.0,1.0905243,0.0
2023-09-26 21:00:00,20.013,0.0,0.0,0.0,0.0,1.118034,0.0
2023-09-26 21:30:00,19.638,0.0,0.0,0.0,0.0,1.059017,0.0
2023-09-26 22:00:00,19.263,0.0,0.0,0.0,0.0,1.0,0.0
2023-09-26 22:30:00,18.9880005,0.0,0.0,0.0,0.0,1.0408327000000002,0.0
2023-09-26 23:00:00,18.713001,0.0,0.0,0.0,0.0,1.0816654,0.0
2023-09-26 23:30:00,18.5630005,0.0,0.0,0.0,0.0,1.33140205,0.0
2023-09-27 00:00:00,18.413,0.0,0.0,0.0,0.0,1.5811387,0.0
2023-09-27 00:30:00,18.138,0.0,0.0,0.0,0.0,1.4976761,0.0
2023-09-27 01:00:00,17.863,0.0,0.0,0.0,0.0,1.4142135,0.0
2023-09-27 01:30:00,17.738,0.0,0.0,0.0,0.0,1.48813175,0.0
2023-09-27 02:00:00,17.613,0.0,0.0,0.0,0.0,1.56205,0.0
2023-09-27 02:30:00,17.113,0.0,0.0,0.0,0.0,1.4969160499999998,0.0
2023-09-27 03:00:00,16.613,0.0,0.0,0.0,0.0,1.4317821,0.0
2023-09-27 03:30:00,16.688000000000002,0.0,0.0,0.0,0.0,1.5405122,0.0
2023-09-27 04:00:00,16.763,0.0,0.0,0.0,0.0,1.6492423,0.0
2023-09-27 04:30:00,16.688000000000002,0.0,0.0,0.0,0.0,1.54051215,0.0
2023-09-27 05:00:00,16.613,0.0,0.0,0.0,0.0,1.431782,0.0
2023-09-27 05:30:00,16.463001,0.0,0.0,0.0,0.0,1.2989862,0.0
2023-09-27 06:00:00,16.313002,0.0,0.0,0.0,0.0,1.1661904,0.0
2023-09-27 06:30:00,16.188002,0.0,0.0,0.0,0.0,1.0102954,0.0
2023-09-27 07:00:00,16.063002,0.0,0.0,0.0,0.0,0.8544004,0.0
2023-09-27 07:30:00,16.488001,24.802071048493186,0.07655715553997157,70.92971,19.71874,1.0980206,15.796
2023-09-27 08:00:00,16.913,67.30295817859935,0.20132022084513765,141.85942,39.43748,1.3416408,115.584
2023-09-27 08:30:00,18.5630005,183.7364932977216,0.3225173450110219,342.94451,74.17409,1.4785951,224.372
2023-09-27 09:00:00,20.213001,345.8428302187025,0.43807310804615623,544.0296,108.9107,1.6155494,343.999
2023-09-27 09:30:00,21.2630015,452.5509991479734,0.5460086244992339,599.599335,126.37618,1.9962612,452.504
2023-09-27 10:00:00,22.313002,565.0514630319691,0.6444754382584458,655.16907,143.84166,2.376973,549.898
2023-09-27 10:30:00,22.538001,574.6703309953803,0.7317871836401665,531.8662850000001,187.654975,3.1198073,627.751
2023-09-27 11:00:00,22.763,557.5891137817608,0.8064484537849252,408.5635,231.46829,3.8626416,721.007
2023-09-27 11:30:00,23.163001,663.0446212483187,0.8671804212929027,528.58755,206.636975,3.6777458,551.881
2023-09-27 12:00:00,23.563002,773.3692377516204,0.9129427453766679,648.6116,181.80566,3.49285,209.57
2023-09-27 12:30:00,23.938002,814.8022825101281,0.9429513837338568,685.5319999999999,168.27835499999998,4.0659078,857.539
2023-09-27 13:00:00,24.313002,846.6983377461646,0.9566920279841996,722.4524,154.75105,4.6389656,891.135
2023-09-27 13:30:00,23.688002,768.4232947900437,0.9539289120268823,626.6772000000001,170.74500999999998,4.3119687,440.398
2023-09-27 14:00:00,23.063002,681.9405007125349,0.9347088471632545,530.902,186.73897,3.9849718,142.444
2023-09-27 14:30:00,24.313002,690.5958668237739,0.8993604203199601,574.2903249999999,174.71320500000002,4.0912949,91.658
2023-09-27 15:00:00,25.563002,686.5951967905166,0.8484883582008389,617.67865,162.68744,4.197618,25.839
2023-09-27 15:30:00,22.8880015,442.62960832205533,0.7829631695199345,337.14153,180.864405,3.9542065,40.077
2023-09-27 16:00:00,20.213001,234.66255845556734,0.703906228842644,56.60441,199.04137,3.710795,203.599
2023-09-27 16:30:00,20.9130005,279.63506131383735,0.6126705580062486,174.15247,176.22377,2.7097979,435.672
2023-09-27 17:00:00,21.613,300.061360622151,0.5108176581551419,291.70053,153.40617,1.7088008,309.773
2023-09-27 17:30:00,21.388,237.15323535568436,0.40009075806166594,335.192505,104.37691,2.35773005,218.274
2023-09-27 18:00:00,21.163,161.97084211250888,0.28238494815038345,378.68448,55.34765,3.0066593,153.859
2023-09-27 18:30:00,20.338,63.36763839750226,0.1597147401581205,202.116059,31.307042800000005,2.7543292,26.847999999999995
2023-09-27 19:00:00,19.513,8.010611361136862,0.034179563622399205,25.547638,7.2664356,2.5019991,4.3500000000000005
2023-09-27 19:30:00,18.8630005,0.0,0.0,12.773819,3.6332178,2.3611798,0.0
2023-09-27 20:00:00,18.213001,0.0,0.0,0.0,0.0,2.2203605,0.0
2023-09-27 20:30:00,17.8630005,0.0,0.0,0.0,0.0,1.71226,0.0
2023-09-27 21:00:00,17.513,0.0,0.0,0.0,0.0,1.2041595,0.0
2023-09-27 21:30:00,17.263,0.0,0.0,0.0,0.0,0.78235732,0.0
2023-09-27 22:00:00,17.013,0.0,0.0,0.0,0.0,0.36055514,0.0
2023-09-27 22:30:00,16.713,0.0,0.0,0.0,0.0,0.5610662200000001,0.0
2023-09-27 23:00:00,16.413,0.0,0.0,0.0,0.0,0.7615773,0.0
2023-09-27 23:30:00,16.1130005,0.0,0.0,0.0,0.0,1.2653789,0.0
2023-09-28 00:00:00,15.813001,0.0,0.0,0.0,0.0,1.7691805,0.0
2023-09-28 00:30:00,15.863,0.0,0.0,0.0,0.0,2.21594295,0.0
2023-09-28 01:00:00,15.912999,0.0,0.0,0.0,0.0,2.6627054,0.0
2023-09-28 01:30:00,15.9629995,0.0,0.0,0.0,0.0,2.7214965500000003,0.0
2023-09-28 02:00:00,16.013,0.0,0.0,0.0,0.0,2.7802877,0.0
2023-09-28 02:30:00,16.688000000000002,0.0,0.0,0.0,0.0,2.444895,0.0
2023-09-28 03:00:00,17.363,0.0,0.0,0.0,0.0,2.1095023,0.0
2023-09-28 03:30:00,17.2880005,0.0,0.0,0.0,0.0,2.36337635,0.0
2023-09-28 04:00:00,17.213001,0.0,0.0,0.0,0.0,2.6172504,0.0
2023-09-28 04:30:00,17.1380015,0.0,0.0,0.0,0.0,2.4488007,0.0
2023-09-28 05:00:00,17.063002,0.0,0.0,0.0,0.0,2.280351,0.0
2023-09-28 05:30:00,16.8880015,0.0,0.0,0.0,0.0,1.9017528,0.0
2023-09-28 06:00:00,16.713001,0.0,0.0,0.0,0.0,1.5231546,0.0
2023-09-28 06:30:00,16.3630005,0.0,0.0,0.0,0.0,1.23591893,0.0
2023-09-28 07:00:00,16.013,0.0,0.0,0.0,0.0,0.94868326,0.0
2023-09-28 07:30:00,16.338,24.38306294357034,0.0761984805053304,65.44319,19.752096,1.03335863,19.589
2023-09-28 08:00:00,16.663,65.08878767828404,0.2009071155148963,130.88638,39.504192,1.118034,77.831
2023-09-28 08:30:00,18.0630005,175.3716447251265,0.3220263364875675,317.09871,74.358343,0.809017,276.784
2023-09-28 09:00:00,19.463001,327.9117936610565,0.43748207588605265,503.31104,109.212494,0.5,348.693
2023-09-28 09:30:00,20.6630005,437.8766972166803,0.5452971829770658,576.40407,124.80361200000002,0.809017,430.32499999999993
2023-09-28 10:00:00,21.863,557.4408865492054,0.6436252886061602,649.4971,140.39473,1.118034,544.2059999999999
2023-09-28 10:30:00,22.763,640.7404772031655,0.7307824300650816,669.61045,152.178175,1.8714575,616.679
2023-09-28 11:00:00,23.663,718.811661189625,0.8052758779559022,689.7238,163.96162,2.624881,752.1279999999999
2023-09-28 11:30:00,24.1880005,747.893403077905,0.8658297104214348,658.2871,178.702895,3.053848,796.6490000000001
2023-09-28 12:00:00,24.713001,763.7796608762014,0.9114066700001591,626.8504,193.44417,3.482815,863.25
2023-09-28 12:30:00,24.6130005,741.1748280083675,0.941225922110521,571.0216,205.136955,3.932868,956.639
2023-09-28 13:00:00,24.513,706.858911694768,0.954776434981267,515.1928,216.82974,4.382921,756.6260000000001
2023-09-28 13:30:00,24.3630005,735.3255485986385,0.951825731267589,573.3936,190.457525,4.3009628,934.938
2023-09-28 14:00:00,24.213001,753.058257541285,0.932423866289932,631.5944,164.08531,4.2190046,988.292
2023-09-28 14:30:00,24.963001,704.098638825807,0.8969025701175513,604.1551999999999,162.396635,3.8335962,847.388
2023-09-28 15:00:00,25.713001,648.1425168583147,0.8458695573430979,576.716,160.70796,3.4481878,757.3299999999999
2023-09-28 15:30:00,25.213001,594.8917293452809,0.780198117675161,577.3496,144.68472000000003,3.41080665,671.2860000000001
2023-09-28 16:00:00,24.713001,533.7465538258018,0.7010121517059442,577.9832,128.66148,3.3734255,595.592
2023-09-28 16:30:00,23.9130005,403.1401382997533,0.6096669086617108,470.64645,116.7421,2.87519925,530.4369999999999
2023-09-28 17:00:00,23.113,288.293537804786,0.5077257800642564,363.3097,104.82272,2.376973,132.962
2023-09-28 17:30:00,22.438,206.21034891729977,0.3969335153607221,308.273375,84.76397,1.6156867,78.75
2023-09-28 18:00:00,21.763,134.56111456895786,0.279186329818096,253.23705,64.70522,0.8544004,65.646
2023-09-28 18:30:00,20.963,55.171068677310295,0.1564994448330917,135.47038600000002,34.426832,0.9587075,18.37
2023-09-28 19:00:00,20.163,4.627594757811657,0.03097257228375706,17.703722,4.148444,1.0630146,4.139
2023-09-28 19:30:00,19.488001,0.0,0.0,8.851861,2.074222,1.3220767,0.0
2023-09-28 20:00:00,18.813002,0.0,0.0,0.0,0.0,1.5811388,0.0
2023-09-28 20:30:00,18.488001,0.0,0.0,0.0,0.0,1.3495864,0.0
2023-09-28 21:00:00,18.163,0.0,0.0,0.0,0.0,1.118034,0.0
2023-09-28 21:30:00,17.9380005,0.0,0.0,0.0,0.0,1.3106818,0.0
2023-09-28 22:00:00,17.713001,0.0,0.0,0.0,0.0,1.5033296,0.0
2023-09-28 22:30:00,17.463001,0.0,0.0,0.0,0.0,1.4317383,0.0
2023-09-28 23:00:00,17.213001,0.0,0.0,0.0,0.0,1.360147,0.0
2023-09-28 23:30:00,17.0130015,0.0,0.0,0.0,0.0,1.110189765,0.0
2023-09-29 00:00:00,16.813002,0.0,0.0,0.0,0.0,0.86023253,0.0
2023-09-29 00:30:00,16.563002,0.0,0.0,0.0,0.0,1.000204015,0.0
2023-09-29 01:00:00,16.313002,0.0,0.0,0.0,0.0,1.1401755,0.0
2023-09-29 01:30:00,16.5130015,0.0,0.0,0.0,0.0,1.2200878,0.0
2023-09-29 02:00:00,16.713001,0.0,0.0,0.0,0.0,1.3000001,0.0
2023-09-29 02:30:00,16.713001,0.0,0.0,0.0,0.0,0.8081139300000001,0.0
2023-09-29 03:00:00,16.713001,0.0,0.0,0.0,0.0,0.31622776,0.0
2023-09-29 03:30:00,16.6630005,0.0,0.0,0.0,0.0,0.31622776,0.0
2023-09-29 04:00:00,16.613,0.0,0.0,0.0,0.0,0.31622776,0.0
2023-09-29 04:30:00,16.438000000000002,0.0,0.0,0.0,0.0,0.4622520049999999,0.0
2023-09-29 05:00:00,16.263,0.0,0.0,0.0,0.0,0.60827625,0.0
2023-09-29 05:30:00,16.188000000000002,0.0,0.0,0.0,0.0,0.731338325,0.0
2023-09-29 06:00:00,16.113,0.0,0.0,0.0,0.0,0.8544004,0.0
2023-09-29 06:30:00,16.038,0.0,0.0,0.0,0.0,0.9862172,0.0
2023-09-29 07:00:00,15.963,0.0,0.0,0.0,0.0,1.118034,0.0
2023-09-29 07:30:00,16.188,23.96329921241631,0.07582163703127232,59.88508999999999,19.78734,1.26612375,6.643
2023-09-29 08:00:00,16.413,62.85577072505086,0.20047012883631293,119.77018,39.57468,1.4142135,67.203
2023-09-29 08:30:00,17.3130005,162.4403553022517,0.3215061737038124,277.06104,74.5485475,1.2923417499999998,216.88
2023-09-29 09:00:00,18.213001,297.631345962765,0.4368571482559692,434.3519,109.522415,1.17047,504.37
2023-09-29 09:30:00,19.1880005,385.00094959856233,0.5445477189848462,445.18326,144.6680525,1.0124352,475.953
2023-09-29 10:00:00,20.163,470.36918091519357,0.6427336755864265,456.01462,179.81369,0.8544004,382.236
2023-09-29 10:30:00,21.113001,575.0991999677575,0.7297335183912961,559.19051,168.589235,0.8303130999999999,678.4359999999999
2023-09-29 11:00:00,22.063002,689.3855563987527,0.8040572425946279,662.3664,157.36478,0.8062258,754.444
2023-09-29 11:30:00,22.663001,743.0404460782812,0.8644318652931716,688.3558499999999,147.924965,0.756666285,650.9150000000001
2023-09-29 12:00:00,23.263,789.1303233322218,0.9098232314330548,714.3453,138.48515,0.70710677,171.36900000000003
2023-09-29 12:30:00,22.8630005,782.5137832354458,0.9394537186127724,663.75485,158.81456500000002,1.358540985,945.989
2023-09-29 13:00:00,22.463001,762.9238501812812,0.9528155613684075,613.1644,179.14398,2.0099752,345.60200000000003
2023-09-29 13:30:00,22.3630005,750.5379608133703,0.9496795462607364,605.9005999999999,175.519515,1.86084975,961.651
2023-09-29 14:00:00,22.263,728.3532889875032,0.9300989336424639,598.6368,171.89505,1.7117243,287.814
2023-09-29 14:30:00,22.088,692.3219397156242,0.8944085442670953,598.8404499999999,156.809305,2.02312385,186.639
2023-09-29 15:00:00,21.913,646.991385805409,0.8432190156084185,599.0441,141.72356,2.3345234,188.358
2023-09-29 15:30:00,21.263,534.8467330056677,0.7774063419182944,507.86995,140.51995499999998,2.6854844,875.252
2023-09-29 16:00:00,20.613,429.0788474221209,0.6980968632456042,416.6958,139.31635,3.0364454,764.2330000000001
2023-09-29 16:30:00,20.563,371.63980830947355,0.6066479610462554,400.567565,129.8403575,2.7998233,568.552
2023-09-29 17:00:00,20.513,313.08543275805096,0.5046248150277287,384.43933,120.364365,2.5632012,292.198
2023-09-29 17:30:00,20.4880005,212.6057947171818,0.3937735879947506,309.119925,91.958235,2.53559425,93.689
2023-09-29 18:00:00,20.463001,127.20421689299367,0.275991509351149,233.80052,63.552105,2.5079873,68.297
2023-09-29 18:30:00,19.9130005,51.48088340558445,0.1532943980431257,122.7429575,33.124801649999995,2.5520691,24.296
2023-09-29 19:00:00,19.363,2.977537992935742,0.027782136664437334,11.685395,2.6974983,2.5961509,5.569
2023-09-29 19:30:00,18.7880005,0.0,0.0,5.8426975,1.34874915,2.58357145,0.0
2023-09-29 20:00:00,18.213001,0.0,0.0,0.0,0.0,2.570992,0.0
2023-09-29 20:30:00,18.0130015,0.0,0.0,0.0,0.0,2.58357145,0.0
2023-09-29 21:00:00,17.813002,0.0,0.0,0.0,0.0,2.5961509,0.0
2023-09-29 21:30:00,17.613001,0.0,0.0,0.0,0.0,2.5600183000000003,0.0
2023-09-29 22:00:00,17.413,0.0,0.0,0.0,0.0,2.5238857,0.0
2023-09-29 22:30:00,17.288,0.0,0.0,0.0,0.0,2.31313265,0.0
2023-09-29 23:00:00,17.163,0.0,0.0,0.0,0.0,2.1023796,0.0
2023-09-29 23:30:00,17.012999999999998,0.0,0.0,0.0,0.0,2.0574204,0.0
2023-09-30 00:00:00,16.863,0.0,0.0,0.0,0.0,2.0124612,0.0
2023-09-30 00:30:00,16.713001,0.0,0.0,0.0,0.0,1.90065785,0.0
2023-09-30 01:00:00,16.563002,0.0,0.0,0.0,0.0,1.7888545,0.0
2023-09-30 01:30:00,16.413001,0.0,0.0,0.0,0.0,1.63773065,0.0
2023-09-30 02:00:00,16.263,0.0,0.0,0.0,0.0,1.4866068,0.0
2023-09-30 02:30:00,16.087999500000002,0.0,0.0,0.0,0.0,1.34538315,0.0
2023-09-30 03:00:00,15.912999,0.0,0.0,0.0,0.0,1.2041595,0.0
2023-09-30 03:30:00,16.087999500000002,0.0,0.0,0.0,0.0,1.35871705,0.0
2023-09-30 04:00:00,16.263,0.0,0.0,0.0,0.0,1.5132746,0.0
2023-09-30 04:30:00,16.2380005,0.0,0.0,0.0,0.0,1.64263955,0.0
2023-09-30 05:00:00,16.213001,0.0,0.0,0.0,0.0,1.7720045,0.0
2023-09-30 05:30:00,16.213001,0.0,0.0,0.0,0.0,1.96535375,0.0
2023-09-30 06:00:00,16.213001,0.0,0.0,0.0,0.0,2.158703,0.0
2023-09-30 06:30:00,16.1630005,0.0,0.0,0.0,0.0,2.04112065,0.0
2023-09-30 07:00:00,16.113,0.0,0.0,0.0,0.0,1.9235383,0.0
2023-09-30 07:30:00,16.313000000000002,22.46601013742015,0.07542517721007315,54.250635,18.722847,1.9170178,11.476
2023-09-30 08:00:00,16.513,58.44940209987196,0.20000788324689334,108.50127,37.445694,1.9104973,102.177
2023-09-30 08:30:00,17.838,182.29015687304445,0.3209555811662284,354.3884350000001,69.47238899999999,1.98602505,224.837
2023-09-30 09:00:00,19.163,362.18465368405793,0.43619718163385557,600.2756,101.499084,2.0615528,347.944
2023-09-30 09:30:00,20.088,479.58503104071286,0.5437592486392537,681.333875,109.747299,2.6800187,465.971
2023-09-30 10:00:00,21.013,607.1638707191047,0.6417997998577343,762.39215,117.995514,3.2984846,576.917
2023-09-30 10:30:00,21.688,694.9294117692698,0.7286398555328362,784.860225,122.7402995,3.4692698,228.663
2023-09-30 11:00:00,22.363,776.3540453216432,0.8027921790107436,807.3283,127.485085,3.640055,771.749
2023-09-30 11:30:00,22.713001,830.7646544854558,0.8629867558832816,810.9986,129.81816750000002,3.7021804,805.4209999999999
2023-09-30 12:00:00,23.063002,873.4062315537523,0.9081925484699496,814.6689,132.15125,3.7643058,178.032
2023-09-30 12:30:00,23.2630015,840.2866222201475,0.9376351466897577,739.09395,146.47786000000002,3.8601569,901.576
2023-09-30 13:00:00,23.463001,791.9228336305919,0.9508100367063541,663.519,160.80447,3.956008,923.008
2023-09-30 13:30:00,23.2630015,784.3186037996231,0.9474912397031142,652.6741999999999,165.83361000000002,4.2418505,978.202
2023-09-30 14:00:00,23.063002,766.2364374181874,0.9277351777039912,641.8294,170.86275,4.527693,855.4000000000001
2023-09-30 14:30:00,23.338001,700.5651094875216,0.8918797054564622,609.3028850000001,157.1986,3.3918979,814.241
2023-09-30 15:00:00,23.613,628.2943765428936,0.840538314245671,576.77637,143.53445,2.2561028,791.309
2023-09-30 15:30:00,23.263,551.9174615060258,0.7745896226534748,533.97327,138.66033,3.0806139,138.241
2023-09-30 16:00:00,22.913,474.56587175398477,0.6951623201811569,491.17017,133.78621,3.905125,173.106
2023-09-30 16:30:00,22.488001,377.7757252942099,0.603615822285078,435.95392,115.345818,3.9255045,188.611
2023-09-30 17:00:00,22.063002,287.07761706646573,0.5015169921312581,380.73767,96.905426,3.945884,433.852
2023-09-30 17:30:00,21.688002,210.06641015268912,0.390613296410882,344.314775,76.2232115,4.0235515,86.08099999999999
2023-09-30 18:00:00,21.313002,139.00754316369728,0.27280286640480256,307.89188,55.540997,4.101219,33.474999999999994
2023-09-30 18:30:00,20.413001,51.900692869625985,0.15010200546643612,157.78285250000002,28.4916638,4.0006095,56.538
2023-09-30 19:00:00,19.513,1.609442664178681,0.024610654893778953,7.673825,1.4423306,3.9,7.241
2023-09-30 19:30:00,18.838,0.0,0.0,3.8369125,0.7211653,3.40086195,0.0
2023-09-30 20:00:00,18.163,0.0,0.0,0.0,0.0,2.9017239,0.0
2023-09-30 20:30:00,17.863001,0.0,0.0,0.0,0.0,2.71577295,0.0
2023-09-30 21:00:00,17.563002,0.0,0.0,0.0,0.0,2.529822,0.0
2023-09-30 21:30:00,17.363001,0.0,0.0,0.0,0.0,2.4947484,0.0
2023-09-30 22:00:00,17.163,0.0,0.0,0.0,0.0,2.4596748,0.0
2023-09-30 22:30:00,16.838,0.0,0.0,0.0,0.0,2.0376121,0.0
2023-09-30 23:00:00,16.513,0.0,0.0,0.0,0.0,1.6155494,0.0
2023-09-30 23:30:00,16.313000000000002,0.0,0.0,0.0,0.0,1.52366575,0.0
2023-10-01 00:00:00,16.113,0.0,0.0,0.0,0.0,1.4317821,0.0
2023-10-01 00:30:00,15.938,0.0,0.0,0.0,0.0,1.61589105,0.0
2023-10-01 01:00:00,15.763,0.0,0.0,0.0,0.0,1.8,0.0
2023-10-01 01:30:00,15.563,0.0,0.0,0.0,0.0,1.85524865,0.0
2023-10-01 02:00:00,15.363,0.0,0.0,0.0,0.0,1.9104973,0.0
2023-10-01 02:30:00,15.963001,0.0,0.0,0.0,0.0,2.17180115,0.0
2023-10-01 03:00:00,16.563002,0.0,0.0,0.0,0.0,2.433105,0.0
2023-10-01 03:30:00,16.363001,0.0,0.0,0.0,0.0,2.35891845,0.0
2023-10-01 04:00:00,16.163,0.0,0.0,0.0,0.0,2.2847319,0.0
2023-10-01 04:30:00,16.163,0.0,0.0,0.0,0.0,2.5316104,0.0
2023-10-01 05:00:00,16.163,0.0,0.0,0.0,0.0,2.7784889,0.0
2023-10-01 05:30:00,16.213,0.0,0.0,0.0,0.0,2.8808877500000003,0.0
2023-10-01 06:00:00,16.263,0.0,0.0,0.0,0.0,2.9832866,0.0
2023-10-01 06:30:00,16.087999500000002,0.0,0.0,0.0,0.0,2.8645963,0.0
2023-10-01 07:00:00,15.912999,0.0,0.0,0.0,0.0,2.745906,0.0
2023-10-01 07:30:00,16.313,22.35477542590716,0.0750076771690779,66.74495,17.656185,2.8056078500000003,9.55
2023-10-01 08:00:00,16.713001,61.33055917127937,0.19951903210653044,133.4899,35.31237,2.8653097,32.087
2023-10-01 08:30:00,18.6380015,190.4115341247383,0.3203733206001832,393.62075,65.071045,3.3490317000000003,28.564
2023-10-01 09:00:00,20.563002,378.6246361197584,0.43550107543420585,653.7516,94.82972,3.8327537,318.993
2023-10-01 09:30:00,21.313002,487.4034141817113,0.542930835920851,701.5821000000001,107.062575,4.63896755,443.401
2023-10-01 10:00:00,22.063002,599.3113712074801,0.6408229140225228,749.4126,119.29543,5.4451814,100.105
2023-10-01 10:30:00,22.6380015,696.202557102481,0.7275009034628047,785.4593,124.520615,5.76397205,697.049
2023-10-01 11:00:00,23.213001,788.910745904922,0.8014803757206509,821.506,129.7458,6.0827627,200.069
2023-10-01 11:30:00,23.4130005,810.6285979629326,0.8614943104675166,778.38005,139.411635,6.09138135,823.283
2023-10-01 12:00:00,23.613,816.1461407612808,0.9065147982396979,735.2541,149.07747,6.1,850.7520000000001
2023-10-01 12:30:00,23.7880005,841.3235397477534,0.9357706371114205,741.335975,146.79113,6.133018,876.2049999999999
2023-10-01 13:00:00,23.963001,854.6993528757896,0.9487605457962835,747.41785,144.50479,6.166036,878.128
2023-10-01 13:30:00,23.9880005,848.5654650696738,0.9452617464403206,747.325325,140.97029500000002,6.1591355,845.148
2023-10-01 14:00:00,24.013,830.1558085033397,0.9253337750605397,747.2328,137.4358,6.152235,851.25
2023-10-01 14:30:00,23.913001,790.3113572044984,0.8893174595249422,743.5575,127.70465,5.9915935000000005,808.555
2023-10-01 15:00:00,23.813002,739.2841367265036,0.8378290719376997,739.8822,117.9735,5.830952,734.1030000000001
2023-10-01 15:30:00,23.363001,655.6318768354886,0.7717497713018759,701.41327,113.253445,6.22908415,210.348
2023-10-01 16:00:00,22.913,568.1404077221409,0.6922105032673569,662.94434,108.53339,6.6272163,611.183
2023-10-01 16:30:00,22.663,457.00359865778466,0.6005726161560403,601.0988199999999,95.585935,6.56975615,466.8490000000001
2023-10-01 17:00:00,22.413,351.5231410317719,0.4984045494021365,539.2533,82.63848,6.512296,363.217
2023-10-01 17:30:00,21.963,239.93840755641617,0.3874549621578949,443.6222,68.1982285,6.206148000000001,248.65000000000003
2023-10-01 18:00:00,21.513,147.1790523342647,0.2696227739154631,347.9911,53.757977,5.9,130.418
2023-10-01 18:30:00,20.813,52.24060007953429,0.14692465843148628,173.99555,26.8789885,5.15,43.212
2023-10-01 19:00:00,20.113,0.0,0.021460503366078826,0.0,0.0,4.4,3.825
2023-10-01 19:30:00,19.588001,0.0,0.0,0.0,0.0,3.9951323,0.0
2023-10-01 20:00:00,19.063002,0.0,0.0,0.0,0.0,3.5902646,0.0
2023-10-01 20:30:00,18.7630015,0.0,0.0,0.0,0.0,3.42991055,0.0
2023-10-01 21:00:00,18.463001,0.0,0.0,0.0,0.0,3.2695565,0.0
2023-10-01 21:30:00,18.2880005,0.0,0.0,0.0,0.0,3.2695565,0.0
2023-10-01 22:00:00,18.113,0.0,0.0,0.0,0.0,3.2695565,0.0
2023-10-01 22:30:00,17.887999999999998,0.0,0.0,0.0,0.0,3.2908278500000003,0.0
2023-10-01 23:00:00,17.663,0.0,0.0,0.0,0.0,3.3120992,0.0
2023-10-01 23:30:00,17.387999999999998,0.0,0.0,0.0,0.0,3.2371883500000003,0.0
2023-10-02 00:00:00,17.113,0.0,0.0,0.0,0.0,3.1622775,0.0
2023-10-02 00:30:00,16.813000000000002,0.0,0.0,0.0,0.0,3.09276045,0.0
2023-10-02 01:00:00,16.513,0.0,0.0,0.0,0.0,3.0232434,0.0
2023-10-02 01:30:00,16.438000000000002,0.0,0.0,0.0,0.0,3.1217458,0.0
2023-10-02 02:00:00,16.363,0.0,0.0,0.0,0.0,3.2202482,0.0
2023-10-02 02:30:00,17.5380005,0.0,0.0,0.0,0.0,3.9366021,0.0
2023-10-02 03:00:00,18.713001,0.0,0.0,0.0,0.0,4.652956,0.0
2023-10-02 03:30:00,18.588001,0.0,0.0,0.0,0.0,4.5859027,0.0
2023-10-02 04:00:00,18.463001,0.0,0.0,0.0,0.0,4.5188494,0.0
2023-10-02 04:30:00,18.3130005,0.0,0.0,0.0,0.0,4.38662935,0.0
2023-10-02 05:00:00,18.163,0.0,0.0,0.0,0.0,4.2544093,0.0
2023-10-02 05:30:00,18.113001,0.0,0.0,0.0,0.0,4.43209065,0.0
2023-10-02 06:00:00,18.063002,0.0,0.0,0.0,0.0,4.609772,0.0
2023-10-02 06:30:00,18.0130015,0.0,0.0,0.0,0.0,4.6081445,0.0
2023-10-02 07:00:00,17.963001,0.0,0.0,0.0,0.0,4.606517,0.0
2023-10-02 07:30:00,18.1880005,22.394097777044657,0.07456776922144275,67.185815,17.69263,4.6975222500000005,9.62
2023-10-02 08:00:00,18.413,61.5086651202709,0.19900229134625128,134.37163,35.38526,4.7885275,84.92299999999999
2023-10-02 08:30:00,19.588,194.10305512340085,0.31975822181586183,407.448665,64.553495,4.7250362500000005,204.323
2023-10-02 09:00:00,20.763,388.7382487131778,0.43476780160985823,680.5257,93.72173,4.661545,323.666
2023-10-02 09:30:00,20.538001,493.90120214840124,0.5420616207102664,716.64355,105.966825,6.281089,439.857
2023-10-02 10:00:00,20.313002,599.6234015086822,0.6398023487471134,752.7614,118.21192,7.900633,549.442
2023-10-02 10:30:00,21.113001,642.2804559947418,0.7263162032038426,692.89648,139.53179500000002,8.1366035,652.044
2023-10-02 11:00:00,21.913,666.5343657333299,0.8001215999723261,633.03156,160.85167,8.372574,750.2410000000001
2023-10-02 11:30:00,22.363001,733.0160446430777,0.8599545345234039,671.82548,155.499125,8.4221455,797.797
2023-10-02 12:00:00,22.813002,793.4827042949287,0.9047902322827808,710.6194,150.14658,8.471717,832.796
2023-10-02 12:30:00,22.938002,835.3698062710941,0.9338606910721341,737.5627,145.791865,8.4290075,876.477
2023-10-02 13:00:00,23.063002,866.3900175185164,0.9466678387647248,764.506,141.43715,8.386298,601.639
2023-10-02 13:30:00,23.1380015,863.7138441744997,0.9429920605059021,769.2311,136.96319499999998,8.419554,205.175
2023-10-02 14:00:00,23.213001,848.2943194623649,0.9228959544192039,773.9562,132.48924,8.45281,290.479
2023-10-02 14:30:00,22.963001,792.3124978212733,0.8867232565858008,748.6629499999999,127.08566,8.1154922,189.947
2023-10-02 15:00:00,22.713001,726.978955559323,0.8350929430963806,723.3697,121.68208,7.7781744,746.847
2023-10-02 15:30:00,22.4130005,612.2972658680094,0.7688886259894449,633.308,124.90809,7.7623932,706.944
2023-10-02 16:00:00,22.113,502.2388045992457,0.689243410583838,543.2463,128.1341,7.746612,615.414
2023-10-02 16:30:00,21.638,401.67519389202306,0.5975204742010959,483.745875,113.124877,7.6710025,275.75300000000004
2023-10-02 17:00:00,21.163,307.56879797729346,0.49528972305793817,424.24545,98.115654,7.595393,187.672
2023-10-02 17:30:00,20.838,213.9734350516034,0.3843008956252573,358.72926,76.73920050000001,7.376104,136.046
2023-10-02 18:00:00,20.513,132.91020531644858,0.2664535846284631,293.21307,55.362747,7.156815,37.701
2023-10-02 18:30:00,19.888,48.46811326800653,0.14376471956376619,146.606535,27.6813735,6.8172345,16.452
2023-10-02 19:00:00,19.263,0.0,0.018334021980541616,0.0,0.0,6.477654,1.029
2023-10-02 19:30:00,19.063,0.0,0.0,0.0,0.0,6.41412235,0.0
2023-10-02 20:00:00,18.863,0.0,0.0,0.0,0.0,6.3505907,0.0
2023-10-02 20:30:00,18.863,0.0,0.0,0.0,0.0,6.431059599999999,0.0
2023-10-02 21:00:00,18.863,0.0,0.0,0.0,0.0,6.5115285,0.0
2023-10-02 21:30:00,18.938,0.0,0.0,0.0,0.0,6.57012675,0.0
2023-10-02 22:00:00,19.013,0.0,0.0,0.0,0.0,6.628725,0.0
2023-10-02 22:30:00,18.963,0.0,0.0,0.0,0.0,6.6497785,0.0
2023-10-02 23:00:00,18.913,0.0,0.0,0.0,0.0,6.670832,0.0
2023-10-02 23:30:00,18.738001,0.0,0.0,0.0,0.0,6.59808365,0.0
2023-10-03 00:00:00,18.563002,0.0,0.0,0.0,0.0,6.5253353,0.0
2023-10-03 00:30:00,18.563002,0.0,0.0,0.0,0.0,6.62607365,0.0
2023-10-03 01:00:00,18.563002,0.0,0.0,0.0,0.0,6.726812,0.0
2023-10-03 01:30:00,18.563002,0.0,0.0,0.0,0.0,6.9418135,0.0
2023-10-03 02:00:00,18.563002,0.0,0.0,0.0,0.0,7.156815,0.0
2023-10-03 02:30:00,18.163001,0.0,0.0,0.0,0.0,6.1284075,0.0
2023-10-03 03:00:00,17.763,0.0,0.0,0.0,0.0,5.1,0.0
2023-10-03 03:30:00,17.763,0.0,0.0,0.0,0.0,4.84455875,0.0
2023-10-03 04:00:00,17.763,0.0,0.0,0.0,0.0,4.5891175,0.0
2023-10-03 04:30:00,17.288001,0.0,0.0,0.0,0.0,4.39515375,0.0
2023-10-03 05:00:00,16.813002,0.0,0.0,0.0,0.0,4.20119,0.0
2023-10-03 05:30:00,17.188002,0.0,0.0,0.0,0.0,5.07759025,0.0
2023-10-03 06:00:00,17.563002,0.0,0.0,0.0,0.0,5.9539905,0.0
2023-10-03 06:30:00,17.663001,0.0,0.0,0.0,0.0,6.27737375,0.0
2023-10-03 07:00:00,17.763,0.0,0.0,0.0,0.0,6.600757,0.0
2023-10-03 07:30:00,17.7380005,18.4118174253856,0.0741041650355735,43.03825,15.514898499999996,6.1521322000000005,8.82
2023-10-03 08:00:00,17.713001,47.52744536616143,0.19845646229894065,86.0765,31.029797,5.7035074,23.231
2023-10-03 08:30:00,18.1380015,151.2936547935023,0.3191092048525084,261.828075,68.83824849999999,5.752184850000001,215.275
2023-10-03 09:00:00,18.563002,294.94680836441444,0.4339964258144142,437.57965,106.6467,5.8008623,48.358
2023-10-03 09:30:00,18.963001,392.2231885259261,0.5411508387024254,494.408205,126.230045,6.551800650000001,76.001
2023-10-03 10:00:00,19.363,496.40435038776786,0.6387375311933644,551.23676,145.81339,7.302739,151.629
2023-10-03 10:30:00,19.588001,567.3118540636442,0.7250853914777434,566.686005,157.80003,7.302739,774.9499999999999
2023-10-03 11:00:00,19.813002,633.4840483514623,0.7987157125208955,582.13525,169.78667,7.302739,196.66900000000004
2023-10-03 11:30:00,20.363001,712.9357207524941,0.8583675233800719,636.963425,166.8465,7.5526515,975.269
2023-10-03 12:00:00,20.913,788.5516171529439,0.9030191870124105,691.7916,163.90633,7.802564,816.731
2023-10-03 12:30:00,21.288,836.1377053041623,0.9319058883908766,730.12212,155.208275,7.75160665,894.464
2023-10-03 13:00:00,21.663,873.4433511981532,0.944532736947352,768.45264,146.51022,7.7006493,358.55999999999995
2023-10-03 13:30:00,21.713,872.4007088982214,0.9406832386892436,777.7112199999999,139.480885,7.75064515,897.652
2023-10-03 14:00:00,21.763,858.372026052606,0.9204229978962646,786.9698,132.45155,7.800641,256.223
2023-10-03 14:30:00,21.513,803.1171561246213,0.8840985900659296,760.511085,129.390585,7.501709,917.311
2023-10-03 15:00:00,21.263,738.4488272978272,0.8323316148238682,734.05237,126.32962,7.202777,169.254
2023-10-03 15:30:00,20.913001,647.7282604849657,0.7660080465217199,682.780765,124.03263,7.2544695,731.1469999999999
2023-10-03 16:00:00,20.563002,555.3329708496959,0.686263050706525,631.50916,121.73564,7.306162,124.776
2023-10-03 16:30:00,20.088001,435.30566380161144,0.5944615273044721,542.436055,113.1031,7.211872899999999,178.904
2023-10-03 17:00:00,19.613,326.878819035439,0.49217473777207027,453.36295,104.47056,7.1175838,318.646
2023-10-03 17:30:00,19.0380005,221.5100407736868,0.381153385103907,367.80724,82.03776,6.9388804,76.563
2023-10-03 18:00:00,18.463001,133.2092602561572,0.2632976193108703,282.25153,59.60496,6.760177,137.661
2023-10-03 18:30:00,17.8630005,49.29229378494667,0.14062451037762966,141.125765,29.80248,6.117331699999999,40.525
2023-10-03 19:00:00,17.263,0.0,0.015233501340286563,0.0,0.0,5.4744864,2.556
2023-10-03 19:30:00,16.963,0.0,0.0,0.0,0.0,4.9733112,0.0
2023-10-03 20:00:00,16.663,0.0,0.0,0.0,0.0,4.472136,0.0
2023-10-03 20:30:00,16.512999999999998,0.0,0.0,0.0,0.0,4.226671,0.0
2023-10-03 21:00:00,16.363,0.0,0.0,0.0,0.0,3.981206,0.0
2023-10-03 21:30:00,16.313000000000002,0.0,0.0,0.0,0.0,3.8945463,0.0
2023-10-03 22:00:00,16.263,0.0,0.0,0.0,0.0,3.8078866,0.0
2023-10-03 22:30:00,16.188000000000002,0.0,0.0,0.0,0.0,3.8078866,0.0
2023-10-03 23:00:00,16.113,0.0,0.0,0.0,0.0,3.8078866,0.0
2023-10-03 23:30:00,16.113,0.0,0.0,0.0,0.0,3.83591115,0.0
2023-10-04 00:00:00,16.113,0.0,0.0,0.0,0.0,3.8639357,0.0
2023-10-04 00:30:00,16.113,0.0,0.0,0.0,0.0,3.84246515,0.0
2023-10-04 01:00:00,16.113,0.0,0.0,0.0,0.0,3.8209946,0.0
2023-10-04 01:30:00,16.038,0.0,0.0,0.0,0.0,3.6633521,0.0
2023-10-04 02:00:00,15.963,0.0,0.0,0.0,0.0,3.5057096,0.0
2023-10-04 02:30:00,16.238,0.0,0.0,0.0,0.0,3.8083353,0.0
2023-10-04 03:00:00,16.513,0.0,0.0,0.0,0.0,4.110961,0.0
2023-10-04 03:30:00,16.4880005,0.0,0.0,0.0,0.0,4.1649825,0.0
2023-10-04 04:00:00,16.463001,0.0,0.0,0.0,0.0,4.219004,0.0
2023-10-04 04:30:00,16.588001,0.0,0.0,0.0,0.0,4.3683733,0.0
2023-10-04 05:00:00,16.713001,0.0,0.0,0.0,0.0,4.5177426,0.0
2023-10-04 05:30:00,16.6380015,0.0,0.0,0.0,0.0,4.528783300000001,0.0
2023-10-04 06:00:00,16.563002,0.0,0.0,0.0,0.0,4.539824,0.0
2023-10-04 06:30:00,16.538001,0.0,0.0,0.0,0.0,4.28299425,0.0
2023-10-04 07:00:00,16.513,0.0,0.0,0.0,0.0,4.0261645,0.0
2023-10-04 07:30:00,16.6130005,20.618047113150688,0.07361566807125287,43.323745,17.772047,3.84747585,10.877
2023-10-04 08:00:00,16.713001,52.00332513981539,0.1978804438139087,86.64749,35.544094,3.6687872,101.368
2023-10-04 08:30:00,17.5130015,172.9551526764193,0.3184252915471606,326.925215,69.860487,3.7869561,214.004
2023-10-04 09:00:00,18.313002,348.554750085131,0.43318611835215953,567.20294,104.17688,3.905125,338.41200000000003
2023-10-04 09:30:00,19.0130015,462.6536745848108,0.5401978314634165,641.149445,117.28958,3.953812,576.27
2023-10-04 10:00:00,19.713001,585.7271554789686,0.6376279940669379,715.09595,130.40228,4.002499,577.58
2023-10-04 10:30:00,20.3880015,678.2759966350127,0.7238082086422705,748.391055,136.804145,3.93127545,663.5
2023-10-04 11:00:00,21.063002,766.6160545537723,0.797262674275469,781.68616,143.20601,3.8600519,199.298
2023-10-04 11:30:00,21.563002,838.4939711537012,0.8567334675733459,817.59923,137.171555,3.9726957,792.526
2023-10-04 12:00:00,22.063002,901.8389059318829,0.9012020876780873,853.5123,131.1371,4.0853395,836.8620000000001
2023-10-04 12:30:00,22.338001,925.3427846676616,0.9299068900435539,855.901475,127.626068,4.32356855,858.7349999999999
2023-10-04 13:00:00,22.613,935.0318311871188,0.9423561339816924,858.29065,124.115036,4.5617976,863.303
2023-10-04 13:30:00,22.588001,914.1685824433179,0.9383364002016471,840.094175,123.850956,4.8112148,862.591
2023-10-04 14:00:00,22.563002,879.9721503386618,0.9179162392987059,821.8977,123.586876,5.060632,838.147
2023-10-04 14:30:00,22.3880015,820.0462856210374,0.8814449936901853,789.9347,122.097288,5.0690165,794.853
2023-10-04 15:00:00,22.213001,750.7586936904643,0.8295468026433068,757.9717,120.6077,5.077401,744.771
2023-10-04 15:30:00,21.6380015,654.1347987546696,0.7631099089728929,699.72062,119.320285,5.3117854,674.011
2023-10-04 16:00:00,21.063002,556.654240716241,0.6832714362985443,641.46954,118.03287,5.5461698,584.747
2023-10-04 16:30:00,20.6380015,453.1717171325018,0.5913978983845202,593.351895,102.102875,5.4131609,481.751
2023-10-04 17:00:00,20.213001,352.8261229958356,0.48906179852137205,545.23425,86.17288,5.280152,358.134
2023-10-04 17:30:00,19.6130005,235.33663106614273,0.3780146880938785,439.76614,69.321375,5.234782,237.201
2023-10-04 18:00:00,19.013,138.9942868179429,0.2601571575331734,334.29803,52.46987,5.189412,121.65
2023-10-04 18:30:00,18.313,48.9961736829181,0.13750630179194548,167.149015,26.234935,4.38495735,34.909
2023-10-04 19:00:00,17.613,0.0,0.012161173137031227,0.0,0.0,3.5805027,2.2390000000000003
2023-10-04 19:30:00,17.113,0.0,0.0,0.0,0.0,2.97029375,0.0
2023-10-04 20:00:00,16.613,0.0,0.0,0.0,0.0,2.3600848,0.0
2023-10-04 20:30:00,16.338001,0.0,0.0,0.0,0.0,2.16619655,0.0
2023-10-04 21:00:00,16.063002,0.0,0.0,0.0,0.0,1.9723083,0.0
2023-10-04 21:30:00,15.8630005,0.0,0.0,0.0,0.0,1.88754195,0.0
2023-10-04 22:00:00,15.662999,0.0,0.0,0.0,0.0,1.8027756,0.0
2023-10-04 22:30:00,15.5129995,0.0,0.0,0.0,0.0,1.7746003,0.0
2023-10-04 23:00:00,15.363,0.0,0.0,0.0,0.0,1.746425,0.0
2023-10-04 23:30:00,15.188,0.0,0.0,0.0,0.0,1.75921475,0.0
2023-10-05 00:00:00,15.013,0.0,0.0,0.0,0.0,1.7720045,0.0
2023-10-05 00:30:00,14.813,0.0,0.0,0.0,0.0,1.91677865,0.0
2023-10-05 01:00:00,14.613,0.0,0.0,0.0,0.0,2.0615528,0.0
2023-10-05 01:30:00,14.463,0.0,0.0,0.0,0.0,2.1375735,0.0
2023-10-05 02:00:00,14.313,0.0,0.0,0.0,0.0,2.2135942,0.0
2023-10-05 02:30:00,14.188,0.0,0.0,0.0,0.0,2.4306172000000004,0.0
2023-10-05 03:00:00,14.063,0.0,0.0,0.0,0.0,2.6476402,0.0
2023-10-05 03:30:00,14.088,0.0,0.0,0.0,0.0,2.5279796,0.0
2023-10-05 04:00:00,14.113,0.0,0.0,0.0,0.0,2.408319,0.0
2023-10-05 04:30:00,13.988,0.0,0.0,0.0,0.0,2.3810197,0.0
2023-10-05 05:00:00,13.863,0.0,0.0,0.0,0.0,2.3537204,0.0
2023-10-05 05:30:00,13.688,0.0,0.0,0.0,0.0,2.3049116,0.0
2023-10-05 06:00:00,13.513,0.0,0.0,0.0,0.0,2.2561028,0.0
2023-10-05 06:30:00,13.413,0.0,0.0,0.0,0.0,2.3049116,0.0
2023-10-05 07:00:00,13.313,0.0,0.0,0.0,0.0,2.3537204,0.0
2023-10-05 07:30:00,13.638,20.498431889351743,0.07310117675423145,56.07053499999999,16.701782,2.4026253,10.592
2023-10-05 08:00:00,13.963,54.92165127810037,0.19727323521057466,112.14107,33.403564,2.4515302,102.352
2023-10-05 08:30:00,15.513001,187.44344078712555,0.3177056082066678,388.752635,64.726527,2.5542981,217.462
2023-10-05 09:00:00,17.063002,382.7308780923453,0.43233615635851536,665.3642,96.04949,2.657066,340.862
2023-10-05 09:30:00,18.038001,501.3892876723779,0.5392020482320431,738.36545,103.710307,3.10194775,460.767
2023-10-05 10:00:00,19.013,627.865675540773,0.6364733768952463,811.3667,111.371124,3.5468295,567.8979999999999
2023-10-05 10:30:00,19.663001,721.16056855292,0.7224844994242045,837.2960800000001,115.6548995,3.7640176,654.8220000000001
2023-10-05 11:00:00,20.313002,807.9243767989457,0.7957625464867818,863.22546,119.938675,3.9812057,729.7099999999998
2023-10-05 11:30:00,20.8880015,865.4712067915239,0.8550526524463926,866.83578,122.9002325,3.9818336,784.7559999999999
2023-10-05 12:00:00,21.463001,910.3865757105293,0.8993394473632299,870.4461,125.86179,3.9824615,824.2900000000001
2023-10-05 12:30:00,21.8880015,930.2366403253308,0.9278644365822226,865.2822,125.49152,3.878027,846.523
2023-10-05 13:00:00,22.313002,935.8148104922327,0.9401389936638644,860.1183,125.12125,3.7735925,857.3489999999999
2023-10-05 13:30:00,22.5130015,913.3603702745243,0.9359527240007006,839.3594499999999,125.8078975,3.787454,848.213
2023-10-05 14:00:00,22.713001,877.6633670815305,0.9153770609468166,818.6006,126.494545,3.8013155,823.103
2023-10-05 14:30:00,22.7630015,803.0582801337914,0.8787640378336483,767.4110000000001,127.2855875,3.76076525,791.379
2023-10-05 15:00:00,22.813002,721.1640831730647,0.8267402464456205,716.2214,128.07663,3.720215,730.5939999999999
2023-10-05 15:30:00,22.438002,647.4356658140646,0.7601961013037936,696.9763,116.74071,4.00020085,653.338
2023-10-05 16:00:00,22.063002,567.1995693707266,0.6802705793865194,677.7312,105.40479,4.2801867,569.665
2023-10-05 16:30:00,21.463001,456.69479143588785,0.5883316974668514,613.6504,95.27846,4.34520105,461.078
2023-10-05 17:00:00,20.863,352.23568947512376,0.4859530855567308,549.5696,85.15213,4.4102154,354.051
2023-10-05 17:30:00,19.963001,235.2107942285597,0.37488702613840946,446.7249000000001,67.928732,4.3834097,235.109
2023-10-05 18:00:00,19.063002,138.69725537073793,0.25703443253354147,343.8802,50.705334,4.356604,120.318
2023-10-05 18:30:00,18.238001,48.26496749770712,0.13441230897038287,171.9401,25.352667,3.5096547,34.72
2023-10-05 19:00:00,17.413,0.0,0.009119205047598566,0.0,0.0,2.6627054,1.632
2023-10-05 19:30:00,17.038,0.0,0.0,0.0,0.0,2.3021771,0.0
2023-10-05 20:00:00,16.663,0.0,0.0,0.0,0.0,1.9416488,0.0
2023-10-05 20:30:00,16.262999999999998,0.0,0.0,0.0,0.0,1.9708244,0.0
2023-10-05 21:00:00,15.863,0.0,0.0,0.0,0.0,2.0,0.0
2023-10-05 21:30:00,15.6379995,0.0,0.0,0.0,0.0,1.6800735,0.0
2023-10-05 22:00:00,15.412999,0.0,0.0,0.0,0.0,1.360147,0.0
2023-10-05 22:30:00,15.2879995,0.0,0.0,0.0,0.0,1.4317383,0.0
2023-10-05 23:00:00,15.163,0.0,0.0,0.0,0.0,1.5033296,0.0
2023-10-05 23:30:00,14.713,0.0,0.0,0.0,0.0,1.4516648,0.0
2023-10-06 00:00:00,14.263,0.0,0.0,0.0,0.0,1.4,0.0
2023-10-06 00:30:00,13.763,0.0,0.0,0.0,0.0,1.6013878,0.0
2023-10-06 01:00:00,13.263,0.0,0.0,0.0,0.0,1.8027756,0.0
2023-10-06 01:30:00,13.038,0.0,0.0,0.0,0.0,1.7572499499999998,0.0
2023-10-06 02:00:00,12.813,0.0,0.0,0.0,0.0,1.7117243,0.0
2023-10-06 02:30:00,12.863,0.0,0.0,0.0,0.0,1.90586215,0.0
2023-10-06 03:00:00,12.913,0.0,0.0,0.0,0.0,2.1,0.0
2023-10-06 03:30:00,12.763,0.0,0.0,0.0,0.0,2.0512492,0.0
2023-10-06 04:00:00,12.613,0.0,0.0,0.0,0.0,2.0024984,0.0
2023-10-06 04:30:00,12.663,0.0,0.0,0.0,0.0,1.70835595,0.0
2023-10-06 05:00:00,12.713,0.0,0.0,0.0,0.0,1.4142135,0.0
2023-10-06 05:30:00,12.863,0.0,0.0,0.0,0.0,1.73788315,0.0
2023-10-06 06:00:00,13.013,0.0,0.0,0.0,0.0,2.0615528,0.0
2023-10-06 06:30:00,12.988,0.0,0.0,0.0,0.0,2.1588278,0.0
2023-10-06 07:00:00,12.963,0.0,0.0,0.0,0.0,2.2561028,0.0
2023-10-06 07:30:00,13.413,18.98244028481568,0.07255968121385786,50.16880999999999,15.628324499999998,2.2953131,12.779
2023-10-06 08:00:00,13.863,50.41419568219997,0.19663393285116598,100.33762,31.256649,2.3345234,77.252
2023-10-06 08:30:00,15.488,179.79406995845557,0.316949382067924,364.13118,65.2353145,2.2740588,148.003
2023-10-06 09:00:00,17.113,368.99698739367165,0.4314459202718508,627.92474,99.21398,2.2135942,298.445
2023-10-06 09:30:00,18.1630005,488.6645521250116,0.5381630422505366,708.97272,107.746655,2.7223466,421.773
2023-10-06 10:00:00,19.213001,618.0410062429127,0.6352734223438374,790.0207,116.27933,3.231099,539.509
2023-10-06 10:30:00,19.963001,711.4274902125874,0.7211142092254773,816.89725,122.020578,3.631114,634.248
2023-10-06 11:00:00,20.713001,798.6789186292019,0.7942154870652535,843.7738,127.761826,4.031129,745.6580000000001
2023-10-06 11:30:00,21.1880005,848.9078092356223,0.8533254544880677,838.8233,132.107133,4.2544258,246.349
2023-10-06 12:00:00,21.663,886.0403927463152,0.8974318634445617,833.8728,136.45244,4.4777226,862.268
2023-10-06 12:30:00,22.0630005,899.1454512090642,0.9257793447137792,820.83575,137.901435,4.5437473,890.2170000000001
2023-10-06 13:00:00,22.463001,898.3891053554731,0.9378823466901005,807.7987,139.35043,4.609772,858.254
2023-10-06 13:30:00,22.6880005,869.9390809265424,0.9335334457242148,774.6715650000001,145.64893999999998,4.719943000000001,884.3969999999999
2023-10-06 14:00:00,22.913,829.6324317078337,0.9128068908279032,741.54443,151.94745,4.830114,835.8910000000001
2023-10-06 14:30:00,22.863001,765.4409396331401,0.8760573269337758,695.8388950000001,155.50743,4.8160985,795.3199999999999
2023-10-06 15:00:00,22.813002,694.6005758975057,0.8239137081667584,650.13336,159.06741,4.802083,740.003
2023-10-06 15:30:00,22.3880015,622.9065393551218,0.7572685213019366,639.12991,138.872988,4.95055125,672.016
2023-10-06 16:00:00,21.963001,544.2868566299397,0.6772624896390566,628.12646,118.678566,5.0990195,597.701
2023-10-06 16:30:00,21.4130005,441.3255226296697,0.5852650201951857,575.232295,104.6721155,5.04850925,479.2840000000001
2023-10-06 17:00:00,20.863,342.6553567257362,0.4828507531869545,522.33813,90.665665,4.997999,332.524
2023-10-06 17:30:00,20.213001,228.25977806790746,0.3717725838803294,425.333015,70.4599365,4.76008335,220.984
2023-10-06 18:00:00,19.563002,133.19408988616175,0.2539316304817211,328.3279,50.254208,4.5221677,112.22
2023-10-06 18:30:00,18.6380015,46.47268870645245,0.13134469079960195,164.16395,25.127104,3.9676887,33.152
2023-10-06 19:00:00,17.713001,0.0,0.006109700431937455,0.0,0.0,3.4132097,1.1030000000000002
2023-10-06 19:30:00,16.9130005,0.0,0.0,0.0,0.0,3.0266427,0.0
2023-10-06 20:00:00,16.113,0.0,0.0,0.0,0.0,2.6400757,0.0
2023-10-06 20:30:00,15.613,0.0,0.0,0.0,0.0,2.32626845,0.0
2023-10-06 21:00:00,15.113,0.0,0.0,0.0,0.0,2.0124612,0.0
2023-10-06 21:30:00,14.838,0.0,0.0,0.0,0.0,1.9076184,0.0
2023-10-06 22:00:00,14.563,0.0,0.0,0.0,0.0,1.8027756,0.0
2023-10-06 22:30:00,14.438,0.0,0.0,0.0,0.0,2.1107263,0.0
2023-10-06 23:00:00,14.313,0.0,0.0,0.0,0.0,2.418677,0.0
2023-10-06 23:30:00,14.363,0.0,0.0,0.0,0.0,2.6021772,0.0
2023-10-07 00:00:00,14.413,0.0,0.0,0.0,0.0,2.7856774,0.0
2023-10-07 00:30:00,14.563,0.0,0.0,0.0,0.0,2.87944555,0.0
2023-10-07 01:00:00,14.713,0.0,0.0,0.0,0.0,2.9732137,0.0
2023-10-07 01:30:00,14.763,0.0,0.0,0.0,0.0,3.05265275,0.0
2023-10-07 02:00:00,14.813,0.0,0.0,0.0,0.0,3.1320918,0.0
2023-10-07 02:30:00,15.338,0.0,0.0,0.0,0.0,3.2190734,0.0
2023-10-07 03:00:00,15.863,0.0,0.0,0.0,0.0,3.306055,0.0
2023-10-07 03:30:00,15.538,0.0,0.0,0.0,0.0,2.6580151,0.0
2023-10-07 04:00:00,15.213,0.0,0.0,0.0,0.0,2.0099752,0.0
2023-10-07 04:30:00,14.788,0.0,0.0,0.0,0.0,1.97581195,0.0
2023-10-07 05:00:00,14.363,0.0,0.0,0.0,0.0,1.9416487,0.0
2023-10-07 05:30:00,14.313,0.0,0.0,0.0,0.0,2.24557925,0.0
2023-10-07 06:00:00,14.263,0.0,0.0,0.0,0.0,2.5495098,0.0
2023-10-07 06:30:00,14.288,0.0,0.0,0.0,0.0,2.5602509,0.0
2023-10-07 07:00:00,14.313,0.0,0.0,0.0,0.0,2.570992,0.0
2023-10-07 07:30:00,14.638,17.462548516863666,0.0719902562532674,44.18803,14.5514595,2.5979365,8.917
2023-10-07 08:00:00,14.963,45.88120683135644,0.19596172315990595,88.37606,29.102919,2.624881,37.69
2023-10-07 08:30:00,16.563,171.13902424875425,0.3161559343406485,344.97614500000003,62.9110645,2.79904735,164.57
2023-10-07 09:00:00,18.163,354.57017841647917,0.4305148869363804,601.57623,96.71921,2.9732137,157.199
2023-10-07 09:30:00,19.338,460.67296512941874,0.5370804641261612,647.698315,113.75959,3.63427985,436.507
2023-10-07 10:00:00,20.513,569.932590891628,0.6340279698825096,693.8204,130.79997,4.295346,415.774
2023-10-07 10:30:00,21.088,656.9594255331385,0.7196973781490525,722.12968,137.641615,4.74623025,175.555
2023-10-07 11:00:00,21.663,739.272363138067,0.7926217450751436,750.43896,144.48326,5.1971145,303.159
2023-10-07 11:30:00,22.0630005,796.6928048410664,0.8515523364019509,759.78778,149.46707,5.31563305,796.1320000000001
2023-10-07 12:00:00,22.463001,843.6758188663798,0.8954800132148714,769.1366,154.45088,5.4341516,868.822
2023-10-07 12:30:00,22.713001,866.2019797661801,0.9236525035658398,775.6761,148.9287,5.40965795,851.144
2023-10-07 13:00:00,22.963001,876.3952214738671,0.9355872875946463,782.2156,143.40652,5.3851643,873.924
2023-10-07 13:30:00,23.088001,865.7553894314536,0.9310798553285807,776.30168,141.775555,5.4818473,875.9509999999999
2023-10-07 14:00:00,23.213001,842.5613037799955,0.9102072009609872,770.38776,140.14459,5.5785303,830.345
2023-10-07 14:30:00,22.7380005,797.7339432085942,0.8733264985676389,764.9339299999999,128.39625,5.524680849999999,819.819
2023-10-07 15:00:00,22.263,741.6304725313079,0.821068971596329,759.4801,116.64791,5.4708314,449.191
2023-10-07 15:30:00,21.938,645.7959183032278,0.7543290770859911,702.5849499999999,114.925647,5.647888699999999,679.348
2023-10-07 16:00:00,21.613,548.9422101961459,0.6742491755052277,645.6898,113.203384,5.824946,580.8589999999999
2023-10-07 16:30:00,21.188,443.2430705583988,0.5821999496396977,589.690025,99.786272,5.71693375,479.668
2023-10-07 17:00:00,20.763,342.3063375240736,0.47975693211062176,533.69025,86.36916,5.6089215,347.788
2023-10-07 17:30:00,20.163001,225.37594086285714,0.36867351186935754,426.557925,68.4015065,5.25650045,125.712
2023-10-07 18:00:00,19.563002,130.09412201755498,0.2508508936962961,319.4256,50.433853,4.9040794,104.788
2023-10-07 18:30:00,18.6380015,45.47500159272799,0.12830555346026304,159.7128,25.2169265,4.1520397,28.137
2023-10-07 19:00:00,17.713001,0.0,0.0031347020459641067,0.0,0.0,3.4,0.163
2023-10-07 19:30:00,16.9880005,0.0,0.0,0.0,0.0,2.88532695,0.0
2023-10-07 20:00:00,16.263,0.0,0.0,0.0,0.0,2.3706539,0.0
2023-10-07 20:30:00,15.813,0.0,0.0,0.0,0.0,2.26467845,0.0
2023-10-07 21:00:00,15.363,0.0,0.0,0.0,0.0,2.158703,0.0
2023-10-07 21:30:00,15.113,0.0,0.0,0.0,0.0,2.04112065,0.0
2023-10-07 22:00:00,14.863,0.0,0.0,0.0,0.0,1.9235383,0.0
2023-10-07 22:30:00,14.713,0.0,0.0,0.0,0.0,2.0057998,0.0
2023-10-07 23:00:00,14.563,0.0,0.0,0.0,0.0,2.0880613,0.0
2023-10-07 23:30:00,14.438,0.0,0.0,0.0,0.0,2.05645345,0.0
2023-10-08 00:00:00,14.313,0.0,0.0,0.0,0.0,2.0248456,0.0
2023-10-08 00:30:00,14.213,0.0,0.0,0.0,0.0,2.0719038,0.0
2023-10-08 01:00:00,14.113,0.0,0.0,0.0,0.0,2.118962,0.0
2023-10-08 01:30:00,14.063,0.0,0.0,0.0,0.0,2.1662781,0.0
2023-10-08 02:00:00,14.013,0.0,0.0,0.0,0.0,2.2135942,0.0
2023-10-08 02:30:00,14.038,0.0,0.0,0.0,0.0,2.1674572000000003,0.0
2023-10-08 03:00:00,14.063,0.0,0.0,0.0,0.0,2.1213202,0.0
2023-10-08 03:30:00,14.288,0.0,0.0,0.0,0.0,2.2975918,0.0
2023-10-08 04:00:00,14.513,0.0,0.0,0.0,0.0,2.4738634,0.0
2023-10-08 04:30:00,14.788,0.0,0.0,0.0,0.0,2.6599567,0.0
2023-10-08 05:00:00,15.063,0.0,0.0,0.0,0.0,2.84605,0.0
2023-10-08 05:30:00,15.063,0.0,0.0,0.0,0.0,2.8935691,0.0
2023-10-08 06:00:00,15.063,0.0,0.0,0.0,0.0,2.9410882,0.0
2023-10-08 06:30:00,15.013,0.0,0.0,0.0,0.0,2.8651767,0.0
2023-10-08 07:00:00,14.963,0.0,0.0,0.0,0.0,2.7892652,0.0
2023-10-08 07:30:00,15.163,15.93837549939409,0.07139205249982129,38.12198,13.4706375,2.7775643,6.181000000000001
2023-10-08 08:00:00,15.363,41.32061923106947,0.19525587374259631,76.24396,26.941275,2.7658634,61.104
2023-10-08 08:30:00,16.563000000000002,153.42663157259165,0.31532467153296284,297.22113,60.5781075,2.8225498,197.81500000000003
2023-10-08 09:00:00,17.763,315.5656706753821,0.42954262125847337,518.1983,94.21494,2.8792362,315.26
2023-10-08 09:30:00,18.7380005,423.62464056236405,0.535954053881855,580.21408,113.777905,3.2780957,445.884
2023-10-08 10:00:00,19.713001,538.6982517088737,0.632736948320193,642.22986,133.34087,3.6769552,196.274
2023-10-08 10:30:00,20.3880015,612.8359912884468,0.7182341342006628,634.42983,158.39862499999998,3.7859118,630.176
2023-10-08 11:00:00,21.063002,677.6506493198166,0.790981654618946,626.6298,183.45638,3.8948684,706.6
2023-10-08 11:30:00,21.588001,729.1137714444984,0.8497338417404089,625.5528,199.11507,3.88908305,768.194
2023-10-08 12:00:00,22.113,771.0823429118354,0.8934846493908257,624.4758,214.77376,3.8832977,803.605
2023-10-08 12:30:00,22.588001,835.5810640149643,0.9214848711042717,713.7304,178.066965,3.91205485,830.7259999999999
2023-10-08 13:00:00,23.063002,892.0455388224835,0.9332549721137201,802.985,141.36017,3.940812,840.624
2023-10-08 13:30:00,23.113001,832.3606124524083,0.9285932954256482,739.12835,145.141595,4.12098735,828.0699999999999
2023-10-08 14:00:00,23.163,762.2289257040226,0.9075795067037424,675.2717,148.92302,4.3011627,802.277
2023-10-08 14:30:00,23.363001,708.7371318146194,0.8705732237195702,640.4557649999999,151.08658,4.3011627,769.45
2023-10-08 15:00:00,23.563002,648.5200735966216,0.81820784353974,605.63983,153.25014,4.3011627,612.164
2023-10-08 15:30:00,23.0130015,572.5103883731243,0.7513796891631721,572.237065,142.959655,4.365304849999999,514.116
2023-10-08 16:00:00,22.463001,493.78851989669465,0.6712326470970478,538.8343,132.66917,4.429447,542.145
2023-10-08 16:30:00,21.8130005,395.4604579197062,0.5791385598944299,489.303485,112.661947,4.16023115,519.3290000000001
2023-10-08 17:00:00,21.163,301.69461875842904,0.47667373370081895,439.77267,92.654724,3.8910153,340.734
2023-10-08 17:30:00,20.5630005,187.20822372260028,0.36559193143933044,321.386075,70.339222,3.5802859,205.833
2023-10-08 18:00:00,19.963001,97.65971679870664,0.24779432596264805,202.99948,48.02372,3.2695565,107.008
2023-10-08 18:30:00,19.2630015,36.39640720179589,0.12529695604271102,101.49974,24.01186,2.79774855,27.483
2023-10-08 19:00:00,18.563002,0.0,0.00019619793843094567,0.0,0.0,2.3259406,0.6010000000000001
2023-10-08 19:30:00,18.063002,0.0,0.0,0.0,0.0,2.2697674,0.0
2023-10-08 20:00:00,17.563002,0.0,0.0,0.0,0.0,2.2135942,0.0
2023-10-08 20:30:00,17.213001,0.0,0.0,0.0,0.0,2.0081849,0.0
2023-10-08 21:00:00,16.863,0.0,0.0,0.0,0.0,1.8027756,0.0
2023-10-08 21:30:00,16.5380005,0.0,0.0,0.0,0.0,1.54170025,0.0
2023-10-08 22:00:00,16.213001,0.0,0.0,0.0,0.0,1.2806249,0.0
2023-10-08 22:30:00,15.6630005,0.0,0.0,0.0,0.0,1.43088185,0.0
2023-10-08 23:00:00,15.113,0.0,0.0,0.0,0.0,1.5811388,0.0
2023-10-08 23:30:00,14.763,0.0,0.0,0.0,0.0,1.4576526,0.0
2023-10-09 00:00:00,14.413,0.0,0.0,0.0,0.0,1.3341664,0.0
2023-10-09 00:30:00,14.263,0.0,0.0,0.0,0.0,1.2995386999999998,0.0
2023-10-09 01:00:00,14.113,0.0,0.0,0.0,0.0,1.264911,0.0
2023-10-09 01:30:00,13.988,0.0,0.0,0.0,0.0,1.25092135,0.0
2023-10-09 02:00:00,13.863,0.0,0.0,0.0,0.0,1.2369317,0.0
2023-10-09 02:30:00,13.813,0.0,0.0,0.0,0.0,1.2369317,0.0
2023-10-09 03:00:00,13.763,0.0,0.0,0.0,0.0,1.2369317,0.0
2023-10-09 03:30:00,13.963,0.0,0.0,0.0,0.0,1.37510315,0.0
2023-10-09 04:00:00,14.163,0.0,0.0,0.0,0.0,1.5132746,0.0
2023-10-09 04:30:00,14.063,0.0,0.0,0.0,0.0,1.5328460499999998,0.0
2023-10-09 05:00:00,13.963,0.0,0.0,0.0,0.0,1.5524175,0.0
2023-10-09 05:30:00,13.663,0.0,0.0,0.0,0.0,1.6143615,0.0
2023-10-09 06:00:00,13.363,0.0,0.0,0.0,0.0,1.6763055,0.0
2023-10-09 06:30:00,13.138,0.0,0.0,0.0,0.0,1.8204969,0.0
2023-10-09 07:00:00,12.913,0.0,0.0,0.0,0.0,1.9646883,0.0
2023-10-09 07:30:00,13.538,17.533691439397415,0.07076428728640566,44.76367,14.63764,1.73400895,8.893
2023-10-09 08:00:00,14.163,46.14651986372711,0.19451572438854992,89.52734,29.27528,1.5033296,98.894
2023-10-09 08:30:00,15.8130005,182.01185261134256,0.31445507666244243,390.97392,59.7717875,1.7956954500000002,222.162
2023-10-09 09:00:00,17.463001,386.12629638476415,0.42852876771608783,692.4205,90.268295,2.0880613,347.10900000000004
2023-10-09 09:30:00,18.9380005,503.96810014319146,0.5347836329262606,756.4048,99.8509825,2.27386805,465.275
2023-10-09 10:00:00,20.413,627.5001736338813,0.6314003683613401,820.3891,109.43367,2.4596748,569.1610000000001
2023-10-09 10:30:00,21.4380005,720.2455034720238,0.7167246864562065,845.5349,113.6694375,2.9968972000000003,653.6379999999999
2023-10-09 11:00:00,22.463001,806.1778116468028,0.7892956287851198,870.6807,117.905205,3.5341196,723.601
2023-10-09 11:30:00,23.1130005,864.5846418538343,0.8478705897000727,876.77145,119.7944275,3.7368313,780.621
2023-10-09 12:00:00,23.763,910.4629926923903,0.8914465957896165,882.8622,121.68365,3.939543,811.6759999999999
2023-10-09 12:30:00,24.313,929.365940463766,0.9192774707341385,876.87075,121.346952,4.12383735,836.407
2023-10-09 13:00:00,24.863,933.8082239702319,0.9308866147527592,870.8793,121.010254,4.3081317,852.217
2023-10-09 13:30:00,25.113,912.8047467381473,0.9260751598199598,854.6327,119.273942,4.2812705,835.4380000000001
2023-10-09 14:00:00,25.363,878.2597730682089,0.9049253662562167,838.3861,117.53763,4.2544093,819.0799999999999
2023-10-09 14:30:00,25.363,819.5136087149949,0.8677992072440962,811.7048500000001,113.268905,4.4081034500000005,773.734
2023-10-09 15:00:00,25.363,750.7056259710146,0.8153321552307328,785.0236,109.00018,4.5617976,729.224
2023-10-09 15:30:00,24.613,659.8220192955346,0.7484222926872609,742.29585,102.9733375,4.85237695,656.802
2023-10-09 16:00:00,23.863,565.3537139398421,0.6682149192384229,699.5681,96.946495,5.1429563,563.688
2023-10-09 16:30:00,23.088001,449.2197283490149,0.5760829198468941,626.484365,87.7912075,4.95946885,479.472
2023-10-09 17:00:00,22.313002,340.82603908068836,0.4736032543628989,553.40063,78.63592,4.7759814,359.6
2023-10-09 17:30:00,21.688002,220.59449986833752,0.3625299395118423,436.628715,62.45292,4.52399155,248.126
2023-10-09 18:00:00,21.063002,124.16276579590686,0.24476399776902838,319.8568,46.26992,4.2720017,112.517
2023-10-09 18:30:00,19.963001,42.499256752257764,0.12232091607937434,159.9284,23.13496,3.87525355,23.711
2023-10-09 19:00:00,18.863,0.0,0.0,0.0,0.0,3.4785054,0.245
2023-10-09 19:30:00,18.088001,0.0,0.0,0.0,0.0,3.14726555,0.0
2023-10-09 20:00:00,17.313002,0.0,0.0,0.0,0.0,2.8160257,0.0
2023-10-09 20:30:00,16.988001,0.0,0.0,0.0,0.0,2.6163175,0.0
2023-10-09 21:00:00,16.663,0.0,0.0,0.0,0.0,2.4166093,0.0
2023-10-09 21:30:00,16.413,0.0,0.0,0.0,0.0,2.49380065,0.0
2023-10-09 22:00:00,16.163,0.0,0.0,0.0,0.0,2.570992,0.0
2023-10-09 22:30:00,16.137999999999998,0.0,0.0,0.0,0.0,2.5112611,0.0
2023-10-09 23:00:00,16.113,0.0,0.0,0.0,0.0,2.4515302,0.0
2023-10-09 23:30:00,16.0129995,0.0,0.0,0.0,0.0,2.5495852,0.0
2023-10-10 00:00:00,15.912999,0.0,0.0,0.0,0.0,2.6476402,0.0
2023-10-10 00:30:00,15.9379995,0.0,0.0,0.0,0.0,2.7247127,0.0
2023-10-10 01:00:00,15.963,0.0,0.0,0.0,0.0,2.8017852,0.0
2023-10-10 01:30:00,15.9379995,0.0,0.0,0.0,0.0,2.7518183,0.0
2023-10-10 02:00:00,15.912999,0.0,0.0,0.0,0.0,2.7018514,0.0
2023-10-10 02:30:00,16.063,0.0,0.0,0.0,0.0,2.8146539,0.0
2023-10-10 03:00:00,16.213001,0.0,0.0,0.0,0.0,2.9274564,0.0
2023-10-10 03:30:00,16.213001,0.0,0.0,0.0,0.0,2.97120955,0.0
2023-10-10 04:00:00,16.213001,0.0,0.0,0.0,0.0,3.0149627,0.0
2023-10-10 04:30:00,16.3130005,0.0,0.0,0.0,0.0,3.02075585,0.0
2023-10-10 05:00:00,16.413,0.0,0.0,0.0,0.0,3.026549,0.0
2023-10-10 05:30:00,16.413,0.0,0.0,0.0,0.0,3.2162132000000003,0.0
2023-10-10 06:00:00,16.413,0.0,0.0,0.0,0.0,3.4058774,0.0
2023-10-10 06:30:00,16.488001,0.0,0.0,0.0,0.0,3.50363295,0.0
2023-10-10 07:00:00,16.563002,0.0,0.0,0.0,0.0,3.6013885,0.0
2023-10-10 07:30:00,16.6380015,14.443063390989282,0.07010623706796434,32.17879,12.42556,3.50069425,6.037000000000001
2023-10-10 08:00:00,16.713001,36.842940304855304,0.19374067955130106,64.35758,24.85112,3.4,21.847
2023-10-10 08:30:00,17.7380005,156.31347914481745,0.3135467018763407,310.22004,59.890635,3.85522625,222.805
2023-10-10 09:00:00,18.763,331.4260370677753,0.42747304329018,556.0825,94.93015,4.3104525,370.139
2023-10-10 09:30:00,19.413001,448.1752826168023,0.5335690973276214,641.9783,106.45597,5.31947975,592.942
2023-10-10 10:00:00,20.063002,576.1292576729679,0.6300183163291138,727.8741,117.98179,6.328507,189.753
2023-10-10 10:30:00,20.563002,672.5770919197714,0.7151693193429224,767.6595,123.532185,6.587702,401.105
2023-10-10 11:00:00,21.063002,765.5005569356299,0.787564154522175,807.4449,129.08258,6.846897,862.688
2023-10-10 11:30:00,21.5130015,827.7955145788352,0.8459632706291229,824.2184199999999,129.62321500000002,6.92915815,813.847
2023-10-10 12:00:00,21.963001,879.4383746389105,0.8893667435350973,840.99194,130.16385,7.0114193,852.7860000000001
2023-10-10 12:30:00,22.3130005,906.8208177466395,0.9170313882359592,850.10037,125.582,6.95607185,884.185
2023-10-10 13:00:00,22.663,920.7772612094235,0.9284834864587006,859.2088,121.00015,6.9007244,860.3709999999999
2023-10-10 13:30:00,22.788,900.647868153789,0.9235268919259958,843.944975,119.252265,6.9007244,847.899
2023-10-10 14:00:00,22.913,867.1424654936843,0.9022463798194976,828.68115,117.50438,6.9007244,818.096
2023-10-10 14:30:00,23.088,810.9375688395145,0.8650061877307414,804.5426749999999,113.221432,6.7191542,789.8899999999999
2023-10-10 15:00:00,23.263,744.5729802590782,0.8124437628583512,780.4042,108.938484,6.537584,729.911
2023-10-10 15:30:00,22.938,653.2536681030801,0.7454588386184022,737.19785,102.444262,6.478543,656.15
2023-10-10 16:00:00,22.613,558.5093415589719,0.6651980132312787,693.9915,95.95004,6.419502,571.4449999999999
2023-10-10 16:30:00,22.263,445.11849812897606,0.5730350954594404,625.11712,86.381682,6.216410249999999,472.533
2023-10-10 17:00:00,21.913,338.67999889118926,0.47054757830704447,556.24274,76.813324,6.0133185,340.523
2023-10-10 17:30:00,21.3130005,218.16930555938234,0.3594896118172133,439.299835,60.3565005,5.5111551,226.582
2023-10-10 18:00:00,20.713001,121.48347209953167,0.2417619497899826,322.35693,43.899677,5.0089917,103.685
2023-10-10 18:30:00,19.7880005,41.01630666466863,0.11937941323277441,161.178465,21.9498385,4.32932445,25.263
2023-10-10 19:00:00,18.863,0.0,0.0,0.0,0.0,3.6496572,0.086
2023-10-10 19:30:00,18.1630005,0.0,0.0,0.0,0.0,3.31647205,0.0
2023-10-10 20:00:00,17.463001,0.0,0.0,0.0,0.0,2.9832869,0.0
2023-10-10 20:30:00,17.0380005,0.0,0.0,0.0,0.0,2.76639835,0.0
2023-10-10 21:00:00,16.613,0.0,0.0,0.0,0.0,2.5495098,0.0
2023-10-10 21:30:00,16.338001,0.0,0.0,0.0,0.0,2.38493515,0.0
2023-10-10 22:00:00,16.063002,0.0,0.0,0.0,0.0,2.2203605,0.0
2023-10-10 22:30:00,15.913001,0.0,0.0,0.0,0.0,2.2113161,0.0
2023-10-10 23:00:00,15.763,0.0,0.0,0.0,0.0,2.2022717,0.0
2023-10-10 23:30:00,15.5879995,0.0,0.0,0.0,0.0,2.2113161,0.0
2023-10-11 00:00:00,15.412999,0.0,0.0,0.0,0.0,2.2203605,0.0
2023-10-11 00:30:00,15.3129995,0.0,0.0,0.0,0.0,2.38493515,0.0
2023-10-11 01:00:00,15.213,0.0,0.0,0.0,0.0,2.5495098,0.0
2023-10-11 01:30:00,15.363,0.0,0.0,0.0,0.0,2.8376048000000003,0.0
2023-10-11 02:00:00,15.513,0.0,0.0,0.0,0.0,3.1256998,0.0
2023-10-11 02:30:00,15.763000000000002,0.0,0.0,0.0,0.0,3.4296654,0.0
2023-10-11 03:00:00,16.013,0.0,0.0,0.0,0.0,3.733631,0.0
2023-10-11 03:30:00,16.263,0.0,0.0,0.0,0.0,4.01739685,0.0
2023-10-11 04:00:00,16.513,0.0,0.0,0.0,0.0,4.3011627,0.0
2023-10-11 04:30:00,16.6130005,0.0,0.0,0.0,0.0,4.3058076,0.0
2023-10-11 05:00:00,16.713001,0.0,0.0,0.0,0.0,4.3104525,0.0
2023-10-11 05:30:00,16.6630005,0.0,0.0,0.0,0.0,4.18562025,0.0
2023-10-11 06:00:00,16.613,0.0,0.0,0.0,0.0,4.060788,0.0
2023-10-11 06:30:00,16.6630005,0.0,0.0,0.0,0.0,4.16814965,0.0
2023-10-11 07:00:00,16.713001,0.0,0.0,0.0,0.0,4.2755113,0.0
2023-10-11 07:30:00,16.9130005,12.910909295933985,0.06941723271931048,25.905355,11.334792,4.19323615,5.964
2023-10-11 08:00:00,17.113,32.221113311549345,0.19293020367997435,51.81071,22.669584,4.110961,29.818
2023-10-11 08:30:00,18.088001,147.1888251595679,0.31259916389432624,282.696855,59.7096545,4.275841,233.155
2023-10-11 09:00:00,19.063002,314.3898581347117,0.4263752330414604,513.583,96.749725,4.440721,430.64
2023-10-11 09:30:00,19.613001,419.81106322442224,0.532310413604443,576.596,114.0612775,5.4738202000000005,491.177
2023-10-11 10:00:00,20.163,532.4076581957418,0.628590950183333,639.609,131.37283,6.5069194,610.196
2023-10-11 10:30:00,20.588,607.9258068237261,0.7135683889097403,649.63835,145.284435,6.6549302,680.019
2023-10-11 11:00:00,21.013,676.7324265163504,0.7857877891789946,659.6677,159.19604,6.802941,462.913
2023-10-11 11:30:00,21.313,751.9966812703634,0.844012642902007,705.440965,156.859205,7.1018085,794.302
2023-10-11 12:00:00,21.613,821.3294299981563,0.8872460482544001,751.21423,154.52237,7.400676,847.538
2023-10-11 12:30:00,21.638,859.4643412847956,0.9147477693118813,777.0271,147.923605,7.553258749999999,869.6389999999999
2023-10-11 13:00:00,21.663,886.0109721601134,0.9260469125228862,802.83997,141.32484,7.7058415,864.067
2023-10-11 13:30:00,21.588,873.8016156470107,0.9209499830288265,803.543765,132.33478,7.71459125,858.293
2023-10-11 14:00:00,21.513,848.4687195942536,0.899544188198989,804.24756,123.34472,7.723341,208.116
2023-10-11 14:30:00,21.313,789.4690363775333,0.8621959364426927,774.94933,119.8649525,7.562008499999999,912.87
2023-10-11 15:00:00,21.113,721.247026923422,0.809544546828089,745.6511,116.385185,7.400676,749.4380000000001
2023-10-11 15:30:00,20.613,631.6717432458776,0.7424912933053485,701.83825,109.6632625,7.553258749999999,661.4979999999999
2023-10-11 16:00:00,20.113,539.2505244979977,0.6621839566612833,658.0254,102.94134,7.7058415,569.154
2023-10-11 16:30:00,19.513,421.5091096825409,0.5699971498406284,574.6646000000001,93.8071225,7.6611354,466.852
2023-10-11 17:00:00,18.913,314.0760286639998,0.4675087778069331,491.3038,84.672905,7.6164293,354.584
2023-10-11 17:30:00,18.363001,200.55987300946336,0.3564730032982394,380.5974,65.28484900000001,7.33099765,218.814
2023-10-11 18:00:00,17.813002,109.8344840706946,0.23879019343686328,269.891,45.896793,7.045566,107.897
2023-10-11 18:30:00,17.238001,38.41127478254618,0.11647438999917091,134.9455,22.9483965,6.3445732,23.236
2023-10-11 19:00:00,16.663,0.0,0.0,0.0,0.0,5.6435804,0.0
2023-10-11 19:30:00,16.363001,0.0,0.0,0.0,0.0,5.3840157,0.0
2023-10-11 20:00:00,16.063002,0.0,0.0,0.0,0.0,5.124451,0.0
2023-10-11 20:30:00,15.9880005,0.0,0.0,0.0,0.0,5.179475999999999,0.0
2023-10-11 21:00:00,15.912999,0.0,0.0,0.0,0.0,5.234501,0.0
2023-10-11 21:30:00,15.738,0.0,0.0,0.0,0.0,5.0590735,0.0
2023-10-11 22:00:00,15.563001,0.0,0.0,0.0,0.0,4.883646,0.0
2023-10-11 22:30:00,15.488,0.0,0.0,0.0,0.0,4.718882499999999,0.0
2023-10-11 23:00:00,15.412999,0.0,0.0,0.0,0.0,4.554119,0.0
2023-10-11 23:30:00,15.3629995,0.0,0.0,0.0,0.0,4.307453499999999,0.0
2023-10-12 00:00:00,15.313,0.0,0.0,0.0,0.0,4.060788,0.0
2023-10-12 00:30:00,15.238,0.0,0.0,0.0,0.0,3.841471,0.0
2023-10-12 01:00:00,15.163,0.0,0.0,0.0,0.0,3.622154,0.0
2023-10-12 01:30:00,15.088,0.0,0.0,0.0,0.0,3.5639318,0.0
2023-10-12 02:00:00,15.013,0.0,0.0,0.0,0.0,3.5057096,0.0
2023-10-12 02:30:00,15.238,0.0,0.0,0.0,0.0,3.9051793,0.0
2023-10-12 03:00:00,15.463,0.0,0.0,0.0,0.0,4.304649,0.0
2023-10-12 03:30:00,15.338,0.0,0.0,0.0,0.0,4.1029655,0.0
2023-10-12 04:00:00,15.213,0.0,0.0,0.0,0.0,3.901282,0.0
2023-10-12 04:30:00,15.088,0.0,0.0,0.0,0.0,3.7070578,0.0
2023-10-12 05:00:00,14.963,0.0,0.0,0.0,0.0,3.5128336,0.0
2023-10-12 05:30:00,14.938,0.0,0.0,0.0,0.0,3.44312955,0.0
2023-10-12 06:00:00,14.913,0.0,0.0,0.0,0.0,3.3734255,0.0
2023-10-12 06:30:00,14.688,0.0,0.0,0.0,0.0,3.21641865,0.0
2023-10-12 07:00:00,14.463,0.0,0.0,0.0,0.0,3.0594118,0.0
2023-10-12 07:30:00,14.438,14.055535563784614,0.06869665854564468,26.065575000000003,12.5136135,2.9126376,6.684000000000001
2023-10-12 08:00:00,14.413,34.54338575697284,0.19208382014487305,52.13115,25.027227,2.7658634,90.123
2023-10-12 08:30:00,15.588,149.09673781988673,0.31161214287243966,287.66695500000003,60.3607205,2.79094455,214.298
2023-10-12 09:00:00,16.763,316.8668322339283,0.4252351888832957,523.20276,95.694214,2.8160257,350.97
2023-10-12 09:30:00,17.6130005,431.90266498743375,0.53100761744043,607.03208,110.5927545,3.1947697,448.782
2023-10-12 10:00:00,18.463001,557.9973687887319,0.627118498147889,690.8614,125.491295,3.5735137,619.114
2023-10-12 10:30:00,19.1630005,658.7261974790409,0.7119223214000056,745.86465,127.8999475,3.68412335,702.258
2023-10-12 11:00:00,19.863,758.565735930246,0.7839671590295393,800.8679,130.3086,3.794733,746.292
2023-10-12 11:30:00,20.438,814.5113392665589,0.8420195313740588,806.203635,135.0158,3.7554569,234.10200000000003
2023-10-12 12:00:00,21.013,858.9144132324254,0.8850855284791987,811.53937,139.723,3.7161808,1049.29
2023-10-12 12:30:00,21.563,826.625987510598,0.9124278178948368,721.91336,167.967815,3.8411436,925.622
2023-10-12 13:00:00,22.113,779.1985077835229,0.9235782708043836,632.28735,196.21263,3.9661064,987.582
2023-10-12 13:30:00,21.813,711.1190544240873,0.9183459704184982,557.241955,200.8646,4.5350132,587.616
2023-10-12 14:00:00,21.513,635.96839657025,0.8968204708591543,482.19656,205.51657,5.10392,220.966
2023-10-12 14:30:00,21.038001,616.8524408431795,0.8593702553054419,503.39508,185.776,4.790821299999999,445.638
2023-10-12 15:00:00,20.563002,588.1310123071387,0.8066364096766943,524.5936,166.03543,4.4777226,735.242
2023-10-12 15:30:00,20.163001,515.2245622927545,0.7395216363189648,498.240785,147.72608,4.6740205,837.4269999999999
2023-10-12 16:00:00,19.763,439.61137850325076,0.6591747812295354,471.88797,129.41673,4.8703184,160.57
2023-10-12 16:30:00,19.2380005,341.7620682463569,0.5669711410107025,389.402605,122.210257,4.8703184,477.783
2023-10-12 17:00:00,18.713001,255.96898339503184,0.46448891093491207,306.91724,115.003784,4.8703184,417.836
2023-10-12 17:30:00,18.2380005,170.79281750689847,0.3534821458450203,256.926515,81.1061895,4.509406200000001,217.11900000000003
2023-10-12 18:00:00,17.763,95.34438719513163,0.23585070864243965,206.93579,47.208595,4.148494,96.004
2023-10-12 18:30:00,17.338,35.02397193158513,0.11360774945224171,103.467895,23.6042975,3.6402929,14.982
2023-10-12 19:00:00,16.913,0.0,0.0,0.0,0.0,3.1320918,0.0
2023-10-12 19:30:00,16.613001,0.0,0.0,0.0,0.0,3.0867366,0.0
2023-10-12 20:00:00,16.313002,0.0,0.0,0.0,0.0,3.0413814,0.0
2023-10-12 20:30:00,15.913001,0.0,0.0,0.0,0.0,2.6911607,0.0
2023-10-12 21:00:00,15.513,0.0,0.0,0.0,0.0,2.34094,0.0
2023-10-12 21:30:00,15.388,0.0,0.0,0.0,0.0,2.29408015,0.0
2023-10-12 22:00:00,15.263,0.0,0.0,0.0,0.0,2.2472203,0.0
2023-10-12 22:30:00,15.088,0.0,0.0,0.0,0.0,1.99682265,0.0
2023-10-12 23:00:00,14.913,0.0,0.0,0.0,0.0,1.746425,0.0
2023-10-12 23:30:00,14.688,0.0,0.0,0.0,0.0,1.6809872,0.0
2023-10-13 00:00:00,14.463,0.0,0.0,0.0,0.0,1.6155494,0.0
2023-10-13 00:30:00,14.288,0.0,0.0,0.0,0.0,1.50419405,0.0
2023-10-13 01:00:00,14.113,0.0,0.0,0.0,0.0,1.3928387,0.0
2023-10-13 01:30:00,13.938,0.0,0.0,0.0,0.0,1.50419405,0.0
2023-10-13 02:00:00,13.763,0.0,0.0,0.0,0.0,1.6155494,0.0
2023-10-13 02:30:00,14.338,0.0,0.0,0.0,0.0,1.9479502,0.0
2023-10-13 03:00:00,14.913,0.0,0.0,0.0,0.0,2.280351,0.0
2023-10-13 03:30:00,15.013,0.0,0.0,0.0,0.0,2.2090533,0.0
2023-10-13 04:00:00,15.113,0.0,0.0,0.0,0.0,2.1377556,0.0
2023-10-13 04:30:00,14.988,0.0,0.0,0.0,0.0,2.11290845,0.0
2023-10-13 05:00:00,14.863,0.0,0.0,0.0,0.0,2.0880613,0.0
2023-10-13 05:30:00,14.713,0.0,0.0,0.0,0.0,1.97810765,0.0
2023-10-13 06:00:00,14.563,0.0,0.0,0.0,0.0,1.868154,0.0
2023-10-13 06:30:00,14.388,0.0,0.0,0.0,0.0,1.7246464,0.0
2023-10-13 07:00:00,14.213,0.0,0.0,0.0,0.0,1.5811388,0.0
2023-10-13 07:30:00,14.263,11.861894987932217,0.06794395429350487,26.222313,10.2782565,1.7098082,7.141
2023-10-13 08:00:00,14.313,30.187965573778847,0.19120111314738655,52.444626,20.556513,1.8384776,38.323
2023-10-13 08:30:00,15.288,144.5090241369171,0.31058538413279324,282.58611300000007,57.5984765,1.9787198,59.563
2023-10-13 09:00:00,16.263,310.7469110232474,0.4240528311071795,512.7276,94.64044,2.118962,348.746
2023-10-13 09:30:00,17.088,415.70608955358216,0.5296608149031155,577.89755,110.74397,2.5777037,445.258
2023-10-13 10:00:00,17.913,528.2133219790533,0.6256012596739451,643.0675,126.8475,3.0364454,559.69
2023-10-13 10:30:00,18.713,602.7720854864151,0.710231613841691,656.1314,137.52141999999998,3.29163745,544.875
2023-10-13 11:00:00,19.513,671.0037854201036,0.7821029594788965,669.1953,148.19534,3.5468295,499.134
2023-10-13 11:30:00,19.788001,614.2899233342827,0.8399848271671342,497.11892,199.01825,3.65290925,934.593
2023-10-13 12:00:00,20.063002,532.7865797573935,0.8828862649946944,325.04254,249.84116,3.758989,650.468
2023-10-13 12:30:00,20.1380015,520.9955073718038,0.9100727950879063,288.739715,262.66571,3.6912617,890.54
2023-10-13 13:00:00,20.213001,503.1460258675477,0.9210789902466943,252.43689,275.49026,3.6235344,861.899
2023-10-13 13:30:00,20.2880005,472.11969808350835,0.9157164354884149,234.01568,262.48803,3.42189145,683.748
2023-10-13 14:00:00,20.363,437.78172216190814,0.8940769436072191,215.59447,249.4858,3.2202485,819.905
2023-10-13 14:30:00,21.063,403.8687695560755,0.856530974171948,193.71328,242.4011,2.61635485,830.2189999999999
2023-10-13 15:00:00,21.763,368.97611900321056,0.8037212729801293,171.83209,235.3164,2.0124612,668.0820000000001
2023-10-13 15:30:00,21.688,397.2675325378042,0.7365518570311814,285.121705,190.260885,2.01741805,649.285
2023-10-13 16:00:00,21.613,405.0767690384404,0.6561725190130137,398.41132,145.20537,2.0223749,542.199
2023-10-13 16:30:00,21.013,324.19979105709695,0.5639591179162562,370.76746,116.31196,2.4646317,435.388
2023-10-13 17:00:00,20.413,244.90210928758768,0.4614900174497937,343.1236,87.41855,2.9068885,312.644
2023-10-13 17:30:00,19.763,144.3077422825353,0.35051904404614026,221.246255,67.636504,2.8117521,192.851
2023-10-13 18:00:00,19.113,70.10697424003924,0.23294543951319927,99.36891,47.854458,2.7166157,44.43900000000001
2023-10-13 18:30:00,18.588001,28.98383095994062,0.11078135096520181,49.684455,23.927229,2.20830785,14.472
2023-10-13 19:00:00,18.063002,0.0,0.0,0.0,0.0,1.7,0.0
2023-10-13 19:30:00,17.738001,0.0,0.0,0.0,0.0,1.73459025,0.0
2023-10-13 20:00:00,17.413,0.0,0.0,0.0,0.0,1.7691805,0.0
2023-10-13 20:30:00,16.963,0.0,0.0,0.0,0.0,1.6478071,0.0
2023-10-13 21:00:00,16.513,0.0,0.0,0.0,0.0,1.5264337,0.0
2023-10-13 21:30:00,16.3630005,0.0,0.0,0.0,0.0,1.38971505,0.0
2023-10-13 22:00:00,16.213001,0.0,0.0,0.0,0.0,1.2529964,0.0
2023-10-13 22:30:00,15.888001,0.0,0.0,0.0,0.0,1.1580055,0.0
2023-10-13 23:00:00,15.563001,0.0,0.0,0.0,0.0,1.0630146,0.0
2023-10-13 23:30:00,15.0380005,0.0,0.0,0.0,0.0,1.2815073,0.0
2023-10-14 00:00:00,14.513,0.0,0.0,0.0,0.0,1.5,0.0
2023-10-14 00:30:00,14.663,0.0,0.0,0.0,0.0,1.44641935,0.0
2023-10-14 01:00:00,14.813,0.0,0.0,0.0,0.0,1.3928387,0.0
2023-10-14 01:30:00,14.988,0.0,0.0,0.0,0.0,1.24868735,0.0
2023-10-14 02:00:00,15.163,0.0,0.0,0.0,0.0,1.104536,0.0
2023-10-14 02:30:00,13.788,0.0,0.0,0.0,0.0,1.40813015,0.0
2023-10-14 03:00:00,12.413,0.0,0.0,0.0,0.0,1.7117243,0.0
2023-10-14 03:30:00,12.613,0.0,0.0,0.0,0.0,1.4579419,0.0
2023-10-14 04:00:00,12.813,0.0,0.0,0.0,0.0,1.2041595,0.0
2023-10-14 04:30:00,12.713,0.0,0.0,0.0,0.0,1.30207975,0.0
2023-10-14 05:00:00,12.613,0.0,0.0,0.0,0.0,1.4,0.0
2023-10-14 05:30:00,12.638,0.0,0.0,0.0,0.0,1.41589105,0.0
2023-10-14 06:00:00,12.663,0.0,0.0,0.0,0.0,1.4317821,0.0
2023-10-14 06:30:00,12.588,0.0,0.0,0.0,0.0,1.443902,0.0
2023-10-14 07:00:00,12.513,0.0,0.0,0.0,0.0,1.4560219,0.0
2023-10-14 07:30:00,12.838,13.014514959014837,0.06715861905691142,26.378147,11.467762,1.37993115,6.952
2023-10-14 08:00:00,13.163,32.524549031975226,0.19028173141854834,52.756294,22.935524,1.3038404,74.86
2023-10-14 08:30:00,14.438,156.96087494686446,0.3095187015559875,326.11084700000004,56.799412,1.49007295,182.168
2023-10-14 09:00:00,15.713,343.0317949032444,0.4228281514320448,599.4654,90.6633,1.6763055,311.553
2023-10-14 09:30:00,16.813,459.09935303674297,0.5282701851152302,678.10288,101.5748825,2.05573235,499.341
2023-10-14 10:00:00,17.913,584.4306475150687,0.6240396075939405,756.74036,112.486465,2.4351592,555.172
2023-10-14 10:30:00,18.763,679.2597076170496,0.7084968357275365,794.85558,115.8831745,2.5638708,634.3109999999999
2023-10-14 11:00:00,19.613,769.8998482427526,0.7801959562082805,832.9708,119.279884,2.6925824,705.0409999999999
2023-10-14 11:30:00,20.363,828.2326494744009,0.837909488260421,842.681,121.050147,2.5092615,761.1189999999999
2023-10-14 12:00:00,21.113,874.9228891229677,0.8806494008512777,852.3912,122.82041,2.3259406,796.854
2023-10-14 12:30:00,21.713001,889.6345388332584,0.9076840185738354,841.8745,123.924758,2.1286307,816.447
2023-10-14 13:00:00,22.313002,890.3360937010666,0.9185505496866604,831.3578,125.029106,1.9313208,823.917
2023-10-14 13:30:00,22.613001,822.4249587857869,0.9130630019623809,751.87325,134.894193,1.9964368,814.274
2023-10-14 14:00:00,22.913,744.4530682606894,0.8913153562728121,672.3887,144.75928,2.0615528,799.806
2023-10-14 14:30:00,23.113001,686.6471961071926,0.8536799480112741,638.1529499999999,141.71596,2.0431992,770.804
2023-10-14 15:00:00,23.313002,622.2124856908475,0.8008010740567103,603.9172,138.67264,2.0248456,704.008
2023-10-14 15:30:00,22.713001,540.226886839199,0.7335839508933255,563.8322499999999,126.8207825,2.0636126,629.465
2023-10-14 16:00:00,22.113,456.72309276771676,0.653179198386305,523.7473,114.968925,2.1023796,538.438
2023-10-14 16:30:00,21.488,367.39447531172743,0.5609631160845449,476.29818,100.6714895,2.27184535,432.978
2023-10-14 17:00:00,20.863,282.42862377648896,0.4585141140944886,428.84906,86.374054,2.4413111,325.37
2023-10-14 17:30:00,20.138,181.81083729051278,0.3475856703562691,340.111365,64.123642,2.2836702,207.497
2023-10-14 18:00:00,19.413,99.22584528512311,0.2300762894262304,251.37367,41.87323,2.1260293,89.21900000000001
2023-10-14 18:30:00,18.213,34.26916379806444,0.10799700527131376,125.686835,20.936615,1.80631805,15.103000000000002
2023-10-14 19:00:00,17.013,0.0,0.0,0.0,0.0,1.4866068,0.0
2023-10-14 19:30:00,16.288000500000003,0.0,0.0,0.0,0.0,1.31339115,0.0
2023-10-14 20:00:00,15.563001,0.0,0.0,0.0,0.0,1.1401755,0.0
2023-10-14 20:30:00,15.1130005,0.0,0.0,0.0,0.0,1.1401755,0.0
2023-10-14 21:00:00,14.663,0.0,0.0,0.0,0.0,1.1401755,0.0
2023-10-14 21:30:00,14.788,0.0,0.0,0.0,0.0,1.1553227499999998,0.0
2023-10-14 22:00:00,14.913,0.0,0.0,0.0,0.0,1.17047,0.0
2023-10-14 22:30:00,15.313,0.0,0.0,0.0,0.0,1.1442519999999998,0.0
2023-10-14 23:00:00,15.713,0.0,0.0,0.0,0.0,1.118034,0.0
2023-10-14 23:30:00,15.663,0.0,0.0,0.0,0.0,1.00623062,0.0
2023-10-15 00:00:00,15.613,0.0,0.0,0.0,0.0,0.89442724,0.0
2023-10-15 00:30:00,15.438,0.0,0.0,0.0,0.0,0.653368905,0.0
2023-10-15 01:00:00,15.263,0.0,0.0,0.0,0.0,0.41231057,0.0
2023-10-15 01:30:00,14.888,0.0,0.0,0.0,0.0,0.306155285,0.0
2023-10-15 02:00:00,14.513,0.0,0.0,0.0,0.0,0.2,0.0
2023-10-15 02:30:00,14.863,0.0,0.0,0.0,0.0,0.32360681,0.0
2023-10-15 03:00:00,15.213,0.0,0.0,0.0,0.0,0.44721362,0.0
2023-10-15 03:30:00,15.338,0.0,0.0,0.0,0.0,0.42360681,0.0
2023-10-15 04:00:00,15.463,0.0,0.0,0.0,0.0,0.4,0.0
2023-10-15 04:30:00,15.138,0.0,0.0,0.0,0.0,0.35811388,0.0
2023-10-15 05:00:00,14.813,0.0,0.0,0.0,0.0,0.31622776,0.0
2023-10-15 05:30:00,13.813,0.0,0.0,0.0,0.0,0.30811388,0.0
2023-10-15 06:00:00,12.813,0.0,0.0,0.0,0.0,0.3,0.0
2023-10-15 06:30:00,12.113,0.0,0.0,0.0,0.0,0.4,0.0
2023-10-15 07:00:00,11.413,0.0,0.0,0.0,0.0,0.5,0.0
2023-10-15 07:30:00,11.663,13.052480353037147,0.06634021531206759,26.526255,11.518484,0.45,5.368
2023-10-15 08:00:00,11.913,32.62963302134038,0.1893253919845019,53.05251,23.036968,0.4,94.292
2023-10-15 08:30:00,13.688,162.8280730759372,0.3084119810864868,350.059955,55.583889,0.5354102000000001,214.767
2023-10-15 09:00:00,15.463,359.92385200084044,0.42156121612677067,647.0674,88.13081,0.6708204,338.40000000000003
2023-10-15 09:30:00,17.5880005,476.56815798846606,0.526835982964707,719.683175,97.956115,0.639548325,451.103
2023-10-15 10:00:00,19.713001,600.8347952363588,0.6224339904134065,792.29895,107.78142,0.60827625,552.762
2023-10-15 10:30:00,20.6880005,690.5612918736421,0.7067186308190005,816.7656549999999,113.00125,0.7041381250000001,636.537
2023-10-15 11:00:00,21.663,773.6811238275416,0.7782469864460901,841.23236,118.22108,0.8,704.7460000000001
2023-10-15 11:30:00,22.338,829.6355812372598,0.8357945402401727,847.10848,120.52972,0.8272002,755.6669999999999
2023-10-15 12:00:00,23.013,873.5006243433427,0.8783761415806749,852.9846,122.83836,0.8544004,783.953
2023-10-15 12:30:00,23.538001,865.5044664935306,0.9052628622983422,794.7293999999999,145.27453,1.20982395,806.1669999999999
2023-10-15 13:00:00,24.063002,842.4779073020945,0.9159944770311425,736.4742,167.7107,1.5652475,806.886
2023-10-15 13:30:00,24.063002,766.9685130863289,0.9103873345783089,665.5672,161.104165,1.9249897,801.571
2023-10-15 14:00:00,24.063002,682.5954022248668,0.8885374909231707,594.6602,154.49763,2.2847319,755.3679999999999
2023-10-15 14:30:00,23.838001,634.2721501637031,0.8508190546841168,568.2703750000001,151.22755,2.66879965,176.54000000000002
2023-10-15 15:00:00,23.613,579.6906948789465,0.7978777633585729,541.88055,147.95747,3.0528674,713.651
2023-10-15 15:30:00,23.138,505.0923453524236,0.7306199165195452,522.25726,123.888,2.91657755,622.998
2023-10-15 16:00:00,22.663,426.51634504995786,0.6501968408311055,502.63397,99.81853,2.7802877,538.023
2023-10-15 16:30:00,22.263,343.999392384061,0.5579851542023094,453.372025,91.37872,2.46717675,419.368
2023-10-15 17:00:00,21.863,266.4414181721842,0.45556319116538746,404.11008,82.93891,2.1540658,302.70500000000004
2023-10-15 17:30:00,21.313,171.86044039648635,0.3446839615617843,322.43784,61.248086,1.3319838700000002,188.147
2023-10-15 18:00:00,20.763,93.81164320832274,0.2272451174830781,240.7656,39.557262,0.50990194,28.55
2023-10-15 18:30:00,20.038001,32.22048677069388,0.10525647098650648,120.3828,19.778631,0.685067235,7.239000000000001
2023-10-15 19:00:00,19.313002,0.0,0.0,0.0,0.0,0.86023253,0.0
2023-10-15 19:30:00,18.663001,0.0,0.0,0.0,0.0,0.653723075,0.0
2023-10-15 20:00:00,18.013,0.0,0.0,0.0,0.0,0.44721362,0.0
2023-10-15 20:30:00,17.188000000000002,0.0,0.0,0.0,0.0,0.38172069,0.0
2023-10-15 21:00:00,16.363,0.0,0.0,0.0,0.0,0.31622776,0.0
2023-10-15 21:30:00,15.9630005,0.0,0.0,0.0,0.0,0.269917285,0.0
2023-10-15 22:00:00,15.563001,0.0,0.0,0.0,0.0,0.22360681,0.0
2023-10-15 22:30:00,15.3880005,0.0,0.0,0.0,0.0,0.511803405,0.0
2023-10-15 23:00:00,15.213,0.0,0.0,0.0,0.0,0.8,0.0
2023-10-15 23:30:00,14.763,0.0,0.0,0.0,0.0,0.9024938,0.0
2023-10-16 00:00:00,14.313,0.0,0.0,0.0,0.0,1.0049876,0.0
2023-10-16 00:30:00,14.113,0.0,0.0,0.0,0.0,1.11077005,0.0
2023-10-16 01:00:00,13.913,0.0,0.0,0.0,0.0,1.2165525,0.0
2023-10-16 01:30:00,13.838,0.0,0.0,0.0,0.0,1.2753594499999998,0.0
2023-10-16 02:00:00,13.763,0.0,0.0,0.0,0.0,1.3341664,0.0
2023-10-16 02:30:00,14.013,0.0,0.0,0.0,0.0,1.37418995,0.0
2023-10-16 03:00:00,14.263,0.0,0.0,0.0,0.0,1.4142135,0.0
2023-10-16 03:30:00,14.088,0.0,0.0,0.0,0.0,1.35902695,0.0
2023-10-16 04:00:00,13.913,0.0,0.0,0.0,0.0,1.3038404,0.0
2023-10-16 04:30:00,13.588,0.0,0.0,0.0,0.0,0.956058325,0.0
2023-10-16 05:00:00,13.263,0.0,0.0,0.0,0.0,0.60827625,0.0
2023-10-16 05:30:00,13.013,0.0,0.0,0.0,0.0,0.65769151,0.0
2023-10-16 06:00:00,12.763,0.0,0.0,0.0,0.0,0.70710677,0.0
2023-10-16 06:30:00,12.513,0.0,0.0,0.0,0.0,0.8035533850000001,0.0
2023-10-16 07:00:00,12.263,0.0,0.0,0.0,0.0,0.9,0.0
2023-10-16 07:30:00,12.338,11.96203166752421,0.06548837111674816,26.6722375,10.4159725,1.05,5.399
2023-10-16 08:00:00,12.413,30.477085940296128,0.188331882187908,53.344475,20.831945,1.2,80.231
2023-10-16 08:30:00,14.363001,160.67844128379178,0.30726518251914875,349.6062875,53.9467125,1.30710675,203.498
2023-10-16 09:00:00,16.313002,357.5100515228937,0.4202521675735176,645.8681,87.06148,1.4142135,331.009
2023-10-16 09:30:00,18.5130015,474.40135705850025,0.5253585404006619,718.49063,97.4896025,1.131370825,448.209
2023-10-16 10:00:00,20.713001,598.9008845253543,0.620784933316445,791.11316,107.917725,0.84852815,544.0509999999999
2023-10-16 10:30:00,21.6630005,692.0872227243715,0.7048977178452019,822.4514300000001,111.9822845,0.7158116750000001,630.774
2023-10-16 11:00:00,22.613,779.6566156248865,0.7762569594317915,853.7897,116.046844,0.5830952,684.156
2023-10-16 11:30:00,23.2880005,837.5462827821154,0.8336410764626745,861.86215,117.863352,0.5830952,754.0269999999999
2023-10-16 12:00:00,23.963001,883.350417595555,0.8760677551127397,869.9346,119.67986,0.5830952,796.181
2023-10-16 12:30:00,24.5130015,900.6898330474708,0.9028107561676653,863.6092000000001,119.297305,0.6269578,808.951
2023-10-16 13:00:00,25.063002,903.8531601508107,0.9134123487522219,857.2838,118.91475,0.6708204,806.905
2023-10-16 13:30:00,25.3880015,869.635801079749,0.9076911384201247,819.7452350000001,123.976785,0.59036117,807.472
2023-10-16 14:00:00,25.713001,823.1568530746617,0.8857451610633669,782.20667,129.03882,0.50990194,772.246
2023-10-16 14:30:00,25.963001,750.0687967590931,0.8479501940513252,732.356935,128.16089,0.50990194,181.738
2023-10-16 15:00:00,26.213001,670.373456383343,0.794953303543166,682.5072,127.28296,0.50990194,738.0490000000001
2023-10-16 15:30:00,25.6880005,592.4253199812421,0.7276617546983223,655.76045,114.816015,0.6357396200000001,608.8
2023-10-16 16:00:00,25.163,509.80987683940805,0.6472274599834524,629.0137,102.34907,0.7615773,519.4499999999999
2023-10-16 16:30:00,24.463,406.7833249530157,0.5550272332218278,573.8154999999999,88.15114,0.8524877,411.487
2023-10-16 17:00:00,23.763,308.65177953555224,0.4526392116358918,518.6173,73.95321,0.9433981,308.536
2023-10-16 17:30:00,22.888,187.9812243892398,0.34181581801525945,385.39824,56.487315,0.98648055,185.43
2023-10-16 18:00:00,22.013,95.18932529727913,0.22445373791801343,252.17918,39.02142,1.029563,63.34
2023-10-16 18:30:00,20.813,32.22531456640222,0.10256145416772647,126.08959000000002,19.51071,1.2306725,10.423
2023-10-16 19:00:00,19.613,0.0,0.0,0.0,0.0,1.431782,0.0
2023-10-16 19:30:00,18.738,0.0,0.0,0.0,0.0,1.42299775,0.0
2023-10-16 20:00:00,17.863,0.0,0.0,0.0,0.0,1.4142135,0.0
2023-10-16 20:30:00,17.387999999999998,0.0,0.0,0.0,0.0,1.364754,0.0
2023-10-16 21:00:00,16.913,0.0,0.0,0.0,0.0,1.3152945,0.0
2023-10-16 21:30:00,16.738001,0.0,0.0,0.0,0.0,1.2659235,0.0
2023-10-16 22:00:00,16.563002,0.0,0.0,0.0,0.0,1.2165525,0.0
2023-10-16 22:30:00,16.488001,0.0,0.0,0.0,0.0,1.2601965,0.0
2023-10-16 23:00:00,16.413,0.0,0.0,0.0,0.0,1.3038405,0.0
2023-10-16 23:30:00,16.1130005,0.0,0.0,0.0,0.0,1.3319938,0.0
2023-10-17 00:00:00,15.813001,0.0,0.0,0.0,0.0,1.3601471,0.0
2023-10-17 00:30:00,15.738,0.0,0.0,0.0,0.0,1.3300736,0.0
2023-10-17 01:00:00,15.662999,0.0,0.0,0.0,0.0,1.3000001,0.0
2023-10-17 01:30:00,15.6879995,0.0,0.0,0.0,0.0,1.378011,0.0
2023-10-17 02:00:00,15.713,0.0,0.0,0.0,0.0,1.4560219,0.0
2023-10-17 02:30:00,15.863,0.0,0.0,0.0,0.0,1.62939875,0.0
2023-10-17 03:00:00,16.013,0.0,0.0,0.0,0.0,1.8027756,0.0
2023-10-17 03:30:00,16.1130005,0.0,0.0,0.0,0.0,1.7513877999999998,0.0
2023-10-17 04:00:00,16.213001,0.0,0.0,0.0,0.0,1.7,0.0
2023-10-17 04:30:00,16.0880005,0.0,0.0,0.0,0.0,1.80131485,0.0
2023-10-17 05:00:00,15.963,0.0,0.0,0.0,0.0,1.9026297,0.0
2023-10-17 05:30:00,15.963,0.0,0.0,0.0,0.0,2.12817505,0.0
2023-10-17 06:00:00,15.963,0.0,0.0,0.0,0.0,2.3537204,0.0
2023-10-17 06:30:00,15.963,0.0,0.0,0.0,0.0,2.4516151,0.0
2023-10-17 07:00:00,15.963,0.0,0.0,0.0,0.0,2.5495098,0.0
2023-10-17 07:30:00,16.063,0.0,0.06460277862928587,13.4057615,9.3057955,2.6089213,4.377
2023-10-17 08:00:00,16.163,23.247587025108974,0.18730105804551075,26.811523,18.611591,2.6683328,66.888
2023-10-17 08:30:00,16.788,96.36410780770419,0.306078337702646,128.25891149999998,58.23301049999999,3.03195905,184.538
2023-10-17 09:00:00,17.413,192.21215622398316,0.4189012223997068,229.7063,97.85443,3.3955853,454.582
2023-10-17 09:30:00,18.138,317.7482365384532,0.5238382645093385,386.59543,116.918535,3.4563433000000003,122.633
2023-10-17 10:00:00,18.863,470.94911489961004,0.6190930362780791,543.48456,135.98264,3.5171013,545.9000000000001
2023-10-17 10:30:00,19.6630005,582.986225472253,0.703034888715622,638.36888,134.97481,3.66249395,360.367
2023-10-17 11:00:00,20.463001,701.6039721968967,0.7742268547235491,733.2532,133.96698,3.8078866,705.8969999999999
2023-10-17 11:30:00,20.9880005,751.1462661251693,0.8314502566058768,735.442365,139.544465,3.73969935,754.28
2023-10-17 12:00:00,21.513,789.9129220246384,0.8737255705641878,737.63153,145.12195,3.6715121,801.367
2023-10-17 12:30:00,21.663001,765.3999613831654,0.9003291851202196,678.7310150000001,154.37375500000002,3.6715121,813.1689999999999
2023-10-17 13:00:00,21.813002,727.7570546341592,0.9108057892901711,619.8305,163.62556,3.6715121,810.1199999999999
2023-10-17 13:30:00,21.663001,672.4821872284524,0.9049761586864514,563.291,163.41773,3.75929455,814.537
2023-10-17 14:00:00,21.513,609.6539535477984,0.8829402118232144,506.7515,163.2099,3.847077,789.827
2023-10-17 14:30:00,21.888,607.1478663923734,0.8450752885939684,536.43075,154.5639,3.4218710000000003,748.2320000000001
2023-10-17 15:00:00,22.263,593.8002310392161,0.7920296705311579,566.11,145.9179,2.996665,690.3799999999999
2023-10-17 15:30:00,21.913001,493.32551374609477,0.7247114699552586,500.0926500000001,131.5646475,3.06358,620.355
2023-10-17 16:00:00,21.563002,396.04397762643873,0.6442730636359935,434.0753,117.211395,3.130495,519.7829999999999
2023-10-17 16:30:00,21.163001,327.3302361073694,0.5520913388027752,412.003715,100.6284445,2.97414775,416.532
2023-10-17 17:00:00,20.763,258.72183309910184,0.4497441140416486,389.93213,84.045494,2.8178005,304.94100000000003
2023-10-17 17:30:00,20.188,163.85287752021733,0.3389831069543957,304.397565,61.258480000000006,2.348315,188.699
2023-10-17 18:00:00,19.613,86.50512347148359,0.2217039237012792,218.863,38.471466,1.8788295,74.952
2023-10-17 18:30:00,18.613,29.92486526846846,0.0999136122528084,109.4315,19.235733,1.57581085,12.873
2023-10-17 19:00:00,17.613,0.0,0.0,0.0,0.0,1.2727922,0.0
2023-10-17 19:30:00,16.9130005,0.0,0.0,0.0,0.0,1.14629805,0.0
2023-10-17 20:00:00,16.213001,0.0,0.0,0.0,0.0,1.0198039,0.0
2023-10-17 20:30:00,16.1630005,0.0,0.0,0.0,0.0,0.5599019500000001,0.0
2023-10-17 21:00:00,16.113,0.0,0.0,0.0,0.0,0.1,0.0
2023-10-17 21:30:00,15.588,0.0,0.0,0.0,0.0,0.3662277499999999,0.0
2023-10-17 22:00:00,15.063,0.0,0.0,0.0,0.0,0.6324555,0.0
2023-10-17 22:30:00,14.813,0.0,0.0,0.0,0.0,0.98331095,0.0
2023-10-17 23:00:00,14.563,0.0,0.0,0.0,0.0,1.3341664,0.0
2023-10-17 23:30:00,14.563,0.0,0.0,0.0,0.0,1.50523595,0.0
2023-10-18 00:00:00,14.563,0.0,0.0,0.0,0.0,1.6763055,0.0
2023-10-18 00:30:00,14.763,0.0,0.0,0.0,0.0,1.84438335,0.0
2023-10-18 01:00:00,14.963,0.0,0.0,0.0,0.0,2.0124612,0.0
2023-10-18 01:30:00,14.913,0.0,0.0,0.0,0.0,1.72212165,0.0
2023-10-18 02:00:00,14.863,0.0,0.0,0.0,0.0,1.4317821,0.0
2023-10-18 02:30:00,14.413,0.0,0.0,0.0,0.0,1.443902,0.0
2023-10-18 03:00:00,13.963,0.0,0.0,0.0,0.0,1.4560219,0.0
2023-10-18 03:30:00,14.113,0.0,0.0,0.0,0.0,1.443902,0.0
2023-10-18 04:00:00,14.263,0.0,0.0,0.0,0.0,1.4317821,0.0
2023-10-18 04:30:00,14.138,0.0,0.0,0.0,0.0,1.50646045,0.0
2023-10-18 05:00:00,14.013,0.0,0.0,0.0,0.0,1.5811388,0.0
2023-10-18 05:30:00,13.863,0.0,0.0,0.0,0.0,1.73925265,0.0
2023-10-18 06:00:00,13.713,0.0,0.0,0.0,0.0,1.8973665,0.0
2023-10-18 06:30:00,13.963,0.0,0.0,0.0,0.0,1.933569,0.0
2023-10-18 07:00:00,14.213,0.0,0.0,0.0,0.0,1.9697715,0.0
2023-10-18 07:30:00,14.8880005,0.0,0.06368318714343375,6.735644499999999,4.678446,1.85809825,2.839
2023-10-18 08:00:00,15.563001,11.671713809537643,0.18623283720382777,13.471289,9.356892,1.746425,37.088
2023-10-18 08:30:00,16.513001,69.87040523180038,0.3048515435636233,82.43391949999999,45.651586,1.9912465,216.725
2023-10-18 09:00:00,17.463001,143.52704924240854,0.41750866463094205,151.39655,81.94628,2.236068,326.191
2023-10-18 09:30:00,18.7880005,246.4763109161994,0.5222756310233632,260.922395,112.094065,2.22821415,432.101
2023-10-18 10:00:00,20.113,368.7876701470324,0.6173589679635537,370.44824,142.24185,2.2203603,525.3499999999999
2023-10-18 10:30:00,21.4130005,496.42625397708593,0.7011310029516205,489.614045,154.89314000000002,2.277442,598.805
2023-10-18 11:00:00,22.713001,636.2712673909808,0.7721577172989975,608.77985,167.54443,2.3345237,692.038
2023-10-18 11:30:00,23.5380005,694.5497112383996,0.8292233024913311,629.340675,173.82659,2.5885288500000003,720.717
2023-10-18 12:00:00,24.363,745.4666141859032,0.8713509749057448,649.9015,180.10875,2.842534,769.8149999999999
2023-10-18 12:30:00,24.7880005,796.6535361277884,0.8978196867367737,707.297675,161.70044,3.2549791,939.495
2023-10-18 13:00:00,25.213001,838.5581707628277,0.908176469670503,764.69385,143.29213,3.6674242,428.705
2023-10-18 13:30:00,25.0380005,783.4284202210439,0.9022441803690706,719.275695,133.68857,3.8418206,867.0219999999999
2023-10-18 14:00:00,24.863,717.9295553688042,0.8801245206919199,673.85754,124.08501,4.016217,486.492
2023-10-18 14:30:00,24.5380005,646.1980287784395,0.842196285245001,618.279845,125.144323,4.021190750000001,791.017
2023-10-18 15:00:00,24.213001,570.1523192873317,0.789108856424008,562.70215,126.203636,4.0261645,701.1189999999999
2023-10-18 15:30:00,24.2380005,519.6444428745693,0.7217710745022089,560.6527249999999,115.037078,3.3283767500000003,645.8520000000001
2023-10-18 16:00:00,24.263,462.0961924161419,0.6413356586905,558.6033,103.87052,2.630589,155.863
2023-10-18 16:30:00,23.913001,354.2266240686285,0.5491794472602136,481.803375,89.881765,2.1168555,70.379
2023-10-18 17:00:00,23.563002,256.40411727456353,0.4468798192767798,405.00345,75.89301,1.603122,42.514
2023-10-18 17:30:00,22.613001,156.14632620635544,0.3361876700199487,297.534715,56.617376500000006,0.95967488,23.828
2023-10-18 18:00:00,21.663,78.44535676235932,0.21899741475848877,190.06598,37.341743,0.31622776,22.615
2023-10-18 18:30:00,20.488001,27.65879312165095,0.09731456273490502,95.03299,18.6708715,0.76639013,6.815
2023-10-18 19:00:00,19.313002,0.0,0.0,0.0,0.0,1.2165525,0.0
2023-10-18 19:30:00,18.288001,0.0,0.0,0.0,0.0,1.77981365,0.0
2023-10-18 20:00:00,17.263,0.0,0.0,0.0,0.0,2.3430748,0.0
2023-10-18 20:30:00,16.888,0.0,0.0,0.0,0.0,1.93475425,0.0
2023-10-18 21:00:00,16.513,0.0,0.0,0.0,0.0,1.5264337,0.0
2023-10-18 21:30:00,16.538001,0.0,0.0,0.0,0.0,1.4132169,0.0
2023-10-18 22:00:00,16.563002,0.0,0.0,0.0,0.0,1.3000001,0.0
2023-10-18 22:30:00,16.563002,0.0,0.0,0.0,0.0,1.5360023,0.0
2023-10-18 23:00:00,16.563002,0.0,0.0,0.0,0.0,1.7720045,0.0
2023-10-18 23:30:00,16.563002,0.0,0.0,0.0,0.0,1.7491361,0.0
2023-10-19 00:00:00,16.563002,0.0,0.0,0.0,0.0,1.7262677,0.0
2023-10-19 00:30:00,16.5130015,0.0,0.0,0.0,0.0,1.86936445,0.0
2023-10-19 01:00:00,16.463001,0.0,0.0,0.0,0.0,2.0124612,0.0
2023-10-19 01:30:00,16.3630005,0.0,0.0,0.0,0.0,1.9679998,0.0
2023-10-19 02:00:00,16.263,0.0,0.0,0.0,0.0,1.9235384,0.0
2023-10-19 02:30:00,16.138,0.0,0.0,0.0,0.0,1.6724027,0.0
2023-10-19 03:00:00,16.013,0.0,0.0,0.0,0.0,1.421267,0.0
2023-10-19 03:30:00,16.013,0.0,0.0,0.0,0.0,1.3606335500000002,0.0
2023-10-19 04:00:00,16.013,0.0,0.0,0.0,0.0,1.3000001,0.0
2023-10-19 04:30:00,15.938,0.0,0.0,0.0,0.0,1.3300736,0.0
2023-10-19 05:00:00,15.863,0.0,0.0,0.0,0.0,1.3601471,0.0
2023-10-19 05:30:00,15.588,0.0,0.0,0.0,0.0,1.110189815,0.0
2023-10-19 06:00:00,15.313,0.0,0.0,0.0,0.0,0.86023253,0.0
2023-10-19 06:30:00,14.988,0.0,0.0,0.0,0.0,0.940018215,0.0
2023-10-19 07:00:00,14.663,0.0,0.0,0.0,0.0,1.0198039,0.0
2023-10-19 07:30:00,14.813,0.0,0.06272939006815079,6.766178499999999,8.235691,1.0799897,2.446
2023-10-19 08:00:00,14.963,18.621822779363757,0.18512718586628452,13.532357,16.471382,1.1401755,62.811
2023-10-19 08:30:00,15.638001,110.29023511591994,0.3035849492387094,157.6409185,63.643131,1.07008775,0.0
2023-10-19 09:00:00,16.313002,234.29939871857775,0.4160748332626314,301.74948,110.81488,1.0,314.894
2023-10-19 09:30:00,17.438002,349.40900152787253,0.5206711724497249,426.87822000000006,129.059755,1.2,352.871
2023-10-19 10:00:00,18.563002,485.3489537752921,0.6155834547110465,552.00696,147.30463,1.4,572.136
2023-10-19 10:30:00,19.5130015,544.4500321463324,0.6991869776883624,545.754,164.73263,1.252268,595.761
2023-10-19 11:00:00,20.463001,595.6324081864202,0.7700506487445771,539.50104,182.16063,1.104536,788.079
2023-10-19 11:30:00,21.1630005,650.8046429281437,0.8269614906199212,578.5573449999999,173.733095,0.9553809,892.093
2023-10-19 12:00:00,21.863,701.2032591285243,0.8689454070014335,617.61365,165.30556,0.8062258,414.586
2023-10-19 12:30:00,22.063,689.3413726377319,0.8952838468586121,581.632525,169.538835,0.9862081,886.7080000000001
2023-10-19 13:00:00,22.263,666.8012085529905,0.9055261047938958,545.6514,173.77211,1.1661904,862.065
2023-10-19 13:30:00,22.513,675.8351937347063,0.89949702726735,567.1246,166.49490500000002,0.83804617,0.0
2023-10-19 14:00:00,22.763,675.0938311042746,0.8772999983195431,588.5978,159.2177,0.50990194,301.731
2023-10-19 14:30:00,22.7380005,629.6957999020943,0.839315157941306,568.15043,153.419925,0.7292926,664.017
2023-10-19 15:00:00,22.713001,577.560324588218,0.7861928737757263,547.70306,147.62215,0.94868326,145.674
2023-10-19 15:30:00,22.3130005,482.4685511744525,0.7188425941694373,482.87796,136.236465,0.86485413,56.07000000000001
2023-10-19 16:00:00,21.913,390.6426904730118,0.6384172586750327,418.05286,124.85078,0.781025,33.276
2023-10-19 16:30:00,21.338,295.1121809588792,0.5462935343967652,341.5979,109.718042,0.80282307,74.257
2023-10-19 17:00:00,20.763,210.98464008724943,0.4440482407228004,265.14294,94.585304,0.82462114,235.754
2023-10-19 17:30:00,20.3630005,133.39586933118278,0.3334313344865493,195.411558,69.30070699999999,0.7658639549999999,148.227
2023-10-19 18:00:00,19.963001,70.41981927128522,0.2163359300608358,125.680176,44.01611,0.70710677,20.098000000000003
2023-10-19 18:30:00,19.088001,27.57043799273977,0.09476589593066652,62.84008800000001,22.008055,0.81453061,5.2
2023-10-19 19:00:00,18.213001,0.0,0.0,0.0,0.0,0.92195445,0.0
2023-10-19 19:30:00,18.213001,0.0,0.0,0.0,0.0,0.8640901249999999,0.0
2023-10-19 20:00:00,18.213001,0.0,0.0,0.0,0.0,0.8062258,0.0
2023-10-19 20:30:00,18.088001,0.0,0.0,0.0,0.0,0.7636680499999999,0.0
2023-10-19 21:00:00,17.963001,0.0,0.0,0.0,0.0,0.7211103,0.0
2023-10-19 21:30:00,17.7380005,0.0,0.0,0.0,0.0,0.8605551499999999,0.0
2023-10-19 22:00:00,17.513,0.0,0.0,0.0,0.0,1.0,0.0
2023-10-19 22:30:00,17.3630005,0.0,0.0,0.0,0.0,0.94721362,0.0
2023-10-19 23:00:00,17.213001,0.0,0.0,0.0,0.0,0.89442724,0.0
2023-10-19 23:30:00,16.4130005,0.0,0.0,0.0,0.0,0.94721362,0.0
2023-10-20 00:00:00,15.613,0.0,0.0,0.0,0.0,1.0,0.0
2023-10-20 00:30:00,15.6379995,0.0,0.0,0.0,0.0,0.88078865,0.0
2023-10-20 01:00:00,15.662999,0.0,0.0,0.0,0.0,0.7615773,0.0
2023-10-20 01:30:00,15.4129995,0.0,0.0,0.0,0.0,0.873231525,0.0
2023-10-20 02:00:00,15.163,0.0,0.0,0.0,0.0,0.98488575,0.0
2023-10-20 02:30:00,14.963,0.0,0.0,0.0,0.0,0.939656495,0.0
2023-10-20 03:00:00,14.763,0.0,0.0,0.0,0.0,0.89442724,0.0
2023-10-20 03:30:00,14.838,0.0,0.0,0.0,0.0,1.03030882,0.0
2023-10-20 04:00:00,14.913,0.0,0.0,0.0,0.0,1.1661904,0.0
2023-10-20 04:30:00,14.713,0.0,0.0,0.0,0.0,1.1239279,0.0
2023-10-20 05:00:00,14.513,0.0,0.0,0.0,0.0,1.0816654,0.0
2023-10-20 05:30:00,14.338,0.0,0.0,0.0,0.0,1.0816654,0.0
2023-10-20 06:00:00,14.163,0.0,0.0,0.0,0.0,1.0816654,0.0
2023-10-20 06:30:00,14.063,0.0,0.0,0.0,0.0,1.1511605,0.0
2023-10-20 07:00:00,13.963,0.0,0.0,0.0,0.0,1.2206556,0.0
2023-10-20 07:30:00,14.113,0.0,0.061741206659787974,13.589363,8.288316,1.3536312,3.5410000000000004
2023-10-20 08:00:00,14.263,21.237903808037938,0.18398410064355755,27.178726,16.576632,1.4866068,73.229
2023-10-20 08:30:00,15.313,139.73888055668456,0.30227873818826395,290.523688,52.69645799999999,1.6625422,197.995
2023-10-20 09:00:00,16.363,317.236043556193,0.4146001049815618,553.86865,88.816284,1.8384776,323.629
2023-10-20 09:30:00,17.688000000000002,437.18090231238193,0.5190254617125467,657.143095,96.8288995,1.96326945,442.555
2023-10-20 10:00:00,19.013,571.3311589474614,0.6137672653238228,760.41754,104.841515,2.0880613,547.182
2023-10-20 10:30:00,20.188,650.7125623959803,0.6972037738336643,768.315,115.0373125,2.32563125,634.644
2023-10-20 11:00:00,21.363,721.5279473111825,0.7679067950321725,776.21246,125.23311,2.5632012,697.836
2023-10-20 11:30:00,22.238,776.1231130371798,0.8246661417705923,786.13916,127.267325,2.6572821,760.682
2023-10-20 12:00:00,23.113,819.9717115413068,0.8665103491555837,796.06586,129.30154,2.751363,800.806
2023-10-20 12:30:00,23.613,832.787922077568,0.8927232932500851,779.29813,136.29102999999998,2.9417274,813.7080000000001
2023-10-20 13:00:00,24.113,832.4637422655452,0.9028564492992566,762.5304,143.28052,3.1320918,820.24
2023-10-20 13:30:00,24.338001,810.9663544801859,0.8967365601087955,744.2397,142.92843499999998,3.2152882,812.686
2023-10-20 14:00:00,24.563002,777.970156812696,0.8744685888952688,725.949,142.57635,3.2984846,779.8919999999999
2023-10-20 14:30:00,24.463001,718.7455197279987,0.8364339102474907,695.95863,136.18719,3.4829543000000003,736.694
2023-10-20 15:00:00,24.363,651.735806771859,0.7832837604173499,665.96826,129.79803,3.667424,680.472
2023-10-20 15:30:00,23.838001,574.5831796255218,0.715928075320886,643.997865,113.2004525,3.85608685,613.78
2023-10-20 16:00:00,23.313002,492.27120241421903,0.6355198925926129,622.02747,96.602875,4.0447497,335.204
2023-10-20 16:30:00,22.813002,377.0489331541271,0.543435586254035,529.913035,89.1661325,3.88919035,458.388
2023-10-20 17:00:00,22.313002,274.3694930213832,0.4412512965574886,437.7986,81.72939,3.733631,238.266
2023-10-20 17:30:00,21.613001,155.59489851189096,0.3307159269191038,285.81625,61.702162,3.3168155,190.438
2023-10-20 18:00:00,20.913,69.55467114007038,0.21372118238505322,133.8339,41.674934,2.9,48.351
2023-10-20 18:30:00,19.9380005,26.65013870808633,0.09226919059599437,66.91695,20.837467,2.504751,6.681
2023-10-20 19:00:00,18.963001,0.0,0.0,0.0,0.0,2.109502,0.0
2023-10-20 19:30:00,18.463001,0.0,0.0,0.0,0.0,1.9671653,0.0
2023-10-20 20:00:00,17.963001,0.0,0.0,0.0,0.0,1.8248286,0.0
2023-10-20 20:30:00,17.6880005,0.0,0.0,0.0,0.0,1.80684155,0.0
2023-10-20 21:00:00,17.413,0.0,0.0,0.0,0.0,1.7888545,0.0
2023-10-20 21:30:00,17.213,0.0,0.0,0.0,0.0,1.6849965999999998,0.0
2023-10-20 22:00:00,17.013,0.0,0.0,0.0,0.0,1.5811387,0.0
2023-10-20 22:30:00,16.713,0.0,0.0,0.0,0.0,1.29056935,0.0
2023-10-20 23:00:00,16.413,0.0,0.0,0.0,0.0,1.0,0.0
2023-10-20 23:30:00,16.063,0.0,0.0,0.0,0.0,1.059017,0.0
2023-10-21 00:00:00,15.713,0.0,0.0,0.0,0.0,1.118034,0.0
2023-10-21 00:30:00,15.5629995,0.0,0.0,0.0,0.0,1.1693448,0.0
2023-10-21 01:00:00,15.412999,0.0,0.0,0.0,0.0,1.2206556,0.0
2023-10-21 01:30:00,15.4629995,0.0,0.0,0.0,0.0,1.1511605,0.0
2023-10-21 02:00:00,15.513,0.0,0.0,0.0,0.0,1.0816654,0.0
2023-10-21 02:30:00,15.788001,0.0,0.0,0.0,0.0,1.1772288,0.0
2023-10-21 03:00:00,16.063002,0.0,0.0,0.0,0.0,1.2727922,0.0
2023-10-21 03:30:00,16.038001,0.0,0.0,0.0,0.0,1.39961295,0.0
2023-10-21 04:00:00,16.013,0.0,0.0,0.0,0.0,1.5264337,0.0
2023-10-21 04:30:00,15.9130005,0.0,0.0,0.0,0.0,1.6851713,0.0
2023-10-21 05:00:00,15.813001,0.0,0.0,0.0,0.0,1.8439089,0.0
2023-10-21 05:30:00,15.738,0.0,0.0,0.0,0.0,1.9849691,0.0
2023-10-21 06:00:00,15.662999,0.0,0.0,0.0,0.0,2.1260293,0.0
2023-10-21 06:30:00,15.5129995,0.0,0.0,0.0,0.0,2.1260293,0.0
2023-10-21 07:00:00,15.363,0.0,0.0,0.0,0.0,2.1260293,0.0
2023-10-21 07:30:00,15.413,0.0,0.060718460754401044,13.640608,8.345808,2.25570065,2.14
2023-10-21 08:00:00,15.463,21.337185794654808,0.18280358728525967,27.281216,16.691616,2.385372,52.345
2023-10-21 08:30:00,16.3380005,145.97534190329876,0.30093310743769897,321.287338,49.96784,2.4742866,167.44400000000002
2023-10-21 09:00:00,17.213001,336.3970296277782,0.41308487412654127,615.29346,83.244064,2.5632012,296.083
2023-10-21 09:30:00,18.4380005,447.58759162630355,0.5173390931253532,682.19688,95.338462,2.6417476,419.022
2023-10-21 10:00:00,19.663,565.4752031239125,0.6119111933186924,749.1003,107.43286,2.720294,527.7
2023-10-21 10:30:00,20.638,639.0310015794514,0.6951823799403848,749.64283,118.045905,2.8898529,618.995
2023-10-21 11:00:00,21.613,703.1301195493448,0.7657273321826152,750.18536,128.65895,3.0594118,701.644
2023-10-21 11:30:00,22.388,741.4707881637855,0.8223386086616782,726.89288,143.833695,3.2559736,747.751
2023-10-21 12:00:00,23.163,766.6887698093554,0.8640473169805399,703.6004,159.00844,3.4525354,791.519
2023-10-21 12:30:00,23.4380005,772.5397816452814,0.8901396877937222,683.62573,164.352235,3.64980605,807.0319999999999
2023-10-21 13:00:00,23.713001,766.6883485227529,0.9001692921804746,663.65106,169.69603,3.8470767,813.078
2023-10-21 13:30:00,23.7380005,753.2700693862593,0.8939646736465002,653.1981800000001,169.78719999999998,3.8162878,798.732
2023-10-21 14:00:00,23.763,729.6154442670996,0.8716322697383994,642.7453,169.87837,3.7854989,768.6840000000001
2023-10-21 14:30:00,23.7380005,689.9297361419416,0.8335545774222751,644.88788,152.60258499999998,3.75956495,728.1870000000001
2023-10-21 15:00:00,23.713001,640.3150333881288,0.780383583896422,647.03046,135.3268,3.733631,668.446
2023-10-21 15:30:00,23.5380005,560.4449796327671,0.7130295915602274,617.2561949999999,120.294905,3.53564735,595.1300000000001
2023-10-21 16:00:00,23.363,476.93087609654367,0.6326456137500738,587.48193,105.26301,3.3376637,505.559
2023-10-21 16:30:00,22.963001,377.6853829655151,0.5406076098073139,535.5010950000001,88.280965,3.0768446,403.898
2023-10-21 17:00:00,22.563002,283.1350666558531,0.4384909221461319,483.52026,71.29892,2.8160255,288.617
2023-10-21 17:30:00,21.8880015,168.97307182061235,0.32804328703813906,357.12278000000003,52.0999225,2.5091486,165.001
2023-10-21 18:00:00,21.213001,81.24563652865783,0.21115489334869303,230.7253,32.900925,2.2022717,54.119
2023-10-21 18:30:00,20.1630005,26.62599904429169,0.08982602980371353,115.36265,16.4504625,1.75305605,4.215
2023-10-21 19:00:00,19.113,0.0,0.0,0.0,0.0,1.3038404,0.0
2023-10-21 19:30:00,18.813,0.0,0.0,0.0,0.0,1.1519202,0.0
2023-10-21 20:00:00,18.513,0.0,0.0,0.0,0.0,1.0,0.0
2023-10-21 20:30:00,17.688000000000002,0.0,0.0,0.0,0.0,1.052268,0.0
2023-10-21 21:00:00,16.863,0.0,0.0,0.0,0.0,1.104536,0.0
2023-10-21 21:30:00,16.988,0.0,0.0,0.0,0.0,0.916273475,0.0
2023-10-21 22:00:00,17.113,0.0,0.0,0.0,0.0,0.72801095,0.0
2023-10-21 22:30:00,16.887999999999998,0.0,0.0,0.0,0.0,0.79412174,0.0
2023-10-21 23:00:00,16.663,0.0,0.0,0.0,0.0,0.86023253,0.0
2023-10-21 23:30:00,16.788,0.0,0.0,0.0,0.0,0.89109349,0.0
2023-10-22 00:00:00,16.913,0.0,0.0,0.0,0.0,0.92195445,0.0
2023-10-22 00:30:00,16.9380005,0.0,0.0,0.0,0.0,1.453448875,0.0
2023-10-22 01:00:00,16.963001,0.0,0.0,0.0,0.0,1.9849433,0.0
2023-10-22 01:30:00,16.7380005,0.0,0.0,0.0,0.0,2.05313175,0.0
2023-10-22 02:00:00,16.513,0.0,0.0,0.0,0.0,2.1213202,0.0
2023-10-22 02:30:00,15.9629995,0.0,0.0,0.0,0.0,1.74073365,0.0
2023-10-22 03:00:00,15.412999,0.0,0.0,0.0,0.0,1.3601471,0.0
2023-10-22 03:30:00,15.5879995,0.0,0.0,0.0,0.0,1.81144445,0.0
2023-10-22 04:00:00,15.763,0.0,0.0,0.0,0.0,2.2627418,0.0
2023-10-22 04:30:00,15.688,0.0,0.0,0.0,0.0,2.22795655,0.0
2023-10-22 05:00:00,15.613,0.0,0.0,0.0,0.0,2.1931713,0.0
2023-10-22 05:30:00,15.563,0.0,0.0,0.0,0.0,2.15724575,0.0
2023-10-22 06:00:00,15.513,0.0,0.0,0.0,0.0,2.1213202,0.0
2023-10-22 06:30:00,15.438,0.0,0.0,0.0,0.0,2.29860195,0.0
2023-10-22 07:00:00,15.363,0.0,0.0,0.0,0.0,2.4758837,0.0
2023-10-22 07:30:00,15.438,0.0,0.05966095937577966,13.6833885,7.207309,2.4758837,0.8019999999999999
2023-10-22 08:00:00,15.513,19.094262415835573,0.18158563936284047,27.366777,14.414618,2.4758837,49.495000000000005
2023-10-22 08:30:00,16.463,143.85495368075027,0.29954824653576423,316.21208850000005,49.8240615,2.61089485,122.536
2023-10-22 09:00:00,17.413,333.1424941800269,0.41152953227692196,605.0574,85.233505,2.745906,110.888
2023-10-22 09:30:00,19.038,443.65553602143916,0.5156126629318414,667.9653000000001,100.0794905,2.5822915,228.497
2023-10-22 10:00:00,20.663,560.1892067973229,0.6100160387190469,730.8732,114.925476,2.418677,368.556
2023-10-22 10:30:00,22.0630005,630.9002733948972,0.6931237954291424,712.1423500000001,138.060348,2.2605283,634.3130000000001
2023-10-22 11:00:00,23.463001,689.6791047083491,0.7635134512214194,693.4115,161.19522,2.1023796,609.215
2023-10-22 11:30:00,24.713001,759.5485034199443,0.8199802628472199,739.1308,153.75657,2.2396763,743.2139999999999
2023-10-22 12:00:00,25.963001,822.895337720747,0.8615578483490518,784.8501,146.31792,2.376973,769.0889999999999
2023-10-22 12:30:00,26.6880005,853.6741775996289,0.8875347176215667,809.09205,134.63439,2.5170195,789.518
2023-10-22 13:00:00,27.413,872.3415194670324,0.8974664501978706,833.334,122.95086,2.657066,803.4879999999999
2023-10-22 13:30:00,27.6880005,849.6294645832845,0.8911832923915783,816.9983,120.040383,2.1363077,782.974
2023-10-22 14:00:00,27.963001,814.2263485354476,0.8687930493710629,800.6626,117.129906,1.6155494,759.676
2023-10-22 14:30:00,28.0380005,751.3659220344838,0.8306792267848004,767.8989,112.200128,1.3600427,711.8680000000002
2023-10-22 15:00:00,28.113,679.923801946884,0.7774944440747745,735.1352,107.27035,1.104536,655.443
2023-10-22 15:30:00,27.563,580.857488166089,0.7101492484773513,667.5918300000001,106.20618,0.802268,577.086
2023-10-22 16:00:00,27.013,483.0834591305901,0.6297965064850555,600.04846,105.14201,0.5,508.682
2023-10-22 16:30:00,26.188,370.7240599128631,0.5378116415093775,518.6604150000001,92.01915,0.9446222,412.886
2023-10-22 17:00:00,25.363,268.9396446534387,0.4357690802250668,437.27237,78.89629,1.3892444,136.48999999999998
2023-10-22 17:30:00,24.188,162.07850626874728,0.3254152792443999,329.313555,55.3539075,1.48519155,210.10700000000003
2023-10-22 18:00:00,23.013,77.62301011521336,0.20863880604953164,221.35474,31.811525,1.5811387,33.623
2023-10-22 18:30:00,21.588,25.397320200635868,0.08743801444262217,110.67737,15.905762500000002,1.3606571,5.034
2023-10-22 19:00:00,20.163,0.0,0.0,0.0,0.0,1.1401755,0.0
2023-10-22 19:30:00,19.3130005,0.0,0.0,0.0,0.0,1.23717095,0.0
2023-10-22 20:00:00,18.463001,0.0,0.0,0.0,0.0,1.3341664,0.0
2023-10-22 20:30:00,18.9130005,0.0,0.0,0.0,0.0,1.14142483,0.0
2023-10-22 21:00:00,19.363,0.0,0.0,0.0,0.0,0.94868326,0.0
2023-10-22 21:30:00,19.213001,0.0,0.0,0.0,0.0,0.67434163,0.0
2023-10-22 22:00:00,19.063002,0.0,0.0,0.0,0.0,0.4,0.0
2023-10-22 22:30:00,18.588001,0.0,0.0,0.0,0.0,0.5354102000000001,0.0
2023-10-22 23:00:00,18.113,0.0,0.0,0.0,0.0,0.6708204,0.0
2023-10-22 23:30:00,17.463001,0.0,0.0,0.0,0.0,0.84531215,0.0
2023-10-23 00:00:00,16.813002,0.0,0.0,0.0,0.0,1.0198039,0.0
2023-10-23 00:30:00,16.813002,0.0,0.0,0.0,0.0,1.1283678,0.0
2023-10-23 01:00:00,16.813002,0.0,0.0,0.0,0.0,1.2369317,0.0
2023-10-23 01:30:00,16.663001,0.0,0.0,0.0,0.0,1.3148852,0.0
2023-10-23 02:00:00,16.513,0.0,0.0,0.0,0.0,1.3928387,0.0
2023-10-23 02:30:00,15.863,0.0,0.0,0.0,0.0,1.6183738,0.0
2023-10-23 03:00:00,15.213,0.0,0.0,0.0,0.0,1.8439089,0.0
2023-10-23 03:30:00,15.913,0.0,0.0,0.0,0.0,1.6851713,0.0
2023-10-23 04:00:00,16.613,0.0,0.0,0.0,0.0,1.5264337,0.0
2023-10-23 04:30:00,16.5380005,0.0,0.0,0.0,0.0,1.7481026,0.0
2023-10-23 05:00:00,16.463001,0.0,0.0,0.0,0.0,1.9697715,0.0
2023-10-23 05:30:00,16.3130005,0.0,0.0,0.0,0.0,1.91896275,0.0
2023-10-23 06:00:00,16.163,0.0,0.0,0.0,0.0,1.868154,0.0
2023-10-23 06:30:00,16.413,0.0,0.0,0.0,0.0,1.7480180500000002,0.0
2023-10-23 07:00:00,16.663,0.0,0.0,0.0,0.0,1.6278821,0.0
2023-10-23 07:30:00,16.8130005,0.0,0.05856847404346269,6.859018,7.266513,1.41394105,1.73
2023-10-23 08:00:00,16.963001,16.696393517048964,0.18033021948268932,13.718036,14.533026,1.2,30.865
2023-10-23 08:30:00,18.3880015,137.50383787097147,0.2981243189359196,295.531898,50.130813,1.1024938,82.773
2023-10-23 09:00:00,19.813002,321.2484836714193,0.40993445008404195,577.34576,85.7286,1.0049876,276.081
2023-10-23 09:30:00,21.988001,438.52775012290255,0.5138467517934373,670.11325,94.90309,0.866499275,398.40100000000007
2023-10-23 10:00:00,24.163,567.7043968302038,0.608082591407868,762.88074,104.07758,0.72801095,499.764
2023-10-23 10:30:00,25.238001,660.3898581154763,0.6910290150433513,799.79059,107.4821225,0.680233225,584.0500000000001
2023-10-23 11:00:00,26.313002,748.5646943082709,0.7612663438905946,836.70044,110.886665,0.6324555,651.833
2023-10-23 11:30:00,27.063002,806.1388129696164,0.8175924818007163,846.8248699999999,112.7105775,0.4662277499999999,704.325
2023-10-23 12:00:00,27.813002,852.1062414676284,0.859043492040839,856.9493,114.53449,0.3,741.778
2023-10-23 12:30:00,28.338001,869.2888062753264,0.8849100854353567,851.54258,114.1694475,0.6216990499999999,763.592
2023-10-23 13:00:00,28.863,872.6307134276115,0.8947497599379874,846.13586,113.804405,0.9433981,771.833
2023-10-23 13:30:00,29.0380005,850.8444425174462,0.8883943644661864,830.22523,111.5504525,1.4017528,763.533
2023-10-23 14:00:00,29.213001,816.1613388913852,0.8659529631587947,814.3146,109.2965,1.8601075,739.054
2023-10-23 14:30:00,29.3880015,757.1986294048827,0.827809955141514,786.0410300000001,104.992057,1.63005375,705.879
2023-10-23 15:00:00,29.563002,688.9895533996646,0.7746184723149697,757.76746,100.687614,1.4,647.043
2023-10-23 15:30:00,29.0130015,590.8037894601033,0.7072891844616587,698.50568,95.8535345,1.31846585,580.52
2023-10-23 16:00:00,28.463001,492.29741737932505,0.6269746885682612,639.2439,91.019455,1.2369317,496.76700000000005
2023-10-23 16:30:00,27.6380015,385.7640787647667,0.5350497511704233,573.639665,78.6088875,1.06567947,396.757
2023-10-23 17:00:00,26.813002,286.19289469148845,0.43308776606208227,508.03543,66.19832,0.89442724,284.00600000000003
2023-10-23 17:30:00,25.238001,167.92741975204945,0.322833798922081,371.394495,48.2043895,1.00623062,165.17000000000002
2023-10-23 18:00:00,23.663,78.28872584803557,0.2061746923690161,234.75356,30.210459,1.118034,56.319
2023-10-23 18:30:00,22.088,24.933800186095286,0.08510677128681822,117.37678,15.1052295,1.0905243,5.958
2023-10-23 19:00:00,20.513,0.0,0.0,0.0,0.0,1.0630146,0.0
2023-10-23 19:30:00,19.763,0.0,0.0,0.0,0.0,0.992484525,0.0
2023-10-23 20:00:00,19.013,0.0,0.0,0.0,0.0,0.92195445,0.0
2023-10-23 20:30:00,18.4880005,0.0,0.0,0.0,0.0,1.071305025,0.0
2023-10-23 21:00:00,17.963001,0.0,0.0,0.0,0.0,1.2206556,0.0
2023-10-23 21:30:00,17.4880005,0.0,0.0,0.0,0.0,1.2830089999999998,0.0
2023-10-23 22:00:00,17.013,0.0,0.0,0.0,0.0,1.3453624,0.0
2023-10-23 22:30:00,16.663001,0.0,0.0,0.0,0.0,1.3833147,0.0
2023-10-23 23:00:00,16.313002,0.0,0.0,0.0,0.0,1.421267,0.0
2023-10-23 23:30:00,16.038001,0.0,0.0,0.0,0.0,1.35094595,0.0
2023-10-24 00:00:00,15.763,0.0,0.0,0.0,0.0,1.2806249,0.0
2023-10-24 00:30:00,15.563,0.0,0.0,0.0,0.0,1.3474192,0.0
2023-10-24 01:00:00,15.363,0.0,0.0,0.0,0.0,1.4142135,0.0
2023-10-24 01:30:00,15.238,0.0,0.0,0.0,0.0,1.4703236,0.0
2023-10-24 02:00:00,15.113,0.0,0.0,0.0,0.0,1.5264337,0.0
2023-10-24 02:30:00,14.463,0.0,0.0,0.0,0.0,1.4791078999999998,0.0
2023-10-24 03:00:00,13.813,0.0,0.0,0.0,0.0,1.4317821,0.0
2023-10-24 03:30:00,13.988,0.0,0.0,0.0,0.0,1.74666745,0.0
2023-10-24 04:00:00,14.163,0.0,0.0,0.0,0.0,2.0615528,0.0
2023-10-24 04:30:00,14.713,0.0,0.0,0.0,0.0,1.9648534,0.0
2023-10-24 05:00:00,15.263,0.0,0.0,0.0,0.0,1.868154,0.0
2023-10-24 05:30:00,15.688,0.0,0.0,0.0,0.0,1.89584615,0.0
2023-10-24 06:00:00,16.113,0.0,0.0,0.0,0.0,1.9235383,0.0
2023-10-24 06:30:00,16.238,0.0,0.0,0.0,0.0,1.87418345,0.0
2023-10-24 07:00:00,16.363,0.0,0.0,0.0,0.0,1.8248286,0.0
2023-10-24 07:30:00,16.463001,0.0,0.05744072776566442,6.871948999999999,4.887885,1.89475845,0.7939999999999999
2023-10-24 08:00:00,16.563002,12.03378147120412,0.17903724600049387,13.743898,9.77577,1.9646883,61.228
2023-10-24 08:30:00,16.913001,106.98548384602569,0.29666144861030724,193.973724,50.32014,2.05122195,173.415
2023-10-24 09:00:00,17.263,242.09609991617708,0.4082999639005295,374.20355,90.86451,2.1377556,308.91
2023-10-24 09:30:00,18.213,365.93673903863504,0.5120419115460904,506.3844,107.974605,1.9702656,431.848
2023-10-24 10:00:00,19.163,511.02641880524584,0.6061116181845834,638.56525,125.0847,1.8027756,537.37
2023-10-24 10:30:00,20.4380005,617.9520308374247,0.6888990163198034,710.240575,129.226495,1.9807393,627.075
2023-10-24 11:00:00,21.713001,726.8155451802502,0.7589871906333238,781.9159,133.36829,2.158703,694.926
2023-10-24 11:30:00,22.9130005,799.2929790786043,0.8151766375719414,827.5572500000001,123.964425,2.267838,0.0
2023-10-24 12:00:00,24.113,863.9235552607695,0.8565057971208949,873.1986,114.56056,2.376973,775.4080000000001
2023-10-24 12:30:00,24.988,881.981259615249,0.8822674996767306,868.4026,114.18234,2.32975775,790.787
2023-10-24 13:00:00,25.863,885.967128065971,0.8920210688384468,863.6066,113.80412,2.2825425,784.2779999999999
2023-10-24 13:30:00,26.188,861.763117585027,0.8855998535213919,845.1324999999999,111.538485,2.14127125,778.892
2023-10-24 14:00:00,26.513,824.5164460449502,0.8631140661792897,826.6584,109.27285,2.0,765.8100000000001
2023-10-24 14:30:00,26.288001,761.4666329999324,0.824948882603709,793.969275,104.954235,2.0816654000000003,715.9870000000001
2023-10-24 15:00:00,26.063002,689.473094173333,0.7717578262338861,761.28015,100.63562,2.1633308,660.829
2023-10-24 15:30:00,26.113001,594.4785469240379,0.7044515664352105,708.437805,94.46509,1.90172635,592.2330000000001
2023-10-24 16:00:00,26.163,498.0987577074773,0.6241823078245113,655.59546,88.29456,1.6401219,503.534
2023-10-24 16:30:00,25.213,386.0827172877411,0.5323240393861275,579.84498,77.14708,1.53069445,397.887
2023-10-24 17:00:00,24.263,282.9338964552983,0.4304490057081715,504.0945,65.9996,1.421267,280.917
2023-10-24 17:30:00,23.088,164.57335149009575,0.3203007714859272,365.85239,47.5749525,1.2106335,156.197
2023-10-24 18:00:00,21.913,75.21303865823393,0.2037643526440175,227.61028,29.150305,1.0,49.669
2023-10-24 18:30:00,20.663,0.0,0.08283395332126156,113.80514,14.575152500000002,1.3732125,4.699
2023-10-24 19:00:00,19.413,0.0,0.0,0.0,0.0,1.746425,0.0
2023-10-24 19:30:00,18.613001,0.0,0.0,0.0,0.0,1.6794383,0.0
2023-10-24 20:00:00,17.813002,0.0,0.0,0.0,0.0,1.6124516,0.0
2023-10-24 20:30:00,17.163001,0.0,0.0,0.0,0.0,1.3210073,0.0
2023-10-24 21:00:00,16.513,0.0,0.0,0.0,0.0,1.029563,0.0
2023-10-24 21:30:00,15.9629995,0.0,0.0,0.0,0.0,1.1874627,0.0
2023-10-24 22:00:00,15.412999,0.0,0.0,0.0,0.0,1.3453624,0.0
2023-10-24 22:30:00,15.1629995,0.0,0.0,0.0,0.0,1.2768335,0.0
2023-10-24 23:00:00,14.913,0.0,0.0,0.0,0.0,1.2083046,0.0
2023-10-24 23:30:00,14.888,0.0,0.0,0.0,0.0,1.2144800999999998,0.0
2023-10-25 00:00:00,14.863,0.0,0.0,0.0,0.0,1.2206556,0.0
2023-10-25 00:30:00,14.913,0.0,0.0,0.0,0.0,1.3913528,0.0
2023-10-25 01:00:00,14.963,0.0,0.0,0.0,0.0,1.56205,0.0
2023-10-25 01:30:00,15.513001,0.0,0.0,0.0,0.0,1.48813175,0.0
2023-10-25 02:00:00,16.063002,0.0,0.0,0.0,0.0,1.4142135,0.0
2023-10-25 02:30:00,16.038001,0.0,0.0,0.0,0.0,1.11941732,0.0
2023-10-25 03:00:00,16.013,0.0,0.0,0.0,0.0,0.82462114,0.0
2023-10-25 03:30:00,14.438,0.0,0.0,0.0,0.0,0.91480437,0.0
2023-10-25 04:00:00,12.863,0.0,0.0,0.0,0.0,1.0049876,0.0
2023-10-25 04:30:00,12.888,0.0,0.0,0.0,0.0,0.963471025,0.0
2023-10-25 05:00:00,12.913,0.0,0.0,0.0,0.0,0.92195445,0.0
2023-10-25 05:30:00,12.938,0.0,0.0,0.0,0.0,0.982992575,0.0
2023-10-25 06:00:00,12.963,0.0,0.0,0.0,0.0,1.0440307,0.0
2023-10-25 06:30:00,12.988,0.0,0.0,0.0,0.0,1.15447085,0.0
2023-10-25 07:00:00,13.013,0.0,0.0,0.0,0.0,1.264911,0.0
2023-10-25 07:30:00,13.163,0.0,0.056277390855429696,13.765675,6.170185,1.4150792499999998,3.968
2023-10-25 08:00:00,13.313,16.991002285711026,0.177706588380573,27.53135,12.34037,1.5652475,69.18599999999999
2023-10-25 08:30:00,14.963,148.71803404533617,0.2951597149097508,348.4576,46.461445000000005,1.8792094,247.625
2023-10-25 09:00:00,16.613,351.82540151039035,0.40662637016368036,669.38385,80.58252,2.1931713,261.044
2023-10-25 09:30:00,18.688,442.5982978717981,0.5101986592162476,656.004545,109.07321,2.2378569,203.772
2023-10-25 10:00:00,20.763,524.3874264732941,0.6041038563407936,642.62524,137.5639,2.2825425,564.634
2023-10-25 10:30:00,21.913001,621.4673956950289,0.6867347527655456,699.96992,141.675275,2.58088935,676.001
2023-10-25 11:00:00,23.063002,718.4150664380861,0.756677153410791,757.3146,145.78665,2.8792362,644.485
2023-10-25 11:30:00,23.788001,785.0583135044449,0.8127340892383274,793.1386,140.26674,3.1498811,776.259
2023-10-25 12:00:00,24.513,843.4122102051167,0.8539463050460966,828.9626,134.74683,3.420526,533.934
2023-10-25 12:30:00,24.938,854.8534535348313,0.879608666333334,811.81535,140.025705,3.67113015,922.58
2023-10-25 13:00:00,25.363,852.7088289855908,0.8892822267239584,794.6681,145.30458,3.9217343,258.031
2023-10-25 13:30:00,25.563,795.5766105902605,0.8828017300460935,706.5599500000001,172.14810999999997,4.07982915,463.904
2023-10-25 14:00:00,25.763,729.6646572072992,0.8602784243176824,618.4518,198.99164,4.237924,309.149
2023-10-25 14:30:00,25.688,636.5020432024272,0.8220981435402349,513.91894,216.3791,4.1744425,684.842
2023-10-25 15:00:00,25.613,545.1795231382198,0.7689146805591456,409.38608,233.76656,4.110961,407.037
2023-10-25 15:30:00,24.7880005,438.5352387974175,0.701638580643221,317.27359,219.48824,3.9718572,425.781
2023-10-25 16:00:00,23.963001,341.3710945783831,0.621421532936043,225.1611,205.20992,3.8327534,364.675
2023-10-25 16:30:00,23.5380005,305.76263089608676,0.5296366285076041,295.43736,151.76282500000002,3.49514195,380.7960000000001
2023-10-25 17:00:00,23.113,253.59757353513925,0.42785484711495775,365.71362,98.31573,3.1575305,264.887
2023-10-25 17:30:00,22.013,152.5508644687281,0.3178181436947627,275.06966,65.967973,2.7331049,94.333
2023-10-25 18:00:00,20.913,70.27735074115404,0.20140960734744853,184.4257,33.620216,2.3086793,28.517
2023-10-25 18:30:00,19.5630005,0.0,0.08062123175674739,92.21285,16.810108,2.08841665,0.524
2023-10-25 19:00:00,18.213001,0.0,0.0,0.0,0.0,1.868154,0.0
2023-10-25 19:30:00,17.7630015,0.0,0.0,0.0,0.0,1.92023115,0.0
2023-10-25 20:00:00,17.313002,0.0,0.0,0.0,0.0,1.9723083,0.0
2023-10-25 20:30:00,17.088001,0.0,0.0,0.0,0.0,2.0491688,0.0
2023-10-25 21:00:00,16.863,0.0,0.0,0.0,0.0,2.1260293,0.0
2023-10-25 21:30:00,16.688000000000002,0.0,0.0,0.0,0.0,2.0889288500000003,0.0
2023-10-25 22:00:00,16.513,0.0,0.0,0.0,0.0,2.0518284,0.0
2023-10-25 22:30:00,16.388,0.0,0.0,0.0,0.0,1.98638285,0.0
2023-10-25 23:00:00,16.263,0.0,0.0,0.0,0.0,1.9209373,0.0
2023-10-25 23:30:00,16.038000500000003,0.0,0.0,0.0,0.0,1.58696685,0.0
2023-10-26 00:00:00,15.813001,0.0,0.0,0.0,0.0,1.2529964,0.0
2023-10-26 00:30:00,15.5380005,0.0,0.0,0.0,0.0,1.1580055,0.0
2023-10-26 01:00:00,15.263,0.0,0.0,0.0,0.0,1.0630146,0.0
2023-10-26 01:30:00,15.163,0.0,0.0,0.0,0.0,1.07234,0.0
2023-10-26 02:00:00,15.063,0.0,0.0,0.0,0.0,1.0816654,0.0
2023-10-26 02:30:00,15.113,0.0,0.0,0.0,0.0,1.261943,0.0
2023-10-26 03:00:00,15.163,0.0,0.0,0.0,0.0,1.4422206,0.0
2023-10-26 03:30:00,15.313,0.0,0.0,0.0,0.0,1.48432715,0.0
2023-10-26 04:00:00,15.463,0.0,0.0,0.0,0.0,1.5264337,0.0
2023-10-26 04:30:00,15.388,0.0,0.0,0.0,0.0,1.65344155,0.0
2023-10-26 05:00:00,15.313,0.0,0.0,0.0,0.0,1.7804494,0.0
2023-10-26 05:30:00,15.288,0.0,0.0,0.0,0.0,1.8610491,0.0
2023-10-26 06:00:00,15.263,0.0,0.0,0.0,0.0,1.9416488,0.0
2023-10-26 06:30:00,15.388,0.0,0.0,0.0,0.0,2.0016008,0.0
2023-10-26 07:00:00,15.513,0.0,0.0,0.0,0.0,2.0615528,0.0
2023-10-26 07:30:00,15.638,0.0,0.055078088156065616,0.0,6.237917000000001,2.1078093,0.0
2023-10-26 08:00:00,15.763,12.19368968048123,0.17633807384129835,0.0,12.475834,2.1540658,16.694
2023-10-26 08:30:00,16.4880005,69.03261252369279,0.29361915858275733,27.3180315,62.387144,2.5070679,81.87299999999999
2023-10-26 09:00:00,17.213001,131.9522435421781,0.40491393059577313,54.636063,112.298454,2.86007,149.08
2023-10-26 09:30:00,18.0380005,174.45950998783138,0.5083174811773884,58.7853465,147.801727,3.07472335,200.885
2023-10-26 10:00:00,18.863,217.21686532058777,0.6020600167433237,62.93463,183.305,3.2893767,350.642
2023-10-26 10:30:00,19.5380005,253.63727958646712,0.6845371557325453,58.3420135,218.455455,3.2234536,404.569
2023-10-26 11:00:00,20.213001,288.61874538968993,0.7543373762464388,53.749397,253.60591,3.1575305,415.266
2023-10-26 11:30:00,21.213001,373.5060197568598,0.8102661820583096,125.5463285,277.50234,2.7640922000000003,623.292
2023-10-26 12:00:00,22.213001,463.4980346230894,0.8513665474134682,197.34326,301.39877,2.3706539,365.04
2023-10-26 12:30:00,22.6880005,486.59780738311997,0.8769352852175138,216.4226,302.610985,2.37381345,428.258
2023-10-26 13:00:00,23.163,506.9125325107982,0.8865350806161557,235.50194,303.8232,2.376973,381.222
2023-10-26 13:30:00,23.013,410.6557285523222,0.8800019647200045,173.998258,262.602885,2.48656195,398.288
2023-10-26 14:00:00,22.863,313.4002993130884,0.8574481062251187,112.494576,221.38257,2.5961509,265.807
2023-10-26 14:30:00,22.713001,261.6106149828647,0.819259877184508,71.342275,207.50225,2.1612093,161.96800000000002
2023-10-26 15:00:00,22.563002,212.5117388025584,0.7660912164828788,30.189974,193.62193,1.7262677,180.991
2023-10-26 15:30:00,22.0130015,163.97654853737015,0.6988524208770872,16.7875484,155.68872299999998,1.78237265,154.34799999999998
2023-10-26 16:00:00,21.463001,117.1999514955166,0.6186945406975286,3.3851228,117.755516,1.8384776,191.047
2023-10-26 16:30:00,21.588001,164.84228749439762,0.5269896489765218,112.10967639999998,107.886598,2.5316903,288.598
2023-10-26 17:00:00,21.713001,190.34012269456917,0.425307345836534,220.83423,98.01768,3.224903,314.044
2023-10-26 17:30:00,20.8130005,121.64247452449499,0.3153878688988751,182.20102,65.241754,3.4461635,141.012
2023-10-26 18:00:00,19.913,60.52537804581017,0.19911228205150813,143.56781,32.465828,3.667424,62.166
2023-10-26 18:30:00,18.9380005,0.0,0.07847028096478462,71.783905,16.232914,3.4313666,2.03
2023-10-26 19:00:00,17.963001,0.0,0.0,0.0,0.0,3.1953092,0.0
2023-10-26 19:30:00,17.588001,0.0,0.0,0.0,0.0,2.9922872,0.0
2023-10-26 20:00:00,17.213001,0.0,0.0,0.0,0.0,2.7892652,0.0
2023-10-26 20:30:00,17.1630005,0.0,0.0,0.0,0.0,2.5126666,0.0
2023-10-26 21:00:00,17.113,0.0,0.0,0.0,0.0,2.236068,0.0
2023-10-26 21:30:00,16.9130005,0.0,0.0,0.0,0.0,2.4937155,0.0
2023-10-26 22:00:00,16.713001,0.0,0.0,0.0,0.0,2.751363,0.0
2023-10-26 22:30:00,16.588001,0.0,0.0,0.0,0.0,2.8074635,0.0
2023-10-26 23:00:00,16.463001,0.0,0.0,0.0,0.0,2.863564,0.0
2023-10-26 23:30:00,16.2630015,0.0,0.0,0.0,0.0,2.932615,0.0
2023-10-27 00:00:00,16.063002,0.0,0.0,0.0,0.0,3.001666,0.0
2023-10-27 00:30:00,15.9380015,0.0,0.0,0.0,0.0,2.94305355,0.0
2023-10-27 01:00:00,15.813001,0.0,0.0,0.0,0.0,2.8844411,0.0
2023-10-27 01:30:00,15.7630005,0.0,0.0,0.0,0.0,2.77075355,0.0
2023-10-27 02:00:00,15.713,0.0,0.0,0.0,0.0,2.657066,0.0
2023-10-27 02:30:00,15.6380005,0.0,0.0,0.0,0.0,2.5815295000000003,0.0
2023-10-27 03:00:00,15.563001,0.0,0.0,0.0,0.0,2.505993,0.0
2023-10-27 03:30:00,15.9630005,0.0,0.0,0.0,0.0,2.5768166,0.0
2023-10-27 04:00:00,16.363,0.0,0.0,0.0,0.0,2.6476402,0.0
2023-10-27 04:30:00,16.262999999999998,0.0,0.0,0.0,0.0,2.6054207,0.0
2023-10-27 05:00:00,16.163,0.0,0.0,0.0,0.0,2.5632012,0.0
2023-10-27 05:30:00,16.063,0.0,0.0,0.0,0.0,2.72382115,0.0
2023-10-27 06:00:00,15.963,0.0,0.0,0.0,0.0,2.8844411,0.0
2023-10-27 06:30:00,15.8129995,0.0,0.0,0.0,0.0,2.87225555,0.0
2023-10-27 07:00:00,15.662999,0.0,0.0,0.0,0.0,2.86007,0.0
2023-10-27 07:30:00,15.613,0.0,0.05384241846535986,6.871686,5.051274,2.7047899,0.921
2023-10-27 08:00:00,15.563001,12.297264254555367,0.17493150633108687,13.743372,10.102548,2.5495098,34.788
2023-10-27 08:30:00,16.7380005,134.16747160698682,0.29203979990192014,309.761436,44.306672,2.3724798,146.863
2023-10-27 09:00:00,17.913,321.7443056223486,0.4031628892533417,605.7795,78.510796,2.1954498,284.375
2023-10-27 09:30:00,19.338,416.002006103093,0.5063988488860162,619.6358749999999,103.334013,2.2649866000000003,401.888
2023-10-27 10:00:00,20.763,507.00491805883274,0.5999807979679458,633.49225,128.15723,2.3345234,472.451
2023-10-27 10:30:00,21.688,589.5196100037529,0.6823071466974793,658.93814,140.99625500000002,2.6232836,620.949
2023-10-27 11:00:00,22.613,667.5566548861433,0.7519689955112616,684.38403,153.83528,2.9120438,685.9709999999999
2023-10-27 11:30:00,23.138,735.0834704646595,0.8077742555544773,726.49139,148.57149,3.1180989,792.135
2023-10-27 12:00:00,23.663,795.9258377308347,0.8487680516688126,768.59875,143.3077,3.324154,685.261
2023-10-27 12:30:00,23.963,819.7045437467236,0.8742490532372891,776.02301,140.752285,3.4745338500000003,793.473
2023-10-27 13:00:00,24.263,831.3667340059893,0.8837814754992949,783.44727,138.19687,3.6249137,800.221
2023-10-27 13:30:00,24.4880005,818.7319103631573,0.8772025266637044,787.235735,127.11468,3.82802135,788.136
2023-10-27 14:00:00,24.713001,793.3921179081703,0.8546251790719768,791.0242,116.03249,4.031129,730.9069999999999
2023-10-27 14:30:00,24.6880005,727.2407957759513,0.8164362209666509,753.3638,111.049695,3.88772885,735.864
2023-10-27 15:00:00,24.663,653.260655443877,0.7632896127013359,715.7034,106.0669,3.7443287,607.696
2023-10-27 15:30:00,24.4380005,554.9360672315759,0.6960952773662721,645.99015,104.87538,3.50999835,581.791
2023-10-27 16:00:00,24.213001,458.54765379320173,0.6160035029326303,576.2769,103.68386,3.275668,496.955
2023-10-27 16:30:00,23.6630005,358.12937989870215,0.5243852245741514,521.3131149999999,84.9272875,3.0538142,264.66099999999994
2023-10-27 17:00:00,23.113,263.1383887436999,0.42280854878850377,466.34933,66.170715,2.8319604,70.986
2023-10-27 17:30:00,22.263,148.17341070017113,0.31301188962686016,325.477325,46.573855,1.98606795,185.965
2023-10-27 18:00:00,21.413,62.97239373614507,0.1968741891707297,184.60532,26.976995,1.1401755,54.901
2023-10-27 18:30:00,20.238001,0.0,0.07638275974584124,92.30266,13.488497499999998,1.0799897,1.349
2023-10-27 19:00:00,19.063002,0.0,0.0,0.0,0.0,1.0198039,0.0
2023-10-27 19:30:00,18.488001,0.0,0.0,0.0,0.0,0.970879175,0.0
2023-10-27 20:00:00,17.913,0.0,0.0,0.0,0.0,0.92195445,0.0
2023-10-27 20:30:00,17.963,0.0,0.0,0.0,0.0,0.610977225,0.0
2023-10-27 21:00:00,18.013,0.0,0.0,0.0,0.0,0.3,0.0
2023-10-27 21:30:00,17.063000000000002,0.0,0.0,0.0,0.0,0.6216990499999999,0.0
2023-10-27 22:00:00,16.113,0.0,0.0,0.0,0.0,0.9433981,0.0
2023-10-27 22:30:00,15.638,0.0,0.0,0.0,0.0,1.0417868,0.0
2023-10-27 23:00:00,15.163,0.0,0.0,0.0,0.0,1.1401755,0.0
2023-10-27 23:30:00,14.988,0.0,0.0,0.0,0.0,1.4920422,0.0
2023-10-28 00:00:00,14.813,0.0,0.0,0.0,0.0,1.8439089,0.0
2023-10-28 00:30:00,14.763,0.0,0.0,0.0,0.0,2.05332535,0.0
2023-10-28 01:00:00,14.713,0.0,0.0,0.0,0.0,2.2627418,0.0
2023-10-28 01:30:00,14.713,0.0,0.0,0.0,0.0,2.18612205,0.0
2023-10-28 02:00:00,14.713,0.0,0.0,0.0,0.0,2.1095023,0.0
2023-10-28 02:30:00,14.738,0.0,0.0,0.0,0.0,1.7511705,0.0
2023-10-28 03:00:00,14.763,0.0,0.0,0.0,0.0,1.3928387,0.0
2023-10-28 03:30:00,14.988,0.0,0.0,0.0,0.0,1.3046956,0.0
2023-10-28 04:00:00,15.213,0.0,0.0,0.0,0.0,1.2165525,0.0
2023-10-28 04:30:00,15.188,0.0,0.0,0.0,0.0,1.08261788,0.0
2023-10-28 05:00:00,15.163,0.0,0.0,0.0,0.0,0.94868326,0.0
2023-10-28 05:30:00,14.738,0.0,0.0,0.0,0.0,0.94604068,0.0
2023-10-28 06:00:00,14.313,0.0,0.0,0.0,0.0,0.9433981,0.0
2023-10-28 06:30:00,14.188,0.0,0.0,0.0,0.0,0.825252435,0.0
2023-10-28 07:00:00,14.063,0.0,0.0,0.0,0.0,0.70710677,0.0
2023-10-28 07:30:00,14.138,0.0,0.052569983730344945,6.860879000000001,3.84031775,1.033626885,0.15
2023-10-28 08:00:00,14.213,9.906778289854957,0.17348669541691233,13.721758,7.6806355,1.360147,36.362
2023-10-28 08:30:00,15.488,109.75747040688809,0.29042166684394577,215.041314,48.11509775,1.4610985,175.496
2023-10-28 09:00:00,16.763,254.1996107644218,0.40137349961381985,416.36087,88.54956,1.56205,309.446
2023-10-28 09:30:00,18.438,376.3556157826739,0.5044432444869821,553.9463049999999,97.97061,1.38310475,425.374
2023-10-28 10:00:00,20.113,520.2028421602558,0.5978669100520618,691.53174,107.39166,1.2041595,524.269
2023-10-28 10:30:00,21.138,585.7039828346966,0.680045658897149,692.06287,115.49613,1.72011375,605.068
2023-10-28 11:00:00,22.163,642.5302397980856,0.7495731590903565,692.594,123.6006,2.236068,683.526
2023-10-28 11:30:00,22.888,673.5538781042816,0.8052596600065949,667.8145,136.128045,2.5189266,779.8810000000001
2023-10-28 12:00:00,23.613,692.3048139526178,0.8461523547397296,643.035,148.65549,2.8017852,477.651
2023-10-28 12:30:00,23.638,634.7744157915533,0.871551675001398,521.37732,182.043085,3.3153116,437.844
2023-10-28 13:00:00,23.663,564.6973449895108,0.8810232617952917,399.71964,215.43068,3.828838,672.088
2023-10-28 13:30:00,23.513,551.283073204406,0.8744053877300049,396.6688850000001,207.152865,4.1555125,267.986
2023-10-28 14:00:00,23.363,531.6208143473561,0.851811709662161,393.61813,198.87505,4.482187,827.758
2023-10-28 14:30:00,23.113,439.50559857437884,0.8136293085239664,285.53154500000005,210.566765,4.01450825,181.829
2023-10-28 15:00:00,22.863,352.9942766199697,0.7605120404068111,177.44496,222.25848,3.5468295,169.518
2023-10-28 15:30:00,23.2880005,409.1304440000587,0.6933693289261318,354.07372999999995,165.959545,2.44049795,183.94
2023-10-28 16:00:00,23.713001,434.71459491986036,0.6133505760216926,530.7025,109.66061,1.3341664,109.198
2023-10-28 16:30:00,23.2630015,323.91391290600683,0.52182545958728,439.0393,95.483615,1.3341664,92.474
2023-10-28 17:00:00,22.813002,226.4393298766695,0.42036047935398924,347.3761,81.30662,1.3341664,54.70900000000001
2023-10-28 17:30:00,22.0130015,131.39442943747827,0.31069212099718896,253.11114,53.377662,1.0670832,48.109
2023-10-28 18:00:00,21.213001,56.02033122569924,0.1946971100250933,158.84618,25.448704,0.8,40.213
2023-10-28 18:30:00,20.213001,0.0,0.07436029240737219,79.42309,12.724352,0.87434163,1.806
2023-10-28 19:00:00,19.213001,0.0,0.0,0.0,0.0,0.94868326,0.0
2023-10-28 19:30:00,18.838001,0.0,0.0,0.0,0.0,0.92155525,0.0
2023-10-28 20:00:00,18.463001,0.0,0.0,0.0,0.0,0.89442724,0.0
2023-10-28 20:30:00,18.0630005,0.0,0.0,0.0,0.0,0.89998287,0.0
2023-10-28 21:00:00,17.663,0.0,0.0,0.0,0.0,0.9055385,0.0
2023-10-28 21:30:00,17.512999999999998,0.0,0.0,0.0,0.0,0.92711088,0.0
2023-10-28 22:00:00,17.363,0.0,0.0,0.0,0.0,0.94868326,0.0
2023-10-28 22:30:00,17.137999999999998,0.0,0.0,0.0,0.0,0.92155525,0.0
2023-10-28 23:00:00,16.913,0.0,0.0,0.0,0.0,0.89442724,0.0
2023-10-28 23:30:00,16.213,0.0,0.0,0.0,0.0,1.09721367,0.0
2023-10-29 00:00:00,15.513,0.0,0.0,0.0,0.0,1.3000001,0.0
2023-10-29 00:30:00,15.263,0.0,0.0,0.0,0.0,1.28245555,0.0
2023-10-29 01:00:00,15.013,0.0,0.0,0.0,0.0,1.264911,0.0
2023-10-29 01:30:00,14.863,0.0,0.0,0.0,0.0,1.312529,0.0
2023-10-29 02:00:00,14.713,0.0,0.0,0.0,0.0,1.360147,0.0
2023-10-29 02:30:00,14.588,0.0,0.0,0.0,0.0,1.2653085,0.0
2023-10-29 03:00:00,14.463,0.0,0.0,0.0,0.0,1.17047,0.0
2023-10-29 03:30:00,14.138,0.0,0.0,0.0,0.0,1.24288225,0.0
2023-10-29 04:00:00,13.813,0.0,0.0,0.0,0.0,1.3152945,0.0
2023-10-29 04:30:00,13.763,0.0,0.0,0.0,0.0,1.32473045,0.0
2023-10-29 05:00:00,13.713,0.0,0.0,0.0,0.0,1.3341664,0.0
2023-10-29 05:30:00,13.563,0.0,0.0,0.0,0.0,1.1170832,0.0
2023-10-29 06:00:00,13.413,0.0,0.0,0.0,0.0,0.9,0.0
2023-10-29 06:30:00,13.538,0.0,0.051260422422718215,0.0,5.1995705,0.8035533850000001,0.0
2023-10-29 07:00:00,13.663,10.163961647579573,0.17200348950103955,0.0,10.399141,0.70710677,0.0
2023-10-29 07:30:00,14.863001,77.85900880818555,0.28876482782421614,97.943475,50.5945105,0.8035533850000001,0.0
2023-10-29 08:00:00,16.063002,167.25465293246242,0.3995460563015133,195.88695,90.78988,0.9,16.694
2023-10-29 08:30:00,17.663001,233.6701971639411,0.5024511911529933,223.123625,123.91619,0.75,81.87299999999999
2023-10-29 09:00:00,19.263,303.27855080218546,0.5957191030869571,250.3603,157.0425,0.6,149.08
2023-10-29 09:30:00,20.188,433.6574304469716,0.6777536637939198,415.9119,153.857285,0.66055515,200.885
2023-10-29 10:00:00,21.113,583.8501601744596,0.7471510504083251,581.4635,150.67207,0.7211103,350.642
2023-10-29 10:30:00,21.9130005,636.7496487424308,0.8027237777647844,574.4369999999999,177.29976499999998,0.77286572,404.569
2023-10-29 11:00:00,22.713001,680.4844091686689,0.8435210214032072,567.4105,203.92746,0.82462114,415.266
2023-10-29 11:30:00,23.2630015,655.773169953615,0.8688448780627662,503.60361,220.861365,0.873287795,623.292
2023-10-29 12:00:00,23.813002,620.8346630897555,0.8782623073703861,439.79672,237.79527,0.92195445,365.04
2023-10-29 12:30:00,24.213001,592.5100884261635,0.8716125312083168,393.40736,253.405985,0.715928195,428.258
2023-10-29 13:00:00,24.613,559.2664984573614,0.8490097698241168,347.018,269.0167,0.50990194,381.222
2023-10-29 13:30:00,24.4130005,528.1662487732284,0.8108412718116598,358.30465,241.40055,0.65806387,398.288
2023-10-29 14:00:00,24.213001,490.69302343070945,0.7577606622256855,369.5913,213.7844,0.8062258,265.807
2023-10-29 14:30:00,23.5380005,428.94604331792016,0.6906767388954366,377.70489,170.3551325,1.4578639,161.96800000000002
2023-10-29 15:00:00,22.863,361.1508140184071,0.6107378940286718,385.81848,126.925865,2.109502,180.991
2023-10-29 15:30:00,22.063,243.47440154103342,0.5193124293200146,254.845705,112.7825825,2.45831785,154.34799999999998
2023-10-29 16:00:00,21.263,148.51743543854266,0.41796512565726257,123.87293,98.6393,2.8071337,191.047
2023-10-29 16:30:00,20.6130005,88.22635544717986,0.3084304370212529,87.513815,62.444757,2.68906285,288.598
2023-10-29 17:00:00,19.963001,35.577506110774,0.19258277956214798,51.1547,26.250214,2.570992,314.044
2023-10-29 17:30:00,19.5130015,0.0,0.07240445231043321,25.57735,13.125107,2.3775125,141.012
2023-10-29 18:00:00,19.063002,0.0,0.0,0.0,0.0,2.184033,62.166
2023-10-29 18:30:00,18.813002,0.0,0.0,0.0,0.0,2.2688767,2.03
2023-10-29 19:00:00,18.563002,0.0,0.0,0.0,0.0,2.3537204,0.0
2023-10-29 19:30:00,18.338001,0.0,0.0,0.0,0.0,2.2076366,0.0
2023-10-29 20:00:00,18.113,0.0,0.0,0.0,0.0,2.0615528,0.0
2023-10-29 20:30:00,17.9130005,0.0,0.0,0.0,0.0,1.8851768,0.0
2023-10-29 21:00:00,17.713001,0.0,0.0,0.0,0.0,1.7088008,0.0
2023-10-29 21:30:00,17.5630005,0.0,0.0,0.0,0.0,1.5252208,0.0
2023-10-29 22:00:00,17.413,0.0,0.0,0.0,0.0,1.3416408,0.0
2023-10-29 22:30:00,17.012999999999998,0.0,0.0,0.0,0.0,1.18072235,0.0
2023-10-29 23:00:00,16.613,0.0,0.0,0.0,0.0,1.0198039,0.0
2023-10-29 23:30:00,16.387999999999998,0.0,0.0,0.0,0.0,1.06891895,0.0
2023-10-30 00:00:00,16.163,0.0,0.0,0.0,0.0,1.118034,0.0
2023-10-30 00:30:00,16.063,0.0,0.0,0.0,0.0,1.111285,0.0
2023-10-30 01:00:00,15.963,0.0,0.0,0.0,0.0,1.104536,0.0
2023-10-30 01:30:00,16.188,0.0,0.0,0.0,0.0,1.111285,0.0
2023-10-30 02:00:00,16.413,0.0,0.0,0.0,0.0,1.118034,0.0
2023-10-30 02:30:00,16.188,0.0,0.0,0.0,0.0,0.989133265,0.0
2023-10-30 03:00:00,15.963,0.0,0.0,0.0,0.0,0.86023253,0.0
2023-10-30 03:30:00,15.463,0.0,0.0,0.0,0.0,0.968632715,0.0
2023-10-30 04:00:00,14.963,0.0,0.0,0.0,0.0,1.0770329,0.0
2023-10-30 04:30:00,14.838,0.0,0.0,0.0,0.0,1.0885164500000002,0.0
2023-10-30 05:00:00,14.713,0.0,0.0,0.0,0.0,1.1,0.0
2023-10-30 05:30:00,14.488,0.0,0.0,0.0,0.0,1.15207975,0.0
2023-10-30 06:00:00,14.263,0.0,0.0,0.0,0.0,1.2041595,0.0
2023-10-30 06:30:00,14.313,0.0,0.049913440576037554,6.801494999999999,3.968254500000001,1.3091865,0.0
2023-10-30 07:00:00,14.363,10.096027961041868,0.17048180684356046,13.60299,7.936509,1.4142135,0.0
2023-10-30 07:30:00,15.513,114.7825346168676,0.28706942216757747,251.32568,43.2890745,1.6779311,0.921
2023-10-30 08:00:00,16.663,271.9774761554798,0.3976809247642693,489.04837,78.64164,1.9416487,34.788
2023-10-30 08:30:00,17.863001,386.6427413371172,0.5004232815641703,591.822405,91.34988,2.14129435,146.863
2023-10-30 09:00:00,19.063002,515.739311180783,0.5935381941384102,694.59644,104.05812,2.34094,284.375
2023-10-30 09:30:00,19.863001,595.5122933672945,0.6754321961014973,715.97272,112.228153,2.7860195,401.888
2023-10-30 10:00:00,20.663,669.479423291545,0.7447039113389926,737.349,120.398186,3.231099,472.451
2023-10-30 10:30:00,21.213,706.4589109955685,0.8001680437363653,720.063965,130.319483,3.4183251,620.949
2023-10-30 11:00:00,21.763,731.1504326589045,0.8408756621596762,702.77893,140.24078,3.6055512,685.9709999999999
2023-10-30 11:30:00,22.188,748.3540011230124,0.8661304280237934,692.85724,148.37270999999998,3.76364275,792.135
2023-10-30 12:00:00,22.613,754.2082141741733,0.8755005097517663,682.93555,156.50464,3.9217343,685.261
2023-10-30 12:30:00,22.9130005,739.1093704305773,0.8688259610909285,680.9994750000001,147.44359500000002,3.81086715,793.473
2023-10-30 13:00:00,23.213001,713.2189121429191,0.8462214427134793,679.0634,138.38255,3.7,800.221
2023-10-30 13:30:00,23.1630005,646.0223023221067,0.8080742444843749,635.644065,132.366575,3.512077,788.136
2023-10-30 14:00:00,23.113,573.3204655865201,0.7550376327834345,592.22473,126.3506,3.324154,730.9069999999999
2023-10-30 14:30:00,22.1630005,429.06703706973883,0.6880196529828663,445.998815,123.094235,2.9707022,735.864
2023-10-30 15:00:00,21.213001,300.56582126643667,0.6081675640213295,299.7729,119.83787,2.6172504,607.696
2023-10-30 15:30:00,20.8130005,219.53166170833543,0.5168481731740183,245.713845,93.83841,2.7316502,581.791
2023-10-30 16:00:00,20.413,146.4725658325715,0.4156244315801105,191.65479,67.83895,2.84605,496.955
2023-10-30 16:30:00,19.913,89.99222266774112,0.30622865986955805,149.39521,44.932427,2.63132965,264.66099999999994
2023-10-30 17:00:00,19.413,42.08296227275176,0.1905328742169898,107.13563,22.025904,2.4166093,70.986
2023-10-30 17:30:00,18.613001,0.0,0.0705167486311743,53.567815,11.012952,2.35939115,185.965
2023-10-30 18:00:00,17.813002,0.0,0.0,0.0,0.0,2.302173,54.901
2023-10-30 18:30:00,17.313002,0.0,0.0,0.0,0.0,2.0944846,1.349
2023-10-30 19:00:00,16.813002,0.0,0.0,0.0,0.0,1.8867962,0.0
2023-10-30 19:30:00,16.5130015,0.0,0.0,0.0,0.0,1.8447859,0.0
2023-10-30 20:00:00,16.213001,0.0,0.0,0.0,0.0,1.8027756,0.0
2023-10-30 20:30:00,15.9630005,0.0,0.0,0.0,0.0,1.7091625,0.0
2023-10-30 21:00:00,15.713,0.0,0.0,0.0,0.0,1.6155494,0.0
2023-10-30 21:30:00,15.388,0.0,0.0,0.0,0.0,1.4402301999999998,0.0
2023-10-30 22:00:00,15.063,0.0,0.0,0.0,0.0,1.264911,0.0
2023-10-30 22:30:00,14.788,0.0,0.0,0.0,0.0,1.23453525,0.0
2023-10-30 23:00:00,14.513,0.0,0.0,0.0,0.0,1.2041595,0.0
2023-10-30 23:30:00,14.413,0.0,0.0,0.0,0.0,1.2205456,0.0
2023-10-31 00:00:00,14.313,0.0,0.0,0.0,0.0,1.2369317,0.0
2023-10-31 00:30:00,14.088,0.0,0.0,0.0,0.0,1.1404812,0.0
2023-10-31 01:00:00,13.863,0.0,0.0,0.0,0.0,1.0440307,0.0
2023-10-31 01:30:00,13.713,0.0,0.0,0.0,0.0,1.1404812,0.0
2023-10-31 02:00:00,13.563,0.0,0.0,0.0,0.0,1.2369317,0.0
2023-10-31 02:30:00,13.638,0.0,0.0,0.0,0.0,1.13324735,0.0
2023-10-31 03:00:00,13.713,0.0,0.0,0.0,0.0,1.029563,0.0
2023-10-31 03:30:00,13.588,0.0,0.0,0.0,0.0,1.0737985,0.0
2023-10-31 04:00:00,13.463,0.0,0.0,0.0,0.0,1.118034,0.0
2023-10-31 04:30:00,13.438,0.0,0.0,0.0,0.0,1.27490805,0.0
2023-10-31 05:00:00,13.413,0.0,0.0,0.0,0.0,1.4317821,0.0
2023-10-31 05:30:00,13.313,0.0,0.0,0.0,0.0,1.46589105,0.0
2023-10-31 06:00:00,13.213,0.0,0.0,0.0,0.0,1.5,0.0
2023-10-31 06:30:00,13.313,0.0,0.04852883536070607,0.0,4.048027,1.56394105,0.0
2023-10-31 07:00:00,13.413,7.912959575481589,0.16892165900298012,0.0,8.096054,1.6278821,0.0
2023-10-31 07:30:00,14.463,114.15278634232833,0.2853356832142847,246.55983,44.489552,2.00242755,0.15
2023-10-31 08:00:00,15.513,274.8541687482737,0.3957785636281353,493.11966,80.88305,2.376973,36.362
2023-10-31 08:30:00,16.713,394.8804230870885,0.4983601991991342,609.567705,91.946282,2.5541365000000003,175.496
2023-10-31 09:00:00,17.913,531.8156290805755,0.591325087233157,726.01575,103.009514,2.7313,309.446
2023-10-31 09:30:00,18.763,624.8182426847111,0.6730823722414537,766.58185,108.932592,3.2041276,425.374
2023-10-31 10:00:00,19.613,714.2786146225326,0.7422330588373227,807.14795,114.85567,3.6769552,524.269
2023-10-31 10:30:00,20.188,773.5209454563037,0.7975939600986424,823.651625,115.87909,3.78847755,605.068
2023-10-31 11:00:00,20.763,822.2092952741095,0.8382179458632517,840.1553,116.90251,3.8999999,683.526
2023-10-31 11:30:00,21.263,841.6552028996186,0.8634101389714005,839.70115,115.36496,3.98592725,779.8810000000001
2023-10-31 12:00:00,21.763,847.7656496042054,0.8727398042993816,839.247,113.82741,4.0718546,477.651
2023-10-31 12:30:00,22.1130005,828.2485103062542,0.8660477079475946,827.00622,110.503442,4.0483885,437.844
2023-10-31 13:00:00,22.463001,795.9349051327112,0.8434488264062515,814.76544,107.179474,4.0249224,672.088
2023-10-31 13:30:00,22.588001,734.6971202606516,0.805330363252377,783.52917,102.341532,4.04777435,267.986
2023-10-31 14:00:00,22.713001,664.6565028591274,0.7523450978947551,752.2929,97.50359,4.0706263,827.758
2023-10-31 14:30:00,22.588001,569.738257670371,0.6854001964228879,695.682765,92.123385,3.62355115,181.829
2023-10-31 15:00:00,22.463001,474.210689791704,0.6056416613743819,639.07263,86.74318,3.176476,169.518
2023-10-31 15:30:00,21.9130005,360.7710603352928,0.5144346882233855,554.024815,75.66391999999999,2.99979735,183.94
2023-10-31 16:00:00,21.363,258.20836295310016,0.4133402888568319,468.977,64.58466,2.8231187,109.198
2023-10-31 16:30:00,20.4130005,141.95760994379683,0.30408855074721247,324.70121,43.466824,2.21933405,92.474
2023-10-31 17:00:00,19.463001,56.0971376631295,0.18854900174796965,180.42542,22.348988,1.6155494,54.70900000000001
2023-10-31 17:30:00,18.1630005,0.0,0.06869861544821847,90.21271,11.174494,1.5594395,48.109
2023-10-31 18:00:00,16.863,0.0,0.0,0.0,0.0,1.5033296,40.213
2023-10-31 18:30:00,17.188000000000002,0.0,0.0,0.0,0.0,1.071821015,1.806
2023-10-31 19:00:00,17.513,0.0,0.0,0.0,0.0,0.64031243,0.0
2023-10-31 19:30:00,17.1130005,0.0,0.0,0.0,0.0,0.5263115,0.0
2023-10-31 20:00:00,16.713001,0.0,0.0,0.0,0.0,0.41231057,0.0
2023-10-31 20:30:00,15.4380005,0.0,0.0,0.0,0.0,0.618465855,0.0
2023-10-31 21:00:00,14.163,0.0,0.0,0.0,0.0,0.82462114,0.0
2023-10-31 21:30:00,13.863,0.0,0.0,0.0,0.0,0.99754557,0.0
2023-10-31 22:00:00,13.563,0.0,0.0,0.0,0.0,1.17047,0.0
2023-10-31 22:30:00,13.563,0.0,0.0,0.0,0.0,1.077677875,0.0
2023-10-31 23:00:00,13.563,0.0,0.0,0.0,0.0,0.98488575,0.0
2023-10-31 23:30:00,13.538,0.0,0.0,0.0,0.0,1.102770675,0.0
2023-11-01 00:00:00,13.513,0.0,0.0,0.0,0.0,1.2206556,0.0
2023-11-01 00:30:00,13.588,0.0,0.0,0.0,0.0,1.60027725,0.0
2023-11-01 01:00:00,13.663,0.0,0.0,0.0,0.0,1.9798989,0.0
2023-11-01 01:30:00,13.488,0.0,0.0,0.0,0.0,2.05060955,0.0
2023-11-01 02:00:00,13.313,0.0,0.0,0.0,0.0,2.1213202,0.0
2023-11-01 02:30:00,13.463,0.0,0.0,0.0,0.0,2.15724575,0.0
2023-11-01 03:00:00,13.613,0.0,0.0,0.0,0.0,2.1931713,0.0
2023-11-01 03:30:00,13.463,0.0,0.0,0.0,0.0,2.09658565,0.0
2023-11-01 04:00:00,13.313,0.0,0.0,0.0,0.0,2.0,0.0
2023-11-01 04:30:00,13.138,0.0,0.0,0.0,0.0,1.85,0.0
2023-11-01 05:00:00,12.963,0.0,0.0,0.0,0.0,1.7,0.0
2023-11-01 05:30:00,12.913,0.0,0.0,0.0,0.0,1.6562258,0.0
2023-11-01 06:00:00,12.863,0.0,0.0,0.0,0.0,1.6124516,0.0
2023-11-01 06:30:00,12.863,0.0,0.04710650950329343,0.0,4.1423255,1.7614744,0.839
2023-11-01 07:00:00,12.863,8.097291403932473,0.16732316494741897,0.0,8.284651,1.9104972,13.857
2023-11-01 07:30:00,14.488,116.75170472426288,0.28356395182231425,272.537,40.02479050000001,2.3641488500000003,57.354
2023-11-01 08:00:00,16.113,285.51447259793486,0.39383953743700434,545.074,71.76493,2.8178005,85.935
2023-11-01 08:30:00,17.762999999999998,404.9516255074971,0.4962627301926459,646.02342,84.99813800000001,2.9900391,0.0
2023-11-01 09:00:00,19.413,537.8931244077372,0.589080784137909,746.97284,98.231346,3.1622777,356.954
2023-11-01 09:30:00,20.463,614.4090057185973,0.6707053998869684,752.39822,109.966983,3.510517,487.903
2023-11-01 10:00:00,21.513,682.2694842290194,0.7397398931906154,757.8236,121.70262,3.8587563,658.0759999999999
2023-11-01 10:30:00,22.338,718.1059060272923,0.7950031030876982,725.50372,141.64547,4.0506984,729.7309999999999
2023-11-01 11:00:00,23.163,740.1687430269353,0.8355496049696993,693.18384,161.58832,4.2426405,785.0169999999999
2023-11-01 11:30:00,23.5630005,773.2740081512193,0.8606858771545567,730.062195,144.8259,4.21476245,692.982
2023-11-01 12:00:00,23.963001,796.0849167084533,0.8699821662989169,766.94055,128.06348,4.1868844,460.332
2023-11-01 12:30:00,24.088001,769.5330770385523,0.8632798294572812,744.161955,126.380505,4.2957137,741.135
2023-11-01 13:00:00,24.213001,731.8285134653183,0.8406940329025306,721.38336,124.69753,4.404543,642.965
2023-11-01 13:30:00,24.1880005,682.6092462739016,0.8026117654264406,703.2339300000001,117.5748925,4.365602300000001,0.0
2023-11-01 14:00:00,24.163,624.6027171995001,0.7496851907465213,685.0845,110.452255,4.3266616,0.0
2023-11-01 14:30:00,23.663,536.4397573824681,0.6828204689319058,637.01205,101.1495225,3.9303906,541.487
2023-11-01 15:00:00,23.163,447.1708869079613,0.6031622235541463,588.9396,91.84679,3.5341196,367.917
2023-11-01 15:30:00,22.488001,340.5021898001872,0.5120739220588273,511.181515,78.87033,3.31059465,434.999
2023-11-01 16:00:00,21.813002,243.72083416028443,0.41111452911723817,433.42343,65.89387,3.0870697,207.791
2023-11-01 16:30:00,20.963001,130.20642054894935,0.3020118012827821,288.501665,43.40010100000001,2.6446706,159.7
2023-11-01 17:00:00,20.113,47.41356451110788,0.18663269218134917,143.5799,20.906332,2.2022715,12.207
2023-11-01 17:30:00,19.2880005,0.0,0.06695140246472706,71.78995,10.453166,2.0311895,0.209
2023-11-01 18:00:00,18.463001,0.0,0.0,0.0,0.0,1.8601075,0.0
2023-11-01 18:30:00,18.0630005,0.0,0.0,0.0,0.0,1.87345185,0.0
2023-11-01 19:00:00,17.663,0.0,0.0,0.0,0.0,1.8867962,0.0
2023-11-01 19:30:00,17.363001,0.0,0.0,0.0,0.0,2.00641275,0.0
2023-11-01 20:00:00,17.063002,0.0,0.0,0.0,0.0,2.1260293,0.0
2023-11-01 20:30:00,16.963001,0.0,0.0,0.0,0.0,2.00641275,0.0
2023-11-01 21:00:00,16.863,0.0,0.0,0.0,0.0,1.8867962,0.0
2023-11-01 21:30:00,16.613,0.0,0.0,0.0,0.0,1.63981745,0.0
2023-11-01 22:00:00,16.363,0.0,0.0,0.0,0.0,1.3928387,0.0
2023-11-01 22:30:00,16.1379995,0.0,0.0,0.0,0.0,1.5566519,0.0
2023-11-01 23:00:00,15.912999,0.0,0.0,0.0,0.0,1.7204651,0.0
2023-11-01 23:30:00,15.9379995,0.0,0.0,0.0,0.0,1.7794713,0.0
2023-11-02 00:00:00,15.963,0.0,0.0,0.0,0.0,1.8384775,0.0
2023-11-02 00:30:00,15.9379995,0.0,0.0,0.0,0.0,1.59191995,0.0
2023-11-02 01:00:00,15.912999,0.0,0.0,0.0,0.0,1.3453624,0.0
2023-11-02 01:30:00,15.8129995,0.0,0.0,0.0,0.0,1.2830089999999998,0.0
2023-11-02 02:00:00,15.713,0.0,0.0,0.0,0.0,1.2206556,0.0
2023-11-02 02:30:00,15.888001,0.0,0.0,0.0,0.0,1.1251093,0.0
2023-11-02 03:00:00,16.063002,0.0,0.0,0.0,0.0,1.029563,0.0
2023-11-02 03:30:00,16.113001,0.0,0.0,0.0,0.0,1.22188825,0.0
2023-11-02 04:00:00,16.163,0.0,0.0,0.0,0.0,1.4142135,0.0
2023-11-02 04:30:00,16.012999999999998,0.0,0.0,0.0,0.0,1.26612375,0.0
2023-11-02 05:00:00,15.863,0.0,0.0,0.0,0.0,1.118034,0.0
2023-11-02 05:30:00,15.788,0.0,0.0,0.0,0.0,1.23909055,0.0
2023-11-02 06:00:00,15.713,0.0,0.0,0.0,0.0,1.3601471,0.0
2023-11-02 06:30:00,15.7630005,0.0,0.045646477511317764,0.0,2.836927,1.7059877500000002,0.0
2023-11-02 07:00:00,15.813001,5.545538275706229,0.16568655675579916,0.0,5.673854,2.0518284,20.584
2023-11-02 07:30:00,16.4880005,57.83184222452388,0.2817546814923601,24.108898000000003,52.188297,2.3712766,41.526
2023-11-02 08:00:00,17.163,115.4273999564049,0.39186452108484937,48.217796,98.70274,2.6907248,131.37
2023-11-02 08:30:00,17.863001,178.83938360785032,0.4941317669520081,85.283278,139.67574000000002,2.91539415,251.202
2023-11-02 09:00:00,18.563002,248.65889091428647,0.586806387060093,122.34876,180.64874,3.1400635,172.564
2023-11-02 09:30:00,19.438002,287.00882774701626,0.6683025797261867,132.648905,202.53428,3.09400675,243.511
2023-11-02 10:00:00,20.313002,325.2403294405614,0.7372258987565193,142.94905,224.41982,3.04795,388.908
2023-11-02 10:30:00,21.2630015,418.11847845881255,0.7923971227310392,222.177805,246.73296,3.291742,466.107
2023-11-02 11:00:00,22.213001,515.3094778456333,0.832872434293815,301.40656,269.0461,3.535534,597.009
2023-11-02 11:30:00,22.8630005,521.2334196777368,0.8579595587701934,294.07643,273.776115,3.6815329,588.237
2023-11-02 12:00:00,23.513,522.254089884654,0.8672296078119099,286.7463,278.50613,3.8275318,651.86
2023-11-02 12:30:00,24.013,567.8607567543108,0.8605244063637522,389.48692,236.17085,3.80056215,760.006
2023-11-02 13:00:00,24.513,604.2828910700272,0.8379591832558493,492.22754,193.83557,3.7735925,721.8259999999999
2023-11-02 13:30:00,24.388,635.9396929925502,0.7999205833158881,614.6907349999999,144.696548,4.31681705,674.2550000000001
2023-11-02 14:00:00,24.263,647.3537735654752,0.7470600256531359,737.15393,95.557526,4.8600416,603.602
2023-11-02 14:30:00,24.188,552.0067817159934,0.680282537907654,682.12744,87.16066000000001,4.55605005,549.775
2023-11-02 15:00:00,24.113,455.9983847652425,0.6007312429712044,627.10095,78.763794,4.2520585,462.233
2023-11-02 15:30:00,23.113,349.99876675521443,0.5097677653140777,551.88864,68.4486845,4.32830075,351.625
2023-11-02 16:00:00,22.113,252.98447302130484,0.40894891622633434,476.67633,58.133575,4.404543,237.415
2023-11-02 16:30:00,21.188,133.16125919718797,0.3000000258169911,314.363035,39.0232465,3.97568625,119.638
2023-11-02 17:00:00,20.263,47.75304722098031,0.18478539019848395,152.04974,19.912918,3.5468295,29.484
2023-11-02 17:30:00,19.3630005,0.0,0.0652763675003559,76.02487,9.956459,3.17430735,0.4599999999999999
2023-11-02 18:00:00,18.463001,0.0,0.0,0.0,0.0,2.8017852,0.0
2023-11-02 18:30:00,17.838001,0.0,0.0,0.0,0.0,2.5935786,0.0
2023-11-02 19:00:00,17.213001,0.0,0.0,0.0,0.0,2.385372,0.0
2023-11-02 19:30:00,16.8880015,0.0,0.0,0.0,0.0,2.31629625,0.0
2023-11-02 20:00:00,16.563002,0.0,0.0,0.0,0.0,2.2472205,0.0
2023-11-02 20:30:00,16.413001,0.0,0.0,0.0,0.0,2.15317325,0.0
2023-11-02 21:00:00,16.263,0.0,0.0,0.0,0.0,2.059126,0.0
2023-11-02 21:30:00,16.113,0.0,0.0,0.0,0.0,2.09960965,0.0
2023-11-02 22:00:00,15.963,0.0,0.0,0.0,0.0,2.1400933,0.0
2023-11-02 22:30:00,15.838,0.0,0.0,0.0,0.0,2.3319895,0.0
2023-11-02 23:00:00,15.713,0.0,0.0,0.0,0.0,2.5238857,0.0
2023-11-02 23:30:00,15.6380005,0.0,0.0,0.0,0.0,2.5238857,0.0
2023-11-03 00:00:00,15.563001,0.0,0.0,0.0,0.0,2.5238857,0.0
2023-11-03 00:30:00,15.4130005,0.0,0.0,0.0,0.0,2.3630786,0.0
2023-11-03 01:00:00,15.263,0.0,0.0,0.0,0.0,2.2022715,0.0
2023-11-03 01:30:00,15.138,0.0,0.0,0.0,0.0,2.1977214,0.0
2023-11-03 02:00:00,15.013,0.0,0.0,0.0,0.0,2.1931713,0.0
2023-11-03 02:30:00,15.3379995,0.0,0.0,0.0,0.0,2.40902615,0.0
2023-11-03 03:00:00,15.662999,0.0,0.0,0.0,0.0,2.624881,0.0
2023-11-03 03:30:00,15.3379995,0.0,0.0,0.0,0.0,2.55038235,0.0
2023-11-03 04:00:00,15.013,0.0,0.0,0.0,0.0,2.4758837,0.0
2023-11-03 04:30:00,14.838,0.0,0.0,0.0,0.0,2.4758837,0.0
2023-11-03 05:00:00,14.663,0.0,0.0,0.0,0.0,2.4758837,0.0
2023-11-03 05:30:00,14.613,0.0,0.0,0.0,0.0,2.515635,0.0
2023-11-03 06:00:00,14.563,0.0,0.0,0.0,0.0,2.5553863,0.0
2023-11-03 06:30:00,14.838,0.0,0.04414886588494675,0.0,2.9281785,2.62398435,0.065
2023-11-03 07:00:00,15.113,5.723913921595463,0.16401217931999562,0.0,5.856357,2.6925824,21.048
2023-11-03 07:30:00,16.213001,102.51805151731338,0.279908437476122,218.82825000000005,41.932981,2.7780732,119.92
2023-11-03 08:00:00,17.313002,247.43070975000063,0.3898542982984093,437.6565,78.009605,2.863564,269.684
2023-11-03 08:30:00,18.688002,346.15843611268156,0.4919683059838158,493.9963,104.5425025,2.9970295,404.949
2023-11-03 09:00:00,20.063002,451.12053867102,0.584503095906239,550.3361,131.0754,3.130495,511.9430000000001
2023-11-03 09:30:00,21.063002,571.1089379906823,0.6658753020877934,675.522725,121.968665,3.130495,591.297
2023-11-03 10:00:00,22.063002,701.4179606407632,0.734692640025425,800.70935,112.86193,3.130495,673.6869999999999
2023-11-03 10:30:00,22.863001,756.171926498501,0.7897777383738179,810.506345,115.47062,3.5483007,712.852
2023-11-03 11:00:00,23.663,799.9676462804164,0.8301882860346448,820.30334,118.07931,3.9661064,761.7239999999999
2023-11-03 11:30:00,23.9380005,818.8833543306433,0.8552331445439214,820.61187,115.96498,4.3913722,785.44
2023-11-03 12:00:00,24.213001,824.8490383652126,0.8644841718899698,820.9204,113.85065,4.816638,775.061
2023-11-03 12:30:00,24.2380005,811.1668832599921,0.8577835364078328,817.44073,108.542285,4.918797,779.404
2023-11-03 13:00:00,24.263,784.6410661450067,0.8352464013143981,813.96106,103.23392,5.020956,744.0799999999999
2023-11-03 13:30:00,24.4880005,723.9983018995683,0.7972589378436457,781.2187799999999,99.8378425,4.8110213,556.583
2023-11-03 14:00:00,24.713001,654.7658404013479,0.7444716916359863,748.4765,96.441765,4.6010866,660.2620000000001
2023-11-03 14:30:00,24.4880005,546.9473755862329,0.6777884320650602,658.66895,100.0970575,4.2479775,602.947
2023-11-03 15:00:00,24.263,443.85068165561404,0.598350660671638,568.8614,103.75235,3.8948684,429.064
2023-11-03 15:30:00,23.7380005,319.4857212693804,0.5075180455592424,441.269565,96.27778,3.51666975,367.107
2023-11-03 16:00:00,23.213001,215.21308114461075,0.4068451404823202,313.67773,88.80321,3.1384711,251.72000000000003
2023-11-03 16:30:00,22.1130005,114.95272328805024,0.29805475594712627,194.979825,57.6942865,2.75772205,131.562
2023-11-03 17:00:00,21.013,40.041533195961485,0.1830084500550486,76.28192,26.585363,2.376973,37.908
2023-11-03 17:30:00,19.7380005,0.0,0.06367467193748096,38.14096,13.2926815,2.3065205,2.285
2023-11-03 18:00:00,18.463001,0.0,0.0,0.0,0.0,2.236068,0.0
2023-11-03 18:30:00,17.9130005,0.0,0.0,0.0,0.0,2.4643252,0.0
2023-11-03 19:00:00,17.363,0.0,0.0,0.0,0.0,2.6925824,0.0
2023-11-03 19:30:00,17.113,0.0,0.0,0.0,0.0,2.8040291,0.0
2023-11-03 20:00:00,16.863,0.0,0.0,0.0,0.0,2.9154758,0.0
2023-11-03 20:30:00,16.688000000000002,0.0,0.0,0.0,0.0,2.911182,0.0
2023-11-03 21:00:00,16.513,0.0,0.0,0.0,0.0,2.9068882,0.0
2023-11-03 21:30:00,16.313000000000002,0.0,0.0,0.0,0.0,2.8181785,0.0
2023-11-03 22:00:00,16.113,0.0,0.0,0.0,0.0,2.7294688,0.0
2023-11-03 22:30:00,15.988,0.0,0.0,0.0,0.0,2.8488166,0.0
2023-11-03 23:00:00,15.863,0.0,0.0,0.0,0.0,2.9681644,0.0
2023-11-03 23:30:00,16.012999999999998,0.0,0.0,0.0,0.0,3.0942063,0.0
2023-11-04 00:00:00,16.163,0.0,0.0,0.0,0.0,3.2202482,0.0
2023-11-04 00:30:00,16.363001,0.0,0.0,0.0,0.0,3.09673095,0.0
2023-11-04 01:00:00,16.563002,0.0,0.0,0.0,0.0,2.9732137,0.0
2023-11-04 01:30:00,16.463001,0.0,0.0,0.0,0.0,2.69076635,0.0
2023-11-04 02:00:00,16.363,0.0,0.0,0.0,0.0,2.408319,0.0
2023-11-04 02:30:00,17.113,0.0,0.0,0.0,0.0,2.50415955,0.0
2023-11-04 03:00:00,17.863,0.0,0.0,0.0,0.0,2.6000001,0.0
2023-11-04 03:30:00,17.438000000000002,0.0,0.0,0.0,0.0,2.3547512,0.0
2023-11-04 04:00:00,17.013,0.0,0.0,0.0,0.0,2.1095023,0.0
2023-11-04 04:30:00,16.588,0.0,0.0,0.0,0.0,1.7618579,0.0
2023-11-04 05:00:00,16.163,0.0,0.0,0.0,0.0,1.4142135,0.0
2023-11-04 05:30:00,15.9880005,0.0,0.0,0.0,0.0,1.3091865,0.0
2023-11-04 06:00:00,15.813001,0.0,0.0,0.0,0.0,1.2041595,0.0
2023-11-04 06:30:00,15.9130005,0.0,0.04261390956579757,0.0,3.0421407,1.31271325,0.0
2023-11-04 07:00:00,16.013,5.946683750386859,0.16230048626865942,0.0,6.0842814,1.421267,20.279
2023-11-04 07:30:00,17.038001,110.51336332355478,0.27802589221662855,264.84207,37.3849027,1.8811035,127.374
2023-11-04 08:00:00,18.063002,273.2308147228336,0.38780975666480866,529.68414,68.685524,2.34094,243.81
2023-11-04 08:30:00,19.988001,400.3079613231245,0.4897734425807789,653.83545,80.625572,2.46854545,359.95900000000006
2023-11-04 09:00:00,21.913,545.2615725788221,0.5821722026072831,777.98676,92.56562,2.5961509,472.588
2023-11-04 09:30:00,22.8130005,628.6047634159871,0.6634250410553824,796.72253,99.935115,3.3036926,562.9749999999999
2023-11-04 10:00:00,23.713001,704.7699369307238,0.7321417555736012,815.4583,107.30461,4.0112343,632.743
2023-11-04 10:30:00,24.2380005,753.7006214192552,0.7871467325395476,813.5232000000001,112.712245,4.49660085,695.337
2023-11-04 11:00:00,24.763,790.526512608473,0.8274990636159598,811.5881,118.11988,4.9819674,738.18
2023-11-04 11:30:00,25.1130005,815.4057911621717,0.8525086336547452,821.4807000000001,113.9569,5.02574205,754.315
2023-11-04 12:00:00,25.463001,827.668901787475,0.8617479266428644,831.3733,109.79392,5.0695167,755.808
2023-11-04 12:30:00,25.6630005,806.8616313356354,0.8550593286152184,816.8141,106.993675,4.7736196500000005,707.4630000000002
2023-11-04 13:00:00,25.863,773.5631277626189,0.832557808293193,802.2549,104.19343,4.4777226,788.7919999999999
2023-11-04 13:30:00,25.4130005,613.4493272829429,0.7946289334736323,573.46731,158.69208,4.8088808,466.579
2023-11-04 14:00:00,24.963001,465.5972268121311,0.7419222477811436,344.67972,213.19073,5.140039,256.625
2023-11-04 14:30:00,24.7380005,378.98009772315015,0.6753401372654614,298.86539,180.00833,5.3159255000000005,620.376
2023-11-04 15:00:00,24.513,295.2410249226325,0.5960223627376997,253.05106,146.82593,5.491812,546.827
2023-11-04 15:30:00,24.138,227.8431753748551,0.5053265242849359,224.072145,116.54758,5.286083,280.197
2023-11-04 16:00:00,23.763,163.7848991584659,0.4048048161422575,195.09323,86.26923,5.080354,107.495
2023-11-04 16:30:00,23.1130005,87.33578401363732,0.2961774386252839,114.896377,54.265215,5.051152999999999,142.57
2023-11-04 17:00:00,22.463001,28.093051133822463,0.18130313426300948,34.699524,22.2612,5.021952,38.873000000000005
2023-11-04 17:30:00,21.8130005,0.0,0.06214737992615316,17.349762,11.1306,4.4345145,0.129
2023-11-04 18:00:00,21.163,0.0,0.0,0.0,0.0,3.847077,0.0
2023-11-04 18:30:00,20.5630005,0.0,0.0,0.0,0.0,3.5305545,0.0
2023-11-04 19:00:00,19.963001,0.0,0.0,0.0,0.0,3.214032,0.0
2023-11-04 19:30:00,19.4880005,0.0,0.0,0.0,0.0,3.06046025,0.0
2023-11-04 20:00:00,19.013,0.0,0.0,0.0,0.0,2.9068885,0.0
2023-11-04 20:30:00,18.7380005,0.0,0.0,0.0,0.0,2.91118225,0.0
2023-11-04 21:00:00,18.463001,0.0,0.0,0.0,0.0,2.915476,0.0
2023-11-04 21:30:00,18.2880005,0.0,0.0,0.0,0.0,2.4627256,0.0
2023-11-04 22:00:00,18.113,0.0,0.0,0.0,0.0,2.0099752,0.0
2023-11-04 22:30:00,17.9130005,0.0,0.0,0.0,0.0,1.970648,0.0
2023-11-04 23:00:00,17.713001,0.0,0.0,0.0,0.0,1.9313208,0.0
2023-11-04 23:30:00,17.5630005,0.0,0.0,0.0,0.0,1.88353845,0.0
2023-11-05 00:00:00,17.413,0.0,0.0,0.0,0.0,1.8357561,0.0
2023-11-05 00:30:00,17.262999999999998,0.0,0.0,0.0,0.0,1.87312665,0.0
2023-11-05 01:00:00,17.113,0.0,0.0,0.0,0.0,1.9104972,0.0
2023-11-05 01:30:00,16.7880005,0.0,0.0,0.0,0.0,1.6223318,0.0
2023-11-05 02:00:00,16.463001,0.0,0.0,0.0,0.0,1.3341664,0.0
2023-11-05 02:30:00,17.088001,0.0,0.0,0.0,0.0,2.0463947,0.0
2023-11-05 03:00:00,17.713001,0.0,0.0,0.0,0.0,2.758623,0.0
2023-11-05 03:30:00,17.463001,0.0,0.0,0.0,0.0,2.65993635,0.0
2023-11-05 04:00:00,17.213001,0.0,0.0,0.0,0.0,2.5612497,0.0
2023-11-05 04:30:00,16.9880005,0.0,0.0,0.0,0.0,2.6006627,0.0
2023-11-05 05:00:00,16.763,0.0,0.0,0.0,0.0,2.6400757,0.0
2023-11-05 05:30:00,16.388,0.0,0.0,0.0,0.0,2.4211736000000004,0.0
2023-11-05 06:00:00,16.013,0.0,0.0,0.0,0.0,2.2022715,0.0
2023-11-05 06:30:00,15.663,0.0,0.04104194587415715,0.0,1.59344755,1.90891045,0.0
2023-11-05 07:00:00,15.313,3.114822615758289,0.16055203359541995,0.0,3.1868951,1.6155494,12.783
2023-11-05 07:30:00,16.113,98.57034667913379,0.27610781874406704,227.54695,36.26982255,1.3600427,73.784
2023-11-05 08:00:00,16.913,243.91511270097703,0.38573188085183807,455.0939,69.35275,1.104536,169.86700000000002
2023-11-05 08:30:00,18.038,362.1143569958784,0.487548363944782,574.1758,82.936125,1.33489175,282.846
2023-11-05 09:00:00,19.163,497.9421552365831,0.579815084272382,693.2577,96.5195,1.5652475,383.214
2023-11-05 09:30:00,20.113001,581.5544901645825,0.6609533477158697,706.74185,114.95606,2.69181215,472.915
2023-11-05 10:00:00,21.063002,658.3401623768366,0.7295749514639724,720.226,133.39262,3.8183768,618.248
2023-11-05 10:30:00,21.488001,701.2677522792919,0.7845059446173385,727.63183,130.567525,4.2782599,636.958
2023-11-05 11:00:00,21.913,734.25519722054,0.8248067157556076,735.03766,127.74243,4.738143,730.743
2023-11-05 11:30:00,22.088,753.9166465653146,0.8497880582454882,736.17038,127.923715,5.026608,754.139
2023-11-05 12:00:00,22.263,762.0247902838137,0.8590229602839374,737.3031,128.105,5.315073,773.0900000000001
2023-11-05 12:30:00,22.288001,728.0350718818992,0.8523538989346631,701.4703999999999,129.773555,5.461551500000001,759.765
2023-11-05 13:00:00,22.313002,684.0133287617118,0.8298955190604715,665.6377,131.44211,5.60803,729.592
2023-11-05 13:30:00,22.238001,625.6186881395395,0.7920326552004562,635.41295,122.238715,5.5449090000000005,703.06
2023-11-05 14:00:00,22.163,560.5826390177339,0.7394137209336825,605.1882,113.03532,5.481788,661.432
2023-11-05 14:30:00,22.238001,506.29480240216606,0.6729395949402549,608.4368750000001,96.636745,4.9819875,565.792
2023-11-05 15:00:00,22.313002,443.79607788620075,0.5937481794213939,611.68555,80.23817,4.482187,482.44000000000005
2023-11-05 15:30:00,21.663001,335.49258321213256,0.5031948967328826,529.599155,68.90863999999999,4.256658,370.969
2023-11-05 16:00:00,21.013,237.66441928485676,0.4028294819482066,447.51276,57.57911,4.031129,125.098
2023-11-05 16:30:00,20.163001,122.09181524239108,0.2943694373716898,288.746155,37.296516,3.4861087,111.577
2023-11-05 17:00:00,19.313002,40.14796383446,0.1796706154137323,129.97955,17.013922,2.9410884,25.598000000000003
2023-11-05 17:30:00,18.613001,0.0,0.06069546076241275,64.989775,8.506961,2.8534758,0.183
2023-11-05 18:00:00,17.913,0.0,0.0,0.0,0.0,2.7658632,0.0
2023-11-05 18:30:00,17.538,0.0,0.0,0.0,0.0,2.62490585,0.0
2023-11-05 19:00:00,17.163,0.0,0.0,0.0,0.0,2.4839485,0.0
2023-11-05 19:30:00,16.963,0.0,0.0,0.0,0.0,2.3385599,0.0
2023-11-05 20:00:00,16.763,0.0,0.0,0.0,0.0,2.1931713,0.0
2023-11-05 20:30:00,16.438000000000002,0.0,0.0,0.0,0.0,2.0452689,0.0
2023-11-05 21:00:00,16.113,0.0,0.0,0.0,0.0,1.8973665,0.0
2023-11-05 21:30:00,15.738,0.0,0.0,0.0,0.0,1.66457425,0.0
2023-11-05 22:00:00,15.363,0.0,0.0,0.0,0.0,1.431782,0.0
2023-11-05 22:30:00,14.963,0.0,0.0,0.0,0.0,1.2567237000000002,0.0
2023-11-05 23:00:00,14.563,0.0,0.0,0.0,0.0,1.0816654,0.0
2023-11-05 23:30:00,14.288,0.0,0.0,0.0,0.0,1.03580743,0.0
2023-11-06 00:00:00,14.013,0.0,0.0,0.0,0.0,0.98994946,0.0
2023-11-06 00:30:00,14.088,0.0,0.0,0.0,0.0,0.99497473,0.0
2023-11-06 01:00:00,14.163,0.0,0.0,0.0,0.0,1.0,0.0
2023-11-06 01:30:00,14.063,0.0,0.0,0.0,0.0,1.0315073,0.0
2023-11-06 02:00:00,13.963,0.0,0.0,0.0,0.0,1.0630146,0.0
2023-11-06 02:30:00,14.013,0.0,0.0,0.0,0.0,1.0837753,0.0
2023-11-06 03:00:00,14.063,0.0,0.0,0.0,0.0,1.104536,0.0
2023-11-06 03:30:00,13.813,0.0,0.0,0.0,0.0,1.0837753,0.0
2023-11-06 04:00:00,13.563,0.0,0.0,0.0,0.0,1.0630146,0.0
2023-11-06 04:30:00,13.213,0.0,0.0,0.0,0.0,1.10159505,0.0
2023-11-06 05:00:00,12.863,0.0,0.0,0.0,0.0,1.1401755,0.0
2023-11-06 05:30:00,12.738,0.0,0.0,0.0,0.0,0.92008775,0.0
2023-11-06 06:00:00,12.613,0.0,0.0,0.0,0.0,0.7,0.0
2023-11-06 06:30:00,12.813,0.0,0.03943340747049766,0.0,1.6887549,0.73078865,0.0
2023-11-06 07:00:00,13.013,3.301126513384533,0.1587674723435636,0.0,3.3775098,0.7615773,14.657
2023-11-06 07:30:00,14.2880005,102.92953280435216,0.27415508323182186,249.464875,35.0071549,1.3870192500000005,114.17600000000002
2023-11-06 08:00:00,15.563001,257.17411334100973,0.38362174511295827,498.92975,66.6368,2.0124612,251.751
2023-11-06 08:30:00,17.5880005,384.5932110665418,0.48529434177635444,629.285625,79.79693499999999,2.1242646,374.585
2023-11-06 09:00:00,19.613,531.2773229578713,0.5774331959607512,759.6415,92.95707,2.236068,125.495
2023-11-06 09:30:00,20.7880005,588.4921437328175,0.658461843199712,738.38847,102.482345,3.2499345,532.288
2023-11-06 10:00:00,21.963001,633.3010760233145,0.7269939947373991,717.13544,112.00762,4.263801,325.704
2023-11-06 10:30:00,22.2880005,651.9781714085822,0.7818572648269307,678.6875,121.4957,4.60171815,500.336
2023-11-06 11:00:00,22.613,657.0843335156507,0.8221132309801251,640.23956,130.98378,4.9396353,818.1240000000001
2023-11-06 11:30:00,22.613,653.5059134999674,0.8470734785667315,606.5108,140.22755999999998,4.9136875,543.501
2023-11-06 12:00:00,22.613,639.238257835417,0.8563113769538264,572.78204,149.47134,4.8877397,414.137
2023-11-06 12:30:00,22.888,633.134866617088,0.8496693667987039,570.38247,149.21071999999998,4.844390649999999,287.666
2023-11-06 13:00:00,23.163,618.1086935756058,0.8272616394718686,567.9829,148.9501,4.8010416,425.395
2023-11-06 13:30:00,23.163,566.98716228282,0.789472166667905,535.7903249999999,144.86120499999998,4.7822218,610.87
2023-11-06 14:00:00,23.163,510.87840587253544,0.7369481046160682,503.59775,140.77231,4.763402,196.249
2023-11-06 14:30:00,23.113001,429.4717096680193,0.6705887018270342,451.64461,127.701595,4.2585335,154.31300000000002
2023-11-06 15:00:00,23.063002,349.88432494687464,0.5915298856543255,399.69147,114.63088,3.753665,127.59300000000002
2023-11-06 15:30:00,22.5130015,270.25765383983713,0.5011247931577938,349.04047,96.449795,3.49933065,99.056
2023-11-06 16:00:00,21.963001,196.8652518913326,0.40092060312088773,298.38947,78.26871,3.2449963,174.899
2023-11-06 16:30:00,21.213001,104.8232051356868,0.2926320348763752,197.956485,47.5398745,2.6086523,78.522
2023-11-06 17:00:00,20.463001,33.92493022987139,0.17811197934403117,97.5235,16.811039,1.9723083,14.942
2023-11-06 17:30:00,19.713001,0.0,0.05931979254866929,48.761750000000006,8.4055195,2.0678195500000003,0.12
2023-11-06 18:00:00,18.963001,0.0,0.0,0.0,0.0,2.1633308,0.0
2023-11-06 18:30:00,18.6630005,0.0,0.0,0.0,0.0,1.9830532,0.0
2023-11-06 19:00:00,18.363,0.0,0.0,0.0,0.0,1.8027756,0.0
2023-11-06 19:30:00,18.188,0.0,0.0,0.0,0.0,1.71532885,0.0
2023-11-06 20:00:00,18.013,0.0,0.0,0.0,0.0,1.6278821,0.0
2023-11-06 20:30:00,17.7380005,0.0,0.0,0.0,0.0,1.31394105,0.0
2023-11-06 21:00:00,17.463001,0.0,0.0,0.0,0.0,1.0,0.0
2023-11-06 21:30:00,17.0130015,0.0,0.0,0.0,0.0,0.97169905,0.0
2023-11-06 22:00:00,16.563002,0.0,0.0,0.0,0.0,0.9433981,0.0
2023-11-06 22:30:00,16.038001,0.0,0.0,0.0,0.0,1.0737788,0.0
2023-11-06 23:00:00,15.513,0.0,0.0,0.0,0.0,1.2041595,0.0
2023-11-06 23:30:00,15.013,0.0,0.0,0.0,0.0,1.054849,0.0
2023-11-07 00:00:00,14.513,0.0,0.0,0.0,0.0,0.9055385,0.0
2023-11-07 00:30:00,14.188,0.0,0.0,0.0,0.0,0.78817945,0.0
2023-11-07 01:00:00,13.863,0.0,0.0,0.0,0.0,0.6708204,0.0
2023-11-07 01:30:00,13.738,0.0,0.0,0.0,0.0,0.78262382,0.0
2023-11-07 02:00:00,13.613,0.0,0.0,0.0,0.0,0.89442724,0.0
2023-11-07 02:30:00,14.163,0.0,0.0,0.0,0.0,0.94721362,0.0
2023-11-07 03:00:00,14.713,0.0,0.0,0.0,0.0,1.0,0.0
2023-11-07 03:30:00,14.263,0.0,0.0,0.0,0.0,1.0,0.0
2023-11-07 04:00:00,13.813,0.0,0.0,0.0,0.0,1.0,0.0
2023-11-07 04:30:00,13.338,0.0,0.0,0.0,0.0,1.0099019500000002,0.0
2023-11-07 05:00:00,12.863,0.0,0.0,0.0,0.0,1.0198039,0.0
2023-11-07 05:30:00,13.238,0.0,0.0,0.0,0.0,0.69017952,0.0
2023-11-07 06:00:00,13.613,0.0,0.0,0.0,0.0,0.36055514,0.0
2023-11-07 06:30:00,14.138,0.0,0.037788815789473976,0.0,1.8202,0.40388438,0.0
2023-11-07 07:00:00,14.663,3.558071381265883,0.15694754186968957,0.0,3.6404,0.44721362,12.425
2023-11-07 07:30:00,15.063,102.11977407274257,0.272168638117669,246.589265,35.489622,0.3736068099999999,141.849
2023-11-07 08:00:00,15.463,254.59174329028934,0.38148050643048886,493.17853,67.338844,0.3,283.992
2023-11-07 08:30:00,17.013001,390.1857581111878,0.48301272550167956,644.138365,79.619907,0.261803405,403.094
2023-11-07 09:00:00,18.563002,548.8674924571148,0.5750280640777151,795.0982,91.90097,0.22360681,501.643
2023-11-07 09:30:00,19.7630015,639.5091657498396,0.6559522123498047,829.4158,95.207878,0.335410215,585.348
2023-11-07 10:00:00,20.963001,724.9294457486437,0.7244007073758754,863.7334,98.514786,0.44721362,660.5390000000001
2023-11-07 10:30:00,21.8630005,778.2933868037956,0.7792026285846683,867.9888,100.924893,0.6267197099999999,708.703
2023-11-07 11:00:00,22.763,819.4029987565335,0.8194206324759971,872.2442,103.335,0.8062258,741.758
2023-11-07 11:30:00,23.288001,835.3553768056745,0.8443669783708013,866.1347000000001,102.513855,1.2093387,751.8889999999999
2023-11-07 12:00:00,23.813002,837.5022327242376,0.853615292707822,860.0252,101.69271,1.6124516,759.659
2023-11-07 12:30:00,23.8880015,813.6315514519156,0.8470078517338452,840.59625,100.004315,2.0062258,754.1410000000001
2023-11-07 13:00:00,23.963001,777.0906850035511,0.8246582636277735,821.1673,98.31592,2.4,720.4279999999999
2023-11-07 13:30:00,23.8880015,715.3551990483858,0.7869495080936095,788.30643,93.594505,2.35433965,680.5600000000001
2023-11-07 14:00:00,23.813002,644.9828292574866,0.7345273576423138,755.44556,88.87309,2.3086793,620.4939999999999
2023-11-07 14:30:00,23.738001,552.6079637217638,0.6682893092071612,701.756655,82.75173000000001,1.82516005,556.694
2023-11-07 15:00:00,23.663,459.1267608090351,0.5893692009771085,648.06775,76.63037,1.3416408,484.91
2023-11-07 15:30:00,23.038,344.0386442363939,0.4991177793788404,557.00299,65.809155,1.12358965,357.522
2023-11-07 16:00:00,22.413,240.82793833479312,0.3990795724722065,465.93823,54.98794,0.9055385,144.882
2023-11-07 16:30:00,21.138,120.23469479180922,0.29096643464973476,292.592425,35.2530365,0.913746475,49.13
2023-11-07 17:00:00,19.863,36.38105056247655,0.1766282273018259,119.24662,15.518133,0.92195445,15.759
2023-11-07 17:30:00,18.888,0.0,0.05802116478238265,59.62331,7.759066499999999,1.602248475,0.1
2023-11-07 18:00:00,17.913,0.0,0.0,0.0,0.0,2.2825425,0.0
2023-11-07 18:30:00,17.288,0.0,0.0,0.0,0.0,2.20075225,0.0
2023-11-07 19:00:00,16.663,0.0,0.0,0.0,0.0,2.118962,0.0
2023-11-07 19:30:00,16.588,0.0,0.0,0.0,0.0,1.993558,0.0
2023-11-07 20:00:00,16.513,0.0,0.0,0.0,0.0,1.868154,0.0
2023-11-07 20:30:00,16.263,0.0,0.0,0.0,0.0,1.6956543000000002,0.0
2023-11-07 21:00:00,16.013,0.0,0.0,0.0,0.0,1.5231546,0.0
2023-11-07 21:30:00,15.538,0.0,0.0,0.0,0.0,1.3205943,0.0
2023-11-07 22:00:00,15.063,0.0,0.0,0.0,0.0,1.118034,0.0
2023-11-07 22:30:00,14.538,0.0,0.0,0.0,0.0,1.459017,0.0
2023-11-07 23:00:00,14.013,0.0,0.0,0.0,0.0,1.8,0.0
2023-11-07 23:30:00,13.638,0.0,0.0,0.0,0.0,1.6106335,0.0
2023-11-08 00:00:00,13.263,0.0,0.0,0.0,0.0,1.421267,0.0
2023-11-08 00:30:00,12.963,0.0,0.0,0.0,0.0,1.2421408,0.0
2023-11-08 01:00:00,12.663,0.0,0.0,0.0,0.0,1.0630146,0.0
2023-11-08 01:30:00,12.488,0.0,0.0,0.0,0.0,1.13358705,0.0
2023-11-08 02:00:00,12.313,0.0,0.0,0.0,0.0,1.2041595,0.0
2023-11-08 02:30:00,12.838,0.0,0.0,0.0,0.0,1.20623205,0.0
2023-11-08 03:00:00,13.363,0.0,0.0,0.0,0.0,1.2083046,0.0
2023-11-08 03:30:00,12.988,0.0,0.0,0.0,0.0,1.28422585,0.0
2023-11-08 04:00:00,12.613,0.0,0.0,0.0,0.0,1.3601471,0.0
2023-11-08 04:30:00,12.788,0.0,0.0,0.0,0.0,1.3871803,0.0
2023-11-08 05:00:00,12.963,0.0,0.0,0.0,0.0,1.4142135,0.0
2023-11-08 05:30:00,13.613,0.0,0.0,0.0,0.0,1.37978795,0.0
2023-11-08 06:00:00,14.263,0.0,0.0,0.0,0.0,1.3453624,0.0
2023-11-08 06:30:00,14.038,0.0,0.036108776529727514,0.0,2.012208,1.27476095,0.0
2023-11-08 07:00:00,13.813,3.9334027568147785,0.15509306509870405,0.0,4.024416,1.2041595,4.475
2023-11-08 07:30:00,14.063,99.14148629401691,0.2701495172079818,238.57005000000004,35.178233,0.906217875,144.136
2023-11-08 08:00:00,14.313,246.4341269819226,0.3793093994956025,477.1401,66.33205,0.60827625,345.722
2023-11-08 08:30:00,16.063001,382.5724675315764,0.4807049371636225,633.546275,78.5881175,0.4622520049999999,404.961
2023-11-08 09:00:00,17.813002,542.9246732634084,0.572601281259588,789.95245,90.844185,0.31622776,505.495
2023-11-08 09:30:00,18.938002,635.4458834728696,0.6534261986513532,827.173725,94.7222625,0.90977868,585.357
2023-11-08 10:00:00,20.063002,723.2185975777631,0.7217969613352014,864.395,98.60034,1.5033296,658.2400000000001
2023-11-08 10:30:00,20.7630015,775.4095245632643,0.7765440117064787,865.87142,102.053365,2.1462974,722.538
2023-11-08 11:00:00,21.463001,815.1334494443266,0.816730973492469,867.34784,105.50639,2.7892652,815.0010000000002
2023-11-08 11:30:00,21.6130005,829.2974087104221,0.8416706605545583,859.917235,104.11433,3.1974082,771.5889999999999
2023-11-08 12:00:00,21.763,829.7292710612126,0.8509368314366444,852.48663,102.72227,3.6055512,779.523
2023-11-08 12:30:00,21.713,795.8777673404655,0.8443714695980711,811.6528149999999,109.27433,3.7340964,770.093
2023-11-08 13:00:00,21.663,750.4462168795817,0.8220874704638608,770.819,115.82639,3.8626416,739.643
2023-11-08 13:30:00,21.538,667.7914336292283,0.7844666932312935,689.8788,126.393015,3.88132075,719.3649999999999
2023-11-08 14:00:00,21.413,582.2798776080692,0.7321534014537054,608.9386,136.95964,3.8999999,544.2669999999999
2023-11-08 14:30:00,21.213,463.85340849180477,0.6660432206828677,483.879015,142.88412499999998,3.85394315,365.023
2023-11-08 15:00:00,21.013,357.41782431947183,0.5872677876456728,358.81943,148.80861,3.8078864,205.73
2023-11-08 15:30:00,20.538001,263.76151507895406,0.4971753552798209,289.25669,121.8140875,3.56827485,300.706
2023-11-08 16:00:00,20.063002,180.49180344558295,0.3973077093037624,219.69395,94.819565,3.3286633,256.312
2023-11-08 16:30:00,19.2630015,99.83604308219319,0.28937376033989326,156.21094,55.5651455,2.6261008500000003,114.558
2023-11-08 17:00:00,18.463001,32.30750196316893,0.17522027559581047,92.72793,16.310726,1.9235384,15.245
2023-11-08 17:30:00,17.4880005,0.0,0.05680027834998739,46.363965,8.155363,1.53185695,0.249
2023-11-08 18:00:00,16.513,0.0,0.0,0.0,0.0,1.1401755,0.0
2023-11-08 18:30:00,16.087999500000002,0.0,0.0,0.0,0.0,0.97320065,0.0
2023-11-08 19:00:00,15.662999,0.0,0.0,0.0,0.0,0.8062258,0.0
2023-11-08 19:30:00,15.2879995,0.0,0.0,0.0,0.0,0.833229165,0.0
2023-11-08 20:00:00,14.913,0.0,0.0,0.0,0.0,0.86023253,0.0
2023-11-08 20:30:00,14.463,0.0,0.0,0.0,0.0,0.765526465,0.0
2023-11-08 21:00:00,14.013,0.0,0.0,0.0,0.0,0.6708204,0.0
2023-11-08 21:30:00,13.763,0.0,0.0,0.0,0.0,0.6354101999999999,0.0
2023-11-08 22:00:00,13.513,0.0,0.0,0.0,0.0,0.6,0.0
2023-11-08 22:30:00,13.513,0.0,0.0,0.0,0.0,0.8590169999999999,0.0
2023-11-08 23:00:00,13.513,0.0,0.0,0.0,0.0,1.118034,0.0
2023-11-08 23:30:00,13.238,0.0,0.0,0.0,0.0,1.3667916999999998,0.0
2023-11-09 00:00:00,12.963,0.0,0.0,0.0,0.0,1.6155494,0.0
2023-11-09 00:30:00,12.888,0.0,0.0,0.0,0.0,1.5023969,0.0
2023-11-09 01:00:00,12.813,0.0,0.0,0.0,0.0,1.3892444,0.0
2023-11-09 01:30:00,12.863,0.0,0.0,0.0,0.0,1.43286335,0.0
2023-11-09 02:00:00,12.913,0.0,0.0,0.0,0.0,1.4764823,0.0
2023-11-09 02:30:00,13.113,0.0,0.0,0.0,0.0,1.70001035,0.0
2023-11-09 03:00:00,13.313,0.0,0.0,0.0,0.0,1.9235384,0.0
2023-11-09 03:30:00,13.238,0.0,0.0,0.0,0.0,1.836412,0.0
2023-11-09 04:00:00,13.163,0.0,0.0,0.0,0.0,1.7492856,0.0
2023-11-09 04:30:00,12.938,0.0,0.0,0.0,0.0,1.5246428500000002,0.0
2023-11-09 05:00:00,12.713,0.0,0.0,0.0,0.0,1.3000001,0.0
2023-11-09 05:30:00,12.338,0.0,0.0,0.0,0.0,1.1599020000000002,0.0
2023-11-09 06:00:00,11.963,0.0,0.0,0.0,0.0,1.0198039,0.0
2023-11-09 06:30:00,11.863,0.0,0.034393978187972296,0.0,2.31850765,0.8140400750000001,0.0
2023-11-09 07:00:00,11.763,4.532147959955508,0.15320494672059418,0.0,4.6370153,0.60827625,8.91
2023-11-09 07:30:00,13.113,95.39446248629812,0.26809883357371667,230.393435,34.09792665,0.573396355,69.509
2023-11-09 08:00:00,14.463,236.48756874996724,0.3771097342908454,460.78687,63.558838,0.53851646,258.07
2023-11-09 08:30:00,16.388001,363.516712233482,0.47837246876832284,593.158905,80.466289,0.7692582299999999,366.35
2023-11-09 09:00:00,18.313002,510.4760231641118,0.5701545034733253,725.53094,97.37374,1.0,494.836
2023-11-09 09:30:00,19.338001,590.185581142238,0.650885601103655,739.29982,109.3740875,1.3732125,351.61
2023-11-09 10:00:00,20.363,662.7561249236735,0.7191846752177088,753.0687,121.374435,1.746425,538.231
2023-11-09 10:30:00,21.088001,700.8180111437543,0.7738834268905095,731.1496,135.3173425,1.9027755,488.27199999999993
2023-11-09 11:00:00,21.813002,726.1727379941788,0.8140463336524184,709.2305,149.26025,2.059126,569.992
2023-11-09 11:30:00,22.5130015,768.4027667780235,0.8389866433390973,756.8506500000001,133.118425,2.0807528,581.632
2023-11-09 12:00:00,23.213001,800.419089676567,0.8482781209464099,804.4708,116.9766,2.1023796,566.5899999999999
2023-11-09 12:30:00,23.6130005,787.4328121826849,0.8417623285938443,806.09535,107.637345,2.1579869,747.855
2023-11-09 13:00:00,24.013,761.7480255100679,0.8195513197215394,807.7199,98.29809,2.2135942,702.338
2023-11-09 13:30:00,24.013,701.8765016867662,0.7820257053354034,777.3649250000001,92.626875,2.23040725,650.03
2023-11-09 14:00:00,24.013,633.3230448517646,0.729828116118408,747.00995,86.95566,2.2472203,603.873
2023-11-09 14:30:00,24.013,513.0820622540671,0.6638521882223031,637.4410399999999,89.452495,1.87361015,529.6669999999999
2023-11-09 15:00:00,24.013,400.62183897169444,0.5852272468306293,527.87213,91.94933,1.5,441.332
2023-11-09 15:30:00,23.163001,291.6850064662735,0.4952989511740611,438.66098,74.77683,1.8835784,332.82899999999995
2023-11-09 16:00:00,22.313002,195.38121953874912,0.3956062559519581,349.44983,57.60433,2.2671568,226.957
2023-11-09 16:30:00,21.188002,98.06506105206657,0.2878550524620804,217.379795,35.829735,2.41420325,63.979000000000006
2023-11-09 17:00:00,20.063002,28.68012167708943,0.1738889525676747,85.30976,14.05514,2.5612497,13.275
2023-11-09 17:30:00,19.088001,0.0,0.05565774280556119,42.65488,7.02757,2.66355645,0.0
2023-11-09 18:00:00,18.113,0.0,0.0,0.0,0.0,2.7658632,0.0
2023-11-09 18:30:00,17.688000000000002,0.0,0.0,0.0,0.0,2.47951725,0.0
2023-11-09 19:00:00,17.263,0.0,0.0,0.0,0.0,2.1931713,0.0
2023-11-09 19:30:00,17.088,0.0,0.0,0.0,0.0,2.0185401,0.0
2023-11-09 20:00:00,16.913,0.0,0.0,0.0,0.0,1.8439089,0.0
2023-11-09 20:30:00,16.863001,0.0,0.0,0.0,0.0,1.69977195,0.0
2023-11-09 21:00:00,16.813002,0.0,0.0,0.0,0.0,1.555635,0.0
2023-11-09 21:30:00,16.738001,0.0,0.0,0.0,0.0,1.4142136,0.0
2023-11-09 22:00:00,16.663,0.0,0.0,0.0,0.0,1.2727922,0.0
2023-11-09 22:30:00,16.588,0.0,0.0,0.0,0.0,1.27670855,0.0
2023-11-09 23:00:00,16.513,0.0,0.0,0.0,0.0,1.2806249,0.0
2023-11-09 23:30:00,16.3630005,0.0,0.0,0.0,0.0,1.17181975,0.0
2023-11-10 00:00:00,16.213001,0.0,0.0,0.0,0.0,1.0630146,0.0
2023-11-10 00:30:00,15.813,0.0,0.0,0.0,0.0,1.3125323,0.0
2023-11-10 01:00:00,15.412999,0.0,0.0,0.0,0.0,1.56205,0.0
2023-11-10 01:30:00,15.1879995,0.0,0.0,0.0,0.0,1.50903595,0.0
2023-11-10 02:00:00,14.963,0.0,0.0,0.0,0.0,1.4560219,0.0
2023-11-10 02:30:00,14.513,0.0,0.0,0.0,0.0,0.99726918,0.0
2023-11-10 03:00:00,14.063,0.0,0.0,0.0,0.0,0.53851646,0.0
2023-11-10 03:30:00,13.888,0.0,0.0,0.0,0.0,0.7692582299999999,0.0
2023-11-10 04:00:00,13.713,0.0,0.0,0.0,0.0,1.0,0.0
2023-11-10 04:30:00,13.263,0.0,0.0,0.0,0.0,0.65,0.0
2023-11-10 05:00:00,12.813,0.0,0.0,0.0,0.0,0.3,0.0
2023-11-10 05:30:00,12.663,0.0,0.0,0.0,0.0,0.4,0.0
2023-11-10 06:00:00,12.513,0.0,0.0,0.0,0.0,0.5,0.0
2023-11-10 06:30:00,12.413,0.0,0.032645193511301455,0.0,0.0,0.45,0.0
2023-11-10 07:00:00,12.313,0.0,0.15128417436389355,0.0,0.0,0.4,16.432
2023-11-10 07:30:00,13.213,86.14175658938012,0.2660177803270424,201.399185,33.050827,0.5,106.738
2023-11-10 08:00:00,14.113,216.1342045071559,0.374882896460446,402.79837,66.101654,0.6,242.265
2023-11-10 08:30:00,16.137999999999998,316.48238876572066,0.4760168821947271,462.486835,97.694757,0.56925823,353.301
2023-11-10 09:00:00,18.163,423.9631187136274,0.5676894494239961,522.1753,129.28786,0.53851646,462.649
2023-11-10 09:30:00,19.138,479.69174923860373,0.6483322731110224,499.9545,157.74369000000002,0.77175203,508.241
2023-11-10 10:00:00,20.113,525.9081504268295,0.7165658126642704,477.7337,186.19952,1.0049876,613.497
2023-11-10 10:30:00,20.738,556.581328765796,0.7712229216023201,457.54435,206.69051,1.6568334500000002,575.025
2023-11-10 11:00:00,21.363,578.7009720270285,0.8113688163709714,437.355,227.1815,2.3086793,636.5020000000001
2023-11-10 11:30:00,21.713001,589.6256408189431,0.8363170572253038,429.16827,234.144825,2.74336455,497.85100000000006
2023-11-10 12:00:00,22.063002,593.5644013832457,0.8456412894736693,420.98154,241.10815,3.1780498,558.062
2023-11-10 12:30:00,22.238001,557.2528663658428,0.8391825253725155,377.07762,244.634285,3.4685194,545.8919999999999
2023-11-10 13:00:00,22.413,516.2869920364056,0.8170518476814658,333.1737,248.16042,3.758989,402.964
2023-11-10 13:30:00,22.363001,480.26796300993965,0.7796284925814149,329.93574,226.72566,4.07494435,433.189
2023-11-10 14:00:00,22.313002,439.7045734518698,0.7275533354845359,326.69778,205.2909,4.3908997,374.962
2023-11-10 14:30:00,21.913001,365.90252373717226,0.6617179071079764,279.243765,184.206615,4.20666835,503.932
2023-11-10 15:00:00,21.513,295.42050024649893,0.5832491134190977,231.78975,163.12233,4.022437,428.424
2023-11-10 15:30:00,21.163001,222.45778174032523,0.4934899224973302,202.715655,124.6349,3.800073,307.023
2023-11-10 16:00:00,20.813002,153.02063558850625,0.3939763724600923,173.64156,86.14747,3.577709,209.657
2023-11-10 16:30:00,19.988001,83.82799354887023,0.2864112631340981,121.257855,49.979531,3.2602485000000003,91.306
2023-11-10 17:00:00,19.163,25.476881032401884,0.17263499349202643,68.87415,13.811592,2.942788,23.699
2023-11-10 17:30:00,18.1880005,0.0,0.05459407139688283,34.437075,6.905796,2.3257944,0.0
2023-11-10 18:00:00,17.213001,0.0,0.0,0.0,0.0,1.7088008,0.0
2023-11-10 18:30:00,16.6380015,0.0,0.0,0.0,0.0,1.42448815,0.0
2023-11-10 19:00:00,16.063002,0.0,0.0,0.0,0.0,1.1401755,0.0
2023-11-10 19:30:00,15.513001,0.0,0.0,0.0,0.0,0.97320065,0.0
2023-11-10 20:00:00,14.963,0.0,0.0,0.0,0.0,0.8062258,0.0
2023-11-10 20:30:00,14.588,0.0,0.0,0.0,0.0,0.7636680499999999,0.0
2023-11-10 21:00:00,14.213,0.0,0.0,0.0,0.0,0.7211103,0.0
2023-11-10 21:30:00,14.238,0.0,0.0,0.0,0.0,1.4571408,0.0
2023-11-10 22:00:00,14.263,0.0,0.0,0.0,0.0,2.1931713,0.0
2023-11-10 22:30:00,14.288,0.0,0.0,0.0,0.0,2.33149445,0.0
2023-11-10 23:00:00,14.313,0.0,0.0,0.0,0.0,2.4698176,0.0
2023-11-10 23:30:00,14.363,0.0,0.0,0.0,0.0,2.5996432,0.0
2023-11-11 00:00:00,14.413,0.0,0.0,0.0,0.0,2.7294688,0.0
2023-11-11 00:30:00,14.413,0.0,0.0,0.0,0.0,2.7303844,0.0
2023-11-11 01:00:00,14.413,0.0,0.0,0.0,0.0,2.7313,0.0
2023-11-11 01:30:00,14.488,0.0,0.0,0.0,0.0,2.788675,0.0
2023-11-11 02:00:00,14.563,0.0,0.0,0.0,0.0,2.84605,0.0
2023-11-11 02:30:00,15.563001,0.0,0.0,0.0,0.0,3.2811154,0.0
2023-11-11 03:00:00,16.563002,0.0,0.0,0.0,0.0,3.7161808,0.0
2023-11-11 03:30:00,16.5130015,0.0,0.0,0.0,0.0,3.7620336,0.0
2023-11-11 04:00:00,16.463001,0.0,0.0,0.0,0.0,3.8078864,0.0
2023-11-11 04:30:00,16.3630005,0.0,0.0,0.0,0.0,3.8078864,0.0
2023-11-11 05:00:00,16.263,0.0,0.0,0.0,0.0,3.8078864,0.0
2023-11-11 05:30:00,16.213,0.0,0.0,0.0,0.0,3.63093485,0.0
2023-11-11 06:00:00,16.163,0.0,0.0,0.0,0.0,3.4539833,0.0
2023-11-11 06:30:00,16.037999499999998,0.0,0.030863283213553073,0.0,0.0,3.15001665,0.0
2023-11-11 07:00:00,15.912999,0.0,0.14933182180178492,0.0,0.0,2.84605,8.802
2023-11-11 07:30:00,16.4880005,71.38236597242354,0.263907633366326,145.838625,33.46027,2.9271859,40.073
2023-11-11 08:00:00,17.063002,174.47667480587364,0.37263034952271656,291.67725,66.92054,3.0083218,244.274
2023-11-11 08:30:00,17.913001,266.78551626419426,0.4736398107991912,349.977475,102.70389,3.3487475,367.014
2023-11-11 09:00:00,18.763,367.01740532574314,0.5652079015676359,408.2777,138.48724,3.6891732,369.555
2023-11-11 09:30:00,19.563,444.20599606402345,0.6457681228949123,442.695125,160.72412500000002,4.31440425,718.375
2023-11-11 10:00:00,20.363,521.0304395728925,0.7139423820829807,477.11255,182.96101,4.9396353,191.921
2023-11-11 10:30:00,20.688,487.0459265032916,0.7685645771213389,355.605585,217.38966,5.39983465,589.9440000000001
2023-11-11 11:00:00,21.013,436.3962538810663,0.8087005472040505,234.09862,251.81831,5.860034,766.5339999999999
2023-11-11 11:30:00,21.088,460.3460934752884,0.833664042653294,258.305335,249.534275,5.5700927,345.113
2023-11-11 12:00:00,21.163,481.0975747357313,0.843028462688705,282.51205,247.25024,5.2801514,463.6230000000001
2023-11-11 12:30:00,21.213,438.33407279032144,0.8366341414219363,221.42462,257.915755,5.1703917,857.081
2023-11-11 13:00:00,21.263,393.842718399893,0.8145910629917106,160.33719,268.58127,5.060632,356.19
2023-11-11 13:30:00,21.313,410.95552781670597,0.7772769633725336,226.08591,239.675075,5.1403925,387.913
2023-11-11 14:00:00,21.363,418.89149801370155,0.7253308420361577,291.83463,210.76888,5.220153,185.142
2023-11-11 14:30:00,21.613,415.34516572785157,0.6596420104186613,392.51343,158.565945,5.094025,396.603
2023-11-11 15:00:00,21.863,392.3486263300691,0.5813348501818573,493.19223,106.36301,4.967897,285.788
2023-11-11 15:30:00,21.4130005,292.85707330489925,0.4917495437651126,414.37294,89.88868500000001,4.9046922,146.833
2023-11-11 16:00:00,20.963001,204.21761458032978,0.3924191304428104,335.55365,73.41436,4.8414874,125.946
2023-11-11 16:30:00,20.2380005,100.13115384549221,0.2850432499153465,198.105219,44.231399,4.4609642,70.042
2023-11-11 17:00:00,19.513,25.185408066250737,0.17145903445444322,60.656788,15.048438,4.080441,17.749
2023-11-11 17:30:00,18.563,0.0,0.053609675178990485,30.328394000000003,7.524219,3.5740067,0.0
2023-11-11 18:00:00,17.613,0.0,0.0,0.0,0.0,3.0675724,0.0
2023-11-11 18:30:00,17.2880005,0.0,0.0,0.0,0.0,3.0379471,0.0
2023-11-11 19:00:00,16.963001,0.0,0.0,0.0,0.0,3.0083218,0.0
2023-11-11 19:30:00,16.8880015,0.0,0.0,0.0,0.0,3.0083219000000003,0.0
2023-11-11 20:00:00,16.813002,0.0,0.0,0.0,0.0,3.008322,0.0
2023-11-11 20:30:00,16.713001,0.0,0.0,0.0,0.0,2.8504522000000003,0.0
2023-11-11 21:00:00,16.613,0.0,0.0,0.0,0.0,2.6925824,0.0
2023-11-11 21:30:00,16.613,0.0,0.0,0.0,0.0,2.4383077,0.0
2023-11-11 22:00:00,16.613,0.0,0.0,0.0,0.0,2.184033,0.0
2023-11-11 22:30:00,16.5380005,0.0,0.0,0.0,0.0,2.3420165,0.0
2023-11-11 23:00:00,16.463001,0.0,0.0,0.0,0.0,2.5,0.0
2023-11-11 23:30:00,16.4380005,0.0,0.0,0.0,0.0,2.673025,0.0
2023-11-12 00:00:00,16.413,0.0,0.0,0.0,0.0,2.84605,0.0
2023-11-12 00:30:00,16.413,0.0,0.0,0.0,0.0,2.9213575,0.0
2023-11-12 01:00:00,16.413,0.0,0.0,0.0,0.0,2.996665,0.0
2023-11-12 01:30:00,16.413,0.0,0.0,0.0,0.0,2.88757695,0.0
2023-11-12 02:00:00,16.413,0.0,0.0,0.0,0.0,2.7784889,0.0
2023-11-12 02:30:00,16.713,0.0,0.0,0.0,0.0,2.81226945,0.0
2023-11-12 03:00:00,17.013,0.0,0.0,0.0,0.0,2.84605,0.0
2023-11-12 03:30:00,16.8630005,0.0,0.0,0.0,0.0,2.90963185,0.0
2023-11-12 04:00:00,16.713001,0.0,0.0,0.0,0.0,2.9732137,0.0
2023-11-12 04:30:00,16.4880005,0.0,0.0,0.0,0.0,2.90963185,0.0
2023-11-12 05:00:00,16.263,0.0,0.0,0.0,0.0,2.84605,0.0
2023-11-12 05:30:00,16.113,0.0,0.0,0.0,0.0,2.783172,0.0
2023-11-12 06:00:00,15.963,0.0,0.0,0.0,0.0,2.720294,0.0
2023-11-12 06:30:00,15.663,0.0,0.02904920032340658,0.0,0.0,2.478181,0.0
2023-11-12 07:00:00,15.363,0.0,0.1473490529945748,0.0,0.0,2.236068,23.148000000000003
2023-11-12 07:30:00,15.9130005,71.4917018891765,0.26176975490093823,162.84761,29.31196,2.33868955,107.383
2023-11-12 08:00:00,16.463001,178.34865542001387,0.3703536378380623,325.69522,58.62392,2.4413111,278.771
2023-11-12 08:30:00,17.4880005,318.2020772059073,0.4712429617948523,519.88896,73.88732,2.0407165000000003,409.789
2023-11-12 09:00:00,18.513,490.51257756542583,0.5627117078313871,714.0827,89.15072,1.6401219,241.109
2023-11-12 09:30:00,19.538001,581.8552374761714,0.6431951144541116,760.17508,92.91753,1.71028565,127.094
2023-11-12 10:00:00,20.563002,670.6500947055878,0.7113164369058742,806.26746,96.68434,1.7804494,166.39700000000002
2023-11-12 10:30:00,21.438002,699.4454819759901,0.7659105080829676,766.82653,111.85752,2.3743069,699.1529999999999
2023-11-12 11:00:00,22.313002,713.4157321539915,0.8060436726749163,727.3856,127.0307,2.9681644,672.788
2023-11-12 11:30:00,22.688002,672.5976035262015,0.8310297481504285,603.517615,172.40482500000002,2.7965227,765.486
2023-11-12 12:00:00,23.063002,618.1194319662875,0.8404417611843525,479.64963,217.77895,2.624881,783.1290000000001
2023-11-12 12:30:00,22.938002,610.0709366526708,0.83411923992743,482.62375,210.08941,2.3136897,559.172
2023-11-12 13:00:00,22.813002,594.3969900555041,0.812170942944373,485.59787,202.39987,2.0024984,550.2909999999999
2023-11-12 13:30:00,22.363001,552.7451962869859,0.7749729820977347,492.545135,172.820375,1.807475,656.061
2023-11-12 14:00:00,21.913,503.2776422049604,0.723162362218477,499.4924,143.24088,1.6124516,252.00600000000003
2023-11-12 14:30:00,21.713,448.56711624320127,0.65762606398834,508.4332,114.900233,2.1062258,296.995
2023-11-12 15:00:00,21.513,386.16375421022326,0.5794858424826097,517.374,86.559586,2.6,489.448
2023-11-12 15:30:00,20.9880005,279.6341820379931,0.4900790031225105,410.96062,78.784138,2.3307764,423.857
2023-11-12 16:00:00,20.463001,189.1675060193266,0.39093550750741884,304.54724,71.00869,2.0615528,223.188
2023-11-12 16:30:00,19.5630005,93.49681488728064,0.28375177021724596,182.9982885,42.1312565,1.50247545,57.812
2023-11-12 17:00:00,18.663,23.500884758997472,0.17036160685642004,61.449337,13.253823,0.9433981,16.052
2023-11-12 17:30:00,17.8130005,0.0,0.0527048576490525,30.7246685,6.6269115,1.0799753,0.011
2023-11-12 18:00:00,16.963001,0.0,0.0,0.0,0.0,1.2165525,0.0
2023-11-12 18:30:00,16.713001,0.0,0.0,0.0,0.0,1.100719125,0.0
2023-11-12 19:00:00,16.463001,0.0,0.0,0.0,0.0,0.98488575,0.0
2023-11-12 19:30:00,16.0880005,0.0,0.0,0.0,0.0,1.273467875,0.0
2023-11-12 20:00:00,15.713,0.0,0.0,0.0,0.0,1.56205,0.0
2023-11-12 20:30:00,15.5629995,0.0,0.0,0.0,0.0,1.66561525,0.0
2023-11-12 21:00:00,15.412999,0.0,0.0,0.0,0.0,1.7691805,0.0
2023-11-12 21:30:00,15.1879995,0.0,0.0,0.0,0.0,1.6985313,0.0
2023-11-12 22:00:00,14.963,0.0,0.0,0.0,0.0,1.6278821,0.0
2023-11-12 22:30:00,14.763,0.0,0.0,0.0,0.0,1.52457455,0.0
2023-11-12 23:00:00,14.563,0.0,0.0,0.0,0.0,1.421267,0.0
2023-11-12 23:30:00,14.338,0.0,0.0,0.0,0.0,1.7922989,0.0
2023-11-13 00:00:00,14.113,0.0,0.0,0.0,0.0,2.1633308,0.0
2023-11-13 00:30:00,14.063,0.0,0.0,0.0,0.0,2.2327519,0.0
2023-11-13 01:00:00,14.013,0.0,0.0,0.0,0.0,2.302173,0.0
2023-11-13 01:30:00,13.963,0.0,0.0,0.0,0.0,2.224632,0.0
2023-11-13 02:00:00,13.913,0.0,0.0,0.0,0.0,2.147091,0.0
2023-11-13 02:30:00,14.638,0.0,0.0,0.0,0.0,2.385986,0.0
2023-11-13 03:00:00,15.363,0.0,0.0,0.0,0.0,2.624881,0.0
2023-11-13 03:30:00,15.238,0.0,0.0,0.0,0.0,2.6587317,0.0
2023-11-13 04:00:00,15.113,0.0,0.0,0.0,0.0,2.6925824,0.0
2023-11-13 04:30:00,14.938,0.0,0.0,0.0,0.0,2.48756245,0.0
2023-11-13 05:00:00,14.763,0.0,0.0,0.0,0.0,2.2825425,0.0
2023-11-13 05:30:00,14.638,0.0,0.0,0.0,0.0,2.41602615,0.0
2023-11-13 06:00:00,14.513,0.0,0.0,0.0,0.0,2.5495098,0.0
2023-11-13 06:30:00,14.738,0.0,0.027203993504409055,0.0,0.0,2.6394893,0.0
2023-11-13 07:00:00,14.963,0.0,0.14533712496415255,0.0,0.0,2.7294688,8.809999999999999
2023-11-13 07:30:00,16.013001,76.50930154044069,0.2596055959387976,185.42676,28.777356999999995,3.1061419,69.294
2023-11-13 08:00:00,17.063002,193.23721959506955,0.36805438864322754,370.85352,57.554714,3.482815,285.01
2023-11-13 08:30:00,17.7630015,307.05333724900265,0.46882811779188405,491.875885,77.291877,4.11258875,58.719
2023-11-13 09:00:00,18.463001,439.50053489290804,0.5602027826212879,612.89825,97.02904,4.7423625,65.336
2023-11-13 09:30:00,19.1630005,520.9673917361873,0.6406152681104628,651.317575,104.30293,5.40844975,273.9
2023-11-13 10:00:00,19.863,600.1032836477025,0.708690075624316,689.7369,111.57682,6.074537,562.009
2023-11-13 10:30:00,18.988,538.7322102136038,0.7632628620121302,522.57844,141.224765,6.3239842500000005,762.871
2023-11-13 11:00:00,18.113,453.98594076823565,0.8034003593363488,355.41998,170.87271,6.5734315,806.034
2023-11-13 11:30:00,18.2880005,453.8086192439098,0.8284163289422821,321.67504,190.273655,6.1559491,906.877
2023-11-13 12:00:00,18.463001,447.4659478443764,0.8378832986749147,287.9301,209.6746,5.7384667,177.352
2023-11-13 12:30:00,18.1880005,381.7592091104201,0.8316398636193226,203.802505,216.251075,6.35097135,216.32
2023-11-13 13:00:00,17.913,315.2356734021951,0.8097934310281558,119.67491,222.82755,6.963476,32.484
2023-11-13 13:30:00,17.3130005,247.77528522286065,0.772718366460557,68.325433,199.18094,6.42664875,10.106000000000002
2023-11-13 14:00:00,16.713001,183.8747247345657,0.7210495635765213,16.975956,175.53433,5.8898215,31.431
2023-11-13 14:30:00,17.1380015,195.667008004006,0.6556715634294026,61.31935800000001,158.84155,5.3203052500000005,89.497
2023-11-13 15:00:00,17.563002,200.33081348013064,0.5777033952007748,105.66276,142.14877,4.750789,223.384
2023-11-13 15:30:00,17.463001,177.99992764021255,0.48847939925258677,153.42671,105.020552,3.78340735,240.814
2023-11-13 16:00:00,17.363,145.1882730699598,0.3895263842346477,201.19066,67.892334,2.8160257,245.069
2023-11-13 16:30:00,17.213001,74.25441606000925,0.282537478441205,125.87026,39.3171995,1.65801285,48.08800000000001
2023-11-13 17:00:00,17.063002,19.123769392447905,0.16934313474032447,50.54986,10.742065,0.5,10.928
2023-11-13 17:30:00,16.088001,0.0,0.05187981235615432,25.27493,5.3710325,0.8330952,0.0
2023-11-13 18:00:00,15.113,0.0,0.0,0.0,0.0,1.1661904,0.0
2023-11-13 18:30:00,15.013,0.0,0.0,0.0,0.0,2.0052415000000003,0.0
2023-11-13 19:00:00,14.913,0.0,0.0,0.0,0.0,2.8442926,0.0
2023-11-13 19:30:00,14.788,0.0,0.0,0.0,0.0,3.22838545,0.0
2023-11-13 20:00:00,14.663,0.0,0.0,0.0,0.0,3.6124783,0.0
2023-11-13 20:30:00,14.663,0.0,0.0,0.0,0.0,4.210922,0.0
2023-11-13 21:00:00,14.663,0.0,0.0,0.0,0.0,4.8093657,0.0
2023-11-13 21:30:00,14.663,0.0,0.0,0.0,0.0,4.65967735,0.0
2023-11-13 22:00:00,14.663,0.0,0.0,0.0,0.0,4.509989,0.0
2023-11-13 22:30:00,14.863,0.0,0.0,0.0,0.0,4.357374,0.0
2023-11-13 23:00:00,15.063,0.0,0.0,0.0,0.0,4.204759,0.0
2023-11-13 23:30:00,15.088,0.0,0.0,0.0,0.0,3.969195,0.0
2023-11-14 00:00:00,15.113,0.0,0.0,0.0,0.0,3.733631,0.0
2023-11-14 00:30:00,14.813,0.0,0.0,0.0,0.0,3.6619478,0.0
2023-11-14 01:00:00,14.513,0.0,0.0,0.0,0.0,3.5902646,0.0
2023-11-14 01:30:00,14.313,0.0,0.0,0.0,0.0,3.49292495,0.0
2023-11-14 02:00:00,14.113,0.0,0.0,0.0,0.0,3.3955853,0.0
2023-11-14 02:30:00,13.938,0.0,0.0,0.0,0.0,3.07347415,0.0
2023-11-14 03:00:00,13.763,0.0,0.0,0.0,0.0,2.751363,0.0
2023-11-14 03:30:00,13.463,0.0,0.0,0.0,0.0,2.61059045,0.0
2023-11-14 04:00:00,13.163,0.0,0.0,0.0,0.0,2.4698179,0.0
2023-11-14 04:30:00,12.763,0.0,0.0,0.0,0.0,2.3892486,0.0
2023-11-14 05:00:00,12.363,0.0,0.0,0.0,0.0,2.3086793,0.0
2023-11-14 05:30:00,12.188,0.0,0.0,0.0,0.0,2.4053392,0.0
2023-11-14 06:00:00,12.013,0.0,0.0,0.0,0.0,2.5019991,0.0
2023-11-14 06:30:00,12.038,0.0,0.02532880701054771,0.0,0.0,2.56629405,0.0
2023-11-14 07:00:00,12.063,0.0,0.14329738748967388,0.0,0.0,2.630589,5.04
2023-11-14 07:30:00,12.913,76.90472500583735,0.2574166957461388,186.99768,29.179958500000005,2.7099271,31.754999999999995
2023-11-14 08:00:00,13.763,194.31973562603244,0.36573431127580136,373.99536,58.359917,2.7892652,270.43
2023-11-14 08:30:00,15.263000000000002,336.3449638900122,0.4663971358488023,563.882355,73.9756685,2.7955252,372.884
2023-11-14 09:00:00,16.763,509.53132904598476,0.55768310576359,753.76935,89.59142,2.8017852,547.993
2023-11-14 09:30:00,17.688000000000002,598.3600462455943,0.6380306593621327,789.052175,94.93953,3.3971391,634.2730000000001
2023-11-14 10:00:00,18.613,682.7086915786934,0.7060654405900961,824.335,100.28764,3.992493,154.53300000000002
2023-11-14 10:30:00,19.013,744.1250746808869,0.7606238181441247,844.640035,100.89451,4.30817215,806.9939999999999
2023-11-14 11:00:00,19.413,795.2937351994319,0.8007727926649595,864.94507,101.50138,4.6238513,125.006
2023-11-14 11:30:00,19.6880005,813.7385968993503,0.8258259459736395,863.66156,99.107055,4.5966575,784.9590000000001
2023-11-14 12:00:00,19.963001,818.731660457428,0.8353551812092255,862.37805,96.71273,4.5694637,792.0920000000001
2023-11-14 12:30:00,20.0630005,796.2715138118859,0.8291980342187552,844.2983750000001,94.57529,4.5694637,783.959
2023-11-14 13:00:00,20.163,761.1611459802217,0.8074604366536947,826.2187,92.43785,4.5694637,780.518
2023-11-14 13:30:00,20.213,701.3474701207665,0.7705148875148005,793.8971300000001,88.243455,4.32065915,722.8320000000001
2023-11-14 14:00:00,20.263,632.8218910776708,0.7189940551446494,761.57556,84.04906,4.0718546,652.272
2023-11-14 14:30:00,20.138,540.9418976455605,0.653779934920304,707.45328,77.533838,4.0056988,587.6800000000001
2023-11-14 15:00:00,20.013,447.9039812382181,0.5759887339746952,653.331,71.018616,3.939543,498.103
2023-11-14 15:30:00,19.263,332.63335609831773,0.48695174304527455,558.08318,60.627908,3.849266,390.562
2023-11-14 16:00:00,18.513,229.8241088982249,0.38819254629526406,462.83536,50.2372,3.758989,241.10400000000004
2023-11-14 16:30:00,17.388,106.07299207247532,0.28140092846873016,270.30198,30.1143555,3.132491,104.307
2023-11-14 17:00:00,16.263,22.961194348596287,0.168403937654241,77.7686,9.991511,2.505993,13.871
2023-11-14 17:30:00,15.338,0.0,0.05113462603706462,38.8843,4.9957555,2.4029965,0.0
2023-11-14 18:00:00,14.413,0.0,0.0,0.0,0.0,2.3,0.0
2023-11-14 18:30:00,14.013,0.0,0.0,0.0,0.0,2.2011898,0.0
2023-11-14 19:00:00,13.613,0.0,0.0,0.0,0.0,2.1023796,0.0
2023-11-14 19:30:00,13.288,0.0,0.0,0.0,0.0,1.8078271,0.0
2023-11-14 20:00:00,12.963,0.0,0.0,0.0,0.0,1.5132746,0.0
2023-11-14 20:30:00,12.513,0.0,0.0,0.0,0.0,1.5132746,0.0
2023-11-14 21:00:00,12.063,0.0,0.0,0.0,0.0,1.5132746,0.0
2023-11-14 21:30:00,12.938,0.0,0.0,0.0,0.0,1.58428455,0.0
2023-11-14 22:00:00,13.813,0.0,0.0,0.0,0.0,1.6552945,0.0
2023-11-14 22:30:00,14.063,0.0,0.0,0.0,0.0,1.22764725,0.0
2023-11-14 23:00:00,14.313,0.0,0.0,0.0,0.0,0.8,0.0
2023-11-14 23:30:00,14.213,0.0,0.0,0.0,0.0,0.6692582300000001,0.0
2023-11-15 00:00:00,14.113,0.0,0.0,0.0,0.0,0.53851646,0.0
2023-11-15 00:30:00,13.738,0.0,0.0,0.0,0.0,0.5192582299999999,0.0
2023-11-15 01:00:00,13.363,0.0,0.0,0.0,0.0,0.5,0.0
2023-11-15 01:30:00,12.338,0.0,0.0,0.0,0.0,0.6,0.0
2023-11-15 02:00:00,11.313,0.0,0.0,0.0,0.0,0.7,0.0
2023-11-15 02:30:00,11.263,0.0,0.0,0.0,0.0,1.1405694,0.0
2023-11-15 03:00:00,11.213,0.0,0.0,0.0,0.0,1.5811388,0.0
2023-11-15 03:30:00,10.863,0.0,0.0,0.0,0.0,1.50646045,0.0
2023-11-15 04:00:00,10.513,0.0,0.0,0.0,0.0,1.4317821,0.0
2023-11-15 04:30:00,10.313,0.0,0.0,0.0,0.0,1.34834655,0.0
2023-11-15 05:00:00,10.113,0.0,0.0,0.0,0.0,1.264911,0.0
2023-11-15 05:30:00,9.963,0.0,0.0,0.0,0.0,1.32887485,0.0
2023-11-15 06:00:00,9.813,0.0,0.0,0.0,0.0,1.3928387,0.0
2023-11-15 06:30:00,9.738,0.0,0.02342487480952615,0.0,0.0,1.3464194,0.0
2023-11-15 07:00:00,9.663,0.0,0.14123127722300569,0.0,0.0,1.3000001,6.058
2023-11-15 07:30:00,11.038,79.15142231997568,0.25520467597414,199.363375,28.654575,1.50146935,120.352
2023-11-15 08:00:00,12.413,201.44129728093853,0.3633951915113774,398.72675,57.30915,1.7029386,271.252
2023-11-15 08:30:00,14.6880005,344.1412839954165,0.46395194212137236,591.196725,70.356945,1.8222937,394.765
2023-11-15 09:00:00,16.963001,518.2191824246488,0.5551547175819581,783.6667,83.40474,1.9416488,494.414
2023-11-15 09:30:00,18.088001,607.4860679100104,0.6354434144754603,817.36645,87.90297000000001,2.3501359,580.328
2023-11-15 10:00:00,19.213001,691.7069831024965,0.7034447143143631,851.0662,92.4012,2.758623,648.491
2023-11-15 10:30:00,19.9130005,742.399448942739,0.7579955845221639,853.10285,94.837048,3.07784025,706.0029999999999
2023-11-15 11:00:00,20.613,781.0144062512511,0.7981631750529667,855.1395,97.272896,3.3970575,751.472
2023-11-15 11:30:00,20.988,790.5473099308135,0.8232607648849779,841.43047,96.493408,3.86935805,764.794
2023-11-15 12:00:00,21.363,786.563357996907,0.832859507194567,827.72144,95.71392,4.3416586,772.8539999999999
2023-11-15 12:30:00,21.563,757.3720176577044,0.8267957535651562,795.4054900000001,98.454455,4.4908509500000005,757.506
2023-11-15 13:00:00,21.763,716.7003181586524,0.8051738374191293,763.08954,101.19499,4.6400433,727.434
2023-11-15 13:30:00,21.813,660.7241306019085,0.7683642730844751,732.7712200000001,96.76674,4.52229315,680.89
2023-11-15 14:00:00,21.863,596.7541219997744,0.7169973920293582,702.4529,92.33849,4.404543,640.9660000000001
2023-11-15 14:30:00,21.563,503.83372776844334,0.651952540884918,640.9732,85.499355,4.4299383500000005,555.725
2023-11-15 15:00:00,21.263,411.63006027587,0.5743430119122505,579.4935,78.66022,4.4553337,465.759
2023-11-15 15:30:00,20.688,297.67760114457724,0.485496965292718,477.7499,65.835752,4.13816405,361.155
2023-11-15 16:00:00,20.113,198.15081321050778,0.38693469301299077,376.0063,53.011284,3.8209944,210.696
2023-11-15 16:30:00,19.313,91.78240576296707,0.280342583000489,217.615255,31.014969,3.2558596,41.781000000000006
2023-11-15 17:00:00,18.513,18.81291049633497,0.16754424066573853,59.22421,9.018654,2.6907248,13.81
2023-11-15 17:30:00,17.663001,0.0,0.05046928920529627,29.612105,4.509327,2.7055095,0.0
2023-11-15 18:00:00,16.813002,0.0,0.0,0.0,0.0,2.7202942,0.0
2023-11-15 18:30:00,16.388001,0.0,0.0,0.0,0.0,2.5401895000000003,0.0
2023-11-15 19:00:00,15.963,0.0,0.0,0.0,0.0,2.3600848,0.0
2023-11-15 19:30:00,15.588,0.0,0.0,0.0,0.0,2.36536935,0.0
2023-11-15 20:00:00,15.213,0.0,0.0,0.0,0.0,2.3706539,0.0
2023-11-15 20:30:00,15.163,0.0,0.0,0.0,0.0,2.4756757,0.0
2023-11-15 21:00:00,15.113,0.0,0.0,0.0,0.0,2.5806975,0.0
2023-11-15 21:30:00,15.088,0.0,0.0,0.0,0.0,2.5806975,0.0
2023-11-15 22:00:00,15.063,0.0,0.0,0.0,0.0,2.5806975,0.0
2023-11-15 22:30:00,15.038,0.0,0.0,0.0,0.0,2.5806975,0.0
2023-11-15 23:00:00,15.013,0.0,0.0,0.0,0.0,2.5806975,0.0
2023-11-15 23:30:00,14.938,0.0,0.0,0.0,0.0,2.5709736,0.0
2023-11-16 00:00:00,14.863,0.0,0.0,0.0,0.0,2.5612497,0.0
2023-11-16 00:30:00,14.788,0.0,0.0,0.0,0.0,2.4909967,0.0
2023-11-16 01:00:00,14.713,0.0,0.0,0.0,0.0,2.4207437,0.0
2023-11-16 01:30:00,14.663,0.0,0.0,0.0,0.0,2.3505473500000003,0.0
2023-11-16 02:00:00,14.613,0.0,0.0,0.0,0.0,2.280351,0.0
2023-11-16 02:30:00,14.113,0.0,0.0,0.0,0.0,1.71026325,0.0
2023-11-16 03:00:00,13.613,0.0,0.0,0.0,0.0,1.1401755,0.0
2023-11-16 03:30:00,13.413,0.0,0.0,0.0,0.0,1.20648385,0.0
2023-11-16 04:00:00,13.213,0.0,0.0,0.0,0.0,1.2727922,0.0
2023-11-16 04:30:00,13.188,0.0,0.0,0.0,0.0,1.3090773,0.0
2023-11-16 05:00:00,13.163,0.0,0.0,0.0,0.0,1.3453624,0.0
2023-11-16 05:30:00,12.963,0.0,0.0,0.0,0.0,1.50032845,0.0
2023-11-16 06:00:00,12.763,0.0,0.0,0.0,0.0,1.6552945,0.0
2023-11-16 06:30:00,12.463,0.0,0.021493507237240434,0.0,0.0,1.16305745,0.0
2023-11-16 07:00:00,12.163,0.0,0.13914030435961303,0.0,0.0,0.6708204,5.5280000000000005
2023-11-16 07:30:00,13.213,77.24627431582793,0.2529712276996607,195.629365,28.130607500000004,0.541565485,106.001
2023-11-16 08:00:00,14.263,196.77496070765926,0.3610388791895161,391.25873,56.261215,0.41231057,250.653
2023-11-16 08:30:00,15.963,344.26655828782236,0.4614945202925342,598.1993150000001,68.6562225,0.814431535,391.34
2023-11-16 09:00:00,17.663,525.8225341412999,0.5526197083904253,805.1399,81.05123,1.2165525,494.306
2023-11-16 09:30:00,18.663,614.2845780179072,0.6328557013224619,834.92542,85.63107,1.74845175,467.8130000000001
2023-11-16 10:00:00,19.663,696.9236389258136,0.7008301117734271,864.71094,90.21091,2.280351,192.634
2023-11-16 10:30:00,20.638,740.7737785724053,0.7553803919358152,851.87592,96.43897,2.8401755,489.319
2023-11-16 11:00:00,21.613,771.1775416322444,0.7955737215455272,839.0409,102.66703,3.4,795.721
2023-11-16 11:30:00,21.738,779.7255629164479,0.8207229536691465,821.0839,104.802245,4.6120438,240.099
2023-11-16 12:00:00,21.863,774.9429346107449,0.8303983670632241,803.1269,106.93746,5.8240876,906.02
2023-11-16 12:30:00,21.563,739.834107213169,0.8244350053557091,765.3279749999999,107.95907,6.13888455,167.189
2023-11-16 13:00:00,21.263,693.8730888988948,0.8029354829401664,727.52905,108.98068,6.4536815,187.992
2023-11-16 13:30:00,20.6130005,612.0536887586297,0.7662682136689563,646.18866,116.80451,6.70857875,285.84000000000003
2023-11-16 14:00:00,19.963001,527.9865332086176,0.7150610833209698,564.84827,124.62834,6.963476,322.072
2023-11-16 14:30:00,20.1630005,459.08771927828366,0.6501906898331065,540.63956,108.023883,6.3457388,601.6370000000001
2023-11-16 15:00:00,20.363,386.84701883929563,0.5727673212553136,516.43085,91.419426,5.7280016,493.31299999999993
2023-11-16 15:30:00,19.638,285.15743077712307,0.4841159299992109,436.399525,74.32148000000001,5.5755501,377.232
2023-11-16 16:00:00,18.913,194.1968968706135,0.3857534521338774,356.3682,57.223534,5.4230986,129.666
2023-11-16 16:30:00,18.113001,88.60229395305535,0.2793628295929727,199.2817525,33.2569455,4.906999150000001,55.567
2023-11-16 17:00:00,17.313002,16.170791804025978,0.1667641913498596,42.195305,9.290357,4.3908997,6.946
2023-11-16 17:30:00,16.7630015,0.0,0.049883713811760114,21.0976525,4.6451785,3.85149945,0.0
2023-11-16 18:00:00,16.213001,0.0,0.0,0.0,0.0,3.3120992,0.0
2023-11-16 18:30:00,16.1630005,0.0,0.0,0.0,0.0,3.3007379500000003,0.0
2023-11-16 19:00:00,16.113,0.0,0.0,0.0,0.0,3.2893767,0.0
2023-11-16 19:30:00,15.9630005,0.0,0.0,0.0,0.0,3.2893767,0.0
2023-11-16 20:00:00,15.813001,0.0,0.0,0.0,0.0,3.2893767,0.0
2023-11-16 20:30:00,15.6630005,0.0,0.0,0.0,0.0,3.2641018500000003,0.0
2023-11-16 21:00:00,15.513,0.0,0.0,0.0,0.0,3.238827,0.0
2023-11-16 21:30:00,15.313,0.0,0.0,0.0,0.0,3.1726359,0.0
2023-11-16 22:00:00,15.113,0.0,0.0,0.0,0.0,3.1064448,0.0
2023-11-16 22:30:00,14.813,0.0,0.0,0.0,0.0,2.7542636,0.0
2023-11-16 23:00:00,14.513,0.0,0.0,0.0,0.0,2.4020824,0.0
2023-11-16 23:30:00,14.138,0.0,0.0,0.0,0.0,2.17186555,0.0
2023-11-17 00:00:00,13.763,0.0,0.0,0.0,0.0,1.9416487,0.0
2023-11-17 00:30:00,13.688,0.0,0.0,0.0,0.0,1.76139375,0.0
2023-11-17 01:00:00,13.613,0.0,0.0,0.0,0.0,1.5811388,0.0
2023-11-17 01:30:00,13.513,0.0,0.0,0.0,0.0,1.3495864,0.0
2023-11-17 02:00:00,13.413,0.0,0.0,0.0,0.0,1.118034,0.0
2023-11-17 02:30:00,13.313,0.0,0.0,0.0,0.0,0.9495295,0.0
2023-11-17 03:00:00,13.213,0.0,0.0,0.0,0.0,0.781025,0.0
2023-11-17 03:30:00,12.463,0.0,0.0,0.0,0.0,0.61411931,0.0
2023-11-17 04:00:00,11.713,0.0,0.0,0.0,0.0,0.44721362,0.0
2023-11-17 04:30:00,11.238,0.0,0.0,0.0,0.0,0.4297620949999999,0.0
2023-11-17 05:00:00,10.763,0.0,0.0,0.0,0.0,0.41231057,0.0
2023-11-17 05:30:00,10.388,0.0,0.0,0.0,0.0,0.306155285,0.0
2023-11-17 06:00:00,10.013,0.0,0.0,0.0,0.0,0.2,0.0
2023-11-17 06:30:00,9.788,0.0,0.01953606983240122,0.0,0.0,0.5527692500000001,0.0
2023-11-17 07:00:00,9.563,0.0,0.13702603166453636,0.0,0.0,0.9055385,5.04
2023-11-17 07:30:00,10.663,68.0115833126815,0.2507180909541844,158.94043,28.593441,1.2159860999999998,21.42
2023-11-17 08:00:00,11.763,170.3381440443594,0.35866726857688375,317.88086,57.186882,1.5264337,238.48600000000005
2023-11-17 08:30:00,14.038001,297.30389823619385,0.4590268931825066,484.62293,75.678749,1.4151371,373.89
2023-11-17 09:00:00,16.313002,451.676186909422,0.5500802016352271,651.365,94.170616,1.3038405,448.5940000000001
2023-11-17 09:30:00,17.213001,472.52579293579083,0.6302697143060247,564.5526,117.957193,1.99728265,445.441
2023-11-17 10:00:00,18.113,473.6071877462721,0.6982238674313563,477.7402,141.74377,2.6907248,671.65
2023-11-17 10:30:00,18.7880005,531.5707064282083,0.7527804833185376,516.52098,144.16554000000002,3.0781347500000003,740.964
2023-11-17 11:00:00,19.463001,585.8079986794704,0.7930066517978004,555.30176,146.58731,3.4655447,468.238
2023-11-17 11:30:00,19.6630005,590.4165576141561,0.8182146773443684,537.6314299999999,151.73234000000002,3.78520985,657.336
2023-11-17 12:00:00,19.863,586.1014409501238,0.8279738407768173,519.9611,156.87737,4.104875,275.12300000000005
2023-11-17 12:30:00,20.0380005,554.2083957434571,0.8221177555309441,494.95496,148.499685,4.1625323000000005,756.696
2023-11-17 13:00:00,20.213001,515.3172188347341,0.8007471981408985,469.94882,140.122,4.2201896,245.66000000000005
2023-11-17 13:30:00,20.338001,509.7027107249085,0.7642283686019029,495.551435,131.900585,4.43011645,151.173
2023-11-17 14:00:00,20.463001,494.64955958114456,0.7131866010409095,521.15405,123.67917,4.6400433,610.3230000000001
2023-11-17 14:30:00,20.2630015,462.97982946871343,0.6484956479822842,561.622775,98.979935,4.83049965,618.294
2023-11-17 15:00:00,20.063002,418.52275454309455,0.5712627074773109,602.0915,74.2807,5.020956,474.1039999999999
2023-11-17 15:30:00,19.488001,310.862499582204,0.48280945072566744,515.91527,61.707897,4.815364000000001,364.373
2023-11-17 16:00:00,18.913,214.2759919010305,0.38464939815570526,429.73904,49.135094,4.609772,210.905
2023-11-17 16:30:00,18.1880005,96.0207445978364,0.27846200064391724,242.869285,28.5235397,3.7898101,85.50699999999999
2023-11-17 17:00:00,17.463001,17.104125695410712,0.1660638811231681,55.99953,7.9119854,2.9698482,12.184
2023-11-17 17:30:00,16.7630015,0.0,0.04937775559595195,27.999765000000004,3.9559927,2.6564615,0.0
2023-11-17 18:00:00,16.063002,0.0,0.0,0.0,0.0,2.3430748,0.0
2023-11-17 18:30:00,15.7380005,0.0,0.0,0.0,0.0,2.1777680000000004,0.0
2023-11-17 19:00:00,15.412999,0.0,0.0,0.0,0.0,2.0124612,0.0
2023-11-17 19:30:00,15.0879995,0.0,0.0,0.0,0.0,1.7273409000000002,0.0
2023-11-17 20:00:00,14.763,0.0,0.0,0.0,0.0,1.4422206,0.0
2023-11-17 20:30:00,14.388,0.0,0.0,0.0,0.0,1.3937914999999998,0.0
2023-11-17 21:00:00,14.013,0.0,0.0,0.0,0.0,1.3453624,0.0
2023-11-17 21:30:00,13.813,0.0,0.0,0.0,0.0,1.56710845,0.0
2023-11-17 22:00:00,13.613,0.0,0.0,0.0,0.0,1.7888545,0.0
2023-11-17 22:30:00,13.663,0.0,0.0,0.0,0.0,2.08291375,0.0
2023-11-17 23:00:00,13.713,0.0,0.0,0.0,0.0,2.376973,0.0
2023-11-17 23:30:00,13.888,0.0,0.0,0.0,0.0,2.63070705,0.0
2023-11-18 00:00:00,14.063,0.0,0.0,0.0,0.0,2.8844411,0.0
2023-11-18 00:30:00,14.213,0.0,0.0,0.0,0.0,2.61375795,0.0
2023-11-18 01:00:00,14.363,0.0,0.0,0.0,0.0,2.3430748,0.0
2023-11-18 01:30:00,14.588,0.0,0.0,0.0,0.0,2.6698699,0.0
2023-11-18 02:00:00,14.813,0.0,0.0,0.0,0.0,2.996665,0.0
2023-11-18 02:30:00,15.988,0.0,0.0,0.0,0.0,4.091593,0.0
2023-11-18 03:00:00,17.163,0.0,0.0,0.0,0.0,5.186521,0.0
2023-11-18 03:30:00,17.088,0.0,0.0,0.0,0.0,5.217188800000001,0.0
2023-11-18 04:00:00,17.013,0.0,0.0,0.0,0.0,5.2478566,0.0
2023-11-18 04:30:00,16.913001,0.0,0.0,0.0,0.0,5.0093003,0.0
2023-11-18 05:00:00,16.813002,0.0,0.0,0.0,0.0,4.770744,0.0
2023-11-18 05:30:00,16.563002,0.0,0.0,0.0,0.0,4.74545675,0.0
2023-11-18 06:00:00,16.313002,0.0,0.0,0.0,0.0,4.7201695,0.0
2023-11-18 06:30:00,16.2630015,0.0,0.017553956193541834,0.0,0.0,4.78082845,0.0
2023-11-18 07:00:00,16.213001,0.0,0.13489004740364782,0.0,0.0,4.8414874,5.303
2023-11-18 07:30:00,16.713001,61.97458423317186,0.24844702815669656,138.19095,28.087612,4.8666587,24.171
2023-11-18 08:00:00,17.213001,153.75287825398328,0.356282272749919,276.3819,56.175224,4.89183,43.216
2023-11-18 08:30:00,17.838001,278.7949915349336,0.45655109843370373,444.90448,76.597352,5.45631365,380.573
2023-11-18 09:00:00,18.463001,431.9386470229486,0.547538331309146,613.42706,97.01948,6.0207973,126.747
2023-11-18 09:30:00,18.6130005,477.75581754462564,0.6276876538801653,582.5737300000001,113.16315,6.422875899999999,86.25000000000001
2023-11-18 10:00:00,18.763,511.8914195203831,0.695628217179642,551.7204,129.30682,6.8249545,172.925
2023-11-18 10:30:00,18.4880005,585.3739308600213,0.7501980983735212,599.0937200000001,136.91406,7.27123355,96.503
2023-11-18 11:00:00,18.213001,654.7798185809679,0.790464177617945,646.46704,144.5213,7.7175126,230.383
2023-11-18 11:30:00,18.338001,560.6241818194582,0.8157380886171147,491.42354,161.41697,7.1549661,126.616
2023-11-18 12:00:00,18.463001,453.4431054333709,0.8255879917453715,336.38004,178.31264,6.5924196,698.6120000000001
2023-11-18 12:30:00,18.8880015,490.1481093512266,0.8198459495492123,396.08423,167.49174,5.6205378,299.516
2023-11-18 13:00:00,19.313002,519.1058790532168,0.7986107839004422,455.78842,156.67084,4.648656,808.344
2023-11-18 13:30:00,18.963001,463.1830802550927,0.76224637003967,424.422835,141.0860875,3.52640955,279.037
2023-11-18 14:00:00,18.613,403.8395516476056,0.7113753873846234,393.05725,125.501335,2.4041631,349.297
2023-11-18 14:30:00,18.188,304.5111591103327,0.646868649592215,299.432435,112.2389425,2.52211955,49.797
2023-11-18 15:00:00,17.763,214.68250397025977,0.5698301824744518,205.80762,98.97655,2.640076,179.03199999999998
2023-11-18 15:30:00,17.438000000000002,144.5193272601278,0.481578306456317,130.075485,83.36896,2.2214258,141.525
2023-11-18 16:00:00,17.113,87.19584344506217,0.3836230705578856,54.34335,67.76137,1.8027756,101.03900000000002
2023-11-18 16:30:00,16.188,52.40043749750853,0.2776403936567992,55.55181,37.7342935,2.2252079,50.55
2023-11-18 17:00:00,15.263,16.996151739867763,0.16544336720044558,56.76027,7.707217,2.6476402,13.271
2023-11-18 17:30:00,14.288,0.0,0.048951237301951105,28.380135000000003,3.8536085,2.6523531,0.0
2023-11-18 18:00:00,13.313,0.0,0.0,0.0,0.0,2.657066,0.0
2023-11-18 18:30:00,13.038,0.0,0.0,0.0,0.0,2.6868408500000003,0.0
2023-11-18 19:00:00,12.763,0.0,0.0,0.0,0.0,2.7166157,0.0
2023-11-18 19:30:00,12.563,0.0,0.0,0.0,0.0,3.10902205,0.0
2023-11-18 20:00:00,12.363,0.0,0.0,0.0,0.0,3.5014284,0.0
2023-11-18 20:30:00,11.963,0.0,0.0,0.0,0.0,3.45731905,0.0
2023-11-18 21:00:00,11.563,0.0,0.0,0.0,0.0,3.4132097,0.0
2023-11-18 21:30:00,11.188,0.0,0.0,0.0,0.0,3.2099345,0.0
2023-11-18 22:00:00,10.813,0.0,0.0,0.0,0.0,3.0066593,0.0
2023-11-18 22:30:00,10.338,0.0,0.0,0.0,0.0,2.85425535,0.0
2023-11-18 23:00:00,9.863,0.0,0.0,0.0,0.0,2.7018514,0.0
2023-11-18 23:30:00,9.638,0.0,0.0,0.0,0.0,2.6098936,0.0
2023-11-19 00:00:00,9.413,0.0,0.0,0.0,0.0,2.5179358,0.0
2023-11-19 00:30:00,9.313,0.0,0.0,0.0,0.0,2.75980105,0.0
2023-11-19 01:00:00,9.213,0.0,0.0,0.0,0.0,3.0016663,0.0
2023-11-19 01:30:00,9.213,0.0,0.0,0.0,0.0,2.9645613500000003,0.0
2023-11-19 02:00:00,9.213,0.0,0.0,0.0,0.0,2.9274564,0.0
2023-11-19 02:30:00,9.913,0.0,0.0,0.0,0.0,3.6659999,0.0
2023-11-19 03:00:00,10.613,0.0,0.0,0.0,0.0,4.4045434,0.0
2023-11-19 03:30:00,10.313,0.0,0.0,0.0,0.0,4.3312385,0.0
2023-11-19 04:00:00,10.013,0.0,0.0,0.0,0.0,4.2579336,0.0
2023-11-19 04:30:00,9.863,0.0,0.0,0.0,0.0,3.9537954,0.0
2023-11-19 05:00:00,9.713,0.0,0.0,0.0,0.0,3.6496572,0.0
2023-11-19 05:30:00,9.338,0.0,0.0,0.0,0.0,4.0299363,0.0
2023-11-19 06:00:00,8.963,0.0,0.0,0.0,0.0,4.4102154,0.0
2023-11-19 06:30:00,9.188,0.0,0.015548558522851084,0.0,0.0,5.2587941,0.0
2023-11-19 07:00:00,9.413,0.0,0.13273393570382896,0.0,0.0,6.1073728,0.302
2023-11-19 07:30:00,9.538,41.90358972975618,0.2461597947994583,72.474825,24.517560000000003,6.404059200000001,20.796000000000003
2023-11-19 08:00:00,9.663,99.42202549015666,0.3538857950391574,144.94965,49.03512,6.7007456,23.23
2023-11-19 08:30:00,10.288,258.1804525417216,0.4540691611735703,413.57544,71.219465,7.20167115,332.475
2023-11-19 09:00:00,10.913,464.4478845038283,0.54499621618276,682.20123,93.40381,7.7025967,118.47199999999998
2023-11-19 09:30:00,11.313,551.2060587849207,0.6251117027494799,716.258165,103.979375,8.20847585,642.0930000000001
2023-11-19 10:00:00,11.713,634.2810110574615,0.6930453768409557,750.3151,114.55494,8.714355,205.734
2023-11-19 10:30:00,11.963,686.460778053916,0.747635454673079,759.24822,118.865205,9.2236445,256.954
2023-11-19 11:00:00,12.213,728.6485044954404,0.7879484869483582,768.18134,123.17547,9.732934,813.436
2023-11-19 11:30:00,12.038,650.2913893304234,0.8132953149372255,619.60875,147.19945,9.1658855,827.2090000000001
2023-11-19 12:00:00,11.863,557.1489659424129,0.8232428571094529,471.03616,171.22343,8.598837,443.393
2023-11-19 12:30:00,11.988,486.3512172301879,0.8176215059861383,373.038315,183.9015,8.30254225,1033.605
2023-11-19 13:00:00,12.113,412.39976421867607,0.7965280140123039,275.04047,196.57957,8.0062475,165.247
2023-11-19 13:30:00,12.213,403.27891514692635,0.7603238232771553,283.315385,191.015835,7.63768005,900.847
2023-11-19 14:00:00,12.313,389.3335236694744,0.7096288583161564,291.5903,185.4521,7.2691126,823.839
2023-11-19 14:30:00,12.238,323.6229403280506,0.64531090371678,278.133575,146.447497,7.1206,134.885
2023-11-19 15:00:00,12.163,256.32903468757786,0.568470734370396,264.67685,107.442894,6.9720874,110.484
2023-11-19 15:30:00,12.088,209.0449637968323,0.4804232541311547,257.79873,86.446187,6.52742505,58.819
2023-11-19 16:00:00,12.013,160.5379682643216,0.382674988805621,250.92061,65.44948,6.0827627,131.082
2023-11-19 16:30:00,11.513,75.16360001270662,0.2768982884062396,142.726962,36.1647025,5.24194955,80.965
2023-11-19 17:00:00,11.013,12.463206836043422,0.16490269154437284,34.533314,6.879925,4.4011364,17.203
2023-11-19 17:30:00,10.613,0.0,0.04860396898529048,17.266657,3.4399625,4.16079785,0.0
2023-11-19 18:00:00,10.213,0.0,0.0,0.0,0.0,3.9204593,0.0
2023-11-19 18:30:00,10.213,0.0,0.0,0.0,0.0,3.6668345,0.0
2023-11-19 19:00:00,10.213,0.0,0.0,0.0,0.0,3.4132097,0.0
2023-11-19 19:30:00,10.088,0.0,0.0,0.0,0.0,3.2198793500000003,0.0
2023-11-19 20:00:00,9.963,0.0,0.0,0.0,0.0,3.026549,0.0
2023-11-19 20:30:00,9.788,0.0,0.0,0.0,0.0,2.7017610000000003,0.0
2023-11-19 21:00:00,9.613,0.0,0.0,0.0,0.0,2.376973,0.0
2023-11-19 21:30:00,9.388,0.0,0.0,0.0,0.0,2.2192629,0.0
2023-11-19 22:00:00,9.163,0.0,0.0,0.0,0.0,2.0615528,0.0
2023-11-19 22:30:00,8.838000000000001,0.0,0.0,0.0,0.0,1.94865445,0.0
2023-11-19 23:00:00,8.513,0.0,0.0,0.0,0.0,1.8357561,0.0
2023-11-19 23:30:00,8.213000000000001,0.0,0.0,0.0,0.0,1.79252085,0.0
2023-11-20 00:00:00,7.913,0.0,0.0,0.0,0.0,1.7492856,0.0
2023-11-20 00:30:00,7.563000000000001,0.0,0.0,0.0,0.0,1.547324,0.0
2023-11-20 01:00:00,7.213,0.0,0.0,0.0,0.0,1.3453624,0.0
2023-11-20 01:30:00,6.863,0.0,0.0,0.0,0.0,1.2041885,0.0
2023-11-20 02:00:00,6.513,0.0,0.0,0.0,0.0,1.0630146,0.0
2023-11-20 02:30:00,6.263,0.0,0.0,0.0,0.0,0.91229595,0.0
2023-11-20 03:00:00,6.013,0.0,0.0,0.0,0.0,0.7615773,0.0
2023-11-20 03:30:00,5.813000000000001,0.0,0.0,0.0,0.0,0.65004688,0.0
2023-11-20 04:00:00,5.613,0.0,0.0,0.0,0.0,0.53851646,0.0
2023-11-20 04:30:00,5.538,0.0,0.0,0.0,0.0,0.36925823,0.0
2023-11-20 05:00:00,5.463,0.0,0.0,0.0,0.0,0.2,0.0
2023-11-20 05:30:00,5.338,0.0,0.0,0.0,0.0,0.4354101999999999,0.0
2023-11-20 06:00:00,5.213,0.0,0.0,0.0,0.0,0.6708204,0.0
2023-11-20 06:30:00,5.238,0.0,0.013521240129026982,0.0,0.0,1.11803395,0.0
2023-11-20 07:00:00,5.263,0.0,0.1305592488431611,0.0,0.0,1.5652475,4.19
2023-11-20 07:30:00,6.638,66.81487594929985,0.24385811181959388,168.67615,26.035103,1.4985148,98.395
2023-11-20 08:00:00,8.013,169.93614283102266,0.35147970186781036,337.3523,52.070206,1.4317821,244.563
2023-11-20 08:30:00,9.888,319.49489083700485,0.4515830676665802,560.22195,67.018345,1.1686603,384.475
2023-11-20 09:00:00,11.763,506.4453169915146,0.5424559346957808,783.0916,81.966484,0.9055385,495.89
2023-11-20 09:30:00,12.838,598.586795260876,0.6225440022910528,822.700615,86.282452,1.2804164999999998,587.901
2023-11-20 10:00:00,13.913,686.5917074490433,0.6904775204553988,862.30963,90.59842,1.6552945,663.4340000000001
2023-11-20 10:30:00,14.638,742.8918729689117,0.7450947280969157,871.7270149999999,92.452635,1.9242329,721.366
2023-11-20 11:00:00,15.363,787.6642491206743,0.7854617266784011,881.1444,94.30685,2.1931713,753.8969999999999
2023-11-20 11:30:00,15.9130005,804.4220492470604,0.8108884438782105,874.909635,93.538745,2.1931713,759.359
2023-11-20 12:00:00,16.463001,807.5071527197831,0.820940435847694,868.67487,92.77064,2.1931713,780.606
2023-11-20 12:30:00,16.8630005,785.4573223119529,0.8154463074745775,850.088685,90.6675275,2.05183425,770.8220000000001
2023-11-20 13:00:00,17.263,750.7637191570218,0.7945006290221599,831.5025,88.564415,1.9104972,750.7759999999998
2023-11-20 13:30:00,17.438000000000002,690.9108730358046,0.7584623034733587,797.230225,84.8726195,1.9676715,710.68
2023-11-20 14:00:00,17.613,622.4840028637466,0.7079484031457159,762.95795,81.180824,2.0248458,650.506
2023-11-20 14:30:00,17.5380005,530.2582048712062,0.6438235965488295,705.64081,75.10565199999999,1.94247665,575.097
2023-11-20 15:00:00,17.463001,437.27053721984726,0.5671853324482368,648.32367,69.03048,1.8601075,481.858
2023-11-20 15:30:00,16.9130005,322.17442561165325,0.4793450360312683,550.255485,58.197985,1.37726737,366.749
2023-11-20 16:00:00,16.363,219.92119116323047,0.3818056619993893,452.1873,47.36549,0.89442724,212.833
2023-11-20 16:30:00,15.538,96.17660399184908,0.27623595858106864,251.33944,26.8324515,0.89442724,81.33
2023-11-20 17:00:00,14.713,14.524637027186126,0.16444189422790834,50.49158,6.299413,0.89442724,7.901
2023-11-20 17:30:00,13.113,0.0,0.04833576289476757,25.24579,3.1497065,0.97872092,0.0
2023-11-20 18:00:00,11.513,0.0,0.0,0.0,0.0,1.0630146,0.0
2023-11-20 18:30:00,11.163,0.0,0.0,0.0,0.0,1.10159505,0.0
2023-11-20 19:00:00,10.813,0.0,0.0,0.0,0.0,1.1401755,0.0
2023-11-20 19:30:00,11.413,0.0,0.0,0.0,0.0,0.7700877500000001,0.0
2023-11-20 20:00:00,12.013,0.0,0.0,0.0,0.0,0.4,0.0
2023-11-20 20:30:00,10.763,0.0,0.0,0.0,0.0,0.64721362,0.0
2023-11-20 21:00:00,9.513,0.0,0.0,0.0,0.0,0.89442724,0.0
2023-11-20 21:30:00,9.663,0.0,0.0,0.0,0.0,0.8377261199999999,0.0
2023-11-20 22:00:00,9.813,0.0,0.0,0.0,0.0,0.781025,0.0
2023-11-20 22:30:00,8.738,0.0,0.0,0.0,0.0,0.86221155,0.0
2023-11-20 23:00:00,7.663,0.0,0.0,0.0,0.0,0.9433981,0.0
2023-11-20 23:30:00,7.58799975,0.0,0.0,0.0,0.0,1.1120115,0.0
2023-11-21 00:00:00,7.5129995,0.0,0.0,0.0,0.0,1.2806249,0.0
2023-11-21 00:30:00,7.23799975,0.0,0.0,0.0,0.0,1.1502144,0.0
2023-11-21 01:00:00,6.963,0.0,0.0,0.0,0.0,1.0198039,0.0
2023-11-21 01:30:00,6.988,0.0,0.0,0.0,0.0,0.8140400750000001,0.0
2023-11-21 02:00:00,7.013,0.0,0.0,0.0,0.0,0.60827625,0.0
2023-11-21 02:30:00,8.963000000000001,0.0,0.0,0.0,0.0,1.110363925,0.0
2023-11-21 03:00:00,10.913,0.0,0.0,0.0,0.0,1.6124516,0.0
2023-11-21 03:30:00,10.088,0.0,0.0,0.0,0.0,1.7076136,0.0
2023-11-21 04:00:00,9.263,0.0,0.0,0.0,0.0,1.8027756,0.0
2023-11-21 04:30:00,9.338,0.0,0.0,0.0,0.0,1.6824127999999998,0.0
2023-11-21 05:00:00,9.413,0.0,0.0,0.0,0.0,1.56205,0.0
2023-11-21 05:30:00,9.338,0.0,0.0,0.0,0.0,1.51926615,0.0
2023-11-21 06:00:00,9.263,0.0,0.0,0.0,0.0,1.4764823,0.0
2023-11-21 06:30:00,9.413,0.0,0.011473314542832113,0.0,0.0,1.3882412,0.0
2023-11-21 07:00:00,9.563,0.0,0.1283674858392754,0.0,0.0,1.3000001,4.292
2023-11-21 07:30:00,10.463,61.44864660859087,0.24154364399770492,141.758635,27.63237,1.33007355,64.339
2023-11-21 08:00:00,11.363,153.38168171358456,0.34906580127723436,283.51727,55.26474,1.360147,58.38
2023-11-21 08:30:00,13.088,296.32461550625237,0.44909474427157664,506.786685,69.39009,1.3746957,356.516
2023-11-21 09:00:00,14.813,477.21478676531325,0.5399195045949745,730.0561,83.51544,1.3892444,470.962
2023-11-21 09:30:00,15.838,561.3264689494122,0.6199866331542367,760.4619,89.97816,1.8347977,568.371
2023-11-21 10:00:00,16.863,640.7163089912925,0.6879267620429939,790.8677,96.44088,2.280351,675.182
2023-11-21 10:30:00,17.4130005,631.457883739506,0.7425780359656422,689.9114,119.525675,2.87294785,517.864
2023-11-21 11:00:00,17.963001,602.7877793154767,0.783005987327354,588.9551,142.61047,3.4655447,331.84000000000003
2023-11-21 11:30:00,18.213001,593.3765506226515,0.8085195095445199,536.56898,161.042275,3.6228782,248.049
2023-11-21 12:00:00,18.463001,573.8598343968642,0.8186826770217848,484.18286,179.47408,3.7802117,781.6189999999999
2023-11-21 12:30:00,18.4880005,506.28927899107265,0.8133221908840722,386.314345,194.85538,3.7907636,87.17599999999999
2023-11-21 13:00:00,18.513,435.31685306102827,0.7925303283932859,288.44583,210.23668,3.8013155,112.751
2023-11-21 13:30:00,18.663001,416.9683717254975,0.7566633498311071,300.468675,192.7455,3.8306837,230.334
2023-11-21 14:00:00,18.813002,393.2385072281908,0.7063353807305832,312.49152,175.25432,3.8600519,133.446
2023-11-21 14:30:00,18.713001,320.56787045420685,0.6424078895909376,252.809525,160.87926,4.05252445,291.452
2023-11-21 15:00:00,18.613,253.11272332403342,0.5659749272255826,193.12753,146.5042,4.244997,159.574
2023-11-21 15:30:00,18.213001,180.00671042740686,0.4783443816811367,138.00884000000002,116.222063,4.208762999999999,121.707
2023-11-21 16:00:00,17.813002,115.75697040325414,0.381015592421165,82.89015,85.939926,4.172529,114.999
2023-11-21 16:30:00,16.988001,59.54009148183737,0.2756536768454081,48.304647,47.194159,3.5180465,141.58
2023-11-21 17:00:00,16.163,10.525721816064323,0.16406101984595536,13.719144,8.448392,2.863564,7.071
2023-11-21 17:30:00,15.163,0.0,0.048146440978717266,6.859572,4.224196,2.602252,0.0
2023-11-21 18:00:00,14.163,0.0,0.0,0.0,0.0,2.34094,0.0
2023-11-21 18:30:00,13.838,0.0,0.0,0.0,0.0,2.229951,0.0
2023-11-21 19:00:00,13.513,0.0,0.0,0.0,0.0,2.118962,0.0
2023-11-21 19:30:00,13.638,0.0,0.0,0.0,0.0,2.2615625,0.0
2023-11-21 20:00:00,13.763,0.0,0.0,0.0,0.0,2.404163,0.0
2023-11-21 20:30:00,13.688,0.0,0.0,0.0,0.0,2.50015695,0.0
2023-11-21 21:00:00,13.613,0.0,0.0,0.0,0.0,2.5961509,0.0
2023-11-21 21:30:00,13.738,0.0,0.0,0.0,0.0,2.5728303500000003,0.0
2023-11-21 22:00:00,13.863,0.0,0.0,0.0,0.0,2.5495098,0.0
2023-11-21 22:30:00,13.863,0.0,0.0,0.0,0.0,2.5116866,0.0
2023-11-21 23:00:00,13.863,0.0,0.0,0.0,0.0,2.4738634,0.0
2023-11-21 23:30:00,13.913,0.0,0.0,0.0,0.0,2.5522262,0.0
2023-11-22 00:00:00,13.963,0.0,0.0,0.0,0.0,2.630589,0.0
2023-11-22 00:30:00,13.988,0.0,0.0,0.0,0.0,2.6007905,0.0
2023-11-22 01:00:00,14.013,0.0,0.0,0.0,0.0,2.570992,0.0
2023-11-22 01:30:00,13.963,0.0,0.0,0.0,0.0,2.5602509,0.0
2023-11-22 02:00:00,13.913,0.0,0.0,0.0,0.0,2.5495098,0.0
2023-11-22 02:30:00,14.013,0.0,0.0,0.0,0.0,2.6032879,0.0
2023-11-22 03:00:00,14.113,0.0,0.0,0.0,0.0,2.657066,0.0
2023-11-22 03:30:00,13.938,0.0,0.0,0.0,0.0,2.58252665,0.0
2023-11-22 04:00:00,13.763,0.0,0.0,0.0,0.0,2.5079873,0.0
2023-11-22 04:30:00,13.813,0.0,0.0,0.0,0.0,2.6049192,0.0
2023-11-22 05:00:00,13.863,0.0,0.0,0.0,0.0,2.7018511,0.0
2023-11-22 05:30:00,13.713,0.0,0.0,0.0,0.0,2.68227825,0.0
2023-11-22 06:00:00,13.563,0.0,0.0,0.0,0.0,2.6627054,0.0
2023-11-22 06:30:00,13.413,0.0,0.009406034462427227,0.0,0.0,2.5334342000000003,0.0
2023-11-22 07:00:00,13.263,0.0,0.12616008090006928,0.0,0.0,2.404163,0.666
2023-11-22 07:30:00,13.663,47.55176480082706,0.23921798809921815,80.05397,28.942833,2.6598194,2.482
2023-11-22 08:00:00,14.063,112.30358020473352,0.34664583086004186,160.10794,57.885666,2.9154758,54.793
2023-11-22 08:30:00,15.113,224.75623015890466,0.4466060453027597,332.591905,77.3718455,3.2247977,418.19
2023-11-22 09:00:00,16.163,367.05667068316563,0.53738887083444,505.07587,96.858025,3.5341196,261.918
2023-11-22 09:30:00,16.838,436.0410822305811,0.6174416033381384,526.447585,112.2217275,4.3598383,27.221000000000004
2023-11-22 10:00:00,17.513,501.8190513465205,0.6853951440105948,547.8193,127.58543,5.185557,26.894
2023-11-22 10:30:00,18.088,537.5678508694542,0.740087425883925,554.5496350000001,128.164425,5.50568085,247.407
2023-11-22 11:00:00,18.663,566.0846815820076,0.7805832924313632,561.27997,128.74342,5.8258047,223.794
2023-11-22 11:30:00,19.0630005,614.2402648787502,0.806190482579197,605.411885,126.593665,5.89493185,309.573
2023-11-22 12:00:00,19.463001,654.7009972067528,0.8164714704805834,649.5438,124.44391,5.964059,780.2099999999999
2023-11-22 12:30:00,19.3880015,618.6730124658192,0.8112509387761491,603.58367,129.38752,5.8390385,776.4149999999998
2023-11-22 13:00:00,19.313002,574.5310046998319,0.7906187627629692,557.62354,134.33113,5.714018,286.441
2023-11-22 13:30:00,19.188002,499.9942399590253,0.7549284587027496,483.1702,136.33745,5.5197145,233.90600000000003
2023-11-22 14:00:00,19.063002,424.8672505810023,0.7047911134242784,408.71686,138.34377,5.325411,499.582
2023-11-22 14:30:00,19.363001,401.8586095198201,0.6410649144668021,452.08565,113.015995,5.1451435,684.3380000000001
2023-11-22 15:00:00,19.663,367.1301891345789,0.5648404461550558,495.45444,87.68822,4.964876,549.706
2023-11-22 15:30:00,19.213,268.21143709818267,0.47742200438065513,411.85393,72.076942,4.57049935,295.09599999999995
2023-11-22 16:00:00,18.763,180.7256409273245,0.38030527289474964,328.25342,56.465664,4.1761227,111.718
2023-11-22 16:30:00,17.9880005,80.1299055117508,0.27515171302206265,179.981763,30.93664485,3.4969616,32.153000000000006
2023-11-22 17:00:00,17.213001,10.518946414983155,0.16376011645728858,31.710106,5.4076257,2.8178005,7.590999999999999
2023-11-22 17:30:00,16.4130005,0.0,0.04803583454786836,15.855053,2.70381285,2.52693425,0.0
2023-11-22 18:00:00,15.613,0.0,0.0,0.0,0.0,2.236068,0.0
2023-11-22 18:30:00,15.263,0.0,0.0,0.0,0.0,2.18104865,0.0
2023-11-22 19:00:00,14.913,0.0,0.0,0.0,0.0,2.1260293,0.0
2023-11-22 19:30:00,14.763,0.0,0.0,0.0,0.0,2.24305705,0.0
2023-11-22 20:00:00,14.613,0.0,0.0,0.0,0.0,2.3600848,0.0
2023-11-22 20:30:00,14.638,0.0,0.0,0.0,0.0,2.34730425,0.0
2023-11-22 21:00:00,14.663,0.0,0.0,0.0,0.0,2.3345237,0.0
2023-11-22 21:30:00,14.638,0.0,0.0,0.0,0.0,2.3693434,0.0
2023-11-22 22:00:00,14.613,0.0,0.0,0.0,0.0,2.4041631,0.0
2023-11-22 22:30:00,14.438,0.0,0.0,0.0,0.0,2.4827064,0.0
2023-11-22 23:00:00,14.263,0.0,0.0,0.0,0.0,2.5612497,0.0
2023-11-22 23:30:00,14.213,0.0,0.0,0.0,0.0,2.55341705,0.0
2023-11-23 00:00:00,14.163,0.0,0.0,0.0,0.0,2.5455844,0.0
2023-11-23 00:30:00,14.013,0.0,0.0,0.0,0.0,2.48316405,0.0
2023-11-23 01:00:00,13.863,0.0,0.0,0.0,0.0,2.4207437,0.0
2023-11-23 01:30:00,13.838,0.0,0.0,0.0,0.0,2.3339821,0.0
2023-11-23 02:00:00,13.813,0.0,0.0,0.0,0.0,2.2472205,0.0
2023-11-23 02:30:00,14.388,0.0,0.0,0.0,0.0,2.57705435,0.0
2023-11-23 03:00:00,14.963,0.0,0.0,0.0,0.0,2.9068882,0.0
2023-11-23 03:30:00,14.863,0.0,0.0,0.0,0.0,2.69541835,0.0
2023-11-23 04:00:00,14.763,0.0,0.0,0.0,0.0,2.4839485,0.0
2023-11-23 04:30:00,14.638,0.0,0.0,0.0,0.0,1.98527765,0.0
2023-11-23 05:00:00,14.513,0.0,0.0,0.0,0.0,1.4866068,0.0
2023-11-23 05:30:00,14.113,0.0,0.0,0.0,0.0,1.3023204,0.0
2023-11-23 06:00:00,13.713,0.0,0.0,0.0,0.0,1.118034,0.0
2023-11-23 06:30:00,13.288,0.0,0.007320592538721268,0.0,0.0,1.25543635,0.0
2023-11-23 07:00:00,12.863,0.0,0.12393840379573018,0.0,0.0,1.3928387,0.16
2023-11-23 07:30:00,14.038,48.554286185413815,0.23688267275113592,98.020415,25.7803175,1.34833955,5.187
2023-11-23 08:00:00,15.213,118.15135675748813,0.34422145715977415,196.04083,51.560635,1.3038404,24.77
2023-11-23 08:30:00,15.688,217.36446528896874,0.44411875192124356,325.949875,73.7026175,1.49007295,38.388000000000005
2023-11-23 09:00:00,16.163,338.3615239647713,0.5348659039658171,455.85892,95.8446,1.6763055,18.472
2023-11-23 09:30:00,16.6880005,398.49511931597567,0.6149108460604118,466.6819,112.93964,1.6381527500000002,44.699
2023-11-23 10:00:00,17.213001,454.59732947854957,0.6828846344457241,477.50488,130.03468,1.6,55.962
2023-11-23 10:30:00,17.7880005,506.60143173687425,0.7376248724694037,492.42229,144.99129,2.1462910500000003,276.63800000000003
2023-11-23 11:00:00,18.363,553.049941254222,0.7781955947048045,507.3397,159.9479,2.6925821,817.2140000000002
2023-11-23 11:30:00,18.813,603.4805688115674,0.8039032657586778,573.0704499999999,143.74494,2.9123369500000003,85.00999999999999
2023-11-23 12:00:00,19.263,647.5156410206586,0.8143086419100003,638.8012,127.54198,3.1320918,151.79
2023-11-23 12:30:00,19.388,631.5056683225031,0.8092342739335585,628.35983,123.15589,3.3017014,136.08300000000003
2023-11-23 13:00:00,19.513,606.0904278354094,0.7887675279788726,617.91846,118.7698,3.471311,140.237
2023-11-23 13:30:00,18.713,452.1894822190593,0.7532590771583686,410.31441,144.68952000000002,3.4820805,31.703
2023-11-23 14:00:00,17.913,310.1060631322431,0.703316880230408,202.71036,170.60924,3.49285,100.246
2023-11-23 14:30:00,17.113001,247.70081281433798,0.6397957657317785,183.672875,132.53235,2.6210678,78.75699999999999
2023-11-23 15:00:00,16.313002,185.65752393551503,0.5637827860890892,164.63539,94.45546,1.7492856,57.357
2023-11-23 15:30:00,16.3880015,186.52281308042595,0.4765785934466204,233.31812,76.47816850000001,1.9246428,24.863
2023-11-23 16:00:00,16.463001,172.48008493307287,0.37967517891122443,302.00085,58.500877,2.1,16.136
2023-11-23 16:30:00,16.063,75.9759343492563,0.274730326121382,163.080304,31.550815,1.9044004,12.414
2023-11-23 17:00:00,15.662999,8.478868480283076,0.16353922765036533,24.159758,4.600753,1.7088008,1.2140000000000002
2023-11-23 17:30:00,15.1129995,0.0,0.04800377651424686,12.079878999999998,2.3003765,1.5270815999999998,0.0
2023-11-23 18:00:00,14.563,0.0,0.0,0.0,0.0,1.3453624,0.0
2023-11-23 18:30:00,14.363,0.0,0.0,0.0,0.0,1.1726812,0.0
2023-11-23 19:00:00,14.163,0.0,0.0,0.0,0.0,1.0,0.0
2023-11-23 19:30:00,14.138,0.0,0.0,0.0,0.0,0.97169905,0.0
2023-11-23 20:00:00,14.113,0.0,0.0,0.0,0.0,0.9433981,0.0
2023-11-23 20:30:00,13.838,0.0,0.0,0.0,0.0,0.91891267,0.0
2023-11-23 21:00:00,13.563,0.0,0.0,0.0,0.0,0.89442724,0.0
2023-11-23 21:30:00,13.363,0.0,0.0,0.0,0.0,0.87441382,0.0
2023-11-23 22:00:00,13.163,0.0,0.0,0.0,0.0,0.8544004,0.0
2023-11-23 22:30:00,12.938,0.0,0.0,0.0,0.0,0.8544004,0.0
2023-11-23 23:00:00,12.713,0.0,0.0,0.0,0.0,0.8544004,0.0
2023-11-23 23:30:00,12.488,0.0,0.0,0.0,0.0,0.87441382,0.0
2023-11-24 00:00:00,12.263,0.0,0.0,0.0,0.0,0.89442724,0.0
2023-11-24 00:30:00,11.913,0.0,0.0,0.0,0.0,0.95711557,0.0
2023-11-24 01:00:00,11.563,0.0,0.0,0.0,0.0,1.0198039,0.0
2023-11-24 01:30:00,11.438,0.0,0.0,0.0,0.0,1.0198039,0.0
2023-11-24 02:00:00,11.313,0.0,0.0,0.0,0.0,1.0198039,0.0
2023-11-24 02:30:00,12.613,0.0,0.0,0.0,0.0,0.91301485,0.0
2023-11-24 03:00:00,13.913,0.0,0.0,0.0,0.0,0.8062258,0.0
2023-11-24 03:30:00,13.438,0.0,0.0,0.0,0.0,1.04342535,0.0
2023-11-24 04:00:00,12.963,0.0,0.0,0.0,0.0,1.2806249,0.0
2023-11-24 04:30:00,13.338,0.0,0.0,0.0,0.0,0.852444485,0.0
2023-11-24 05:00:00,13.713,0.0,0.0,0.0,0.0,0.42426407,0.0
2023-11-24 05:30:00,13.413,0.0,0.0,0.0,0.0,0.392409605,0.0
2023-11-24 06:00:00,13.113,0.0,0.0,0.0,0.0,0.36055514,0.0
2023-11-24 06:30:00,13.088,0.0,0.005218133932326614,0.0,0.0,0.43027757,0.0
2023-11-24 07:00:00,13.063,0.0,0.1217037721286343,0.0,0.0,0.5,0.525
2023-11-24 07:30:00,12.963,53.641442786433686,0.23453917027951582,133.7096,22.6059,0.462132035,35.12
2023-11-24 08:00:00,12.863,135.9649630365971,0.34179428682959795,267.4192,45.2118,0.42426407,124.295
2023-11-24 08:30:00,13.863,280.72378150064645,0.44163458246683185,493.3185,63.4350475,0.714625835,345.354
2023-11-24 09:00:00,14.863,464.0292639350166,0.5323524094691577,719.2178,81.658295,1.0049876,0.0
2023-11-24 09:30:00,15.738,551.0916854900648,0.6123962279072366,753.5889500000001,89.7933825,1.5572448,532.6880000000001
2023-11-24 10:00:00,16.613,634.1671688046282,0.680397133993915,787.9601,97.92847,2.109502,461.282
2023-11-24 10:30:00,17.387999999999998,643.2346955182402,0.7351922828158879,696.0414000000001,132.207,2.4277040000000003,301.288
2023-11-24 11:00:00,18.163,633.6849276361962,0.7758447799818122,604.1227,166.48553,2.745906,344.747
2023-11-24 11:30:00,18.4380005,622.5283463339849,0.8016596963384748,554.124765,180.20445,2.9854045,813.0490000000001
2023-11-24 12:00:00,18.713001,601.0879979956745,0.8121959535211409,504.12683,193.92337,3.224903,530.449
2023-11-24 12:30:00,18.8130005,586.5860832830425,0.8072738583611199,485.884415,196.760315,3.3241758,255.103
2023-11-24 13:00:00,18.913,565.0744089560236,0.7869781624134364,467.642,199.59726,3.4234486,492.269
2023-11-24 13:30:00,18.838,513.1631667163972,0.7516565986461997,442.047165,183.25339,3.4581493,795.449
2023-11-24 14:00:00,18.763,457.0543129800359,0.7019139108817372,416.45233,166.90952,3.49285,480.18
2023-11-24 14:30:00,18.463,417.30656134098183,0.6386014934229991,459.458725,125.13387,3.6045154,582.158
2023-11-24 15:00:00,18.163,365.8392161348089,0.5628028044796889,502.46512,83.35822,3.7161808,0.0
2023-11-24 15:30:00,17.588,264.82333620664934,0.4758148041618348,414.4462,68.029921,3.50277875,0.0
2023-11-24 16:00:00,17.013,175.95394977884428,0.37912575746844535,326.42728,52.701622,3.2893767,42.069
2023-11-24 16:30:00,16.188000000000002,76.85611533762844,0.27438975231537527,176.705897,28.656928,2.8795973,63.554
2023-11-24 17:00:00,15.363,8.951921931593997,0.1633983798192374,26.984514,4.612234,2.4698179,5.77
2023-11-24 17:30:00,14.663,0.0,0.048050088129403395,13.492257000000002,2.306117,2.31194185,0.0
2023-11-24 18:00:00,13.963,0.0,0.0,0.0,0.0,2.1540658,0.0
2023-11-24 18:30:00,13.738,0.0,0.0,0.0,0.0,1.8832587,0.0
2023-11-24 19:00:00,13.513,0.0,0.0,0.0,0.0,1.6124516,0.0
2023-11-24 19:30:00,13.338,0.0,0.0,0.0,0.0,1.5495291999999998,0.0
2023-11-24 20:00:00,13.163,0.0,0.0,0.0,0.0,1.4866068,0.0
2023-11-24 20:30:00,13.088,0.0,0.0,0.0,0.0,1.7141278,0.0
2023-11-24 21:00:00,13.013,0.0,0.0,0.0,0.0,1.9416488,0.0
2023-11-24 21:30:00,12.888,0.0,0.0,0.0,0.0,2.02557555,0.0
2023-11-24 22:00:00,12.763,0.0,0.0,0.0,0.0,2.1095023,0.0
2023-11-24 22:30:00,12.763,0.0,0.0,0.0,0.0,2.22094155,0.0
2023-11-24 23:00:00,12.763,0.0,0.0,0.0,0.0,2.3323808,0.0
2023-11-24 23:30:00,12.813,0.0,0.0,0.0,0.0,2.5115528,0.0
2023-11-25 00:00:00,12.863,0.0,0.0,0.0,0.0,2.6907248,0.0
2023-11-25 00:30:00,12.938,0.0,0.0,0.0,0.0,2.6181546,0.0
2023-11-25 01:00:00,13.013,0.0,0.0,0.0,0.0,2.5455844,0.0
2023-11-25 01:30:00,12.813,0.0,0.0,0.0,0.0,2.23326085,0.0
2023-11-25 02:00:00,12.613,0.0,0.0,0.0,0.0,1.9209373,0.0
2023-11-25 02:30:00,12.963,0.0,0.0,0.0,0.0,1.98638285,0.0
2023-11-25 03:00:00,13.313,0.0,0.0,0.0,0.0,2.0518284,0.0
2023-11-25 03:30:00,13.163,0.0,0.0,0.0,0.0,2.0383370000000003,0.0
2023-11-25 04:00:00,13.013,0.0,0.0,0.0,0.0,2.0248456,0.0
2023-11-25 04:30:00,13.038,0.0,0.0,0.0,0.0,2.5165838000000003,0.0
2023-11-25 05:00:00,13.063,0.0,0.0,0.0,0.0,3.008322,0.0
2023-11-25 05:30:00,13.613,0.0,0.0,0.0,0.0,3.52653585,0.0
2023-11-25 06:00:00,14.163,0.0,0.0,0.0,0.0,4.0447497,0.0
2023-11-25 06:30:00,14.213,0.0,0.003099778418707342,0.0,0.0,4.02362435,0.0
2023-11-25 07:00:00,14.263,0.0,0.11945747338399598,0.0,0.0,4.002499,0.785
2023-11-25 07:30:00,14.588,40.99378622536756,0.23218891835475877,76.18982,23.7343885,4.153574000000001,20.108
2023-11-25 08:00:00,14.913,98.31916044704076,0.3393658876421626,152.37964,47.468777,4.304649,150.67899999999997
2023-11-25 08:30:00,14.863,119.03823691017963,0.4391552125039826,122.234665,66.6757485,4.031154,305.46000000000004
2023-11-25 09:00:00,14.813,132.90352033316748,0.5298501465203324,92.08969,85.88272,3.757659,185.383
2023-11-25 09:30:00,15.738,281.1248464517728,0.6098995661000923,271.673035,117.339745,4.01073,115.542
2023-11-25 10:00:00,16.663,452.67564042367997,0.6779344913616075,451.25638,148.79677,4.263801,377.454
2023-11-25 10:30:00,16.988001,514.6859119996816,0.732791510003116,504.77324,146.405495,5.115187000000001,660.209
2023-11-25 11:00:00,17.313002,574.6869949962677,0.773532678564665,558.2901,144.01422,5.966573,737.316
2023-11-25 11:30:00,17.113001,527.9196223277006,0.7994615550899629,465.82257,157.258295,5.5837673,737.111
2023-11-25 12:00:00,16.913,470.66144035943347,0.8101351106645601,373.35504,170.50237,5.2009616,732.101
2023-11-25 12:30:00,16.913,518.1524105193381,0.8053712974077472,438.37503,167.048695,5.6108794500000005,733.3030000000001
2023-11-25 13:00:00,16.913,557.2940950325825,0.7852521485617568,503.39502,163.59502,6.0207973,707.721
2023-11-25 13:30:00,15.738,520.9273808670457,0.7501223620800963,501.69106,145.884235,6.27880815,680.768
2023-11-25 14:00:00,14.563,477.4759755128561,0.7005833824600538,499.9871,128.17345,6.536819,635.455
2023-11-25 14:30:00,15.088,423.38136202193664,0.6374830973202381,504.4728,102.34905,6.38168765,433.019
2023-11-25 15:00:00,15.613,362.36808472526104,0.5619013114143429,508.9585,76.52465,6.2265563,473.63
2023-11-25 15:30:00,15.288,262.2917364629242,0.47513124777173277,419.7384,63.14849649999999,6.04968765,83.97399999999999
2023-11-25 16:00:00,14.963,174.49138251693438,0.3786574152483888,330.5183,49.772343,5.872819,58.878
2023-11-25 16:30:00,13.988,74.60150465436374,0.2741301915056693,173.409288,27.3265435,6.1539395,37.739
2023-11-25 17:00:00,13.013,7.453836736284847,0.16333756746227585,16.300276,4.880744,6.43506,10.078
2023-11-25 17:30:00,12.888,0.0,0.0481745633601936,8.150138,2.440372,6.5209372000000005,0.0
2023-11-25 18:00:00,12.763,0.0,0.0,0.0,0.0,6.6068144,0.0
2023-11-25 18:30:00,13.263,0.0,0.0,0.0,0.0,6.991225,0.0
2023-11-25 19:00:00,13.763,0.0,0.0,0.0,0.0,7.3756356,0.0
2023-11-25 19:30:00,13.588,0.0,0.0,0.0,0.0,7.4080328,0.0
2023-11-25 20:00:00,13.413,0.0,0.0,0.0,0.0,7.44043,0.0
2023-11-25 20:30:00,13.363,0.0,0.0,0.0,0.0,7.673062,0.0
2023-11-25 21:00:00,13.313,0.0,0.0,0.0,0.0,7.905694,0.0
2023-11-25 21:30:00,13.463,0.0,0.0,0.0,0.0,9.1147265,0.0
2023-11-25 22:00:00,13.613,0.0,0.0,0.0,0.0,10.323759,0.0
2023-11-25 22:30:00,13.488,0.0,0.0,0.0,0.0,10.238542,0.0
2023-11-25 23:00:00,13.363,0.0,0.0,0.0,0.0,10.153325,0.0
2023-11-25 23:30:00,13.388,0.0,0.0,0.0,0.0,10.02843,0.0
2023-11-26 00:00:00,13.413,0.0,0.0,0.0,0.0,9.903535,0.0
2023-11-26 00:30:00,13.563,0.0,0.0,0.0,0.0,9.8336215,0.0
2023-11-26 01:00:00,13.713,0.0,0.0,0.0,0.0,9.763708,0.0
2023-11-26 01:30:00,13.538,0.0,0.0,0.0,0.0,8.95248025,0.0
2023-11-26 02:00:00,13.363,0.0,0.0,0.0,0.0,8.1412525,0.0
2023-11-26 02:30:00,13.788,0.0,0.0,0.0,0.0,8.147696,0.0
2023-11-26 03:00:00,14.213,0.0,0.0,0.0,0.0,8.1541395,0.0
2023-11-26 03:30:00,13.788,0.0,0.0,0.0,0.0,7.8003075,0.0
2023-11-26 04:00:00,13.363,0.0,0.0,0.0,0.0,7.4464755,0.0
2023-11-26 04:30:00,13.163,0.0,0.0,0.0,0.0,7.30269315,0.0
2023-11-26 05:00:00,12.963,0.0,0.0,0.0,0.0,7.1589108,0.0
2023-11-26 05:30:00,12.863,0.0,0.0,0.0,0.0,6.3107554,0.0
2023-11-26 06:00:00,12.763,0.0,0.0,0.0,0.0,5.4626,0.0
2023-11-26 06:30:00,12.288,0.0,0.0009666477042477576,0.0,0.0,4.0551201,0.0
2023-11-26 07:00:00,11.813,0.0,0.11720079242348298,0.0,0.0,2.6476402,0.0
2023-11-26 07:30:00,11.788,38.89330520966598,0.2298333473179288,76.79885,21.62547,1.8646528,7.619
2023-11-26 08:00:00,11.763,94.23761035329429,0.3369378152491695,153.5977,43.25094,1.0816654,45.363
2023-11-26 08:30:00,12.138,168.40025967007864,0.4366823006290857,231.027135,68.682313,1.0816654,148.887
2023-11-26 09:00:00,12.513,255.21278055162492,0.5273608525782326,308.45657,94.113686,1.0816654,479.883
2023-11-26 09:30:00,12.738,357.8482513706434,0.6074226514745342,391.030865,122.121518,1.30404955,416.961
2023-11-26 10:00:00,12.963,468.02921899043054,0.675498524373283,473.60516,150.12935,1.5264337,712.17
2023-11-26 10:30:00,13.163,525.636471594913,0.730424372003172,516.82251,149.80320999999998,2.04091,334.80499999999995
2023-11-26 11:00:00,13.363,580.1007445433726,0.7712610817310588,560.03986,149.47707,2.5553863,758.008
2023-11-26 11:30:00,13.638,592.3057863217742,0.7973105802136825,569.59421,139.08069999999998,2.558318,742.7400000000001
2023-11-26 12:00:00,13.913,596.1868322443773,0.8081277730035261,579.14856,128.68433,2.5612497,839.6759999999999
2023-11-26 12:30:00,14.063,602.1235600101237,0.8035281480998617,587.50038,130.5692,2.44788655,196.33
2023-11-26 13:00:00,14.213,598.8445117900021,0.7835909184892881,595.8522,132.45407,2.3345234,899.044
2023-11-26 13:30:00,14.238,543.2059008931335,0.7486576543946172,557.28315,126.62393,2.1722493,691.3310000000001
2023-11-26 14:00:00,14.263,482.79354494628535,0.699326419107259,518.7141,120.79379,2.0099752,690.9100000000001
2023-11-26 14:30:00,13.813,416.62101407467054,0.6364415239218462,491.29212500000006,104.596395,1.96675675,672.635
2023-11-26 15:00:00,13.363,348.1093694052951,0.5610790639587372,463.87015,88.399,1.9235383,589.435
2023-11-26 15:30:00,13.088,254.45449199584792,0.47452848339842635,383.779225,72.953555,1.9325935,409.1700000000001
2023-11-26 16:00:00,12.813,171.71542456391578,0.3782705083312821,303.6883,57.50811,1.9416487,101.986
2023-11-26 16:30:00,11.813,75.81956129172909,0.2739517951423755,165.962127,30.714554900000003,1.47082435,68.872
2023-11-26 17:00:00,10.813,8.481313777470435,0.16335673932812533,28.235954,3.9209998,1.0,6.916
2023-11-26 17:30:00,9.963,0.0,0.04837695367844995,14.117977,1.9604999000000003,0.97169905,0.0
2023-11-26 18:00:00,9.113,0.0,0.0,0.0,0.0,0.9433981,0.0
2023-11-26 18:30:00,8.713000000000001,0.0,0.0,0.0,0.0,0.94604068,0.0
2023-11-26 19:00:00,8.313,0.0,0.0,0.0,0.0,0.94868326,0.0
2023-11-26 19:30:00,8.163,0.0,0.0,0.0,0.0,0.99635698,0.0
2023-11-26 20:00:00,8.013,0.0,0.0,0.0,0.0,1.0440307,0.0
2023-11-26 20:30:00,7.738000149999999,0.0,0.0,0.0,0.0,1.07428335,0.0
2023-11-26 21:00:00,7.4630003,0.0,0.0,0.0,0.0,1.104536,0.0
2023-11-26 21:30:00,6.888,0.0,0.0,0.0,0.0,1.111285,0.0
2023-11-26 22:00:00,6.3129997,0.0,0.0,0.0,0.0,1.118034,0.0
2023-11-26 22:30:00,6.23799985,0.0,0.0,0.0,0.0,1.06891895,0.0
2023-11-26 23:00:00,6.163,0.0,0.0,0.0,0.0,1.0198039,0.0
2023-11-26 23:30:00,5.913,0.0,0.0,0.0,0.0,1.3345231000000002,0.0
2023-11-27 00:00:00,5.663,0.0,0.0,0.0,0.0,1.6492423,0.0
2023-11-27 00:30:00,5.438000000000001,0.0,0.0,0.0,0.0,1.9482313,0.0
2023-11-27 01:00:00,5.213,0.0,0.0,0.0,0.0,2.2472203,0.0
2023-11-27 01:30:00,5.213,0.0,0.0,0.0,0.0,2.44364815,0.0
2023-11-27 02:00:00,5.213,0.0,0.0,0.0,0.0,2.640076,0.0
2023-11-27 02:30:00,6.038,0.0,0.0,0.0,0.0,2.8732604,0.0
2023-11-27 03:00:00,6.863,0.0,0.0,0.0,0.0,3.1064448,0.0
2023-11-27 03:30:00,6.738,0.0,0.0,0.0,0.0,2.91153025,0.0
2023-11-27 04:00:00,6.613,0.0,0.0,0.0,0.0,2.7166157,0.0
2023-11-27 04:30:00,6.21299985,0.0,0.0,0.0,0.0,2.5666125,0.0
2023-11-27 05:00:00,5.8129997,0.0,0.0,0.0,0.0,2.4166093,0.0
2023-11-27 05:30:00,5.3129997,0.0,0.0,0.0,0.0,2.2783513,0.0
2023-11-27 06:00:00,4.8129997,0.0,0.0,0.0,0.0,2.1400933,0.0
2023-11-27 06:30:00,4.4379997,0.0,0.0,0.0,0.0,1.9920011,0.0
2023-11-27 07:00:00,4.0629997,0.0,0.11493503928386317,0.0,0.0,1.8439089,1.02
2023-11-27 07:30:00,4.53799985,47.829751965804036,0.22747390788121447,107.172065,23.8430615,1.79516695,63.993
2023-11-27 08:00:00,5.013,118.60241358290392,0.3345116403877956,214.34413,47.686123,1.746425,235.966
2023-11-27 08:30:00,7.338,260.85595556650355,0.43421751488767907,437.616115,71.7187665,1.2732125,365.056
2023-11-27 09:00:00,9.663,441.6600289849898,0.5248862685850952,660.8881,95.75141,0.8,471.162
2023-11-27 09:30:00,10.663,529.2108307727588,0.604967272193035,708.7211,101.062305,0.764005475,570.496
2023-11-27 10:00:00,11.663,615.3763675288365,0.6730910419126799,756.5541,106.3732,0.72801095,660.194
2023-11-27 10:30:00,12.388,671.642563916201,0.7280926715657272,765.2921249999999,114.51984,1.170231275,714.284
2023-11-27 11:00:00,13.113,717.9851401215891,0.7690317593244123,774.03015,122.66648,1.6124516,768.1569999999999
2023-11-27 11:30:00,13.413,692.0670295607532,0.795208482456929,705.470305,131.31587000000002,1.76669445,802.116
2023-11-27 12:00:00,13.713,652.8723969357513,0.8061755670116472,636.91046,139.96526,1.9209373,486.962
2023-11-27 12:30:00,13.813,584.8864352489234,0.8017459289105087,546.98784,147.422485,1.8450589,275.99999999999994
2023-11-27 13:00:00,13.913,510.69468718010734,0.7819958608072787,457.06522,154.87971,1.7691805,782.247
2023-11-27 13:30:00,13.813,408.42150874975414,0.7472637147238862,356.51426000000004,143.830265,1.7448228,727.013
2023-11-27 14:00:00,13.713,309.4503659534004,0.6981440934474052,255.9633,132.78082,1.7204651,682.632
2023-11-27 14:30:00,13.613,333.20796090494196,0.6354776652006633,348.511315,113.1264,2.13498745,506.379
2023-11-27 15:00:00,13.513,339.8642653845567,0.5603367623992734,441.05933,93.47198,2.5495098,513.741
2023-11-27 15:30:00,13.113,275.0068936396838,0.4740070119179893,432.46709,70.4880765,2.1871692,361.146
2023-11-27 16:00:00,12.713,207.51641194771457,0.3779653339240277,423.87485,47.504173,1.8248286,200.91
2023-11-27 16:30:00,11.363,87.52421818221725,0.2738546560243785,226.597751,25.5908899,1.53088015,72.95599999999999
2023-11-27 17:00:00,10.013,8.424955562855613,0.1634557865866706,29.320652,3.6776068,1.2369317,6.8580000000000005
2023-11-27 17:30:00,9.088,0.0,0.04865695495064587,14.660325999999998,1.8388034,1.3202492499999998,0.0
2023-11-27 18:00:00,8.163,0.0,0.0,0.0,0.0,1.4035668,0.0
2023-11-27 18:30:00,7.538,0.0,0.0,0.0,0.0,1.2017834,0.0
2023-11-27 19:00:00,6.913,0.0,0.0,0.0,0.0,1.0,0.0
2023-11-27 19:30:00,6.713,0.0,0.0,0.0,0.0,0.65,0.0
2023-11-27 20:00:00,6.513,0.0,0.0,0.0,0.0,0.3,0.0
2023-11-27 20:30:00,6.213,0.0,0.0,0.0,0.0,0.8208203999999999,0.0
2023-11-27 21:00:00,5.913,0.0,0.0,0.0,0.0,1.3416408,0.0
2023-11-27 21:30:00,5.388,0.0,0.0,0.0,0.0,1.28928625,0.0
2023-11-27 22:00:00,4.863,0.0,0.0,0.0,0.0,1.2369317,0.0
2023-11-27 22:30:00,4.46299985,0.0,0.0,0.0,0.0,1.03077642,0.0
2023-11-27 23:00:00,4.0629997,0.0,0.0,0.0,0.0,0.82462114,0.0
2023-11-27 23:30:00,3.71299985,0.0,0.0,0.0,0.0,0.99540577,0.0
2023-11-28 00:00:00,3.363,0.0,0.0,0.0,0.0,1.1661904,0.0
2023-11-28 00:30:00,3.513,0.0,0.0,0.0,0.0,1.3641202,0.0
2023-11-28 01:00:00,3.663,0.0,0.0,0.0,0.0,1.56205,0.0
2023-11-28 01:30:00,4.038,0.0,0.0,0.0,0.0,1.9212005,0.0
2023-11-28 02:00:00,4.413,0.0,0.0,0.0,0.0,2.280351,0.0
2023-11-28 02:30:00,4.938000000000001,0.0,0.0,0.0,0.0,1.96023645,0.0
2023-11-28 03:00:00,5.463,0.0,0.0,0.0,0.0,1.6401219,0.0
2023-11-28 03:30:00,5.588,0.0,0.0,0.0,0.0,2.16542335,0.0
2023-11-28 04:00:00,5.713,0.0,0.0,0.0,0.0,2.6907248,0.0
2023-11-28 04:30:00,6.063000000000001,0.0,0.0,0.0,0.0,2.55573425,0.0
2023-11-28 05:00:00,6.413,0.0,0.0,0.0,0.0,2.4207437,0.0
2023-11-28 05:30:00,6.438000000000001,0.0,0.0,0.0,0.0,2.1323263,0.0
2023-11-28 06:00:00,6.463,0.0,0.0,0.0,0.0,1.8439089,0.0
2023-11-28 06:30:00,6.788,0.0,0.0,0.0,0.0,2.3084969,0.0
2023-11-28 07:00:00,7.113,0.0,0.11266157238950977,0.0,0.0,2.7730849,0.615
2023-11-28 07:30:00,7.913,35.120333255618746,0.22511209419680972,65.996115,20.640518,2.89070345,12.638
2023-11-28 08:00:00,8.713,84.36078310684114,0.33208897151454003,131.99223,41.281036,3.008322,28.599
2023-11-28 08:30:00,10.588,139.63140925694373,0.43176255463674534,162.804865,70.67564,3.7250842,299.708
2023-11-28 09:00:00,12.463,199.30034470098013,0.5224281597722525,193.6175,100.070244,4.4418464,97.149
2023-11-28 09:30:00,13.013,220.188380567741,0.6025352332154682,174.707585,117.177382,5.20504785,46.19
2023-11-28 10:00:00,13.563,236.18835662102148,0.6707138618105646,155.79767,134.28452,5.9682493,69.48599999999999
2023-11-28 10:30:00,13.038,232.84437955149144,0.7257982122949347,114.63825,152.7379,6.20437315,100.867
2023-11-28 11:00:00,12.513,223.93456725696484,0.7668464738681204,73.47883,171.19128,6.440497,134.029
2023-11-28 11:30:00,12.463,288.90412588379644,0.7931569570994144,137.810275,183.195875,6.485597,159.691
2023-11-28 12:00:00,12.413,354.18887135836724,0.8042800957187421,202.14172,195.20047,6.530697,762.739
2023-11-28 12:30:00,12.888,257.60355062895434,0.8000261272034119,101.07086,180.412115,6.597765,157.376
2023-11-28 13:00:00,13.363,161.8781344120561,0.7804683257933743,0.0,165.62376,6.664833,120.724
2023-11-28 13:30:00,13.838,208.133501772851,0.7459417372026198,75.28863,155.19740000000002,7.0215897,226.327
2023-11-28 14:00:00,14.313,247.02499211933625,0.6970374271208082,150.57726,144.77104,7.3783464,76.349
2023-11-28 14:30:00,14.013,166.6162010486134,0.6345923569215264,92.963473,109.765225,6.9575827,67.434
2023-11-28 15:00:00,13.713,92.96191414880614,0.5596750464763947,35.349686,74.75941,6.536819,11.525
2023-11-28 15:30:00,13.738,69.72629465532692,0.47356727031445023,20.26990765,61.4572275,6.31020165,22.642000000000003
2023-11-28 16:00:00,13.763,49.037213106613024,0.37774212300690585,5.1901293,48.155045,6.0835843,43.907
2023-11-28 16:30:00,13.663,25.03689107526138,0.2738387994647951,2.59506465,24.8836742,6.09670615,67.812
2023-11-28 17:00:00,13.563,1.5758407277930118,0.1636345328176324,0.0,1.6123034,6.109828,11.07
2023-11-28 17:30:00,13.338,0.0,0.049014196405592625,0.0,0.8061517,6.253742,0.0
2023-11-28 18:00:00,13.113,0.0,0.0,0.0,0.0,6.397656,0.0
2023-11-28 18:30:00,13.038,0.0,0.0,0.0,0.0,6.5312445,0.0
2023-11-28 19:00:00,12.963,0.0,0.0,0.0,0.0,6.664833,0.0
2023-11-28 19:30:00,13.038,0.0,0.0,0.0,0.0,6.8488065,0.0
2023-11-28 20:00:00,13.113,0.0,0.0,0.0,0.0,7.03278,0.0
2023-11-28 20:30:00,13.213,0.0,0.0,0.0,0.0,6.903498,0.0
2023-11-28 21:00:00,13.313,0.0,0.0,0.0,0.0,6.774216,0.0
2023-11-28 21:30:00,13.288,0.0,0.0,0.0,0.0,6.519599,0.0
2023-11-28 22:00:00,13.263,0.0,0.0,0.0,0.0,6.264982,0.0
2023-11-28 22:30:00,13.438,0.0,0.0,0.0,0.0,6.03937925,0.0
2023-11-28 23:00:00,13.613,0.0,0.0,0.0,0.0,5.8137765,0.0
2023-11-28 23:30:00,13.788,0.0,0.0,0.0,0.0,5.704208400000001,0.0
2023-11-29 00:00:00,13.963,0.0,0.0,0.0,0.0,5.5946403,0.0
2023-11-29 00:30:00,13.738,0.0,0.0,0.0,0.0,5.3958774,0.0
2023-11-29 01:00:00,13.513,0.0,0.0,0.0,0.0,5.1971145,0.0
2023-11-29 01:30:00,13.513,0.0,0.0,0.0,0.0,5.10455025,0.0
2023-11-29 02:00:00,13.513,0.0,0.0,0.0,0.0,5.011986,0.0
2023-11-29 02:30:00,13.863,0.0,0.0,0.0,0.0,4.86448825,0.0
2023-11-29 03:00:00,14.213,0.0,0.0,0.0,0.0,4.7169905,0.0
2023-11-29 03:30:00,14.063,0.0,0.0,0.0,0.0,4.57321875,0.0
2023-11-29 04:00:00,13.913,0.0,0.0,0.0,0.0,4.429447,0.0
2023-11-29 04:30:00,13.738,0.0,0.0,0.0,0.0,4.1460443,0.0
2023-11-29 05:00:00,13.563,0.0,0.0,0.0,0.0,3.8626416,0.0
2023-11-29 05:30:00,13.438,0.0,0.0,0.0,0.0,3.9394293,0.0
2023-11-29 06:00:00,13.313,0.0,0.0,0.0,0.0,4.016217,0.0
2023-11-29 06:30:00,13.213,0.0,0.0,0.0,0.0,3.93229665,0.0
2023-11-29 07:00:00,13.113,0.0,0.11038181436614886,0.0,0.0,3.8483763,2.1100000000000003
2023-11-29 07:30:00,13.363,29.221216751628972,0.2227494593144087,54.40089,17.423605,3.93975265,10.352
2023-11-29 08:00:00,13.613,70.07573855078365,0.3296714696668654,108.80178,34.84721,4.031129,135.64600000000002
2023-11-29 08:30:00,14.313,153.34661322167665,0.4293191645688696,193.35174,71.64110500000001,4.6923163500000005,69.28699999999999
2023-11-29 09:00:00,15.013,250.97275616607885,0.5199883287076432,277.9017,108.435,5.3535037,95.079
2023-11-29 09:30:00,15.438,325.9885343985167,0.6001283681547191,360.95288,111.009705,5.7283907,98.731
2023-11-29 10:00:00,15.863,409.0322977043609,0.6683688213474573,444.00406,113.58441,6.1032777,143.969
2023-11-29 10:30:00,16.0380005,450.85219129209645,0.723542807680107,458.48483,120.35476,6.34177565,146.93200000000002
2023-11-29 11:00:00,16.213001,487.64385218227625,0.7647069879936967,472.9656,127.12511,6.5802736,215.285
2023-11-29 11:30:00,16.5130015,512.2723244061099,0.7911576897200807,466.30335,144.83908000000002,6.8047493,117.22
2023-11-29 12:00:00,16.813002,529.5776907437661,0.8024429427713482,459.6411,162.55305,7.029225,145.409
2023-11-29 12:30:00,16.938002,563.2694429374719,0.7983702015693437,527.572075,143.153475,7.0565045,165.38
2023-11-29 13:00:00,17.063002,587.3039125839601,0.7790096260133963,595.50305,123.7539,7.083784,162.459
2023-11-29 13:30:00,16.938002,531.8911240183214,0.7446928699360624,543.006165,128.27158,6.801493,128.306
2023-11-29 14:00:00,16.813002,473.0333877562556,0.6960073881719141,490.50928,132.78926,6.519202,420.982
2023-11-29 14:30:00,16.8880015,378.7607677387821,0.6337863745946022,414.35834,117.356965,6.307551,198.76
2023-11-29 15:00:00,16.963001,289.74678421141294,0.5590944900274012,338.2074,101.92467,6.0959,289.048
2023-11-29 15:30:00,16.5630005,215.31764771676234,0.4732096251057367,282.419625,82.7958,5.558926,239.979
2023-11-29 16:00:00,16.163,148.26745592088616,0.37760103273121864,226.63185,63.66693,5.021952,249.535
2023-11-29 16:30:00,15.613,66.20081363609924,0.27390417484905843,121.2159965,33.51499915,4.3446881,96.935
2023-11-29 17:00:00,15.063,5.896985450355203,0.16389272482749143,15.800143,3.3630683,3.6674242,17.864
2023-11-29 17:30:00,14.638,0.0,0.04944823100899289,7.900071499999999,1.68153415,3.3674983000000003,0.0
2023-11-29 18:00:00,14.213,0.0,0.0,0.0,0.0,3.0675724,0.0
2023-11-29 18:30:00,13.838,0.0,0.0,0.0,0.0,2.65739645,0.0
2023-11-29 19:00:00,13.463,0.0,0.0,0.0,0.0,2.2472205,0.0
2023-11-29 19:30:00,12.888,0.0,0.0,0.0,0.0,1.9557761,0.0
2023-11-29 20:00:00,12.313,0.0,0.0,0.0,0.0,1.6643317,0.0
2023-11-29 20:30:00,12.288,0.0,0.0,0.0,0.0,1.8761965,0.0
2023-11-29 21:00:00,12.263,0.0,0.0,0.0,0.0,2.0880613,0.0
2023-11-29 21:30:00,12.138,0.0,0.0,0.0,0.0,2.0880613,0.0
2023-11-29 22:00:00,12.013,0.0,0.0,0.0,0.0,2.0880613,0.0
2023-11-29 22:30:00,12.013,0.0,0.0,0.0,0.0,1.9927139,0.0
2023-11-29 23:00:00,12.013,0.0,0.0,0.0,0.0,1.8973665,0.0
2023-11-29 23:30:00,12.038,0.0,0.0,0.0,0.0,1.88276025,0.0
2023-11-30 00:00:00,12.063,0.0,0.0,0.0,0.0,1.868154,0.0
2023-11-30 00:30:00,12.288,0.0,0.0,0.0,0.0,2.104547,0.0
2023-11-30 01:00:00,12.513,0.0,0.0,0.0,0.0,2.34094,0.0
2023-11-30 01:30:00,12.363,0.0,0.0,0.0,0.0,2.15662415,0.0
2023-11-30 02:00:00,12.213,0.0,0.0,0.0,0.0,1.9723083,0.0
2023-11-30 02:30:00,12.588,0.0,0.0,0.0,0.0,2.17464065,0.0
2023-11-30 03:00:00,12.963,0.0,0.0,0.0,0.0,2.376973,0.0
2023-11-30 03:30:00,12.838,0.0,0.0,0.0,0.0,2.262032,0.0
2023-11-30 04:00:00,12.713,0.0,0.0,0.0,0.0,2.147091,0.0
2023-11-30 04:30:00,12.738,0.0,0.0,0.0,0.0,2.1971557500000003,0.0
2023-11-30 05:00:00,12.763,0.0,0.0,0.0,0.0,2.2472205,0.0
2023-11-30 05:30:00,12.738,0.0,0.0,0.0,0.0,2.1360331500000003,0.0
2023-11-30 06:00:00,12.713,0.0,0.0,0.0,0.0,2.0248458,0.0
2023-11-30 06:30:00,12.388,0.0,0.0,0.0,0.0,1.7230564,0.0
2023-11-30 07:00:00,12.063,0.0,0.10809726012411396,0.0,0.0,1.421267,0.285
2023-11-30 07:30:00,12.313,38.10651871468552,0.22038762266498335,85.239175,19.650038,1.4539369,17.695
2023-11-30 08:00:00,12.563,94.43260977301523,0.3272608552111934,170.47835,39.300076,1.4866068,142.276
2023-11-30 08:30:00,13.688,246.3952414862665,0.42688914062583355,441.31071,58.60199299999999,1.2841361,278.422
2023-11-30 09:00:00,14.813,445.9501704531141,0.5175686201922264,712.14307,77.90391,1.0816654,404.246
2023-11-30 09:30:00,15.913,524.8786387891005,0.5977485431330403,735.694735,85.36901,1.26884365,482.518
2023-11-30 10:00:00,17.013,598.5710728296606,0.6660577800026632,759.2464,92.83411,1.4560219,571.503
2023-11-30 10:30:00,17.813000000000002,662.3784578073248,0.7213282826914471,786.8697199999999,94.38764,1.80155645,633.68
2023-11-30 11:00:00,18.613,717.8497093278037,0.7626150648786393,814.49304,95.94117,2.147091,683.6179999999999
2023-11-30 11:30:00,19.138,732.7434698955552,0.7892123554600552,802.4658199999999,98.59458,2.4627899500000003,723.479
2023-11-30 12:00:00,19.663,735.0270647498814,0.8006656705537201,790.4386,101.24799,2.7784889,769.4770000000001
2023-11-30 12:30:00,19.8130005,701.0630792437903,0.7967795788509588,749.9857199999999,102.766915,3.08924445,280.452
2023-11-30 13:00:00,19.963001,656.5771926965026,0.7776210323258974,709.53284,104.28584,3.4,678.6410000000001
2023-11-30 13:30:00,19.8630005,587.2849653144747,0.7435182100505306,660.25142,95.947745,3.2008330000000003,133.28799999999998
2023-11-30 14:00:00,19.763,512.5801727211782,0.6950548852517278,610.97,87.60965,3.001666,140.017
2023-11-30 14:30:00,19.438,423.81521843227534,0.6330604269247483,530.76088,87.965585,2.4560816,98.433
2023-11-30 15:00:00,19.113,339.3767567277719,0.5585955938062733,450.55176,88.32152,1.9104972,63.321
2023-11-30 15:30:00,18.488,247.00264776531785,0.4729343646902301,375.59648,69.9577115,1.308801985,108.942
2023-11-30 16:00:00,17.863,164.54452297930084,0.3775421384565685,300.6412,51.593903,0.70710677,57.753
2023-11-30 16:30:00,16.788,70.55461402691648,0.2740506474875113,158.9832575,27.28462965,0.875568735,27.993
2023-11-30 17:00:00,15.713,5.775834223195609,0.16423002453993196,17.325315,2.9753563,1.0440307,5.236
2023-11-30 17:30:00,14.638,0.0,0.04995852749640641,8.6626575,1.48767815,1.22201535,0.0
2023-11-30 18:00:00,13.563,0.0,0.0,0.0,0.0,1.4,0.0
2023-11-30 18:30:00,13.113,0.0,0.0,0.0,0.0,1.2408327,0.0
2023-11-30 19:00:00,12.663,0.0,0.0,0.0,0.0,1.0816654,0.0
2023-11-30 19:30:00,12.288,0.0,0.0,0.0,0.0,0.8762429,0.0
2023-11-30 20:00:00,11.913,0.0,0.0,0.0,0.0,0.6708204,0.0
2023-11-30 20:30:00,11.563,0.0,0.0,0.0,0.0,0.65163795,0.0
2023-11-30 21:00:00,11.213,0.0,0.0,0.0,0.0,0.6324555,0.0
2023-11-30 21:30:00,10.888,0.0,0.0,0.0,0.0,0.620365875,0.0
2023-11-30 22:00:00,10.563,0.0,0.0,0.0,0.0,0.60827625,0.0
2023-11-30 22:30:00,10.288,0.0,0.0,0.0,0.0,0.863155125,0.0
2023-11-30 23:00:00,10.013,0.0,0.0,0.0,0.0,1.118034,0.0
2023-11-30 23:30:00,9.438,0.0,0.0,0.0,0.0,1.359017,0.0
2023-12-01 00:00:00,8.863,0.0,0.0,0.0,0.0,1.6,0.0
2023-12-01 00:30:00,8.613,0.0,0.0,0.0,0.0,1.352268,0.0
2023-12-01 01:00:00,8.363,0.0,0.0,0.0,0.0,1.104536,0.0
2023-12-01 01:30:00,8.238,0.0,0.0,0.0,0.0,1.06216995,0.0
2023-12-01 02:00:00,8.113,0.0,0.0,0.0,0.0,1.0198039,0.0
2023-12-01 02:30:00,9.013,0.0,0.0,0.0,0.0,1.1618222,0.0
2023-12-01 03:00:00,9.913,0.0,0.0,0.0,0.0,1.3038405,0.0
2023-12-01 03:30:00,9.788,0.0,0.0,0.0,0.0,1.6443919,0.0
2023-12-01 04:00:00,9.663,0.0,0.0,0.0,0.0,1.9849433,0.0
2023-12-01 04:30:00,9.713,0.0,0.0,0.0,0.0,1.94772025,0.0
2023-12-01 05:00:00,9.763,0.0,0.0,0.0,0.0,1.9104972,0.0
2023-12-01 05:30:00,9.588,0.0,0.0,0.0,0.0,1.60524865,0.0
2023-12-01 06:00:00,9.413,0.0,0.0,0.0,0.0,1.3000001,0.0
2023-12-01 06:30:00,9.088,0.0,0.0,0.0,0.0,1.110977275,0.0
2023-12-01 07:00:00,8.763,0.0,0.10580947856720292,0.0,0.0,0.92195445,0.599
2023-12-01 07:30:00,9.063,38.36055181134847,0.21802827108027034,91.9724,18.604973,1.013245225,30.544
2023-12-01 08:00:00,9.363,96.37204378578632,0.32485890811425755,183.9448,37.209946,1.104536,172.554
2023-12-01 08:30:00,11.438,246.6182807996846,0.42447432948245784,444.91222,58.361168,1.16054425,325.016
2023-12-01 09:00:00,13.513,442.56165573502557,0.5151709200257578,705.87964,79.51239,1.2165525,446.273
2023-12-01 09:30:00,14.813,531.8347788412266,0.5953976547210051,751.67804,84.486415,1.6594660499999998,540.036
2023-12-01 10:00:00,16.113,619.0128792924231,0.6637826166015746,797.47644,89.46044,2.1023796,616.628
2023-12-01 10:30:00,17.0380005,675.530377730754,0.7191564701669793,809.71702,92.730185,2.8316392,674.2239999999999
2023-12-01 11:00:00,17.963001,721.9307233728515,0.7605724639045967,821.9576,95.99993,3.5608988,718.691
2023-12-01 11:30:00,18.2880005,715.9575859533168,0.7873226140354062,773.6567,106.31511,3.5922164,744.734
2023-12-01 12:00:00,18.613,696.4308167110236,0.7989498146153167,725.3558,116.63029,3.623534,199.988
2023-12-01 12:30:00,18.613,656.609360961384,0.7952556480721304,675.6705750000001,119.24258,3.54742245,735.6999999999999
2023-12-01 13:00:00,18.613,607.6038906830195,0.7763037673979403,625.98535,121.85487,3.4713109,731.789
2023-12-01 13:30:00,18.638,519.8275328985882,0.7424187968970031,526.720225,129.637775,3.400738,684.271
2023-12-01 14:00:00,18.663,432.64307561483315,0.6941807606258421,427.4551,137.42068,3.3301651,664.1
2023-12-01 14:30:00,18.513,379.115877535946,0.6324151487202606,410.361965,120.93363,3.054327,554.029
2023-12-01 15:00:00,18.363,322.79585477310667,0.5581787784042764,393.26883,104.44658,2.7784889,458.845
2023-12-01 15:30:00,17.738,261.8112398468341,0.47274169240465713,393.35875,76.58841000000001,2.64224095,323.566
2023-12-01 16:00:00,17.113,196.97939272662663,0.3775654269883463,393.44867,48.73024,2.505993,184.472
2023-12-01 16:30:00,16.038,82.44813096087549,0.27427799215890325,207.229934,25.7796368,2.4383234500000004,70.17
2023-12-01 17:00:00,14.963,6.251673622981988,0.16464600289782497,21.011198,2.8290336,2.3706539,6.561000000000001
2023-12-01 17:30:00,14.063,0.0,0.050544464716325385,10.505599,1.4145168,2.2864627000000004,0.0
2023-12-01 18:00:00,13.163,0.0,0.0,0.0,0.0,2.2022715,0.0
2023-12-01 18:30:00,12.813,0.0,0.0,0.0,0.0,2.25222225,0.0
2023-12-01 19:00:00,12.463,0.0,0.0,0.0,0.0,2.302173,0.0
2023-12-01 19:30:00,12.288,0.0,0.0,0.0,0.0,2.2846649,0.0
2023-12-01 20:00:00,12.113,0.0,0.0,0.0,0.0,2.2671568,0.0
2023-12-01 20:30:00,11.963,0.0,0.0,0.0,0.0,2.27484965,0.0
2023-12-01 21:00:00,11.813,0.0,0.0,0.0,0.0,2.2825425,0.0
2023-12-01 21:30:00,11.713,0.0,0.0,0.0,0.0,2.4383835,0.0
2023-12-01 22:00:00,11.613,0.0,0.0,0.0,0.0,2.5942245,0.0
2023-12-01 22:30:00,11.613,0.0,0.0,0.0,0.0,2.66184665,0.0
2023-12-01 23:00:00,11.613,0.0,0.0,0.0,0.0,2.7294688,0.0
2023-12-01 23:30:00,11.563,0.0,0.0,0.0,0.0,2.646335,0.0
2023-12-02 00:00:00,11.513,0.0,0.0,0.0,0.0,2.5632012,0.0
2023-12-02 00:30:00,11.488,0.0,0.0,0.0,0.0,2.4991802,0.0
2023-12-02 01:00:00,11.463,0.0,0.0,0.0,0.0,2.4351592,0.0
2023-12-02 01:30:00,11.513,0.0,0.0,0.0,0.0,2.4824906,0.0
2023-12-02 02:00:00,11.563,0.0,0.0,0.0,0.0,2.529822,0.0
2023-12-02 02:30:00,11.438,0.0,0.0,0.0,0.0,2.4824906,0.0
2023-12-02 03:00:00,11.313,0.0,0.0,0.0,0.0,2.4351592,0.0
2023-12-02 03:30:00,11.488,0.0,0.0,0.0,0.0,2.551746,0.0
2023-12-02 04:00:00,11.663,0.0,0.0,0.0,0.0,2.6683328,0.0
2023-12-02 04:30:00,11.763,0.0,0.0,0.0,0.0,2.74217925,0.0
2023-12-02 05:00:00,11.863,0.0,0.0,0.0,0.0,2.8160257,0.0
2023-12-02 05:30:00,11.863,0.0,0.0,0.0,0.0,2.84763095,0.0
2023-12-02 06:00:00,11.863,0.0,0.0,0.0,0.0,2.8792362,0.0
2023-12-02 06:30:00,11.738,0.0,0.0,0.0,0.0,2.85117745,0.0
2023-12-02 07:00:00,11.613,0.0,0.10352011018699193,0.0,0.0,2.8231187,7.285000000000001
2023-12-02 07:30:00,11.788,38.325795627815,0.21567315574605844,92.598915,18.652458,2.96236565,32.373
2023-12-02 08:00:00,11.963,96.42966545751642,0.322467464307268,185.19783,37.304916,3.1016126,62.811
2023-12-02 08:30:00,12.913,251.61147904772486,0.42207662435432874,460.375615,57.865578,3.09109845,74.741
2023-12-02 09:00:00,13.863,455.0756835961075,0.5127971502155545,735.5534,78.42624,3.0805843,466.932
2023-12-02 09:30:00,14.8879995,544.8563230685203,0.5930776247229514,776.3614150000001,84.578635,3.42509985,496.033
2023-12-02 10:00:00,15.912999,631.5360154098219,0.6615452237206503,817.16943,90.73103,3.7696154,507.479
2023-12-02 10:30:00,16.537999499999998,629.1060750250896,0.717029204905058,702.164115,126.313825,4.0995312,716.641
2023-12-02 11:00:00,17.163,605.7337850644152,0.7585809345268415,587.1588,161.89662,4.429447,418.638
2023-12-02 11:30:00,17.538,605.7478079437642,0.7854901034558677,548.1141600000001,177.15198500000002,4.521777999999999,519.64
2023-12-02 12:00:00,17.913,595.9723441933243,0.79729687732749,509.06952,192.40735,4.614109,701.7460000000001
2023-12-02 12:30:00,18.012999999999998,566.9923477296836,0.7937997541140942,469.18515,197.121835,4.7483656,684.1139999999999
2023-12-02 13:00:00,18.113,531.7472095238385,0.7750589994901942,429.30078,201.83632,4.8826222,382.939
2023-12-02 13:30:00,18.012999999999998,465.5267189296976,0.741395606042883,359.20514000000003,202.380595,4.8713319,318.551
2023-12-02 14:00:00,17.913,399.87785387694225,0.6933857844251501,289.1095,202.92487,4.8600416,491.732
2023-12-02 14:30:00,17.588,327.74432075541637,0.6318510955133073,236.341175,181.703845,4.712563299999999,208.549
2023-12-02 15:00:00,17.263,259.81542696182424,0.5578443792912477,183.57285,160.48282,4.565085,145.0
2023-12-02 15:30:00,16.713,175.78746229222133,0.47263172202390713,128.62115699999998,117.296788,4.22805015,126.706
2023-12-02 16:00:00,16.163,100.40650720399282,0.37767079263171593,73.669464,74.110756,3.8910153,79.88
2023-12-02 16:30:00,15.413,48.96847332715787,0.2745858897231573,39.009020250000006,39.0632665,3.71256745,27.014000000000003
2023-12-02 17:00:00,14.663,4.648715766056695,0.16514013706552802,4.3485765,4.015777,3.5341196,1.525
2023-12-02 17:30:00,14.088,0.0,0.05120532944266064,2.17428825,2.0078885,3.4478334,0.0
2023-12-02 18:00:00,13.513,0.0,0.0,0.0,0.0,3.3615472,0.0
2023-12-02 18:30:00,13.438,0.0,0.0,0.0,0.0,3.2697985000000003,0.0
2023-12-02 19:00:00,13.363,0.0,0.0,0.0,0.0,3.1780498,0.0
2023-12-02 19:30:00,13.188,0.0,0.0,0.0,0.0,3.22380315,0.0
2023-12-02 20:00:00,13.013,0.0,0.0,0.0,0.0,3.2695565,0.0
2023-12-02 20:30:00,12.838,0.0,0.0,0.0,0.0,3.2040138,0.0
2023-12-02 21:00:00,12.663,0.0,0.0,0.0,0.0,3.1384711,0.0
2023-12-02 21:30:00,12.588,0.0,0.0,0.0,0.0,3.15826045,0.0
2023-12-02 22:00:00,12.513,0.0,0.0,0.0,0.0,3.1780498,0.0
2023-12-02 22:30:00,12.463,0.0,0.0,0.0,0.0,3.13255975,0.0
2023-12-02 23:00:00,12.413,0.0,0.0,0.0,0.0,3.0870697,0.0
2023-12-02 23:30:00,12.388,0.0,0.0,0.0,0.0,3.0870697,0.0
2023-12-03 00:00:00,12.363,0.0,0.0,0.0,0.0,3.0870697,0.0
2023-12-03 00:30:00,12.388,0.0,0.0,0.0,0.0,3.1127704,0.0
2023-12-03 01:00:00,12.413,0.0,0.0,0.0,0.0,3.1384711,0.0
2023-12-03 01:30:00,12.488,0.0,0.0,0.0,0.0,3.2040138,0.0
2023-12-03 02:00:00,12.563,0.0,0.0,0.0,0.0,3.2695565,0.0
2023-12-03 02:30:00,12.413,0.0,0.0,0.0,0.0,3.3347782500000003,0.0
2023-12-03 03:00:00,12.263,0.0,0.0,0.0,0.0,3.4,0.0
2023-12-03 03:30:00,12.313,0.0,0.0,0.0,0.0,3.4442764,0.0
2023-12-03 04:00:00,12.363,0.0,0.0,0.0,0.0,3.4885528,0.0
2023-12-03 04:30:00,12.488,0.0,0.0,0.0,0.0,3.5779885,0.0
2023-12-03 05:00:00,12.613,0.0,0.0,0.0,0.0,3.6674242,0.0
2023-12-03 05:30:00,12.638,0.0,0.0,0.0,0.0,3.5779885,0.0
2023-12-03 06:00:00,12.663,0.0,0.0,0.0,0.0,3.4885528,0.0
2023-12-03 06:30:00,12.663,0.0,0.0,0.0,0.0,3.3821104,0.0
2023-12-03 07:00:00,12.663,0.0,0.10123086203332002,0.0,0.0,3.275668,0.0
2023-12-03 07:30:00,12.863,22.83693261126402,0.2133240868027529,6.2136725,22.000665,3.1821785,23.021
2023-12-03 08:00:00,13.063,47.000662300005736,0.32008840995284604,12.427345,44.00133,3.088689,57.678
2023-12-03 08:30:00,13.913,115.77902051531176,0.4196979590012333,67.9731675,89.156555,3.0485054,130.5
2023-12-03 09:00:00,14.763,194.52900589170966,0.5104492628486059,123.51899,134.31178,3.0083218,393.859
2023-12-03 09:30:00,15.638000000000002,253.77617558724376,0.590790393948067,151.205965,167.89402,3.3069365,171.00099999999998
2023-12-03 10:00:00,16.513,315.36407242928476,0.6593475014301732,178.89294,201.47626,3.6055512,189.964
2023-12-03 10:30:00,17.063000000000002,385.2773100511465,0.7149483174863994,237.69067,219.53467,4.0174991,207.507
2023-12-03 11:00:00,17.613,457.605709780619,0.7566422102603099,296.4884,237.59308,4.429447,393.541
2023-12-03 11:30:00,17.863,473.95315196295076,0.7837164342581752,301.2932,242.16655,4.627709299999999,538.742
2023-12-03 12:00:00,18.113,485.944093784056,0.7957083224545767,306.098,246.74002,4.8259716,375.501
2023-12-03 12:30:00,18.238,509.57248402744165,0.7924131927037048,360.35455,227.72499,4.8833096000000005,361.735
2023-12-03 13:00:00,18.363,526.5286891765204,0.773887837929582,414.6111,208.70996,4.9406476,410.6
2023-12-03 13:30:00,18.1630005,468.6529091583083,0.7404495452766664,363.58195,202.6019,4.9406476,409.386
2023-12-03 14:00:00,17.963001,409.70758933125677,0.6926706512536827,312.5528,196.49384,4.9406476,222.173
2023-12-03 14:30:00,17.6380015,367.326143397288,0.6313687407495955,323.4827,165.751435,5.0359621,234.724
2023-12-03 15:00:00,17.313002,319.43312512170985,0.5575926446485178,334.4126,135.00903,5.1312766,151.26999999999998
2023-12-03 15:30:00,16.7630015,218.46780453227177,0.4726044762554816,234.48714,109.482817,4.8818853,107.226
2023-12-03 16:00:00,16.213001,133.1743581718776,0.37785803631426546,134.56168,83.956604,4.632494,78.36
2023-12-03 16:30:00,15.5130005,61.90627503608765,0.2749739269127697,68.85510144999999,43.8264029,4.1547246,35.405
2023-12-03 17:00:00,14.813,4.138436232218996,0.16571181087487075,3.1485229,3.6962018,3.6769552,9.095
2023-12-03 17:30:00,14.188,0.0,0.05194031740413817,1.5742614500000005,1.8481009,3.5777303,0.0
2023-12-03 18:00:00,13.563,0.0,0.0,0.0,0.0,3.4785054,0.0
2023-12-03 18:30:00,13.213,0.0,0.0,0.0,0.0,3.2599434,0.0
2023-12-03 19:00:00,12.863,0.0,0.0,0.0,0.0,3.0413814,0.0
2023-12-03 19:30:00,12.638,0.0,0.0,0.0,0.0,3.0206907000000003,0.0
2023-12-03 20:00:00,12.413,0.0,0.0,0.0,0.0,3.0,0.0
2023-12-03 20:30:00,12.288,0.0,0.0,0.0,0.0,2.930035,0.0
2023-12-03 21:00:00,12.163,0.0,0.0,0.0,0.0,2.86007,0.0
2023-12-03 21:30:00,12.138,0.0,0.0,0.0,0.0,2.75007285,0.0
2023-12-03 22:00:00,12.113,0.0,0.0,0.0,0.0,2.6400757,0.0
2023-12-03 22:30:00,12.088,0.0,0.0,0.0,0.0,2.62866305,0.0
2023-12-03 23:00:00,12.063,0.0,0.0,0.0,0.0,2.6172504,0.0
2023-12-03 23:30:00,12.088,0.0,0.0,0.0,0.0,2.6210657,0.0
2023-12-04 00:00:00,12.113,0.0,0.0,0.0,0.0,2.624881,0.0
2023-12-04 00:30:00,12.088,0.0,0.0,0.0,0.0,2.55038235,0.0
2023-12-04 01:00:00,12.063,0.0,0.0,0.0,0.0,2.4758837,0.0
2023-12-04 01:30:00,12.038,0.0,0.0,0.0,0.0,2.4758837,0.0
2023-12-04 02:00:00,12.013,0.0,0.0,0.0,0.0,2.4758837,0.0
2023-12-04 02:30:00,12.238,0.0,0.0,0.0,0.0,2.62087345,0.0
2023-12-04 03:00:00,12.463,0.0,0.0,0.0,0.0,2.7658632,0.0
2023-12-04 03:30:00,12.288,0.0,0.0,0.0,0.0,2.7658632,0.0
2023-12-04 04:00:00,12.113,0.0,0.0,0.0,0.0,2.7658632,0.0
2023-12-04 04:30:00,11.938,0.0,0.0,0.0,0.0,2.66062475,0.0
2023-12-04 05:00:00,11.763,0.0,0.0,0.0,0.0,2.5553863,0.0
2023-12-04 05:30:00,11.513,0.0,0.0,0.0,0.0,2.33717415,0.0
2023-12-04 06:00:00,11.263,0.0,0.0,0.0,0.0,2.118962,0.0
2023-12-04 06:30:00,10.938,0.0,0.0,0.0,0.0,1.9326935,0.0
2023-12-04 07:00:00,10.613,0.0,0.09894350145942898,0.0,0.0,1.746425,0.0
2023-12-04 07:30:00,10.713,34.755450471519836,0.21098292685392805,87.540895,16.543555,1.6347898,8.656
2023-12-04 08:00:00,10.813,88.1992621567555,0.3177236747850282,175.08179,33.08711,1.5231546,46.061
2023-12-04 08:30:00,12.388,242.52203127137665,0.4173403010181812,448.229995,56.018035,1.57551835,181.81500000000003
2023-12-04 09:00:00,13.963,444.896899788877,0.5081292334222108,721.3782,78.94896,1.6278821,445.63200000000006
2023-12-04 09:30:00,15.113,543.1176631569327,0.5885379156601807,782.66665,82.615578,1.9375513,538.024
2023-12-04 10:00:00,16.263,641.2737729601586,0.657191351005697,843.9551,86.282196,2.2472205,612.106
2023-12-04 10:30:00,16.813000000000002,700.242343913328,0.712915628309478,860.03775,86.366038,2.4236103,663.2249999999999
2023-12-04 11:00:00,17.363,748.8410850011268,0.7547580031234525,876.1204,86.44988,2.6000001,704.5919999999999
2023-12-04 11:30:00,17.688000000000002,766.9231182889042,0.7820031844372677,868.13175,86.75326799999999,2.52576515,718.0330000000001
2023-12-04 12:00:00,18.013,771.6136878532086,0.7941855706323777,860.1431,87.056656,2.4515302,733.971
2023-12-04 12:30:00,18.2380005,747.3892010782265,0.7910972064965962,832.5297499999999,87.42659,2.3359453500000003,718.213
2023-12-04 13:00:00,18.463001,711.0864490707479,0.7727913298438449,804.9164,87.796524,2.2203605,707.5529999999999
2023-12-04 13:30:00,18.6130005,655.6305225914684,0.7395814520317616,771.394785,84.03344200000001,2.22821425,686.4699999999999
2023-12-04 14:00:00,18.763,591.8232419886824,0.6920359783069907,737.87317,80.27036,2.236068,628.9019999999999
2023-12-04 14:30:00,18.388,501.0267838653234,0.6309684746823473,675.643065,74.1014275,2.72815825,561.0690000000001
2023-12-04 15:00:00,18.013,410.177101757864,0.5574237349892007,613.41296,67.932495,3.2202485,294.788
2023-12-04 15:30:00,17.6130005,299.08698363155685,0.47265988706905265,513.030045,56.5371375,2.33123455,67.649
2023-12-04 16:00:00,17.213001,200.98332878563343,0.37812686663267125,412.64713,45.14178,1.4422206,45.361
2023-12-04 16:30:00,16.0880005,82.88800652714171,0.2754415979894653,214.7683425,23.8454712,1.32938655,38.41
2023-12-04 17:00:00,14.963,5.32313137269232,0.1663603169932755,16.889555,2.5491624,1.2165525,4.128
2023-12-04 17:30:00,14.438,0.0,0.05274853597509346,8.4447775,1.2745812,1.80931745,0.0
2023-12-04 18:00:00,13.913,0.0,0.0,0.0,0.0,2.4020824,0.0
2023-12-04 18:30:00,13.063,0.0,0.0,0.0,0.0,2.43595015,0.0
2023-12-04 19:00:00,12.213,0.0,0.0,0.0,0.0,2.4698179,0.0
2023-12-04 19:30:00,11.913,0.0,0.0,0.0,0.0,2.3761802,0.0
2023-12-04 20:00:00,11.613,0.0,0.0,0.0,0.0,2.2825425,0.0
2023-12-04 20:30:00,11.538,0.0,0.0,0.0,0.0,2.01448375,0.0
2023-12-04 21:00:00,11.463,0.0,0.0,0.0,0.0,1.746425,0.0
2023-12-04 21:30:00,11.213,0.0,0.0,0.0,0.0,1.4835403,0.0
2023-12-04 22:00:00,10.963,0.0,0.0,0.0,0.0,1.2206556,0.0
2023-12-04 22:30:00,10.363,0.0,0.0,0.0,0.0,1.193423,0.0
2023-12-04 23:00:00,9.763,0.0,0.0,0.0,0.0,1.1661904,0.0
2023-12-04 23:30:00,9.538,0.0,0.0,0.0,0.0,0.947100675,0.0
2023-12-05 00:00:00,9.313,0.0,0.0,0.0,0.0,0.72801095,0.0
2023-12-05 00:30:00,9.238,0.0,0.0,0.0,0.0,0.838347105,0.0
2023-12-05 01:00:00,9.163,0.0,0.0,0.0,0.0,0.94868326,0.0
2023-12-05 01:30:00,8.913,0.0,0.0,0.0,0.0,0.98424358,0.0
2023-12-05 02:00:00,8.663,0.0,0.0,0.0,0.0,1.0198039,0.0
2023-12-05 02:30:00,9.938,0.0,0.0,0.0,0.0,1.06216995,0.0
2023-12-05 03:00:00,11.213,0.0,0.0,0.0,0.0,1.104536,0.0
2023-12-05 03:30:00,10.663,0.0,0.0,0.0,0.0,1.002268,0.0
2023-12-05 04:00:00,10.113,0.0,0.0,0.0,0.0,0.9,0.0
2023-12-05 04:30:00,9.738,0.0,0.0,0.0,0.0,1.2115773,0.0
2023-12-05 05:00:00,9.363,0.0,0.0,0.0,0.0,1.5231546,0.0
2023-12-05 05:30:00,9.613,0.0,0.0,0.0,0.0,1.5182146,0.0
2023-12-05 06:00:00,9.863,0.0,0.0,0.0,0.0,1.5132746,0.0
2023-12-05 06:30:00,9.813,0.0,0.0,0.0,0.0,1.4367108,0.0
2023-12-05 07:00:00,9.763,0.0,0.09665984975371086,0.0,0.0,1.360147,0.0
2023-12-05 07:30:00,10.113,33.38562368009311,0.20865158438818346,81.785135,16.58779,1.4317383,16.299000000000003
2023-12-05 08:00:00,10.463,84.22806214953886,0.3153752254835526,163.57027,33.17558,1.5033296,141.697
2023-12-05 08:30:00,11.513,198.4920249671032,0.4150056452141685,333.443735,60.974905,1.9114062,282.673
2023-12-05 09:00:00,12.563,342.17743025202964,0.505839054290815,503.3172,88.77423,2.3194828,406.926
2023-12-05 09:30:00,13.313,457.71976945838026,0.5863221492278472,618.658325,95.75104,2.77374265,517.073
2023-12-05 10:00:00,14.063,583.2208302425663,0.6550786688258885,733.99945,102.72785,3.2280025,605.253
2023-12-05 10:30:00,14.463,595.8162176211981,0.7109329418400453,682.0061049999999,111.3755,3.1951401,614.24
2023-12-05 11:00:00,14.863,593.8732807843447,0.7529299983076881,630.01276,120.02315,3.1622777,716.322
2023-12-05 11:30:00,15.413,623.5984026704382,0.7803518946031733,637.49838,126.609735,2.75160885,686.8469999999999
2023-12-05 12:00:00,15.963,644.0310567377013,0.7927299950688005,644.984,133.19632,2.34094,749.8389999999999
2023-12-05 12:30:00,16.4630005,659.3225426267609,0.7898529813660483,686.0813,117.338275,2.05647225,770.2439999999999
2023-12-05 13:00:00,16.963001,663.3204316244022,0.7717704570763154,727.1786,101.48023,1.7720045,715.9100000000001
2023-12-05 13:30:00,17.1630005,580.1615454011735,0.7387920909532046,647.0071499999999,101.956465,1.31320245,129.289
2023-12-05 14:00:00,17.363,494.1669448686275,0.6914823036250449,566.8357,102.4327,0.8544004,0.0
2023-12-05 14:30:00,17.438000000000002,418.22354366555874,0.630650603257803,521.76185,89.43267,1.4396231,0.0
2023-12-05 15:00:00,17.513,341.81435151322825,0.5573377226962668,476.688,76.43264,2.0248458,0.0
2023-12-05 15:30:00,16.913001,254.47518421756817,0.4727977958742259,406.69762,62.549368,2.1525984,304.14300000000003
2023-12-05 16:00:00,16.313002,175.6766572419903,0.3784769006155943,336.70724,48.666096,2.280351,148.672
2023-12-05 16:30:00,15.113001,73.98583423009154,0.2759883060756262,176.1877565,25.5910623,1.79209575,18.071
2023-12-05 17:00:00,13.913,5.097334075834322,0.16708485887438126,15.668273,2.5160286,1.3038405,1.243
2023-12-05 17:30:00,13.088,0.0,0.05362900659522647,7.8341365,1.2580143,1.2703861,0.0
2023-12-05 18:00:00,12.263,0.0,0.0,0.0,0.0,1.2369317,0.0
2023-12-05 18:30:00,11.738,0.0,0.0,0.0,0.0,1.2703861,0.0
2023-12-05 19:00:00,11.213,0.0,0.0,0.0,0.0,1.3038405,0.0
2023-12-05 19:30:00,11.188,0.0,0.0,0.0,0.0,1.7621004,0.0
2023-12-05 20:00:00,11.163,0.0,0.0,0.0,0.0,2.2203603,0.0
2023-12-05 20:30:00,11.238,0.0,0.0,0.0,0.0,2.372123,0.0
2023-12-05 21:00:00,11.313,0.0,0.0,0.0,0.0,2.5238857,0.0
2023-12-05 21:30:00,11.613,0.0,0.0,0.0,0.0,2.54354345,0.0
2023-12-05 22:00:00,11.913,0.0,0.0,0.0,0.0,2.5632012,0.0
2023-12-05 22:30:00,11.888,0.0,0.0,0.0,0.0,2.82513545,0.0
2023-12-05 23:00:00,11.863,0.0,0.0,0.0,0.0,3.0870697,0.0
2023-12-05 23:30:00,11.688,0.0,0.0,0.0,0.0,2.8851757,0.0
2023-12-06 00:00:00,11.513,0.0,0.0,0.0,0.0,2.6832817,0.0
2023-12-06 00:30:00,11.513,0.0,0.0,0.0,0.0,3.03353325,0.0
2023-12-06 01:00:00,11.513,0.0,0.0,0.0,0.0,3.3837848,0.0
2023-12-06 01:30:00,11.338,0.0,0.0,0.0,0.0,3.3297264,0.0
2023-12-06 02:00:00,11.163,0.0,0.0,0.0,0.0,3.275668,0.0
2023-12-06 02:30:00,11.488,0.0,0.0,0.0,0.0,2.9831964,0.0
2023-12-06 03:00:00,11.813,0.0,0.0,0.0,0.0,2.6907248,0.0
2023-12-06 03:30:00,11.438,0.0,0.0,0.0,0.0,2.8461954,0.0
2023-12-06 04:00:00,11.063,0.0,0.0,0.0,0.0,3.001666,0.0
2023-12-06 04:30:00,11.188,0.0,0.0,0.0,0.0,2.9308680000000003,0.0
2023-12-06 05:00:00,11.313,0.0,0.0,0.0,0.0,2.86007,0.0
2023-12-06 05:30:00,11.338,0.0,0.0,0.0,0.0,3.1108086,0.0
2023-12-06 06:00:00,11.363,0.0,0.0,0.0,0.0,3.3615472,0.0
2023-12-06 06:30:00,10.963,0.0,0.0,0.0,0.0,3.3570791,0.0
2023-12-06 07:00:00,10.563,0.0,0.09438177698898738,0.0,0.0,3.352611,0.0
2023-12-06 07:30:00,10.688,27.85492561324019,0.20633200845732505,50.63065499999999,17.7425785,3.1969962,4.208
2023-12-06 08:00:00,10.813,66.51575463876148,0.3130450601873599,101.26131,35.485157,3.0413814,180.711
2023-12-06 08:30:00,11.413,155.55841369336827,0.4126960080667627,218.88258,66.3924535,3.5725192000000003,297.068
2023-12-06 09:00:00,12.013,265.0933457824729,0.5035807291762179,336.50385,97.29975,4.103657,430.498
2023-12-06 09:30:00,12.838,358.62655650730284,0.5841450546915296,425.289005,111.763408,4.183729,560.231
2023-12-06 10:00:00,13.663,460.4519398527504,0.6530113410833086,514.07416,126.227066,4.263801,640.8689999999999
2023-12-06 10:30:00,14.363,523.5374860293309,0.709002041490671,560.93898,126.949643,4.703378649999999,236.874
2023-12-06 11:00:00,15.063,583.4633357103227,0.7511598492966404,607.8038,127.67222,5.1429563,531.851
2023-12-06 11:30:00,15.738,641.630822496169,0.778764063383124,664.0681500000001,124.823125,4.9641755,771.851
2023-12-06 12:00:00,16.413,692.0813203418699,0.7913429172841113,720.3325,121.97403,4.7853947,235.249
2023-12-06 12:30:00,16.4380005,678.8322304571648,0.788681642524586,722.2338,108.813165,4.62876535,194.582
2023-12-06 13:00:00,16.463001,654.5703418941368,0.77082613271842,724.1351,95.6523,4.472136,779.4609999999999
2023-12-06 13:30:00,16.3130005,570.2193568272371,0.7380821508668467,636.84233,99.9765025,4.71900985,720.634
2023-12-06 14:00:00,16.163,483.71100442473545,0.6910100835030053,549.54956,104.300705,4.9658837,644.0329999999999
2023-12-06 14:30:00,16.213,410.354170141502,0.63041534598919,500.88798,95.0450375,4.63526635,513.049
2023-12-06 15:00:00,16.263,337.24810018066023,0.5573345903839424,452.2264,85.78937,4.304649,473.222
2023-12-06 15:30:00,15.8379995,252.216737796779,0.4730179523478302,392.15188,67.231225,4.167889000000001,129.692
2023-12-06 16:00:00,15.412999,174.0636886611171,0.3789076630135776,332.07736,48.67308,4.031129,110.795
2023-12-06 16:30:00,14.7129995,71.82477629190942,0.2766133629175754,167.5555444,25.7241167,3.5163975,48.688
2023-12-06 17:00:00,14.013,3.225631313107255,0.16788455086205092,3.0337288,2.7751534,3.001666,3.4850000000000003
2023-12-06 17:30:00,13.613,0.0,0.05458066526008141,1.5168644000000002,1.3875767,2.530396,0.0
2023-12-06 18:00:00,13.213,0.0,0.0,0.0,0.0,2.059126,0.0
2023-12-06 18:30:00,12.863,0.0,0.0,0.0,0.0,2.0554772000000003,0.0
2023-12-06 19:00:00,12.513,0.0,0.0,0.0,0.0,2.0518284,0.0
2023-12-06 19:30:00,12.388,0.0,0.0,0.0,0.0,1.9967386,0.0
2023-12-06 20:00:00,12.263,0.0,0.0,0.0,0.0,1.9416488,0.0
2023-12-06 20:30:00,12.388,0.0,0.0,0.0,0.0,2.15615135,0.0
2023-12-06 21:00:00,12.513,0.0,0.0,0.0,0.0,2.3706539,0.0
2023-12-06 21:30:00,12.663,0.0,0.0,0.0,0.0,2.6179818,0.0
2023-12-06 22:00:00,12.813,0.0,0.0,0.0,0.0,2.8653097,0.0
2023-12-06 22:30:00,12.913,0.0,0.0,0.0,0.0,2.8227987,0.0
2023-12-06 23:00:00,13.013,0.0,0.0,0.0,0.0,2.7802877,0.0
2023-12-06 23:30:00,12.763,0.0,0.0,0.0,0.0,2.6280857,0.0
2023-12-07 00:00:00,12.513,0.0,0.0,0.0,0.0,2.4758837,0.0
2023-12-07 00:30:00,12.288,0.0,0.0,0.0,0.0,2.44210135,0.0
2023-12-07 01:00:00,12.063,0.0,0.0,0.0,0.0,2.408319,0.0
2023-12-07 01:30:00,11.763,0.0,0.0,0.0,0.0,2.408319,0.0
2023-12-07 02:00:00,11.463,0.0,0.0,0.0,0.0,2.408319,0.0
2023-12-07 02:30:00,11.813,0.0,0.0,0.0,0.0,2.5166,0.0
2023-12-07 03:00:00,12.163,0.0,0.0,0.0,0.0,2.624881,0.0
2023-12-07 03:30:00,12.088,0.0,0.0,0.0,0.0,2.4839779,0.0
2023-12-07 04:00:00,12.013,0.0,0.0,0.0,0.0,2.3430748,0.0
2023-12-07 04:30:00,12.038,0.0,0.0,0.0,0.0,2.42553105,0.0
2023-12-07 05:00:00,12.063,0.0,0.0,0.0,0.0,2.5079873,0.0
2023-12-07 05:30:00,12.088,0.0,0.0,0.0,0.0,2.0172105,0.0
2023-12-07 06:00:00,12.113,0.0,0.0,0.0,0.0,1.5264337,0.0
2023-12-07 06:30:00,12.113,0.0,0.0,0.0,0.0,1.7481026,0.0
2023-12-07 07:00:00,12.113,0.0,0.09211119949171567,0.0,0.0,1.9697715,0.0
2023-12-07 07:30:00,11.938,15.216760695402307,0.2040261858861155,0.0,15.5688545,2.25964065,13.054
2023-12-07 08:00:00,11.763,30.433521390804614,0.31073520550822115,0.0,31.137709,2.5495098,34.52
2023-12-07 08:30:00,12.588,91.32518267642119,0.41041342450798063,55.870407,69.8876295,2.59479275,309.651
2023-12-07 09:00:00,13.413,162.3788715141202,0.5013562697255073,111.740814,108.63755,2.6400757,454.429
2023-12-07 09:30:00,14.388,316.3620085764269,0.5820085891833026,349.645257,114.583585,3.2305350500000003,279.211
2023-12-07 10:00:00,15.363,501.863725647661,0.6509912400741624,587.5497,120.52962,3.8209944,374.1859999999999
2023-12-07 10:30:00,15.663,549.2393399190504,0.7071246858547664,595.8067000000001,129.01353,4.4104972,116.995
2023-12-07 11:00:00,15.963,589.2004519079444,0.7494491740600083,604.0637,137.49744,5.0,210.776
2023-12-07 11:30:00,15.138,433.9032300513852,0.7772411436164035,363.12634,153.857645,4.8430748,372.272
2023-12-07 12:00:00,14.313,263.38000832498034,0.7900256033170874,122.18898,170.21785,4.6861496,811.5050000000001
2023-12-07 12:30:00,14.363,255.87752105280228,0.7875842507670667,110.878845,172.002625,4.1108418,241.781
2023-12-07 13:00:00,14.413,246.91843633363246,0.7699591974255187,99.56871,173.7874,3.535534,250.699
2023-12-07 13:30:00,14.638,275.1241059285814,0.7374522411943253,139.7238,175.52470499999998,3.7203295,77.904
2023-12-07 14:00:00,14.863,298.14226372341284,0.6906196890361264,179.87889,177.26201,3.905125,96.355
2023-12-07 14:30:00,14.363,292.4078352097183,0.6302628326948307,227.824135,151.501305,4.392337250000001,87.492
2023-12-07 15:00:00,13.863,277.4409164100908,0.5574142277899105,275.76938,125.7406,4.8795495,241.492
2023-12-07 15:30:00,13.163,171.27185372821054,0.47332001152759506,169.820865,92.507387,4.4903846000000005,64.967
2023-12-07 16:00:00,12.463,82.29569605732291,0.37941858361313663,63.87235,59.274174,4.1012197,50.13
2023-12-07 16:30:00,12.188,40.829261119218955,0.27731598641076016,37.5704615,31.0412673,3.8261379,19.034
2023-12-07 17:00:00,11.913,4.66107009868943,0.16875841600279523,11.268573,2.8083606,3.5510561,1.267
2023-12-07 17:30:00,11.438,0.0,0.055602360590769624,5.6342865,1.4041803,3.4466054,0.0
2023-12-07 18:00:00,10.963,0.0,0.0,0.0,0.0,3.3421547,0.0
2023-12-07 18:30:00,10.938,0.0,0.0,0.0,0.0,3.19751105,0.0
2023-12-07 19:00:00,10.913,0.0,0.0,0.0,0.0,3.0528674,0.0
2023-12-07 19:30:00,10.963,0.0,0.0,0.0,0.0,3.06672585,0.0
2023-12-07 20:00:00,11.013,0.0,0.0,0.0,0.0,3.0805843,0.0
2023-12-07 20:30:00,10.988,0.0,0.0,0.0,0.0,2.9902921,0.0
2023-12-07 21:00:00,10.963,0.0,0.0,0.0,0.0,2.8999999,0.0
2023-12-07 21:30:00,10.738,0.0,0.0,0.0,0.0,3.21776695,0.0
2023-12-07 22:00:00,10.513,0.0,0.0,0.0,0.0,3.535534,0.0
2023-12-07 22:30:00,10.563,0.0,0.0,0.0,0.0,3.6123536,0.0
2023-12-07 23:00:00,10.613,0.0,0.0,0.0,0.0,3.6891732,0.0
2023-12-07 23:30:00,10.488,0.0,0.0,0.0,0.0,3.4066366,0.0
2023-12-08 00:00:00,10.363,0.0,0.0,0.0,0.0,3.1241,0.0
2023-12-08 00:30:00,10.163,0.0,0.0,0.0,0.0,2.74737695,0.0
2023-12-08 01:00:00,9.963,0.0,0.0,0.0,0.0,2.3706539,0.0
2023-12-08 01:30:00,9.813,0.0,0.0,0.0,0.0,2.0129742,0.0
2023-12-08 02:00:00,9.663,0.0,0.0,0.0,0.0,1.6552945,0.0
2023-12-08 02:30:00,9.413,0.0,0.0,0.0,0.0,1.6552945,0.0
2023-12-08 03:00:00,9.163,0.0,0.0,0.0,0.0,1.6552945,0.0
2023-12-08 03:30:00,8.888,0.0,0.0,0.0,0.0,1.46010275,0.0
2023-12-08 04:00:00,8.613,0.0,0.0,0.0,0.0,1.264911,0.0
2023-12-08 04:30:00,8.013,0.0,0.0,0.0,0.0,1.3324555,0.0
2023-12-08 05:00:00,7.413,0.0,0.0,0.0,0.0,1.4,0.0
2023-12-08 05:30:00,7.088,0.0,0.0,0.0,0.0,1.1272002,0.0
2023-12-08 06:00:00,6.763,0.0,0.0,0.0,0.0,0.8544004,0.0
2023-12-08 06:30:00,6.78799985,0.0,0.0,0.0,0.0,0.60747777,0.0
2023-12-08 07:00:00,6.8129997,0.0,0.08985008030812247,0.0,0.0,0.36055514,0.0
2023-12-08 07:30:00,6.9379997,27.17032134878047,0.20173614142646204,64.01945,14.499108500000002,0.672720445,3.4880000000000004
2023-12-08 08:00:00,7.0629997,68.00387536321642,0.30844771631234036,128.0389,28.998217,0.98488575,30.337000000000003
2023-12-08 08:30:00,8.53799985,169.05410221466278,0.4081599473859772,277.657635,56.5881665,0.919643075,349.18
2023-12-08 09:00:00,10.013,296.22274457078504,0.4991676946383943,427.27637,84.178116,0.8544004,119.024
2023-12-08 09:30:00,10.863,309.75300145858756,0.5799147056747761,353.37953500000003,106.528338,0.747356415,172.62900000000002
2023-12-08 10:00:00,11.713,308.09576503105114,0.6490202225766677,279.4827,128.87856,0.64031243,233.369
2023-12-08 10:30:00,12.363,399.0139381426772,0.7053026066983669,368.94748,140.815775,0.370156215,812.2449999999999
2023-12-08 11:00:00,13.013,493.683279616373,0.7477995526544791,458.41226,152.75299,0.1,168.40300000000002
2023-12-08 11:30:00,13.063,489.8176585434234,0.7757845395767523,431.02063,157.417595,0.20811388,340.047
2023-12-08 12:00:00,13.113,478.3684226244099,0.7887792606078121,403.629,162.0822,0.31622776,309.99
2023-12-08 12:30:00,13.663,491.7967465551336,0.7865617990415742,426.534165,158.195595,0.8581138799999999,254.034
2023-12-08 13:00:00,14.213,498.3037306020393,0.7691704156966029,449.43933,154.30899,1.4,748.7149999999999
2023-12-08 13:30:00,14.488,545.3270285329954,0.7369028879787497,577.765265,120.096767,2.1534441,190.343
2023-12-08 14:00:00,14.763,573.954784208168,0.6903114019298486,706.0912,85.884544,2.9068882,672.183
2023-12-08 14:30:00,14.263,495.5169056737008,0.6301930990798454,661.47565,78.210872,3.2562197,584.204
2023-12-08 15:00:00,13.763,414.7337042912136,0.5575764272455961,616.8601,70.5372,3.6055512,491.912
2023-12-08 15:30:00,13.138,308.1840801140675,0.4737035291960035,528.326185,57.861025,3.6554763,387.284
2023-12-08 16:00:00,12.513,212.16616727593902,0.3800089925932024,439.79227,45.18485,3.7054014,200.404
2023-12-08 16:30:00,11.563,87.65947207834702,0.27809529599039995,229.608912,23.895095,3.3659752000000003,93.22899999999998
2023-12-08 17:00:00,10.613,5.868098717220166,0.16970538152141412,19.425554,2.60534,3.026549,21.547000000000004
2023-12-08 17:30:00,9.763,0.0,0.05669284948198311,9.712777,1.30267,2.8218997000000003,0.0
2023-12-08 18:00:00,8.913,0.0,0.0,0.0,0.0,2.6172504,0.0
2023-12-08 18:30:00,8.288,0.0,0.0,0.0,0.0,2.41880545,0.0
2023-12-08 19:00:00,7.663,0.0,0.0,0.0,0.0,2.2203605,0.0
2023-12-08 19:30:00,7.23799985,0.0,0.0,0.0,0.0,2.16493125,0.0
2023-12-08 20:00:00,6.8129997,0.0,0.0,0.0,0.0,2.109502,0.0
2023-12-08 20:30:00,6.61299985,0.0,0.0,0.0,0.0,1.87937215,0.0
2023-12-08 21:00:00,6.413,0.0,0.0,0.0,0.0,1.6492423,0.0
2023-12-08 21:30:00,6.213,0.0,0.0,0.0,0.0,1.56792455,0.0
2023-12-08 22:00:00,6.013,0.0,0.0,0.0,0.0,1.4866068,0.0
2023-12-08 22:30:00,5.78799985,0.0,0.0,0.0,0.0,1.2433033999999998,0.0
2023-12-08 23:00:00,5.5629997,0.0,0.0,0.0,0.0,1.0,0.0
2023-12-08 23:30:00,5.33799985,0.0,0.0,0.0,0.0,1.0099019500000002,0.0
2023-12-09 00:00:00,5.113,0.0,0.0,0.0,0.0,1.0198039,0.0
2023-12-09 00:30:00,5.163,0.0,0.0,0.0,0.0,1.20990195,0.0
2023-12-09 01:00:00,5.213,0.0,0.0,0.0,0.0,1.4,0.0
2023-12-09 01:30:00,5.113,0.0,0.0,0.0,0.0,1.4516648,0.0
2023-12-09 02:00:00,5.013,0.0,0.0,0.0,0.0,1.5033296,0.0
2023-12-09 02:30:00,6.213,0.0,0.0,0.0,0.0,1.5033296,0.0
2023-12-09 03:00:00,7.413,0.0,0.0,0.0,0.0,1.5033296,0.0
2023-12-09 03:30:00,7.688000150000001,0.0,0.0,0.0,0.0,1.8797162,0.0
2023-12-09 04:00:00,7.9630003,0.0,0.0,0.0,0.0,2.2561028,0.0
2023-12-09 04:30:00,7.813000150000001,0.0,0.0,0.0,0.0,2.2460854,0.0
2023-12-09 05:00:00,7.663,0.0,0.0,0.0,0.0,2.236068,0.0
2023-12-09 05:30:00,7.48799985,0.0,0.0,0.0,0.0,2.21916985,0.0
2023-12-09 06:00:00,7.3129997,0.0,0.0,0.0,0.0,2.2022717,0.0
2023-12-09 06:30:00,7.26299985,0.0,0.0,0.0,0.0,2.26087725,0.0
2023-12-09 07:00:00,7.213,0.0,0.08760043211222303,0.0,0.0,2.3194828,0.0
2023-12-09 07:30:00,7.313000000000001,19.87933573696588,0.19946394027269504,6.4369985,19.017029,2.3966731,8.039
2023-12-09 08:00:00,7.413,41.13259392875862,0.3061846778048577,12.873997,38.034058,2.4738634,30.179
2023-12-09 08:30:00,8.088000000000001,88.37505182202922,0.4059376490357263,26.7786465,79.25726399999999,2.8259565,53.452
2023-12-09 09:00:00,8.763,138.0386997048848,0.4970170306559434,40.683296,120.48047,3.1780496,138.978
2023-12-09 09:30:00,9.513,193.65195119103947,0.5778653533664667,67.287758,158.1911,3.2084383,358.324
2023-12-09 10:00:00,10.263,252.47663327595055,0.6471001296098255,93.89222,195.90173,3.238827,452.147
2023-12-09 10:30:00,11.038,372.4567975833456,0.7035375080560691,253.587695,197.68425,3.5923555,390.837
2023-12-09 11:00:00,11.813,504.77479770172397,0.7462125256820744,413.28317,199.46677,3.945884,535.0719999999999
2023-12-09 11:30:00,12.013,512.6741286749112,0.7743956047819999,409.2229,198.76883,3.88931885,792.7560000000001
2023-12-09 12:00:00,12.213,514.2778349304282,0.7876050351608773,405.16263,198.07089,3.8327537,646.624
2023-12-09 12:30:00,12.188,500.50558150005446,0.7856152089876449,410.334015,180.611545,4.01875635,722.964
2023-12-09 13:00:00,12.163,480.4116453503197,0.7684604718291133,415.5054,163.1522,4.204759,764.9580000000001
2023-12-09 13:30:00,12.013,444.0979017180544,0.7364345292962613,414.16084,140.697045,4.27148075,743.12
2023-12-09 14:00:00,11.863,401.9574389015772,0.6900854094245799,412.81628,118.24189,4.3382025,732.654
2023-12-09 14:30:00,11.788,308.22060352408766,0.6302060812816693,300.81153,120.33112,4.027191650000001,596.829
2023-12-09 15:00:00,11.713,225.53611246098075,0.5578208778558544,188.80678,122.42035,3.7161808,134.508
2023-12-09 15:30:00,11.288,144.10911995374772,0.474167955813822,122.42584,87.7042585,3.607376,105.657
2023-12-09 16:00:00,10.863,73.2367374748835,0.38067811427644077,56.0449,52.988167,3.4985712,140.37099999999998
2023-12-09 16:30:00,10.513,35.52713728047502,0.27895030629010115,29.92586685,27.7484725,3.0702701,55.454
2023-12-09 17:00:00,10.163,3.1068633990302232,0.17072427244735194,3.8068337,2.508778,2.641969,5.706
2023-12-09 17:30:00,9.588,0.0,0.05785079077122107,1.90341685,1.254389,2.4277816000000003,0.0
2023-12-09 18:00:00,9.013,0.0,0.0,0.0,0.0,2.2135942,0.0
2023-12-09 18:30:00,8.937999999999999,0.0,0.0,0.0,0.0,2.1192199,0.0
2023-12-09 19:00:00,8.863,0.0,0.0,0.0,0.0,2.0248456,0.0
2023-12-09 19:30:00,8.687999999999999,0.0,0.0,0.0,0.0,2.05645345,0.0
2023-12-09 20:00:00,8.513,0.0,0.0,0.0,0.0,2.0880613,0.0
2023-12-09 20:30:00,8.288,0.0,0.0,0.0,0.0,2.06383455,0.0
2023-12-09 21:00:00,8.063,0.0,0.0,0.0,0.0,2.0396078,0.0
2023-12-09 21:30:00,7.562999850000001,0.0,0.0,0.0,0.0,1.8930164,0.0
2023-12-09 22:00:00,7.0629997,0.0,0.0,0.0,0.0,1.746425,0.0
2023-12-09 22:30:00,6.66299985,0.0,0.0,0.0,0.0,1.49167835,0.0
2023-12-09 23:00:00,6.263,0.0,0.0,0.0,0.0,1.2369317,0.0
2023-12-09 23:30:00,5.863,0.0,0.0,0.0,0.0,1.37013065,0.0
2023-12-10 00:00:00,5.463,0.0,0.0,0.0,0.0,1.5033296,0.0
2023-12-10 00:30:00,5.363,0.0,0.0,0.0,0.0,1.24663953,0.0
2023-12-10 01:00:00,5.263,0.0,0.0,0.0,0.0,0.98994946,0.0
2023-12-10 01:30:00,5.28799985,0.0,0.0,0.0,0.0,1.06506248,0.0
2023-12-10 02:00:00,5.3129997,0.0,0.0,0.0,0.0,1.1401755,0.0
2023-12-10 02:30:00,5.96299985,0.0,0.0,0.0,0.0,1.18041555,0.0
2023-12-10 03:00:00,6.613,0.0,0.0,0.0,0.0,1.2206556,0.0
2023-12-10 03:30:00,6.238,0.0,0.0,0.0,0.0,1.2144800999999998,0.0
2023-12-10 04:00:00,5.863,0.0,0.0,0.0,0.0,1.2083046,0.0
2023-12-10 04:30:00,5.563000000000001,0.0,0.0,0.0,0.0,1.3690052499999998,0.0
2023-12-10 05:00:00,5.263,0.0,0.0,0.0,0.0,1.5297059,0.0
2023-12-10 05:30:00,5.488,0.0,0.0,0.0,0.0,1.34794815,0.0
2023-12-10 06:00:00,5.713,0.0,0.0,0.0,0.0,1.1661904,0.0
2023-12-10 06:30:00,5.488,0.0,0.0,0.0,0.0,1.22340765,0.0
2023-12-10 07:00:00,5.263,0.0,0.0853643212839541,0.0,0.0,1.2806249,0.0
2023-12-10 07:30:00,5.738,20.867893562228687,0.1972116916644547,38.8250925,13.4648915,1.4542535,7.889
2023-12-10 08:00:00,6.213,50.023897408718184,0.30394820857372945,77.650185,26.929783,1.6278821,28.367
2023-12-10 08:30:00,7.737999999999999,165.16050236735526,0.4037486236718909,269.5027225,57.2419765,1.5771579,62.86200000000001
2023-12-10 09:00:00,9.263,314.60366668126136,0.49490631427829707,461.35526,87.55417,1.5264337,91.876
2023-12-10 09:30:00,10.313,362.01463823087875,0.575862478679779,423.28751,120.120155,1.7682044499999998,152.43
2023-12-10 10:00:00,11.363,398.79887089615374,0.6452327866611405,385.21976,152.68614,2.0099752,169.897
2023-12-10 10:30:00,11.713,398.8792427731887,0.7018310656875417,317.934715,178.853615,2.30306305,85.61699999999999
2023-12-10 11:00:00,12.063,387.89931489964533,0.7446895929394829,250.64967,205.02109,2.5961509,142.87099999999998
2023-12-10 11:30:00,12.038,302.5468231630416,0.7730756398592601,133.29813549999997,203.642435,2.5961509,231.57800000000003
2023-12-10 12:00:00,12.013,210.29351497247538,0.7865040086435675,15.946601,202.26378,2.5961509,309.851
2023-12-10 12:30:00,12.213,217.7962902128441,0.7847453273008131,44.2437455,187.133675,2.5980755,88.625
2023-12-10 13:00:00,12.413,224.10005504954756,0.7678299655879328,72.54089,172.00357,2.6000001,133.841
2023-12-10 13:30:00,12.563,240.0058626517178,0.7360475102998043,112.522625,160.3888,2.2192388,108.02200000000002
2023-12-10 14:00:00,12.713,251.18587581877566,0.6899417987772065,152.50436,148.77403,1.8384775,94.087
2023-12-10 14:30:00,11.663,146.39828727270555,0.630301609848626,76.25218,100.3266915,1.97398975,66.328
2023-12-10 15:00:00,10.613,50.70608756946773,0.5581471591045645,0.0,51.879353,2.109502,45.762
2023-12-10 15:30:00,10.488,37.4478900584952,0.4747126297909084,0.0,38.31438,1.7565344,37.44
2023-12-10 16:00:00,10.363,24.189692547522665,0.38142506019358335,0.0,24.749407,1.4035668,31.293
2023-12-10 16:30:00,10.163,12.568617039390054,0.2798799201008338,0.0,12.859436635000002,1.3517834,12.036
2023-12-10 17:00:00,9.963,0.9475415312574397,0.17181380461725368,0.0,0.96946627,1.3,0.453
2023-12-10 17:30:00,9.763,0.0,0.059074738383502474,0.0,0.484733135,1.5513878,0.0
2023-12-10 18:00:00,9.563,0.0,0.0,0.0,0.0,1.8027756,0.0
2023-12-10 18:30:00,9.363,0.0,0.0,0.0,0.0,1.7013878,0.0
2023-12-10 19:00:00,9.163,0.0,0.0,0.0,0.0,1.6,0.0
2023-12-10 19:30:00,9.063,0.0,0.0,0.0,0.0,1.51589105,0.0
2023-12-10 20:00:00,8.963,0.0,0.0,0.0,0.0,1.4317821,0.0
2023-12-10 20:30:00,8.788,0.0,0.0,0.0,0.0,1.25672375,0.0
2023-12-10 21:00:00,8.613,0.0,0.0,0.0,0.0,1.0816654,0.0
2023-12-10 21:30:00,8.463000000000001,0.0,0.0,0.0,0.0,0.7469879850000001,0.0
2023-12-10 22:00:00,8.313,0.0,0.0,0.0,0.0,0.41231057,0.0
2023-12-10 22:30:00,8.488,0.0,0.0,0.0,0.0,0.51029341,0.0
2023-12-10 23:00:00,8.663,0.0,0.0,0.0,0.0,0.60827625,0.0
2023-12-10 23:30:00,8.437999999999999,0.0,0.0,0.0,0.0,1.1600002749999998,0.0
2023-12-11 00:00:00,8.213,0.0,0.0,0.0,0.0,1.7117243,0.0
2023-12-11 00:30:00,8.062999999999999,0.0,0.0,0.0,0.0,2.09279385,0.0
2023-12-11 01:00:00,7.913,0.0,0.0,0.0,0.0,2.4738634,0.0
2023-12-11 01:30:00,7.638,0.0,0.0,0.0,0.0,1.998509,0.0
2023-12-11 02:00:00,7.363,0.0,0.0,0.0,0.0,1.5231546,0.0
2023-12-11 02:30:00,7.263,0.0,0.0,0.0,0.0,1.1646902,0.0
2023-12-11 03:00:00,7.163,0.0,0.0,0.0,0.0,0.8062258,0.0
2023-12-11 03:30:00,6.713,0.0,0.0,0.0,0.0,0.8640901249999999,0.0
2023-12-11 04:00:00,6.263,0.0,0.0,0.0,0.0,0.92195445,0.0
2023-12-11 04:30:00,6.438000000000001,0.0,0.0,0.0,0.0,1.4609772250000002,0.0
2023-12-11 05:00:00,6.613,0.0,0.0,0.0,0.0,2.0,0.0
2023-12-11 05:30:00,6.988,0.0,0.0,0.0,0.0,2.3,0.0
2023-12-11 06:00:00,7.363,0.0,0.0,0.0,0.0,2.6,0.0
2023-12-11 06:30:00,7.58799985,0.0,0.0,0.0,0.0,2.6086252,0.0
2023-12-11 07:00:00,7.8129997,0.0,0.08314387153674836,0.0,0.0,2.6172504,0.0
2023-12-11 07:30:00,8.38799985,12.277916626300575,0.19498155207787304,6.503726499999999,11.2558795,2.66232395,13.171
2023-12-11 08:00:00,8.963,25.94449477241101,0.3017404632813083,13.007453,22.511759,2.7073975,148.247
2023-12-11 08:30:00,9.563,96.74614105692521,0.40159498955008394,107.8853415,54.491329500000006,3.00369875,97.349
2023-12-11 09:00:00,10.163,184.74957934584504,0.49283759335790445,202.76323,86.4709,3.3,410.488
2023-12-11 09:30:00,10.638,266.6421683590194,0.573908026224191,264.801365,116.732515,3.60576085,526.11
2023-12-11 10:00:00,11.113,354.8159146092745,0.6434200040070082,326.8395,146.99413,3.9115217,616.967
2023-12-11 10:30:00,11.713,437.7299043567915,0.7001849267391218,417.688015,147.30961000000002,4.29028435,677.933
2023-12-11 11:00:00,12.313,523.9819924383496,0.7432322124421642,508.53653,147.62509,4.669047,743.835
2023-12-11 11:30:00,12.838,582.1334279928858,0.7718258909210466,579.309435,135.956443,4.874700499999999,284.041
2023-12-11 12:00:00,13.363,634.6184059691554,0.7854771961623486,650.08234,124.287796,5.080354,253.372
2023-12-11 12:30:00,13.463,598.9820943054234,0.783952922948538,612.22027,119.335798,5.123295199999999,994.908
2023-12-11 13:00:00,13.563,554.7601162335093,0.7672794089187649,574.3582,114.3838,5.1662364,0.0
2023-12-11 13:30:00,13.563,502.10093461482165,0.7357420794682015,537.37156,107.1085375,5.251450999999999,171.242
2023-12-11 14:00:00,13.563,444.6070605773325,0.6898805531159802,500.38492,99.833275,5.3366656,287.719
2023-12-11 14:30:00,13.213,309.0220201146896,0.6304794052761102,341.62677,94.5870275,4.9536118,141.268
2023-12-11 15:00:00,12.863,190.00765327036987,0.5585547361259937,182.86862,89.34078,4.570558,107.60399999999998
2023-12-11 15:30:00,12.338,142.66826849703716,0.47533677261200286,144.90614,75.10832099999999,4.499438,110.378
2023-12-11 16:00:00,11.813,100.59167195629811,0.38224882411257605,106.94366,60.875862,4.428318,55.068
2023-12-11 16:30:00,11.463,46.899649539526564,0.28088292338822757,56.7633191,31.558561150000003,4.4647145,25.31
2023-12-11 17:00:00,11.113,3.337696105540865,0.1729725797275689,6.5829782,2.2412603,4.501111,2.405
2023-12-11 17:30:00,11.013,0.0,0.06036313648546757,3.2914891000000006,1.12063015,4.36538385,0.0
2023-12-11 18:00:00,10.913,0.0,0.0,0.0,0.0,4.2296567,0.0
2023-12-11 18:30:00,10.838,0.0,0.0,0.0,0.0,4.124803549999999,0.0
2023-12-11 19:00:00,10.763,0.0,0.0,0.0,0.0,4.0199504,0.0
2023-12-11 19:30:00,10.538,0.0,0.0,0.0,0.0,3.6224267,0.0
2023-12-11 20:00:00,10.313,0.0,0.0,0.0,0.0,3.224903,0.0
2023-12-11 20:30:00,10.513,0.0,0.0,0.0,0.0,3.2745285,0.0
2023-12-11 21:00:00,10.713,0.0,0.0,0.0,0.0,3.324154,0.0
2023-12-11 21:30:00,10.663,0.0,0.0,0.0,0.0,2.9962434,0.0
2023-12-11 22:00:00,10.613,0.0,0.0,0.0,0.0,2.6683328,0.0
2023-12-11 22:30:00,10.313,0.0,0.0,0.0,0.0,2.6683328,0.0
2023-12-11 23:00:00,10.013,0.0,0.0,0.0,0.0,2.6683328,0.0
2023-12-11 23:30:00,9.813,0.0,0.0,0.0,0.0,2.3948265,0.0
2023-12-12 00:00:00,9.613,0.0,0.0,0.0,0.0,2.1213202,0.0
2023-12-12 00:30:00,9.388,0.0,0.0,0.0,0.0,1.9106601,0.0
2023-12-12 01:00:00,9.163,0.0,0.0,0.0,0.0,1.7,0.0
2023-12-12 01:30:00,8.663,0.0,0.0,0.0,0.0,1.5019201999999998,0.0
2023-12-12 02:00:00,8.163,0.0,0.0,0.0,0.0,1.3038404,0.0
2023-12-12 02:30:00,7.938000150000001,0.0,0.0,0.0,0.0,1.112897425,0.0
2023-12-12 03:00:00,7.7130003,0.0,0.0,0.0,0.0,0.92195445,0.0
2023-12-12 03:30:00,7.438000150000001,0.0,0.0,0.0,0.0,0.796387425,0.0
2023-12-12 04:00:00,7.163,0.0,0.0,0.0,0.0,0.6708204,0.0
2023-12-12 04:30:00,6.86299985,0.0,0.0,0.0,0.0,0.541565485,0.0
2023-12-12 05:00:00,6.5629997,0.0,0.0,0.0,0.0,0.41231057,0.0
2023-12-12 05:30:00,6.23799985,0.0,0.0,0.0,0.0,0.506155285,0.0
2023-12-12 06:00:00,5.913,0.0,0.0,0.0,0.0,0.6,0.0
2023-12-12 06:30:00,6.513,0.0,0.0,0.0,0.0,0.792442875,0.0
2023-12-12 07:00:00,7.113,0.0,0.08094126555821471,0.0,0.0,0.98488575,0.0
2023-12-12 07:30:00,7.08799985,23.39029014989405,0.19277572668747522,52.28117,13.550090999999998,0.69859816,9.713
2023-12-12 08:00:00,7.0629997,57.946573765050346,0.2995636339326865,104.56234,27.100182,0.41231057,133.533
2023-12-12 08:30:00,8.53799985,213.4371609542825,0.3994788900367924,407.18512,51.340729,0.4754135149999999,286.378
2023-12-12 09:00:00,10.013,423.3099968162454,0.49081292795419984,709.8079,75.581276,0.53851646,424.083
2023-12-12 09:30:00,11.213,520.3411477116389,0.5720039394613976,769.88305,80.176713,0.693522305,522.529
2023-12-12 10:00:00,12.413,617.5568647994181,0.6416635772228966,829.9582,84.77215,0.84852815,598.0419999999999
2023-12-12 10:30:00,13.263,678.2384718339591,0.6986007101235397,846.37115,86.37678249999999,0.784819225,654.9110000000001
2023-12-12 11:00:00,14.113,728.972363937027,0.7418418006859476,862.7841,87.981415,0.7211103,340.466
2023-12-12 11:30:00,14.788,715.9510175641998,0.7706475497769865,792.6270649999999,104.6208525,0.62981338,718.276
2023-12-12 12:00:00,15.463,688.1029655377314,0.7845255464195552,722.47003,121.26029,0.53851646,762.8019999999999
2023-12-12 12:30:00,15.913,658.516681035263,0.7832386873027699,692.092065,116.375925,1.1871362799999998,743.399
2023-12-12 13:00:00,16.363,618.9885075314982,0.766809226080762,661.7141,111.49156,1.8357561,709.3309999999999
2023-12-12 13:30:00,16.563000000000002,600.1379294679858,0.7355183887837634,679.9895,99.670075,1.5755253,188.735
2023-12-12 14:00:00,16.763,570.1403034565177,0.6899015516948797,698.2649,87.84859,1.3152945,274.515
2023-12-12 14:30:00,16.963,472.9355787534028,0.6307390783524597,611.872075,86.914425,0.7076472500000001,176.52800000000002
2023-12-12 15:00:00,17.163,379.36711016966944,0.5590429601654597,525.47925,85.98026,0.1,73.06099999999999
2023-12-12 15:30:00,16.4880005,271.5611519362965,0.47603948939656415,424.576845,69.920945,0.8016648,75.00399999999999
2023-12-12 16:00:00,15.813001,177.3052859794209,0.3831482827552897,323.67444,53.86163,1.5033296,195.713
2023-12-12 16:30:00,14.8380005,75.58133392284222,0.2819579861401536,168.491107,28.384091,1.29018125,72.844
2023-12-12 17:00:00,13.863,5.176063371361959,0.17419908632417605,13.307774,2.906552,1.0770329,9.69
2023-12-12 17:30:00,13.188,0.0,0.06171432064326329,6.653887,1.453276,1.03851645,0.0
2023-12-12 18:00:00,12.513,0.0,0.0,0.0,0.0,1.0,0.0
2023-12-12 18:30:00,11.363,0.0,0.0,0.0,0.0,0.75,0.0
2023-12-12 19:00:00,10.213,0.0,0.0,0.0,0.0,0.5,0.0
2023-12-12 19:30:00,10.238,0.0,0.0,0.0,0.0,0.40811388,0.0
2023-12-12 20:00:00,10.263,0.0,0.0,0.0,0.0,0.31622776,0.0
2023-12-12 20:30:00,9.863,0.0,0.0,0.0,0.0,0.30811388,0.0
2023-12-12 21:00:00,9.463,0.0,0.0,0.0,0.0,0.3,0.0
2023-12-12 21:30:00,9.763,0.0,0.0,0.0,0.0,0.642442875,0.0
2023-12-12 22:00:00,10.063,0.0,0.0,0.0,0.0,0.98488575,0.0
2023-12-12 22:30:00,9.888,0.0,0.0,0.0,0.0,1.014458225,0.0
2023-12-12 23:00:00,9.713,0.0,0.0,0.0,0.0,1.0440307,0.0
2023-12-12 23:30:00,9.338,0.0,0.0,0.0,0.0,0.82201535,0.0
2023-12-13 00:00:00,8.963,0.0,0.0,0.0,0.0,0.6,0.0
2023-12-13 00:30:00,8.488,0.0,0.0,0.0,0.0,0.4499999999999999,0.0
2023-12-13 01:00:00,8.013,0.0,0.0,0.0,0.0,0.3,0.0
2023-12-13 01:30:00,7.838,0.0,0.0,0.0,0.0,0.4192582299999999,0.0
2023-12-13 02:00:00,7.663,0.0,0.0,0.0,0.0,0.53851646,0.0
2023-12-13 02:30:00,7.913,0.0,0.0,0.0,0.0,0.65977073,0.0
2023-12-13 03:00:00,8.163,0.0,0.0,0.0,0.0,0.781025,0.0
2023-12-13 03:30:00,7.938000150000001,0.0,0.0,0.0,0.0,0.6454634699999999,0.0
2023-12-13 04:00:00,7.7130003,0.0,0.0,0.0,0.0,0.50990194,0.0
2023-12-13 04:30:00,7.66300015,0.0,0.0,0.0,0.0,0.41306485,0.0
2023-12-13 05:00:00,7.613,0.0,0.0,0.0,0.0,0.31622776,0.0
2023-12-13 05:30:00,7.613,0.0,0.0,0.0,0.0,0.4273721099999999,0.0
2023-12-13 06:00:00,7.613,0.0,0.0,0.0,0.0,0.53851646,0.0
2023-12-13 06:30:00,8.413,0.0,0.0,0.0,0.0,0.65004688,0.0
2023-12-13 07:00:00,9.213,0.0,0.07875874237789705,0.0,0.0,0.7615773,0.0
2023-12-13 07:30:00,9.013,22.257581522416263,0.19059646698116559,52.51964000000001,12.461015499999998,0.65004688,9.461
2023-12-13 08:00:00,8.813,55.73582456290862,0.29741994785495,105.03928,24.922031,0.53851646,131.907
2023-12-13 08:30:00,10.413,213.241466780153,0.3974024920398888,416.33272000000005,48.2786005,0.3399689099999999,279.913
2023-12-13 09:00:00,12.013,426.77325484504325,0.4888343892952048,727.62616,71.63517,0.14142136,414.079
2023-12-13 09:30:00,13.263,516.3142056616136,0.5701521603098053,769.6647800000001,77.66572,0.32566165,514.267
2023-12-13 10:00:00,14.513,603.353771697377,0.6399652874721484,811.7034,83.69627,0.50990194,592.331
2023-12-13 10:30:00,15.338,663.7861873467892,0.6970800075556723,828.29315,85.86758499999999,0.82503872,648.039
2023-12-13 11:00:00,16.163,714.5598729819835,0.7405197344901706,844.8829,88.0389,1.1401755,688.391
2023-12-13 11:30:00,16.713,738.1475712127794,0.7695417565929311,843.18485,88.22735,1.79992515,710.89
2023-12-13 12:00:00,17.263,749.0869137711916,0.7836499452486063,841.4868,88.4158,2.4596748,729.431
2023-12-13 12:30:00,17.413001,704.8070559052508,0.7826032385614228,768.25235,102.9097,3.0696744,730.744
2023-12-13 13:00:00,17.563002,650.1601798871106,0.7664197589518528,695.0179,117.4036,3.679674,706.3729999999999
2023-12-13 13:30:00,17.738001,598.9937991532577,0.7353764998867812,663.627025,110.9688975,3.8922745,393.612
2023-12-13 14:00:00,17.913,540.717269204137,0.6900045768484833,632.23615,104.534195,4.104875,652.9190000000001
2023-12-13 14:30:00,17.512999999999998,459.24870714547905,0.6310801378741194,579.066925,94.0029755,4.012667,389.827
2023-12-13 15:00:00,17.113,377.44889078146787,0.5596110769837314,525.8977,83.471756,3.920459,518.097
2023-12-13 15:30:00,16.563000000000002,285.63877592681496,0.4768197779384748,462.29,65.5093745,3.9159902,372.648
2023-12-13 16:00:00,16.013,200.41153335770684,0.38412220530390395,398.6823,47.546993,3.9115214,176.846
2023-12-13 16:30:00,15.013000000000002,85.04050948476704,0.2831036722915346,211.13296,25.4294692,3.56588495,91.305
2023-12-13 17:00:00,14.013,7.405907069356835,0.1754917099860129,23.58362,3.3119454,3.2202485,8.15
2023-12-13 17:30:00,13.213,0.0,0.06312652809890183,11.79181,1.6559727,3.0216836,0.0
2023-12-13 18:00:00,12.413,0.0,0.0,0.0,0.0,2.8231187,0.0
2023-12-13 18:30:00,12.163,0.0,0.0,0.0,0.0,2.73254385,0.0
2023-12-13 19:00:00,11.913,0.0,0.0,0.0,0.0,2.641969,0.0
2023-12-13 19:30:00,11.813,0.0,0.0,0.0,0.0,2.66262535,0.0
2023-12-13 20:00:00,11.713,0.0,0.0,0.0,0.0,2.6832817,0.0
2023-12-13 20:30:00,11.688,0.0,0.0,0.0,0.0,2.73447955,0.0
2023-12-13 21:00:00,11.663,0.0,0.0,0.0,0.0,2.7856774,0.0
2023-12-13 21:30:00,11.663,0.0,0.0,0.0,0.0,2.8488606,0.0
2023-12-13 22:00:00,11.663,0.0,0.0,0.0,0.0,2.9120438,0.0
2023-12-13 22:30:00,11.738,0.0,0.0,0.0,0.0,3.0220678000000003,0.0
2023-12-13 23:00:00,11.813,0.0,0.0,0.0,0.0,3.1320918,0.0
2023-12-13 23:30:00,11.913,0.0,0.0,0.0,0.0,3.21073425,0.0
2023-12-14 00:00:00,12.013,0.0,0.0,0.0,0.0,3.2893767,0.0
2023-12-14 00:30:00,12.038,0.0,0.0,0.0,0.0,3.2139239,0.0
2023-12-14 01:00:00,12.063,0.0,0.0,0.0,0.0,3.1384711,0.0
2023-12-14 01:30:00,11.888,0.0,0.0,0.0,0.0,3.00885365,0.0
2023-12-14 02:00:00,11.713,0.0,0.0,0.0,0.0,2.8792362,0.0
2023-12-14 02:30:00,11.713,0.0,0.0,0.0,0.0,3.005664,0.0
2023-12-14 03:00:00,11.713,0.0,0.0,0.0,0.0,3.1320918,0.0
2023-12-14 03:30:00,11.638,0.0,0.0,0.0,0.0,3.0220678000000003,0.0
2023-12-14 04:00:00,11.563,0.0,0.0,0.0,0.0,2.9120438,0.0
2023-12-14 04:30:00,11.638,0.0,0.0,0.0,0.0,2.8781682,0.0
2023-12-14 05:00:00,11.713,0.0,0.0,0.0,0.0,2.8442926,0.0
2023-12-14 05:30:00,11.863,0.0,0.0,0.0,0.0,2.8781682,0.0
2023-12-14 06:00:00,12.013,0.0,0.0,0.0,0.0,2.9120438,0.0
2023-12-14 06:30:00,12.038,0.0,0.0,0.0,0.0,2.9898081000000003,0.0
2023-12-14 07:00:00,12.063,0.0,0.0765985875752302,0.0,0.0,3.0675724,0.0
2023-12-14 07:30:00,12.163,18.333985229110695,0.18844606176511264,26.373155,13.63823,3.26077785,6.362
2023-12-14 08:00:00,12.263,42.304736413812805,0.2953116596731258,52.74631,27.27646,3.4539833,114.672
2023-12-14 08:30:00,13.063,128.283308782494,0.3953679791611273,154.29648,68.610852,3.61179935,305.232
2023-12-14 09:00:00,13.863,232.4034776890765,0.48690405431815775,255.84665,109.945244,3.7696154,426.637
2023-12-14 09:30:00,14.788,305.49505564957735,0.5683546251994132,301.819045,136.40892200000002,3.83480765,483.986
2023-12-14 10:00:00,15.713,382.08353586348227,0.6383268992552694,347.79144,162.8726,3.8999999,261.842
2023-12-14 10:30:00,16.238,403.85734082515796,0.695624383116128,311.26332,190.740545,3.83480765,257.737
2023-12-14 11:00:00,16.763,417.69383128094125,0.7392673524715376,274.7352,218.60849,3.7696154,356.61499999999995
2023-12-14 11:30:00,17.213,421.3793978811709,0.7685096033567412,252.4523,231.702195,3.83480765,410.553
2023-12-14 12:00:00,17.663,420.3320903827335,0.7828512210814668,230.1694,244.7959,3.8999999,352.967
2023-12-14 12:30:00,17.863001,415.68288285753346,0.782047129223133,234.28236,236.910355,4.2347318000000005,404.209
2023-12-14 13:00:00,18.063002,407.4197199576995,0.7661112764756404,238.39532,229.02481,4.5694637,287.338
2023-12-14 13:30:00,18.113001,425.00867879610416,0.7353163954404478,311.02696,199.654535,4.73677185,192.445
2023-12-14 14:00:00,18.163,432.6256053199246,0.6901893271736846,383.6586,170.28426,4.90408,604.986
2023-12-14 14:30:00,18.012999999999998,396.47290881412596,0.6315020054959104,419.34546,133.29444999999998,4.82322125,256.48900000000003
2023-12-14 15:00:00,17.863,350.4178935409759,0.5602582432066823,455.03232,96.30464,4.7423625,212.234
2023-12-14 15:30:00,17.238,247.2042289769807,0.4776765463325246,355.95453,78.0021715,4.39602675,336.88899999999995
2023-12-14 16:00:00,16.613,157.80493850756073,0.3851692721293035,256.87674,59.699703,4.049691,131.13
2023-12-14 16:30:00,15.788,70.00887283244109,0.2843184592030161,134.545481,32.218794700000004,3.880243,59.944
2023-12-14 17:00:00,14.963,6.806376362671628,0.17684875335483696,12.214222,4.7378864,3.710795,12.832999999999998
2023-12-14 17:30:00,14.538,0.0,0.06459791807401401,6.107111,2.3689432,3.710795,0.0
2023-12-14 18:00:00,14.113,0.0,0.0,0.0,0.0,3.710795,0.0
2023-12-14 18:30:00,13.788,0.0,0.0,0.0,0.0,3.64215435,0.0
2023-12-14 19:00:00,13.463,0.0,0.0,0.0,0.0,3.5735137,0.0
2023-12-14 19:30:00,13.388,0.0,0.0,0.0,0.0,3.51085075,0.0
2023-12-14 20:00:00,13.313,0.0,0.0,0.0,0.0,3.4481878,0.0
2023-12-14 20:30:00,13.238,0.0,0.0,0.0,0.0,3.4159864,0.0
2023-12-14 21:00:00,13.163,0.0,0.0,0.0,0.0,3.383785,0.0
2023-12-14 21:30:00,13.163,0.0,0.0,0.0,0.0,3.3726661,0.0
2023-12-14 22:00:00,13.163,0.0,0.0,0.0,0.0,3.3615472,0.0
2023-12-14 22:30:00,13.188,0.0,0.0,0.0,0.0,3.4271986,0.0
2023-12-14 23:00:00,13.213,0.0,0.0,0.0,0.0,3.49285,0.0
2023-12-14 23:30:00,13.113,0.0,0.0,0.0,0.0,3.3619745,0.0
2023-12-15 00:00:00,13.013,0.0,0.0,0.0,0.0,3.231099,0.0
2023-12-15 00:30:00,12.888,0.0,0.0,0.0,0.0,3.1362402,0.0
2023-12-15 01:00:00,12.763,0.0,0.0,0.0,0.0,3.0413814,0.0
2023-12-15 01:30:00,12.588,0.0,0.0,0.0,0.0,3.0047729,0.0
2023-12-15 02:00:00,12.413,0.0,0.0,0.0,0.0,2.9681644,0.0
2023-12-15 02:30:00,12.488,0.0,0.0,0.0,0.0,3.0284267,0.0
2023-12-15 03:00:00,12.563,0.0,0.0,0.0,0.0,3.088689,0.0
2023-12-15 03:30:00,12.413,0.0,0.0,0.0,0.0,2.9090789,0.0
2023-12-15 04:00:00,12.263,0.0,0.0,0.0,0.0,2.7294688,0.0
2023-12-15 04:30:00,12.288,0.0,0.0,0.0,0.0,2.6177309,0.0
2023-12-15 05:00:00,12.313,0.0,0.0,0.0,0.0,2.505993,0.0
2023-12-15 05:30:00,12.413,0.0,0.0,0.0,0.0,2.6395389500000004,0.0
2023-12-15 06:00:00,12.513,0.0,0.0,0.0,0.0,2.7730849,0.0
2023-12-15 06:30:00,12.563,0.0,0.0,0.0,0.0,2.9300773,0.0
2023-12-15 07:00:00,12.613,0.0,0.07446311416948037,0.0,0.0,3.0870697,0.0
2023-12-15 07:30:00,12.813,15.73015326440387,0.18632681902477002,6.620100000000001,14.823288,3.19958445,4.39
2023-12-15 08:00:00,13.013,32.87587212505581,0.29324103453873984,13.2402,29.646576,3.3120992,34.479000000000006
2023-12-15 08:30:00,13.763,108.30113294210506,0.393377536620862,99.303215,70.6943705,3.19958445,181.79700000000005
2023-12-15 09:00:00,14.513,199.3887244769429,0.48502399257271656,185.36623,111.742165,3.0870697,136.35299999999998
2023-12-15 09:30:00,15.138,243.53217480337074,0.5666132542952341,181.96007,143.3117925,3.53602075,202.516
2023-12-15 10:00:00,15.763,285.07494862469326,0.6367501521591963,178.55391,174.88142,3.9849718,311.862
2023-12-15 10:30:00,16.2380005,321.7342052439113,0.6942353677546855,189.367715,194.094425,4.1765189,305.769
2023-12-15 11:00:00,16.713001,356.9073285516726,0.7380859524655563,200.18152,213.30743,4.368066,279.63
2023-12-15 11:30:00,16.9880005,387.58970875226987,0.7675521343279669,215.49025,226.534315,4.464384,252.17200000000005
2023-12-15 12:00:00,17.263,415.7380946827674,0.7821301485103251,230.79898,239.7612,4.560702,283.248
2023-12-15 12:30:00,17.288001,388.6868575470788,0.7815708527683636,191.56114,243.739395,4.657324,227.391
2023-12-15 13:00:00,17.313002,359.37522974548347,0.7658839844253736,152.3233,247.71759,4.753946,215.272
2023-12-15 13:30:00,17.1380015,327.1447669832597,0.7353379918775271,147.21375,223.387705,4.8023595,219.955
2023-12-15 14:00:00,16.963001,293.18917050211036,0.6904554331242403,142.1042,199.05782,4.850773,240.221
2023-12-15 14:30:00,16.8130005,268.20275348064655,0.6320040339785798,159.50116,170.73682,4.8023595,256.633
2023-12-15 15:00:00,16.663,238.959135143722,0.5609835469890319,176.89812,142.41582,4.753946,117.101
2023-12-15 15:30:00,16.387999999999998,184.07901613401785,0.47860863577753254,162.01739500000002,108.58052,4.4994715,120.106
2023-12-15 16:00:00,16.113,130.18712775372438,0.386288099373722,147.13667,74.74522,4.244997,82.818
2023-12-15 16:30:00,15.613,61.39389374221631,0.28560076378718663,78.55604500000001,39.702188150000005,3.6266594,26.819
2023-12-15 17:00:00,15.113,6.344774223439561,0.17826846332826107,9.97542,4.6591563,3.0083218,5.507
2023-12-15 17:30:00,14.238,0.0,0.06612659961961634,4.98771,2.32957815,2.64543215,0.0
2023-12-15 18:00:00,13.363,0.0,0.0,0.0,0.0,2.2825425,0.0
2023-12-15 18:30:00,13.138,0.0,0.0,0.0,0.0,2.28144675,0.0
2023-12-15 19:00:00,12.913,0.0,0.0,0.0,0.0,2.280351,0.0
2023-12-15 19:30:00,12.838,0.0,0.0,0.0,0.0,2.4855379,0.0
2023-12-15 20:00:00,12.763,0.0,0.0,0.0,0.0,2.6907248,0.0
2023-12-15 20:30:00,12.813,0.0,0.0,0.0,0.0,2.88565455,0.0
2023-12-15 21:00:00,12.863,0.0,0.0,0.0,0.0,3.0805843,0.0
2023-12-15 21:30:00,12.838,0.0,0.0,0.0,0.0,3.26220965,0.0
2023-12-15 22:00:00,12.813,0.0,0.0,0.0,0.0,3.443835,0.0
2023-12-15 22:30:00,12.913,0.0,0.0,0.0,0.0,3.6067252,0.0
2023-12-15 23:00:00,13.013,0.0,0.0,0.0,0.0,3.7696154,0.0
2023-12-15 23:30:00,13.038,0.0,0.0,0.0,0.0,3.5848077,0.0
2023-12-16 00:00:00,13.063,0.0,0.0,0.0,0.0,3.4,0.0
2023-12-16 00:30:00,13.013,0.0,0.0,0.0,0.0,3.362077,0.0
2023-12-16 01:00:00,12.963,0.0,0.0,0.0,0.0,3.324154,0.0
2023-12-16 01:30:00,13.138,0.0,0.0,0.0,0.0,3.2899591,0.0
2023-12-16 02:00:00,13.313,0.0,0.0,0.0,0.0,3.2557642,0.0
2023-12-16 02:30:00,13.838,0.0,0.0,0.0,0.0,3.6359906,0.0
2023-12-16 03:00:00,14.363,0.0,0.0,0.0,0.0,4.016217,0.0
2023-12-16 03:30:00,14.263,0.0,0.0,0.0,0.0,3.6459425,0.0
2023-12-16 04:00:00,14.163,0.0,0.0,0.0,0.0,3.275668,0.0
2023-12-16 04:30:00,13.913,0.0,0.0,0.0,0.0,2.99614185,0.0
2023-12-16 05:00:00,13.663,0.0,0.0,0.0,0.0,2.7166157,0.0
2023-12-16 05:30:00,13.388,0.0,0.0,0.0,0.0,2.75830785,0.0
2023-12-16 06:00:00,13.113,0.0,0.0,0.0,0.0,2.8,0.0
2023-12-16 06:30:00,12.963,0.0,0.0,0.0,0.0,2.85344425,0.0
2023-12-16 07:00:00,12.813,0.0,0.07235463392908698,0.0,0.0,2.9068885,0.0
2023-12-16 07:30:00,12.788,17.346213227831356,0.18424103818107135,33.22632,11.4401635,2.9576052500000003,8.656
2023-12-16 08:00:00,12.763,41.80081774730856,0.2912103217437086,66.45264,22.880327,3.008322,50.41
2023-12-16 08:30:00,13.063,136.21589486792965,0.39143332671234665,221.176105,50.4710085,3.204161,29.935
2023-12-16 09:00:00,13.363,258.4645298664992,0.4831962439906177,375.89957,78.06169,3.4,24.514
2023-12-16 09:30:00,13.738,356.73317557777995,0.5649299318828394,468.060085,93.448935,3.2008330000000003,468.304
2023-12-16 10:00:00,14.113,463.66548777034325,0.6352367442608258,560.2206,108.83618,3.001666,597.54
2023-12-16 10:30:00,14.713,518.2224159543819,0.6929144459797347,586.44523,112.679175,3.1568826000000003,713.9749999999999
2023-12-16 11:00:00,15.313,567.4627725595162,0.7369767817451729,612.66986,116.52217,3.3120992,170.897
2023-12-16 11:30:00,15.963,611.2294277456101,0.7666703399692858,650.36528,112.8236,3.6034838,792.021
2023-12-16 12:00:00,16.613,646.9988031574003,0.7814874460556607,688.0607,109.12503,3.8948684,467.129
2023-12-16 12:30:00,16.938000000000002,662.4472432077657,0.7811748453300359,719.80263,99.619935,3.8579314,57.179
2023-12-16 13:00:00,17.263,666.5093176767372,0.765738030970701,751.54456,90.11484,3.8209944,209.904
2023-12-16 13:30:00,17.138,625.9122048178214,0.7354411487943021,733.25821,85.812775,3.9659777,693.1080000000001
2023-12-16 14:00:00,17.013,576.1691497933839,0.6908024700774147,714.97186,81.51071,4.110961,654.081
2023-12-16 14:30:00,17.038001,486.3215102733678,0.6325855237561445,647.67598,76.169675,3.8589493,557.818
2023-12-16 15:00:00,17.063002,397.0067306112561,0.5617860278104112,580.3801,70.82864,3.6069376,474.407
2023-12-16 15:30:00,16.463001,292.31500916624844,0.47961484328519555,486.72649,58.94650849999999,2.5650461,331.35900000000004
2023-12-16 16:00:00,15.863,199.09702446292877,0.3874772642434283,393.07288,47.064377,1.5231546,186.949
2023-12-16 16:30:00,14.588,85.83171276075808,0.28694896986603413,210.477764,25.6015328,1.2615773,75.02699999999999
2023-12-16 17:00:00,13.313,9.092329901447918,0.1797490601031738,27.882648,4.1386886,1.0,8.244
2023-12-16 17:30:00,12.238,0.0,0.06771066186308647,13.941323999999998,2.0693443,1.215891,0.0
2023-12-16 18:00:00,11.163,0.0,0.0,0.0,0.0,1.431782,0.0
2023-12-16 18:30:00,11.163,0.0,0.0,0.0,0.0,1.2183848,0.0
2023-12-16 19:00:00,11.163,0.0,0.0,0.0,0.0,1.0049876,0.0
2023-12-16 19:30:00,10.788,0.0,0.0,0.0,0.0,1.07258155,0.0
2023-12-16 20:00:00,10.413,0.0,0.0,0.0,0.0,1.1401755,0.0
2023-12-16 20:30:00,10.438,0.0,0.0,0.0,0.0,1.5318569,0.0
2023-12-16 21:00:00,10.463,0.0,0.0,0.0,0.0,1.9235383,0.0
2023-12-16 21:30:00,10.413,0.0,0.0,0.0,0.0,2.05378565,0.0
2023-12-16 22:00:00,10.363,0.0,0.0,0.0,0.0,2.184033,0.0
2023-12-16 22:30:00,10.088,0.0,0.0,0.0,0.0,2.0628409,0.0
2023-12-16 23:00:00,9.813,0.0,0.0,0.0,0.0,1.9416488,0.0
2023-12-16 23:30:00,10.188,0.0,0.0,0.0,0.0,1.92213925,0.0
2023-12-17 00:00:00,10.563,0.0,0.0,0.0,0.0,1.9026297,0.0
2023-12-17 00:30:00,10.313,0.0,0.0,0.0,0.0,2.27984785,0.0
2023-12-17 01:00:00,10.063,0.0,0.0,0.0,0.0,2.657066,0.0
2023-12-17 01:30:00,10.488,0.0,0.0,0.0,0.0,3.3385082,0.0
2023-12-17 02:00:00,10.913,0.0,0.0,0.0,0.0,4.0199504,0.0
2023-12-17 02:30:00,11.138,0.0,0.0,0.0,0.0,4.329458,0.0
2023-12-17 03:00:00,11.363,0.0,0.0,0.0,0.0,4.6389656,0.0
2023-12-17 03:30:00,11.138,0.0,0.0,0.0,0.0,4.6885543,0.0
2023-12-17 04:00:00,10.913,0.0,0.0,0.0,0.0,4.738143,0.0
2023-12-17 04:30:00,10.638,0.0,0.0,0.0,0.0,5.030838,0.0
2023-12-17 05:00:00,10.363,0.0,0.0,0.0,0.0,5.323533,0.0
2023-12-17 05:30:00,10.213,0.0,0.0,0.0,0.0,5.5892229,0.0
2023-12-17 06:00:00,10.063,0.0,0.0,0.0,0.0,5.8549128,0.0
2023-12-17 06:30:00,10.238,0.0,0.0,0.0,0.0,5.94241905,0.0
2023-12-17 07:00:00,10.413,0.0,0.07027542269810437,0.0,0.0,6.0299253,0.0
2023-12-17 07:30:00,10.263,7.852770757558991,0.18219097593805192,0.0,8.0344725,6.0253613,4.544
2023-12-17 08:00:00,10.113,15.705541515117982,0.2892217217015027,0.0,16.068945,6.0207973,24.017
2023-12-17 08:30:00,10.288,59.72885115089696,0.3895374573823158,41.907112,44.3483675,6.19237915,82.643
2023-12-17 09:00:00,10.463,111.45345859493736,0.48142278949803663,83.814224,72.62779,6.363961,86.124
2023-12-17 09:30:00,10.713,160.38960669794272,0.5633064795393767,128.755867,89.60935,6.7047635,89.054
2023-12-17 10:00:00,10.963,214.70525500399924,0.6337883082202979,173.69751,106.59091,7.045566,126.09
2023-12-17 10:30:00,11.088,257.56271803491,0.6916630352571544,193.840345,125.758515,7.2312195,199.627
2023-12-17 11:00:00,11.213,299.8422290716678,0.7359410200224933,213.98318,144.92612,7.416873,180.876
2023-12-17 11:30:00,11.413,341.9764158118735,0.7658651438027373,248.381255,154.343455,7.22127,282.447
2023-12-17 12:00:00,11.613,381.96561077471415,0.7809237670332445,282.77933,163.76079,7.025667,275.527
2023-12-17 12:30:00,11.563,363.11307227850995,0.78085948067362,254.563205,167.13189,7.27481425,117.764
2023-12-17 13:00:00,11.513,340.84141156874557,0.7656735058103126,226.34708,170.50299,7.5239615,118.186
2023-12-17 13:30:00,11.363,328.78979035069335,0.7356256722039807,233.373905,159.849165,7.57806525,146.15
2023-12-17 14:00:00,11.213,312.8666482633764,0.6912299656419256,240.40073,149.19534,7.632169,95.056
2023-12-17 14:30:00,10.963,244.4838652281138,0.633245734079267,200.02089,119.857302,7.5823825,81.574
2023-12-17 15:00:00,10.713,178.7729019999918,0.562664691239649,159.64105,90.519264,7.532596,43.863
2023-12-17 15:30:00,10.338,143.47563974710886,0.4806939397705852,143.95023,75.622417,7.5872925,90.679
2023-12-17 16:00:00,9.963,109.46971678795975,0.38873532605111993,128.25941,60.72557,7.641989,47.915
2023-12-17 16:30:00,9.788,51.41812572266227,0.28836145182136863,68.949247,32.1270324,7.086342999999999,15.372
2023-12-17 17:00:00,9.613,5.208345903364508,0.18128876295151555,9.639084,3.5284948,6.530697,3.563
2023-12-17 17:30:00,9.638,0.0,0.06934820144101175,4.819542,1.7642474,6.5413979,0.0
2023-12-17 18:00:00,9.663,0.0,0.0,0.0,0.0,6.5520988,0.0
2023-12-17 18:30:00,9.613,0.0,0.0,0.0,0.0,6.3941417,0.0
2023-12-17 19:00:00,9.563,0.0,0.0,0.0,0.0,6.2361846,0.0
2023-12-17 19:30:00,9.488,0.0,0.0,0.0,0.0,6.1264143,0.0
2023-12-17 20:00:00,9.413,0.0,0.0,0.0,0.0,6.016644,0.0
2023-12-17 20:30:00,9.363,0.0,0.0,0.0,0.0,5.736874800000001,0.0
2023-12-17 21:00:00,9.313,0.0,0.0,0.0,0.0,5.4571056,0.0
2023-12-17 21:30:00,9.263,0.0,0.0,0.0,0.0,5.3116710000000005,0.0
2023-12-17 22:00:00,9.213,0.0,0.0,0.0,0.0,5.1662364,0.0
2023-12-17 22:30:00,9.338,0.0,0.0,0.0,0.0,5.1662364,0.0
2023-12-17 23:00:00,9.463,0.0,0.0,0.0,0.0,5.1662364,0.0
2023-12-17 23:30:00,9.363,0.0,0.0,0.0,0.0,5.0741019000000005,0.0
2023-12-18 00:00:00,9.263,0.0,0.0,0.0,0.0,4.9819674,0.0
2023-12-18 00:30:00,9.238,0.0,0.0,0.0,0.0,5.0019597000000005,0.0
2023-12-18 01:00:00,9.213,0.0,0.0,0.0,0.0,5.021952,0.0
2023-12-18 01:30:00,9.288,0.0,0.0,0.0,0.0,5.228051799999999,0.0
2023-12-18 02:00:00,9.363,0.0,0.0,0.0,0.0,5.4341516,0.0
2023-12-18 02:30:00,9.313,0.0,0.0,0.0,0.0,5.4684388,0.0
2023-12-18 03:00:00,9.263,0.0,0.0,0.0,0.0,5.502726,0.0
2023-12-18 03:30:00,9.238,0.0,0.0,0.0,0.0,5.62973065,0.0
2023-12-18 04:00:00,9.213,0.0,0.0,0.0,0.0,5.7567353,0.0
2023-12-18 04:30:00,9.138,0.0,0.0,0.0,0.0,5.7718949,0.0
2023-12-18 05:00:00,9.063,0.0,0.0,0.0,0.0,5.7870545,0.0
2023-12-18 05:30:00,9.038,0.0,0.0,0.0,0.0,5.75752805,0.0
2023-12-18 06:00:00,9.013,0.0,0.0,0.0,0.0,5.7280016,0.0
2023-12-18 06:30:00,8.937999999999999,0.0,0.0,0.0,0.0,5.556582949999999,0.0
2023-12-18 07:00:00,8.863,0.0,0.06822768580901044,0.0,0.0,5.3851643,0.0
2023-12-18 07:30:00,8.963000000000001,10.30655201366821,0.18017881191082985,13.380328,8.0606325,5.1664455,0.802
2023-12-18 08:00:00,9.063,23.479131223144364,0.28727735223838935,26.760656,16.121265,4.9477267,10.287
2023-12-18 08:30:00,9.438,126.63141439362536,0.38769194970558657,183.187108,56.6378155,5.36003735,32.961
2023-12-18 09:00:00,9.813,258.34559329574415,0.47970552016442203,339.61356,97.154366,5.772348,52.57000000000001
2023-12-18 09:30:00,10.263,333.3050606758298,0.5617446273573866,390.85573,115.566418,6.22159,82.035
2023-12-18 10:00:00,10.713,411.64234946817913,0.6324063850026684,442.0979,133.97847,6.670832,106.563
2023-12-18 10:30:00,11.113,462.10495736525786,0.6904824625458408,456.732725,148.76425999999998,6.71957,140.38
2023-12-18 11:00:00,11.513,507.86683500609263,0.7349797591158522,471.36755,163.55005,6.768308,162.12
2023-12-18 11:30:00,11.738,580.5654754583375,0.7651373854425074,560.848725,152.87252,6.7311677,120.081
2023-12-18 12:00:00,11.963,649.0003331717753,0.7804396861618871,650.3299,142.19499,6.6940274,225.056
2023-12-18 12:30:00,12.163,661.4167981504033,0.7806250605127975,684.921875,126.974475,6.5250632,264.869
2023-12-18 13:00:00,12.363,662.9670382106495,0.7656904342574563,719.51385,111.75396,6.356099,373.914
2023-12-18 13:30:00,12.388,618.892069571736,0.7358913123920563,695.501425,106.868115,6.356099,210.783
2023-12-18 14:00:00,12.413,566.6091161442791,0.6917374011760326,671.489,101.98227,6.356099,145.08
2023-12-18 14:30:00,12.163,466.27730607991185,0.6339838881244078,585.90896,95.002095,6.375705,142.504
2023-12-18 15:00:00,11.913,369.52051481671236,0.5636185174311551,500.32892,88.02192,6.395311,84.82199999999999
2023-12-18 15:30:00,11.638,272.6696080397502,0.48184468170197414,417.010025,72.2857535,6.280673500000001,86.57900000000001
2023-12-18 16:00:00,11.363,186.10506256917463,0.39006084073427477,333.69113,56.549587,6.166036,59.236
2023-12-18 16:30:00,10.938,82.94065500329066,0.2898365916408801,180.879948,30.8579267,5.749945,40.169
2023-12-18 17:00:00,10.513,10.218213891912594,0.18288580944865904,28.068766,5.1662664,5.333854,13.671
2023-12-18 17:30:00,10.163,0.0,0.07103734347130514,14.034383,2.5831332,5.04284775,0.0
2023-12-18 18:00:00,9.813,0.0,0.0,0.0,0.0,4.7518415,0.0
2023-12-18 18:30:00,9.688,0.0,0.0,0.0,0.0,4.74499225,0.0
2023-12-18 19:00:00,9.563,0.0,0.0,0.0,0.0,4.738143,0.0
2023-12-18 19:30:00,9.538,0.0,0.0,0.0,0.0,4.6461310000000005,0.0
2023-12-18 20:00:00,9.513,0.0,0.0,0.0,0.0,4.554119,0.0
2023-12-18 20:30:00,9.488,0.0,0.0,0.0,0.0,4.46395225,0.0
2023-12-18 21:00:00,9.463,0.0,0.0,0.0,0.0,4.3737855,0.0
2023-12-18 21:30:00,9.363,0.0,0.0,0.0,0.0,4.2755525,0.0
2023-12-18 22:00:00,9.263,0.0,0.0,0.0,0.0,4.1773195,0.0
2023-12-18 22:30:00,8.988,0.0,0.0,0.0,0.0,3.96282625,0.0
2023-12-18 23:00:00,8.713,0.0,0.0,0.0,0.0,3.748333,0.0
2023-12-18 23:30:00,8.488,0.0,0.0,0.0,0.0,3.6419335,0.0
2023-12-19 00:00:00,8.263,0.0,0.0,0.0,0.0,3.535534,0.0
2023-12-19 00:30:00,8.063,0.0,0.0,0.0,0.0,3.4940347000000003,0.0
2023-12-19 01:00:00,7.863,0.0,0.0,0.0,0.0,3.4525354,0.0
2023-12-19 01:30:00,7.763,0.0,0.0,0.0,0.0,3.4033187,0.0
2023-12-19 02:00:00,7.663,0.0,0.0,0.0,0.0,3.354102,0.0
2023-12-19 02:30:00,7.988,0.0,0.0,0.0,0.0,3.280173,0.0
2023-12-19 03:00:00,8.313,0.0,0.0,0.0,0.0,3.206244,0.0
2023-12-19 03:30:00,8.238,0.0,0.0,0.0,0.0,3.3148463,0.0
2023-12-19 04:00:00,8.163,0.0,0.0,0.0,0.0,3.4234486,0.0
2023-12-19 04:30:00,8.113,0.0,0.0,0.0,0.0,3.4731158,0.0
2023-12-19 05:00:00,8.063,0.0,0.0,0.0,0.0,3.522783,0.0
2023-12-19 05:30:00,7.988,0.0,0.0,0.0,0.0,3.53691955,0.0
2023-12-19 06:00:00,7.913,0.0,0.0,0.0,0.0,3.5510561,0.0
2023-12-19 06:30:00,7.963,0.0,0.0,0.0,0.0,3.48725235,0.0
2023-12-19 07:00:00,8.013,0.0,0.06621353016326641,0.0,0.0,3.4234486,0.0
2023-12-19 07:30:00,8.113,17.388824823065573,0.17820662067941642,40.2603875,10.3970375,3.3396064,12.608
2023-12-19 08:00:00,8.213,43.40727048499336,0.28537922102836005,80.520775,20.794075,3.2557642,88.518
2023-12-19 08:30:00,9.513,196.73671652403885,0.38589871109754814,384.0998025,49.0957525,3.3635376,263.416
2023-12-19 09:00:00,10.813,405.3401406152577,0.47804621154503063,687.67883,77.39743,3.471311,403.737
2023-12-19 09:30:00,11.763,488.442196340318,0.5602459897671934,714.8539149999999,88.54925,3.38034385,559.023
2023-12-19 10:00:00,12.713,567.5872967810994,0.6310924014705062,742.029,99.70107,3.2893767,646.446
2023-12-19 10:30:00,13.263,615.193675714418,0.6893739439875977,737.4024999999999,107.127055,3.39111335,689.103
2023-12-19 11:00:00,13.813,652.3232326738068,0.7340939849530292,732.776,114.55304,3.49285,341.029
2023-12-19 11:30:00,14.113,674.7734449420839,0.7644878051159518,728.9257,117.581225,3.5801371,298.412
2023-12-19 12:00:00,14.413,686.2251817380755,0.7800356867451186,725.0754,120.60941,3.6674242,406.777
2023-12-19 12:30:00,14.663,703.8413251746081,0.7804718044533585,762.3467499999999,108.3587975,3.5107631,984.977
2023-12-19 13:00:00,14.913,709.4004302803138,0.7657887700034407,799.6181,96.108185,3.354102,452.616
2023-12-19 13:30:00,14.988,660.3618141807681,0.7362377595086558,773.1539,90.25782,3.2871751,712.953
2023-12-19 14:00:00,15.063,602.1629259895676,0.6923242102035364,746.6897,84.407455,3.2202482,507.58
2023-12-19 14:30:00,15.063,512.8148586490528,0.6347991741027158,682.64195,78.97877249999999,3.2202482,567.94
2023-12-19 15:00:00,15.063,423.0240841870558,0.5646464648304771,618.5942,73.55009,3.2202482,493.899
2023-12-19 15:30:00,14.513,302.2750834393041,0.4830658172144875,490.6085,65.46658,3.38353885,343.834
2023-12-19 16:00:00,13.963,198.77027309141388,0.39145236916975995,362.6228,57.38307,3.5468295,194.999
2023-12-19 16:30:00,12.838,89.76392435066352,0.29137278916577514,201.266125,31.438652750000003,3.04816965,77.858
2023-12-19 17:00:00,11.713,12.785014109570664,0.1845384673645107,39.90945,5.4942355,2.5495098,9.023
2023-12-19 17:30:00,10.838,0.0,0.07277625483951385,19.954725,2.74711775,2.26090905,0.0
2023-12-19 18:00:00,9.963,0.0,0.0,0.0,0.0,1.9723083,0.0
2023-12-19 18:30:00,9.563,0.0,0.0,0.0,0.0,1.7767235499999998,0.0
2023-12-19 19:00:00,9.163,0.0,0.0,0.0,0.0,1.5811388,0.0
2023-12-19 19:30:00,8.538,0.0,0.0,0.0,0.0,1.7562297999999998,0.0
2023-12-19 20:00:00,7.913,0.0,0.0,0.0,0.0,1.9313208,0.0
2023-12-19 20:30:00,8.488,0.0,0.0,0.0,0.0,1.8200608,0.0
2023-12-19 21:00:00,9.063,0.0,0.0,0.0,0.0,1.7088008,0.0
2023-12-19 21:30:00,8.988,0.0,0.0,0.0,0.0,1.45648015,0.0
2023-12-19 22:00:00,8.913,0.0,0.0,0.0,0.0,1.2041595,0.0
2023-12-19 22:30:00,8.413,0.0,0.0,0.0,0.0,0.89362735,0.0
2023-12-19 23:00:00,7.913,0.0,0.0,0.0,0.0,0.5830952,0.0
2023-12-19 23:30:00,6.86299985,0.0,0.0,0.0,0.0,0.60777535,0.0
2023-12-20 00:00:00,5.8129997,0.0,0.0,0.0,0.0,0.6324555,0.0
2023-12-20 00:30:00,5.63799985,0.0,0.0,0.0,0.0,1.0924365,0.0
2023-12-20 01:00:00,5.463,0.0,0.0,0.0,0.0,1.5524175,0.0
2023-12-20 01:30:00,5.313000000000001,0.0,0.0,0.0,0.0,1.69544755,0.0
2023-12-20 02:00:00,5.163,0.0,0.0,0.0,0.0,1.8384776,0.0
2023-12-20 02:30:00,6.33799975,0.0,0.0,0.0,0.0,2.10456575,0.0
2023-12-20 03:00:00,7.5129995,0.0,0.0,0.0,0.0,2.3706539,0.0
2023-12-20 03:30:00,7.68799975,0.0,0.0,0.0,0.0,2.4383234500000004,0.0
2023-12-20 04:00:00,7.863,0.0,0.0,0.0,0.0,2.505993,0.0
2023-12-20 04:30:00,7.91300015,0.0,0.0,0.0,0.0,2.404083,0.0
2023-12-20 05:00:00,7.9630003,0.0,0.0,0.0,0.0,2.302173,0.0
2023-12-20 05:30:00,7.8629999,0.0,0.0,0.0,0.0,2.1510865,0.0
2023-12-20 06:00:00,7.7629995,0.0,0.0,0.0,0.0,2.0,0.0
2023-12-20 06:30:00,7.5379996,0.0,0.0,0.0,0.0,1.7433033999999998,0.0
2023-12-20 07:00:00,7.3129997,0.0,0.06423494742176088,0.0,0.0,1.4866068,0.0
2023-12-20 07:30:00,7.23799985,17.362550687439132,0.17627635495980723,40.36939,10.429839,1.5947727,6.132000000000001
2023-12-20 08:00:00,7.163,43.38456596252165,0.2835292090113966,80.73878,20.859678,1.7029386,103.996
2023-12-20 08:30:00,8.413,199.46512904256144,0.3841595191318807,396.18119,47.809459,1.81193795,259.891
2023-12-20 09:00:00,9.663,413.0945230266804,0.47644650817247564,711.6236,74.75924,1.9209373,112.262
2023-12-20 09:30:00,11.013,476.59330260850453,0.5588120509024044,699.8847000000001,86.093255,2.1017399,188.42
2023-12-20 10:00:00,12.363,530.3616720193288,0.6298476568196765,688.1458,97.42727,2.2825425,574.573
2023-12-20 10:30:00,13.088,595.6626140637586,0.6883385725374093,710.262565,107.11478,3.02076575,703.325
2023-12-20 11:00:00,13.813,653.6307950957362,0.7332845665441756,732.37933,116.80229,3.758989,717.273
2023-12-20 11:30:00,14.288,651.4710099752957,0.7639170340832577,681.24374,131.622975,3.6822701,739.5769999999999
2023-12-20 12:00:00,14.763,636.8292717179444,0.7797121526126859,630.10815,146.44366,3.6055512,801.4100000000001
2023-12-20 12:30:00,15.0879995,686.2000212544767,0.7803998435036579,727.466675,118.352155,3.9051551,786.5360000000001
2023-12-20 13:00:00,15.412999,723.2340248144748,0.7659683902194323,824.8252,90.26065,4.204759,827.6840000000001
2023-12-20 13:30:00,15.2129995,604.8351484577221,0.7366646402505307,677.02652,105.914725,3.794272,250.445
2023-12-20 14:00:00,15.013,487.49278979132515,0.6929897766256434,529.22784,121.5688,3.383785,737.891
2023-12-20 14:30:00,14.938,429.081003795003,0.6356907449752022,520.90302,98.4444,3.7018677,227.339
2023-12-20 15:00:00,14.863,365.142063211259,0.5657474712622806,512.5782,75.32,4.0199504,82.036
2023-12-20 15:30:00,13.913,223.4848751080007,0.48435608849105677,325.51486,66.4130175,3.8127508,91.921
2023-12-20 16:00:00,12.963,110.88607518534735,0.3929084807235149,138.45152,57.506035,3.6055512,17.958000000000002
2023-12-20 16:30:00,12.413,49.734063658505015,0.29296846670902593,69.22576,29.9904519,3.1114008,2.39
2023-12-20 17:00:00,11.863,2.4188989807899786,0.18624504019970328,0.0,2.4748688,2.6172504,0.3219999999999999
2023-12-20 17:30:00,11.538,0.0,0.07456315044809717,0.0,1.2374344,2.3586252,0.0
2023-12-20 18:00:00,11.213,0.0,0.0,0.0,0.0,2.1,0.0
2023-12-20 18:30:00,11.188,0.0,0.0,0.0,0.0,2.1235455,0.0
2023-12-20 19:00:00,11.163,0.0,0.0,0.0,0.0,2.147091,0.0
2023-12-20 19:30:00,11.238,0.0,0.0,0.0,0.0,2.17013115,0.0
2023-12-20 20:00:00,11.313,0.0,0.0,0.0,0.0,2.1931713,0.0
2023-12-20 20:30:00,11.288,0.0,0.0,0.0,0.0,2.44751135,0.0
2023-12-20 21:00:00,11.263,0.0,0.0,0.0,0.0,2.7018514,0.0
2023-12-20 21:30:00,11.088,0.0,0.0,0.0,0.0,2.8806316,0.0
2023-12-20 22:00:00,10.913,0.0,0.0,0.0,0.0,3.0594118,0.0
2023-12-20 22:30:00,10.838,0.0,0.0,0.0,0.0,2.93327275,0.0
2023-12-20 23:00:00,10.763,0.0,0.0,0.0,0.0,2.8071337,0.0
2023-12-20 23:30:00,10.838,0.0,0.0,0.0,0.0,2.76830125,0.0
2023-12-21 00:00:00,10.913,0.0,0.0,0.0,0.0,2.7294688,0.0
2023-12-21 00:30:00,10.838,0.0,0.0,0.0,0.0,2.6306332,0.0
2023-12-21 01:00:00,10.763,0.0,0.0,0.0,0.0,2.5317976,0.0
2023-12-21 01:30:00,10.863,0.0,0.0,0.0,0.0,2.5028305,0.0
2023-12-21 02:00:00,10.963,0.0,0.0,0.0,0.0,2.4738634,0.0
2023-12-21 02:30:00,11.188,0.0,0.0,0.0,0.0,3.49801555,0.0
2023-12-21 03:00:00,11.413,0.0,0.0,0.0,0.0,4.5221677,0.0
2023-12-21 03:30:00,10.913,0.0,0.0,0.0,0.0,3.51108385,0.0
2023-12-21 04:00:00,10.413,0.0,0.0,0.0,0.0,2.5,0.0
2023-12-21 04:30:00,9.913,0.0,0.0,0.0,0.0,1.809017,0.0
2023-12-21 05:00:00,9.413,0.0,0.0,0.0,0.0,1.118034,0.0
2023-12-21 05:30:00,9.563,0.0,0.0,0.0,0.0,1.58858,0.0
2023-12-21 06:00:00,9.713,0.0,0.0,0.0,0.0,2.059126,0.0
2023-12-21 06:30:00,9.663,0.0,0.0,0.0,0.0,2.5428375,0.0
2023-12-21 07:00:00,9.613,0.0,0.06229380941298045,0.0,0.0,3.026549,0.0
2023-12-21 07:30:00,9.613,6.816764931953082,0.17438984111920933,0.0,6.974495000000001,2.86697325,1.212
2023-12-21 08:00:00,9.613,13.633529863906162,0.28172906604993947,0.0,13.94899,2.7073975,17.8
2023-12-21 08:30:00,9.588,51.130266627919475,0.3824760175371911,19.987785,44.46380500000001,2.302382,11.62
2023-12-21 09:00:00,9.563,92.32202137278085,0.47490791984272573,39.97557,74.97862,1.8973665,20.378
2023-12-21 09:30:00,10.388,269.3850553980829,0.5574441612184555,307.75866,99.333305,2.31433325,43.998000000000005
2023-12-21 10:00:00,11.213,484.14401056835607,0.6286733195542731,575.54175,123.68799,2.7313,290.109
2023-12-21 10:30:00,11.738,488.2383892616051,0.6873773153194697,496.846605,148.675255,2.60762425,839.9389999999999
2023-12-21 11:00:00,12.263,477.43613395117495,0.7325522537281854,418.15146,173.66252,2.4839485,748.219
2023-12-21 11:30:00,12.313,485.9570598886321,0.7634255927609408,428.28173,161.115675,3.08181125,797.5809999999999
2023-12-21 12:00:00,12.363,488.6020370200216,0.77946936662104,438.412,148.56883,3.679674,747.532
2023-12-21 12:30:00,12.688,504.50523617188503,0.7804092189330654,449.18505,155.7482,3.7536029,180.972
2023-12-21 13:00:00,13.013,513.4741298095904,0.7662290947384087,459.9581,162.92757,3.8275318,190.391
2023-12-21 13:30:00,12.463,360.61162766678405,0.7371715173344089,300.207015,141.349795,3.86376585,202.362
2023-12-21 14:00:00,11.913,215.01325728753943,0.6937334344440325,140.45593,119.77202,3.8999999,65.814
2023-12-21 14:30:00,12.413,222.02840801866896,0.6366577183671077,157.36437999999998,124.13143,2.8719544,101.508
2023-12-21 15:00:00,12.913,224.9068711187671,0.5669204540268669,174.27283,128.49084,1.8439089,77.40599999999999
2023-12-21 15:30:00,12.738,184.81023701517864,0.4857142319691792,190.80173,93.7827125,1.33426502,47.544
2023-12-21 16:00:00,12.563,139.93915795757442,0.3944277535283554,207.33063,59.074585,0.82462114,61.711
2023-12-21 16:30:00,11.713,67.39591324727834,0.29462206933822177,120.033416,32.534924,0.8866522,91.635
2023-12-21 17:00:00,10.863,12.055168923039393,0.18800386742633488,32.736202,5.995263,0.94868326,8.911000000000001
2023-12-21 17:30:00,10.663,0.0,0.07639629344821021,16.368101,2.9976315,0.54505231,0.0
2023-12-21 18:00:00,10.463,0.0,0.0,0.0,0.0,0.14142136,0.0
2023-12-21 18:30:00,9.513,0.0,0.0,0.0,0.0,0.5854921799999999,0.0
2023-12-21 19:00:00,8.563,0.0,0.0,0.0,0.0,1.029563,0.0
2023-12-21 19:30:00,8.13800015,0.0,0.0,0.0,0.0,0.98912313,0.0
2023-12-21 20:00:00,7.7130003,0.0,0.0,0.0,0.0,0.94868326,0.0
2023-12-21 20:30:00,7.91300015,0.0,0.0,0.0,0.0,0.966784505,0.0
2023-12-21 21:00:00,8.113,0.0,0.0,0.0,0.0,0.98488575,0.0
2023-12-21 21:30:00,8.263,0.0,0.0,0.0,0.0,1.044710875,0.0
2023-12-21 22:00:00,8.413,0.0,0.0,0.0,0.0,1.104536,0.0
2023-12-21 22:30:00,8.413,0.0,0.0,0.0,0.0,1.02396705,0.0
2023-12-21 23:00:00,8.413,0.0,0.0,0.0,0.0,0.9433981,0.0
2023-12-21 23:30:00,7.938000150000001,0.0,0.0,0.0,0.0,0.52169905,0.0
2023-12-22 00:00:00,7.4630003,0.0,0.0,0.0,0.0,0.1,0.0
2023-12-22 00:30:00,7.41300015,0.0,0.0,0.0,0.0,0.1,0.0
2023-12-22 01:00:00,7.363,0.0,0.0,0.0,0.0,0.1,0.0
2023-12-22 01:30:00,7.313000000000001,0.0,0.0,0.0,0.0,0.2,0.0
2023-12-22 02:00:00,7.263,0.0,0.0,0.0,0.0,0.3,0.0
2023-12-22 02:30:00,7.688,0.0,0.0,0.0,0.0,0.8517834,0.0
2023-12-22 03:00:00,8.113,0.0,0.0,0.0,0.0,1.4035668,0.0
2023-12-22 03:30:00,8.163,0.0,0.0,0.0,0.0,1.5749958999999998,0.0
2023-12-22 04:00:00,8.213,0.0,0.0,0.0,0.0,1.746425,0.0
2023-12-22 04:30:00,8.163,0.0,0.0,0.0,0.0,1.4773648,0.0
2023-12-22 05:00:00,8.113,0.0,0.0,0.0,0.0,1.2083046,0.0
2023-12-22 05:30:00,7.812999749999999,0.0,0.0,0.0,0.0,1.1872475,0.0
2023-12-22 06:00:00,7.5129995,0.0,0.0,0.0,0.0,1.1661904,0.0
2023-12-22 06:30:00,7.0129997500000005,0.0,0.0,0.0,0.0,1.2989862,0.0
2023-12-22 07:00:00,6.513,0.0,0.060391874624480646,0.0,0.0,1.431782,0.0
2023-12-22 07:30:00,6.763,14.990961588209416,0.17254878590374922,33.795208,9.326621,1.215891,5.859
2023-12-22 08:00:00,7.013,37.243271870194754,0.27998041783476024,67.590416,18.653242,1.0,102.378
2023-12-22 08:30:00,8.663,183.95150020880675,0.3808497230723595,365.011558,45.4745285,1.28262375,245.131
2023-12-22 09:00:00,10.313,385.17134429245453,0.4734318284661242,662.4327,72.295815,1.5652475,388.653
2023-12-22 09:30:00,11.763,489.1577535933532,0.5561435442095746,740.1838499999999,77.8125775,1.9929956,496.869
2023-12-22 10:00:00,13.213,596.7757707879865,0.6275704339689088,817.935,83.32934,2.4207437,576.532
2023-12-22 10:30:00,13.838,649.640622379777,0.686491019783021,814.344425,90.294282,3.28220685,652.47
2023-12-22 11:00:00,14.463,691.1258915315892,0.731897682875509,810.75385,97.259224,4.14367,678.692
2023-12-22 11:30:00,14.688,611.8648266310634,0.7630138959021017,621.7567,138.426837,4.6001745,837.393
2023-12-22 12:00:00,14.913,514.4273915755113,0.7793075151964737,432.75955,179.59445,5.056679,336.569
2023-12-22 12:30:00,15.113,564.684731622683,0.7804998860947576,519.3290549999999,160.98398500000002,5.53666125,554.077
2023-12-22 13:00:00,15.313,605.9863328977226,0.7665706090904393,605.89856,142.37352,6.0166435,693.1030000000001
2023-12-22 13:30:00,15.113,569.9452888886833,0.7377578916848722,600.087095,127.8514825,6.100651,812.5989999999999
2023-12-22 14:00:00,14.913,525.6870876756959,0.6945544690749494,594.27563,113.329445,6.1846585,474.158
2023-12-22 14:30:00,14.788,450.3982746534199,0.637699176972933,556.0763850000001,96.1014975,6.07310105,638.0319999999999
2023-12-22 15:00:00,14.663,372.88665779334565,0.5681643093582747,517.87714,78.87355,5.9615436,157.727
2023-12-22 15:30:00,14.113,282.54929121673,0.4871389769032351,449.95644,63.626205,5.590848299999999,64.432
2023-12-22 16:00:00,13.563,199.35809687359787,0.3960087721588266,382.03574,48.37886,5.220153,108.831
2023-12-22 16:30:00,12.988,88.85309524496157,0.2963320617081059,206.58026,27.8553612,5.04780085,42.53199999999999
2023-12-22 17:00:00,12.413,13.112787070702645,0.1898133205819231,31.12478,7.3318624,4.8754487,17.803
2023-12-22 17:30:00,11.863,0.0,0.07827399059355458,15.56239,3.6659312,4.58481535,0.0
2023-12-22 18:00:00,11.313,0.0,0.0,0.0,0.0,4.294182,0.0
2023-12-22 18:30:00,11.313,0.0,0.0,0.0,0.0,4.29767235,0.0
2023-12-22 19:00:00,11.313,0.0,0.0,0.0,0.0,4.3011627,0.0
2023-12-22 19:30:00,11.238,0.0,0.0,0.0,0.0,4.32141065,0.0
2023-12-22 20:00:00,11.163,0.0,0.0,0.0,0.0,4.3416586,0.0
2023-12-22 20:30:00,11.363,0.0,0.0,0.0,0.0,4.10279715,0.0
2023-12-22 21:00:00,11.563,0.0,0.0,0.0,0.0,3.8639357,0.0
2023-12-22 21:30:00,11.463,0.0,0.0,0.0,0.0,3.1413065,0.0
2023-12-22 22:00:00,11.363,0.0,0.0,0.0,0.0,2.4186773,0.0
2023-12-22 22:30:00,10.563,0.0,0.0,0.0,0.0,1.9741916,0.0
2023-12-22 23:00:00,9.763,0.0,0.0,0.0,0.0,1.5297059,0.0
2023-12-22 23:30:00,8.73800015,0.0,0.0,0.0,0.0,1.01980392,0.0
2023-12-23 00:00:00,7.7130003,0.0,0.0,0.0,0.0,0.50990194,0.0
2023-12-23 00:30:00,7.33800015,0.0,0.0,0.0,0.0,0.95137032,0.0
2023-12-23 01:00:00,6.963,0.0,0.0,0.0,0.0,1.3928387,0.0
2023-12-23 01:30:00,7.13799985,0.0,0.0,0.0,0.0,1.09953225,0.0
2023-12-23 02:00:00,7.3129997,0.0,0.0,0.0,0.0,0.8062258,0.0
2023-12-23 02:30:00,8.18799985,0.0,0.0,0.0,0.0,1.38926705,0.0
2023-12-23 03:00:00,9.063,0.0,0.0,0.0,0.0,1.9723083,0.0
2023-12-23 03:30:00,8.538,0.0,0.0,0.0,0.0,1.7294575499999998,0.0
2023-12-23 04:00:00,8.013,0.0,0.0,0.0,0.0,1.4866068,0.0
2023-12-23 04:30:00,7.963,0.0,0.0,0.0,0.0,1.42337695,0.0
2023-12-23 05:00:00,7.913,0.0,0.0,0.0,0.0,1.3601471,0.0
2023-12-23 05:30:00,7.688000150000001,0.0,0.0,0.0,0.0,1.2631687500000002,0.0
2023-12-23 06:00:00,7.4630003,0.0,0.0,0.0,0.0,1.1661904,0.0
2023-12-23 06:30:00,7.263,0.0,0.0,0.0,0.0,0.85235343,0.0
2023-12-23 07:00:00,7.0629997,0.0,0.05853080321715808,0.0,0.0,0.53851646,0.0
2023-12-23 07:30:00,7.2879996,13.779589654536027,0.17075479175885588,20.3167,10.5219325,0.4754135149999999,5.966
2023-12-23 08:00:00,7.5129995,31.928488385978753,0.2782847812971839,40.6334,21.043865,0.41231057,71.48599999999999
2023-12-23 08:30:00,9.11299975,162.26208463475123,0.3792820408849884,289.472765,53.2883125,0.5263115,233.28500000000005
2023-12-23 09:00:00,10.713,338.41351963517934,0.4720195030695962,538.31213,85.53276,0.64031243,377.858
2023-12-23 09:30:00,12.238,457.91211405140655,0.554911310867343,668.753915,87.44648000000001,0.6807113650000001,498.333
2023-12-23 10:00:00,13.763,590.0343303411054,0.6265399338549633,799.1957,89.3602,0.7211103,590.967
2023-12-23 10:30:00,14.438,661.9006912601498,0.6856804264404225,835.7597000000001,88.41437,0.91957215,662.178
2023-12-23 11:00:00,15.113,726.3159177154938,0.7313213885127366,872.3237,87.46854,1.118034,707.375
2023-12-23 11:30:00,15.638,751.4980877575297,0.762682262907161,870.33098,86.5856875,1.12910475,737.652
2023-12-23 12:00:00,16.163,763.6895891077202,0.7792266972099109,868.33826,85.702835,1.1401755,748.3979999999999
2023-12-23 12:30:00,16.738001,745.1426004757633,0.7806717217424657,843.1864049999999,85.58050549999999,0.86163535,744.056
2023-12-23 13:00:00,17.313002,714.1508395116043,0.7669925901655095,818.03455,85.458176,0.5830952,732.2690000000001
2023-12-23 13:30:00,17.588001,658.4823073084265,0.7384232063728896,777.074275,83.622648,0.36225828,794.5509999999999
2023-12-23 14:00:00,17.863,594.5528994733442,0.695452119494393,736.114,81.78712,0.14142136,161.725
2023-12-23 14:30:00,17.7880005,503.23483019522104,0.6388141689242948,665.2429999999999,77.78985750000001,0.47071068,152.834
2023-12-23 15:00:00,17.713001,412.3972190096755,0.5694779110699885,594.372,73.792595,0.8,190.936
2023-12-23 15:30:00,17.1880005,316.82089028767103,0.48862904228625137,526.182415,59.69508,0.47071068,168.824
2023-12-23 16:00:00,16.663,227.63117266318437,0.39765012294550633,457.99283,45.597565,0.14142136,35.776
2023-12-23 16:30:00,15.363,102.92306715669883,0.29809692191651077,257.498683,26.2497205,0.68103848,27.965
2023-12-23 17:00:00,14.063,17.742898989656414,0.19167179575838422,57.004536,6.901876,1.2206556,9.413
2023-12-23 17:30:00,13.363,0.0,0.08019458359085926,28.502268,3.450938,1.1603278,0.0
2023-12-23 18:00:00,12.663,0.0,0.0,0.0,0.0,1.1,0.0
2023-12-23 18:30:00,11.113,0.0,0.0,0.0,0.0,0.903553385,0.0
2023-12-23 19:00:00,9.563,0.0,0.0,0.0,0.0,0.70710677,0.0
2023-12-23 19:30:00,9.413,0.0,0.0,0.0,0.0,0.6535533849999999,0.0
2023-12-23 20:00:00,9.263,0.0,0.0,0.0,0.0,0.6,0.0
2023-12-23 20:30:00,9.213,0.0,0.0,0.0,0.0,0.90827625,0.0
2023-12-23 21:00:00,9.163,0.0,0.0,0.0,0.0,1.2165525,0.0
2023-12-23 21:30:00,8.56300015,0.0,0.0,0.0,0.0,1.11077005,0.0
2023-12-23 22:00:00,7.9630003,0.0,0.0,0.0,0.0,1.0049876,0.0
2023-12-23 22:30:00,7.58800015,0.0,0.0,0.0,0.0,1.0547618,0.0
2023-12-23 23:00:00,7.213,0.0,0.0,0.0,0.0,1.104536,0.0
2023-12-23 23:30:00,7.237999999999999,0.0,0.0,0.0,0.0,1.15434775,0.0
2023-12-24 00:00:00,7.263,0.0,0.0,0.0,0.0,1.2041595,0.0
2023-12-24 00:30:00,7.03799985,0.0,0.0,0.0,0.0,1.4652136,0.0
2023-12-24 01:00:00,6.8129997,0.0,0.0,0.0,0.0,1.7262677,0.0
2023-12-24 01:30:00,6.78799985,0.0,0.0,0.0,0.0,1.7850883,0.0
2023-12-24 02:00:00,6.763,0.0,0.0,0.0,0.0,1.8439089,0.0
2023-12-24 02:30:00,7.588,0.0,0.0,0.0,0.0,1.6868074,0.0
2023-12-24 03:00:00,8.413,0.0,0.0,0.0,0.0,1.5297059,0.0
2023-12-24 03:30:00,8.163,0.0,0.0,0.0,0.0,1.41485295,0.0
2023-12-24 04:00:00,7.913,0.0,0.0,0.0,0.0,1.3,0.0
2023-12-24 04:30:00,7.538,0.0,0.0,0.0,0.0,1.18851645,0.0
2023-12-24 05:00:00,7.163,0.0,0.0,0.0,0.0,1.0770329,0.0
2023-12-24 05:30:00,6.913,0.0,0.0,0.0,0.0,0.98573007,0.0
2023-12-24 06:00:00,6.663,0.0,0.0,0.0,0.0,0.89442724,0.0
2023-12-24 06:30:00,6.413,0.0,0.0,0.0,0.0,0.85032652,0.0
2023-12-24 07:00:00,6.163,0.0,0.056712177692764855,0.0,0.0,0.8062258,0.0
2023-12-24 07:30:00,6.463,14.942060468614606,0.16900937778534003,33.918315,9.3774385,0.4531129,6.035
2023-12-24 08:00:00,6.763,37.18566286545341,0.27664358556105345,67.83663,18.754877,0.1,106.02100000000002
2023-12-24 08:30:00,8.238,198.03842535849535,0.3777742851278155,408.289465,44.2553685,0.403553385,257.188
2023-12-24 09:00:00,9.713,421.587360443371,0.47067211985678076,748.7423,69.75586,0.70710677,403.132
2023-12-24 09:30:00,11.888,519.3784230895958,0.5537484788635461,800.96715,76.01753500000001,0.453553385,511.588
2023-12-24 10:00:00,14.063,616.2550507461567,0.6255826605350658,853.192,82.27921,0.2,593.05
2023-12-24 10:30:00,14.963,678.9429898631931,0.6849461855124965,867.22705,84.348115,0.66568545,658.5889999999999
2023-12-24 11:00:00,15.863,731.4126634088178,0.7308238183201848,881.2621,86.41702,1.1313709,704.6570000000002
2023-12-24 11:30:00,16.463001,755.7013683904897,0.7624309309947201,876.098425,86.59299999999999,1.28679575,732.831
2023-12-24 12:00:00,17.063002,766.7641465475214,0.7792269351337872,870.93475,86.76898,1.4422206,749.909
2023-12-24 12:30:00,17.438002,751.8486025832821,0.7809245330343995,851.997725,85.147785,1.44912125,756.269
2023-12-24 13:00:00,17.813002,724.266639656424,0.767494632956952,833.0607,83.52659,1.4560219,724.087
2023-12-24 13:30:00,17.963001,672.6217192493189,0.7391668510457098,799.62697,80.35302,1.53578565,689.212
2023-12-24 14:00:00,18.113,611.8274880008016,0.6964255803581236,766.19324,77.17945,1.6155494,640.738
2023-12-24 14:30:00,18.213001,525.9861810111831,0.6400017075948705,708.70197,71.65367499999999,1.9479502,575.4490000000001
2023-12-24 15:00:00,18.313002,438.3507144894428,0.5708601080819224,651.2107,66.1279,2.280351,484.916
2023-12-24 15:30:00,17.5130015,329.0001912337857,0.49018313223731635,556.6985,55.91796,2.2218409,358.43499999999995
2023-12-24 16:00:00,16.713001,230.20572760855515,0.3993503873393769,462.1863,45.70802,2.1633308,211.868
2023-12-24 16:30:00,15.0380005,104.94526091261396,0.2999151329570617,261.8667325,26.4897689,1.8333302,80.57000000000001
2023-12-24 17:00:00,13.363,19.097639207421572,0.19357770341384464,61.547165,7.2715178,1.5033296,12.538
2023-12-24 17:30:00,13.063,0.0,0.08215643750193394,30.7735825,3.6357589,1.61189735,0.0
2023-12-24 18:00:00,12.763,0.0,0.0,0.0,0.0,1.7204651,0.0
2023-12-24 18:30:00,12.338,0.0,0.0,0.0,0.0,1.3212097749999998,0.0
2023-12-24 19:00:00,11.913,0.0,0.0,0.0,0.0,0.92195445,0.0
2023-12-24 19:30:00,11.713,0.0,0.0,0.0,0.0,0.619091105,0.0
2023-12-24 20:00:00,11.513,0.0,0.0,0.0,0.0,0.31622776,0.0
2023-12-24 20:30:00,10.763,0.0,0.0,0.0,0.0,0.75811388,0.0
2023-12-24 21:00:00,10.013,0.0,0.0,0.0,0.0,1.2,0.0
2023-12-24 21:30:00,9.388,0.0,0.0,0.0,0.0,1.3905694,0.0
2023-12-24 22:00:00,8.763,0.0,0.0,0.0,0.0,1.5811388,0.0
2023-12-24 22:30:00,8.513,0.0,0.0,0.0,0.0,1.52881055,0.0
2023-12-24 23:00:00,8.263,0.0,0.0,0.0,0.0,1.4764823,0.0
2023-12-24 23:30:00,8.288,0.0,0.0,0.0,0.0,1.501458,0.0
2023-12-25 00:00:00,8.313,0.0,0.0,0.0,0.0,1.5264337,0.0
2023-12-25 00:30:00,8.13800015,0.0,0.0,0.0,0.0,1.5537861999999998,0.0
2023-12-25 01:00:00,7.9630003,0.0,0.0,0.0,0.0,1.5811387,0.0
2023-12-25 01:30:00,7.78800015,0.0,0.0,0.0,0.0,1.66521215,0.0
2023-12-25 02:00:00,7.613,0.0,0.0,0.0,0.0,1.7492856,0.0
2023-12-25 02:30:00,7.78800015,0.0,0.0,0.0,0.0,1.4269108,0.0
2023-12-25 03:00:00,7.9630003,0.0,0.0,0.0,0.0,1.104536,0.0
2023-12-25 03:30:00,7.9630003,0.0,0.0,0.0,0.0,1.28027895,0.0
2023-12-25 04:00:00,7.9630003,0.0,0.0,0.0,0.0,1.4560219,0.0
2023-12-25 04:30:00,7.613000149999999,0.0,0.0,0.0,0.0,1.23050475,0.0
2023-12-25 05:00:00,7.263,0.0,0.0,0.0,0.0,1.0049876,0.0
2023-12-25 05:30:00,6.988,0.0,0.0,0.0,0.0,1.0049876,0.0
2023-12-25 06:00:00,6.713,0.0,0.0,0.0,0.0,1.0049876,0.0
2023-12-25 06:30:00,6.438000000000001,0.0,0.0,0.0,0.0,1.0615108,0.0
2023-12-25 07:00:00,6.163,0.0,0.05493752589900966,0.0,0.0,1.118034,0.0
2023-12-25 07:30:00,6.688000000000001,14.91622950235583,0.1673140029224202,33.96953,9.400964,1.309017,5.714
2023-12-25 08:00:00,7.213,37.152498132952495,0.2750581949710125,67.93906,18.801928,1.5,90.426
2023-12-25 08:30:00,8.838,192.31626864285633,0.37632770149245703,390.66828,45.816667,1.7624228,235.381
2023-12-25 09:00:00,10.463,406.9908544112816,0.46939078390899514,713.3975,72.831406,2.0248456,378.1110000000001
2023-12-25 09:30:00,12.163,492.7730248853705,0.5526559931319339,742.3681,82.95818299999999,1.99476695,495.164
2023-12-25 10:00:00,13.863,574.7238572027168,0.6246993820347322,771.3387,93.08496,1.9646883,580.0939999999999
2023-12-25 10:30:00,14.8879995,641.4155121260836,0.6842888744193638,801.8340000000001,92.50738,2.54439415,650.506
2023-12-25 11:00:00,15.912999,700.5275782346358,0.7304053487220309,832.3293,91.9298,3.1241,698.835
2023-12-25 11:30:00,16.188,684.8784696901696,0.7622600686590156,764.4681800000001,101.766475,3.45215585,778.214
2023-12-25 12:00:00,16.463001,654.5915834448135,0.7793081862103319,696.60706,111.60315,3.7802117,777.478
2023-12-25 12:30:00,16.4130005,632.0482447952122,0.7812580662838787,671.9391800000001,106.920755,3.9787656,740.2830000000001
2023-12-25 13:00:00,16.363,599.6144119149255,0.7680762768158469,647.2713,102.23836,4.1773195,737.1690000000001
2023-12-25 13:30:00,16.363,535.649238251719,0.7399881656268987,571.075925,113.453622,4.24562525,721.8120000000001
2023-12-25 14:00:00,16.363,468.8252607183265,0.6974740031406158,494.88055,124.668884,4.313931,446.919
2023-12-25 14:30:00,16.238,417.25695014873963,0.6412607702351101,495.444565,100.156437,4.140018700000001,578.375
2023-12-25 15:00:00,16.113,359.30716300138306,0.5723097206477734,496.00858,75.64399,3.9661064,496.211
2023-12-25 15:30:00,15.563,275.69118118675914,0.491799929946899,431.066715,64.007385,3.6155361,344.741
2023-12-25 16:00:00,15.013,198.8042260522429,0.4011081337425982,366.12485,52.37078,3.2649658,200.368
2023-12-25 16:30:00,14.163,93.2057368714272,0.3017851727106946,209.89558,30.1294335,2.7726584,77.532
2023-12-25 17:00:00,13.313,18.269499705774564,0.19552945670938043,53.66631,7.888087,2.280351,13.941
2023-12-25 17:30:00,12.463,0.0,0.08415792766417471,26.833155,3.9440435,2.0594143000000003,0.0
2023-12-25 18:00:00,11.613,0.0,0.0,0.0,0.0,1.8384776,0.0
2023-12-25 18:30:00,11.013,0.0,0.0,0.0,0.0,1.83711685,0.0
2023-12-25 19:00:00,10.413,0.0,0.0,0.0,0.0,1.8357561,0.0
2023-12-25 19:30:00,10.113,0.0,0.0,0.0,0.0,1.87964725,0.0
2023-12-25 20:00:00,9.813,0.0,0.0,0.0,0.0,1.9235384,0.0
2023-12-25 20:30:00,9.688,0.0,0.0,0.0,0.0,1.94792335,0.0
2023-12-25 21:00:00,9.563,0.0,0.0,0.0,0.0,1.9723083,0.0
2023-12-25 21:30:00,9.438,0.0,0.0,0.0,0.0,2.0409053,0.0
2023-12-25 22:00:00,9.313,0.0,0.0,0.0,0.0,2.1095023,0.0
2023-12-25 22:30:00,9.313,0.0,0.0,0.0,0.0,2.01652035,0.0
2023-12-25 23:00:00,9.313,0.0,0.0,0.0,0.0,1.9235384,0.0
2023-12-25 23:30:00,9.413,0.0,0.0,0.0,0.0,1.7523386,0.0
2023-12-26 00:00:00,9.513,0.0,0.0,0.0,0.0,1.5811388,0.0
2023-12-26 00:30:00,9.538,0.0,0.0,0.0,0.0,1.4230249,0.0
2023-12-26 01:00:00,9.563,0.0,0.0,0.0,0.0,1.264911,0.0
2023-12-26 01:30:00,9.788,0.0,0.0,0.0,0.0,1.264911,0.0
2023-12-26 02:00:00,10.013,0.0,0.0,0.0,0.0,1.264911,0.0
2023-12-26 02:30:00,8.98800015,0.0,0.0,0.0,0.0,0.79056938,0.0
2023-12-26 03:00:00,7.9630003,0.0,0.0,0.0,0.0,0.31622776,0.0
2023-12-26 03:30:00,7.988000149999999,0.0,0.0,0.0,0.0,0.650556755,0.0
2023-12-26 04:00:00,8.013,0.0,0.0,0.0,0.0,0.98488575,0.0
2023-12-26 04:30:00,8.338000000000001,0.0,0.0,0.0,0.0,1.075538075,0.0
2023-12-26 05:00:00,8.663,0.0,0.0,0.0,0.0,1.1661904,0.0
2023-12-26 05:30:00,8.663,0.0,0.0,0.0,0.0,1.2631687500000002,0.0
2023-12-26 06:00:00,8.663,0.0,0.0,0.0,0.0,1.3601471,0.0
2023-12-26 06:30:00,8.687999999999999,0.0,0.0,0.0,0.0,1.42337695,0.0
2023-12-26 07:00:00,8.713,0.0,0.053208342585119695,0.0,0.0,1.4866068,0.0
2023-12-26 07:30:00,8.988,0.0,0.1656700874933059,27.21064,8.245777,1.5243284,4.12
2023-12-26 08:00:00,9.263,31.075482187937116,0.27352993030298856,54.42128,16.491554,1.56205,25.719
2023-12-26 08:30:00,10.338,166.33243969883182,0.37494348782664977,323.94784,45.472477,1.89120515,77.39699999999999
2023-12-26 09:00:00,11.413,351.40177654788675,0.46817654884486976,593.4744,74.4534,2.2203603,381.365
2023-12-26 09:30:00,12.638,436.22000859332593,0.551634744289696,641.11577,83.207555,2.2645198,462.117
2023-12-26 10:00:00,13.863,521.2748193355555,0.6238908099959498,688.75714,91.96171,2.3086793,571.7660000000001
2023-12-26 10:30:00,14.588,566.8334275413856,0.6837090129513654,674.42022,106.20082,2.81641665,647.648
2023-12-26 11:00:00,15.313,601.7914911085988,0.7300662980832492,660.0833,120.43993,3.324154,211.793
2023-12-26 11:30:00,15.513,520.9856508376712,0.7621697867686477,474.934275,161.01163,3.38906865,573.328
2023-12-26 12:00:00,15.713,424.00228223346824,0.7794703513063362,289.78525,201.58333,3.4539833,607.937
2023-12-26 12:30:00,15.788,439.558022559826,0.7816720134782081,336.876175,178.97706,3.49405145,596.335
2023-12-26 13:00:00,15.863,449.5091377273633,0.7687370095783195,383.9671,156.37079,3.5341196,384.317
2023-12-26 13:30:00,16.012999999999998,462.72527694156497,0.740886442051474,438.1313300000001,139.623105,3.5134848,480.384
2023-12-26 14:00:00,16.163,465.8159648875952,0.6985964955103996,492.29556,122.87542,3.49285,223.033
2023-12-26 14:30:00,15.613,384.69291468515473,0.642590295061304,414.674605,119.515785,3.5801371,397.456
2023-12-26 15:00:00,15.063,307.9640550169346,0.5738255352690886,337.05365,116.15615,3.6674242,130.54000000000002
2023-12-26 15:30:00,14.563,221.57090733074637,0.4934780905471587,261.755545,93.814335,3.4890066,119.145
2023-12-26 16:00:00,14.063,145.374285287028,0.40292190856144694,186.45744,71.47252,3.310589,68.49600000000001
2023-12-26 16:30:00,13.538,73.85008577953357,0.30370550334581853,114.078053,39.885034,2.95336995,31.881
2023-12-26 17:00:00,13.013,16.39795701144273,0.19752545952606743,41.698666,8.297548,2.5961509,6.126
2023-12-26 17:30:00,12.338,0.0,0.08619742663443251,20.849333,4.148774,2.39009195,0.0
2023-12-26 18:00:00,11.663,0.0,0.0,0.0,0.0,2.184033,0.0
2023-12-26 18:30:00,11.363,0.0,0.0,0.0,0.0,2.04069975,0.0
2023-12-26 19:00:00,11.063,0.0,0.0,0.0,0.0,1.8973665,0.0
2023-12-26 19:30:00,10.913,0.0,0.0,0.0,0.0,1.80308365,0.0
2023-12-26 20:00:00,10.763,0.0,0.0,0.0,0.0,1.7088008,0.0
2023-12-26 20:30:00,10.538,0.0,0.0,0.0,0.0,1.4808986,0.0
2023-12-26 21:00:00,10.313,0.0,0.0,0.0,0.0,1.2529964,0.0
2023-12-26 21:30:00,10.013,0.0,0.0,0.0,0.0,1.19658595,0.0
2023-12-26 22:00:00,9.713,0.0,0.0,0.0,0.0,1.1401755,0.0
2023-12-26 22:30:00,9.513,0.0,0.0,0.0,0.0,1.1357732,0.0
2023-12-26 23:00:00,9.313,0.0,0.0,0.0,0.0,1.1313709,0.0
2023-12-26 23:30:00,9.288,0.0,0.0,0.0,0.0,1.20208155,0.0
2023-12-27 00:00:00,9.263,0.0,0.0,0.0,0.0,1.2727922,0.0
2023-12-27 00:30:00,9.238,0.0,0.0,0.0,0.0,1.23847585,0.0
2023-12-27 01:00:00,9.213,0.0,0.0,0.0,0.0,1.2041595,0.0
2023-12-27 01:30:00,9.188,0.0,0.0,0.0,0.0,1.2041595,0.0
2023-12-27 02:00:00,9.163,0.0,0.0,0.0,0.0,1.2041595,0.0
2023-12-27 02:30:00,9.588,0.0,0.0,0.0,0.0,1.14291245,0.0
2023-12-27 03:00:00,10.013,0.0,0.0,0.0,0.0,1.0816654,0.0
2023-12-27 03:30:00,9.788,0.0,0.0,0.0,0.0,1.0816654,0.0
2023-12-27 04:00:00,9.563,0.0,0.0,0.0,0.0,1.0816654,0.0
2023-12-27 04:30:00,9.188,0.0,0.0,0.0,0.0,0.99360195,0.0
2023-12-27 05:00:00,8.813,0.0,0.0,0.0,0.0,0.9055385,0.0
2023-12-27 05:30:00,8.763,0.0,0.0,0.0,0.0,0.7569073749999999,0.0
2023-12-27 06:00:00,8.713,0.0,0.0,0.0,0.0,0.60827625,0.0
2023-12-27 06:30:00,8.562999999999999,0.0,0.0,0.0,0.0,0.4622520049999999,0.0
2023-12-27 07:00:00,8.413,0.0,0.051526106443524435,0.0,0.0,0.31622776,0.0
2023-12-27 07:30:00,8.738,0.0,0.1640790300095448,20.431452,8.2646685,0.31622776,1.577
2023-12-27 08:00:00,9.063,27.326088956910517,0.272060085060504,40.862904,16.529337,0.31622776,39.70100000000001
2023-12-27 08:30:00,10.113,165.82278145034655,0.3736228096049653,323.48010200000004,45.5700935,0.6081138800000001,113.931
2023-12-27 09:00:00,11.163,356.7834333995589,0.46703043131655375,606.0973,74.61085,0.9,114.026
2023-12-27 09:30:00,12.763,448.85677463526497,0.550685581895669,664.8824500000001,83.319917,0.92434163,189.853
2023-12-27 10:00:00,14.363,542.6726147234309,0.6231576115257853,723.6676,92.028984,0.94868326,480.263
2023-12-27 10:30:00,15.0129995,607.6737185015472,0.6832070735389963,749.9377,95.307625,1.08261788,620.8520000000001
2023-12-27 11:00:00,15.662999,665.3901483988692,0.7298069352971456,776.2078,98.586266,1.2165525,740.39
2023-12-27 11:30:00,16.162999499999998,677.3783471028175,0.7621601453123464,749.79665,105.654751,1.1935112499999998,200.382
2023-12-27 12:00:00,16.663,676.9514147716543,0.7797132797527319,723.3855,112.723236,1.17047,155.664
2023-12-27 12:30:00,16.988001,600.9028383365891,0.7821660151730571,602.655185,130.152128,1.41288225,388.328
2023-12-27 13:00:00,17.313002,516.9644841528138,0.769476268511279,481.92487,147.58102,1.6552945,185.32
2023-12-27 13:30:00,17.063002,455.8321049193321,0.7418609233033147,416.91362,148.30247500000002,2.28538515,127.127
2023-12-27 14:00:00,16.813002,393.20413522654405,0.6997921185133396,351.90237,149.02393,2.9154758,87.941
2023-12-27 14:30:00,16.138001,323.69658219201244,0.6439891766800678,291.92719,137.81556,3.4407911,74.344
2023-12-27 15:00:00,15.463,257.9182801932545,0.5754062984876052,231.95201,126.60719,3.9661064,106.597
2023-12-27 15:30:00,14.738,172.7173366611998,0.49521623345526977,156.54892,96.944903,3.7294782,70.864
2023-12-27 16:00:00,14.013,98.77894656535432,0.40479022721352276,81.14583,67.282616,3.49285,42.502
2023-12-27 16:30:00,13.688,52.61166663421735,0.30567456121542824,52.335405,37.3589995,3.189512,12.855
2023-12-27 17:00:00,13.363,11.990963101988122,0.19956409546751186,23.52498,7.435383,2.886174,1.963
2023-12-27 17:30:00,13.063,0.0,0.08827329249377944,11.76249,3.7176915,2.8991089,0.0
2023-12-27 18:00:00,12.763,0.0,0.0,0.0,0.0,2.9120438,0.0
2023-12-27 18:30:00,12.288,0.0,0.0,0.0,0.0,2.66536055,0.0
2023-12-27 19:00:00,11.813,0.0,0.0,0.0,0.0,2.4186773,0.0
2023-12-27 19:30:00,11.488,0.0,0.0,0.0,0.0,2.00933865,0.0
2023-12-27 20:00:00,11.163,0.0,0.0,0.0,0.0,1.6,0.0
2023-12-27 20:30:00,10.763,0.0,0.0,0.0,0.0,1.5071067500000002,0.0
2023-12-27 21:00:00,10.363,0.0,0.0,0.0,0.0,1.4142135,0.0
2023-12-27 21:30:00,10.288,0.0,0.0,0.0,0.0,1.55710675,0.0
2023-12-27 22:00:00,10.213,0.0,0.0,0.0,0.0,1.7,0.0
2023-12-27 22:30:00,10.163,0.0,0.0,0.0,0.0,1.70146935,0.0
2023-12-27 23:00:00,10.113,0.0,0.0,0.0,0.0,1.7029387,0.0
2023-12-27 23:30:00,10.213,0.0,0.0,0.0,0.0,1.75285715,0.0
2023-12-28 00:00:00,10.313,0.0,0.0,0.0,0.0,1.8027756,0.0
2023-12-28 00:30:00,10.313,0.0,0.0,0.0,0.0,1.85663645,0.0
2023-12-28 01:00:00,10.313,0.0,0.0,0.0,0.0,1.9104973,0.0
2023-12-28 01:30:00,10.213,0.0,0.0,0.0,0.0,1.9065635,0.0
2023-12-28 02:00:00,10.113,0.0,0.0,0.0,0.0,1.9026297,0.0
2023-12-28 02:30:00,10.888,0.0,0.0,0.0,0.0,1.7013148500000002,0.0
2023-12-28 03:00:00,11.663,0.0,0.0,0.0,0.0,1.5,0.0
2023-12-28 03:30:00,11.188,0.0,0.0,0.0,0.0,1.71176915,0.0
2023-12-28 04:00:00,10.713,0.0,0.0,0.0,0.0,1.9235383,0.0
2023-12-28 04:30:00,10.588,0.0,0.0,0.0,0.0,2.0719494,0.0
2023-12-28 05:00:00,10.463,0.0,0.0,0.0,0.0,2.2203605,0.0
2023-12-28 05:30:00,10.438,0.0,0.0,0.0,0.0,2.3359453500000003,0.0
2023-12-28 06:00:00,10.413,0.0,0.0,0.0,0.0,2.4515302,0.0
2023-12-28 06:30:00,10.413,0.0,0.0,0.0,0.0,2.4515302,0.0
2023-12-28 07:00:00,10.413,0.0,0.04989229092366029,0.0,0.0,2.4515302,0.0
2023-12-28 07:30:00,10.588,0.0,0.16254221753445947,20.454305,7.099454,2.50052,0.417
2023-12-28 08:00:00,10.763,25.00322723918844,0.2706499352341571,40.90861,14.198908,2.5495098,16.415000000000003
2023-12-28 08:30:00,11.713,145.9475483680039,0.37236680894882307,270.40122,45.945429,2.9518059,51.578
2023-12-28 09:00:00,12.663,309.5141425508233,0.46595341907204957,499.89383,77.69195,3.354102,63.88799999999999
2023-12-28 09:30:00,13.363,403.74916636813737,0.5498093214911363,571.845015,90.274645,3.8736393,547.765
2023-12-28 10:00:00,14.063,502.86339177758936,0.622500415070939,643.7962,102.85734,4.3931766,247.475
2023-12-28 10:30:00,14.538,542.0381237813498,0.6827834858732471,623.5224000000001,117.181675,4.7075643,688.5840000000001
2023-12-28 11:00:00,15.013,570.6614195996339,0.7296274830601128,603.2486,131.50601,5.021952,511.4210000000001
2023-12-28 11:30:00,15.2880005,603.3654039488795,0.7622311553259058,622.1206999999999,129.895265,5.025434199999999,831.99
2023-12-28 12:00:00,15.563001,627.8145393973939,0.7800367699107611,640.9928,128.28452,5.0289164,332.476
2023-12-28 12:30:00,15.613,599.7870360741003,0.7827396597068695,590.4703,138.45605,4.8914312,139.319
2023-12-28 13:00:00,15.662999,563.3066899369558,0.7702934382103616,539.9478,148.62758,4.753946,905.43
2023-12-28 13:30:00,15.613,551.9694455370243,0.7429108000241971,568.7411999999999,130.23013,4.6595155,806.223
2023-12-28 14:00:00,15.563001,530.4100248242639,0.7010598820026392,597.5346,111.83268,4.565085,152.671
2023-12-28 14:30:00,15.3130005,451.41766927699234,0.6454562604318077,540.703365,102.90411,4.322763,606.981
2023-12-28 15:00:00,15.063,372.55086223761,0.5770507102588954,483.87213,93.97554,4.080441,439.824
2023-12-28 15:30:00,14.563,276.6333462723326,0.4970129348892146,397.133605,79.99195499999999,3.9546395,70.904
2023-12-28 16:00:00,14.063,191.41477852658977,0.406711565972367,310.39508,66.00837,3.828838,221.196
2023-12-28 16:30:00,13.463,90.69944346800455,0.3076907481994881,170.862988,38.652387,3.3849632,94.622
2023-12-28 17:00:00,12.863,17.39713461539811,0.20164371882952042,31.330896,11.296404,2.9410884,10.178
2023-12-28 17:30:00,12.463,0.0,0.09038385961549676,15.665448,5.648202,2.7003816,0.0
2023-12-28 18:00:00,12.063,0.0,0.0,0.0,0.0,2.4596748,0.0
2023-12-28 18:30:00,11.913,0.0,0.0,0.0,0.0,2.28458855,0.0
2023-12-28 19:00:00,11.763,0.0,0.0,0.0,0.0,2.1095023,0.0
2023-12-28 19:30:00,11.588,0.0,0.0,0.0,0.0,1.90622045,0.0
2023-12-28 20:00:00,11.413,0.0,0.0,0.0,0.0,1.7029386,0.0
2023-12-28 20:30:00,11.038,0.0,0.0,0.0,0.0,1.4104863,0.0
2023-12-28 21:00:00,10.663,0.0,0.0,0.0,0.0,1.118034,0.0
2023-12-28 21:30:00,10.163,0.0,0.0,0.0,0.0,1.16729325,0.0
2023-12-28 22:00:00,9.663,0.0,0.0,0.0,0.0,1.2165525,0.0
2023-12-28 22:30:00,9.088,0.0,0.0,0.0,0.0,1.3241673,0.0
2023-12-28 23:00:00,8.513,0.0,0.0,0.0,0.0,1.4317821,0.0
2023-12-28 23:30:00,8.11300015,0.0,0.0,0.0,0.0,1.4541322,0.0
2023-12-29 00:00:00,7.7130003,0.0,0.0,0.0,0.0,1.4764823,0.0
2023-12-29 00:30:00,7.46300015,0.0,0.0,0.0,0.0,1.3403209,0.0
2023-12-29 01:00:00,7.213,0.0,0.0,0.0,0.0,1.2041595,0.0
2023-12-29 01:30:00,7.01299985,0.0,0.0,0.0,0.0,1.14291245,0.0
2023-12-29 02:00:00,6.8129997,0.0,0.0,0.0,0.0,1.0816654,0.0
2023-12-29 02:30:00,8.28799985,0.0,0.0,0.0,0.0,0.8609889150000001,0.0
2023-12-29 03:00:00,9.763,0.0,0.0,0.0,0.0,0.64031243,0.0
2023-12-29 03:30:00,9.638,0.0,0.0,0.0,0.0,0.75027248,0.0
2023-12-29 04:00:00,9.513,0.0,0.0,0.0,0.0,0.86023253,0.0
2023-12-29 04:30:00,9.438,0.0,0.0,0.0,0.0,0.901815315,0.0
2023-12-29 05:00:00,9.363,0.0,0.0,0.0,0.0,0.9433981,0.0
2023-12-29 05:30:00,9.313,0.0,0.0,0.0,0.0,0.9433981,0.0
2023-12-29 06:00:00,9.263,0.0,0.0,0.0,0.0,0.9433981,0.0
2023-12-29 06:30:00,9.138,0.0,0.0,0.0,0.0,0.88400962,0.0
2023-12-29 07:00:00,9.013,0.0,0.0483083690067078,0.0,0.0,0.82462114,0.0
2023-12-29 07:30:00,8.788,0.0,0.16106103001837974,27.294758,8.2994785,0.81542347,4.957000000000001
2023-12-29 08:00:00,8.563,30.99606719290218,0.2693007430641092,54.589516,16.598957,0.8062258,92.674
2023-12-29 08:30:00,9.413,186.05632568692837,0.3711766077356582,385.244738,43.5465685,0.81542347,239.403
2023-12-29 09:00:00,10.263,402.68507309252686,0.4649464733689425,715.89996,70.49418,0.82462114,386.741
2023-12-29 09:30:00,11.663,500.857323808893,0.5490067462212359,771.2302549999999,77.733735,0.57042445,501.85
2023-12-29 10:00:00,13.063,599.1178916725083,0.6219198112347973,826.56055,84.97329,0.31622776,580.576
2023-12-29 10:30:00,13.938,666.2565459322353,0.6824386369005502,848.27701,86.888795,0.6190911050000001,645.585
2023-12-29 11:00:00,14.813,724.3402666036841,0.7295281170541893,869.99347,88.8043,0.92195445,696.033
2023-12-29 11:30:00,15.388,753.4922109715276,0.7623827772642013,870.3164850000001,88.904725,1.171610725,725.926
2023-12-29 12:00:00,15.963,769.7826403060136,0.780440566749312,870.6395,89.00515,1.421267,746.361
2023-12-29 12:30:00,16.288,756.6095197920683,0.7833924800324079,852.0271,87.829685,1.50120285,741.638
2023-12-29 13:00:00,16.613,730.6948261801537,0.7711878467410447,833.4147,86.65422,1.5811387,763.2239999999999
2023-12-29 13:30:00,16.713001,682.2090879795315,0.7440352060671223,804.41345,82.491715,1.40089715,700.6220000000001
2023-12-29 14:00:00,16.813002,624.0673356299094,0.7023987396426,775.4122,78.32921,1.2206556,623.9190000000001
2023-12-29 14:30:00,16.6380015,505.4971140505246,0.6469903369431738,643.7437299999999,88.791425,1.0603278,612.2080000000001
2023-12-29 15:00:00,16.463001,394.95085427297226,0.5787574181456211,512.07526,99.25364,0.9,237.595
2023-12-29 15:30:00,15.6630005,291.38837992316394,0.4988667218030891,419.74068,82.728043,1.1019202,357.156
2023-12-29 16:00:00,14.863,199.2096979133679,0.40868435574096973,327.4061,66.202446,1.3038404,209.23200000000003
2023-12-29 16:30:00,13.838,98.19662863405426,0.3097524253420044,193.9904285,38.593932,1.34833955,90.834
2023-12-29 17:00:00,12.813,23.154171861260725,0.20376264826577836,60.574757,10.985418,1.3928387,10.891000000000002
2023-12-29 17:30:00,12.338,0.0,0.0925274324561405,30.287378500000003,5.492709,1.2063213,0.0
2023-12-29 18:00:00,11.863,0.0,0.0,0.0,0.0,1.0198039,0.0
2023-12-29 18:30:00,11.313,0.0,0.0,0.0,0.0,0.863455335,0.0
2023-12-29 19:00:00,10.763,0.0,0.0,0.0,0.0,0.70710677,0.0
2023-12-29 19:30:00,10.063,0.0,0.0,0.0,0.0,0.756666285,0.0
2023-12-29 20:00:00,9.363,0.0,0.0,0.0,0.0,0.8062258,0.0
2023-12-29 20:30:00,8.963000000000001,0.0,0.0,0.0,0.0,0.7531129,0.0
2023-12-29 21:00:00,8.563,0.0,0.0,0.0,0.0,0.7,0.0
2023-12-29 21:30:00,8.238,0.0,0.0,0.0,0.0,0.92008775,0.0
2023-12-29 22:00:00,7.913,0.0,0.0,0.0,0.0,1.1401755,0.0
2023-12-29 22:30:00,7.663,0.0,0.0,0.0,0.0,1.3527114999999998,0.0
2023-12-29 23:00:00,7.413,0.0,0.0,0.0,0.0,1.5652475,0.0
2023-12-29 23:30:00,7.48799985,0.0,0.0,0.0,0.0,1.67284845,0.0
2023-12-30 00:00:00,7.5629997,0.0,0.0,0.0,0.0,1.7804494,0.0
2023-12-30 00:30:00,7.638,0.0,0.0,0.0,0.0,1.7648675,0.0
2023-12-30 01:00:00,7.7130003,0.0,0.0,0.0,0.0,1.7492856,0.0
2023-12-30 01:30:00,7.638,0.0,0.0,0.0,0.0,1.73487535,0.0
2023-12-30 02:00:00,7.5629997,0.0,0.0,0.0,0.0,1.7204651,0.0
2023-12-30 02:30:00,7.58799985,0.0,0.0,0.0,0.0,1.3212097749999998,0.0
2023-12-30 03:00:00,7.613,0.0,0.0,0.0,0.0,0.92195445,0.0
2023-12-30 03:30:00,7.413,0.0,0.0,0.0,0.0,0.821532375,0.0
2023-12-30 04:00:00,7.213,0.0,0.0,0.0,0.0,0.7211103,0.0
2023-12-30 04:30:00,7.163,0.0,0.0,0.0,0.0,0.9306429,0.0
2023-12-30 05:00:00,7.113,0.0,0.0,0.0,0.0,1.1401755,0.0
2023-12-30 05:30:00,7.388,0.0,0.0,0.0,0.0,1.18041555,0.0
2023-12-30 06:00:00,7.663,0.0,0.0,0.0,0.0,1.2206556,0.0
2023-12-30 06:30:00,7.813000150000001,0.0,0.0,0.0,0.0,1.2467239,0.0
2023-12-30 07:00:00,7.9630003,0.0,0.0467758135457153,0.0,0.0,1.2727922,0.0
2023-12-30 07:30:00,8.08800015,0.0,0.15963684020206972,0.0,10.690567,1.27670855,2.502
2023-12-30 08:00:00,8.213,20.89759394143801,0.2680137565123831,0.0,21.381134,1.2806249,36.013
2023-12-30 08:30:00,9.463,104.29146255491412,0.3700533066004948,111.375245,64.388677,1.4603734,76.068
2023-12-30 09:00:00,10.713,208.61434816971627,0.4640105275310797,222.75049,107.39622,1.6401219,151.76
2023-12-30 09:30:00,12.138,297.82520772278656,0.5482786049632161,304.392105,133.33533,1.6106303,167.76
2023-12-30 10:00:00,13.563,396.4989477182082,0.6214163504993258,386.03372,159.27444,1.5811387,152.267
2023-12-30 10:30:00,14.363,455.06353161027755,0.6821728681586952,423.109635,169.02622,2.51466335,185.856
2023-12-30 11:00:00,15.163,511.95743778397787,0.7295089629316038,460.18555,178.778,3.448188,171.366
2023-12-30 11:30:00,15.313,533.6018836913083,0.7626149176671427,470.161255,177.391975,3.902396,306.582
2023-12-30 12:00:00,15.463,548.8024867547375,0.7809243582574853,480.13696,176.00595,4.356604,227.247
2023-12-30 12:30:00,15.588,516.6419219844573,0.7841239499183446,425.52261,185.53063,4.358325,243.32899999999995
2023-12-30 13:00:00,15.713,478.5071278526085,0.7721587616847843,370.90826,195.05531,4.360046,974.341
2023-12-30 13:30:00,15.788,453.4968484093745,0.7452332144242739,361.2901,187.100685,4.360046,174.736
2023-12-30 14:00:00,15.863,423.9052453148622,0.703807584801331,351.67194,179.14606,4.360046,104.892
2023-12-30 14:30:00,15.588,337.72668376079724,0.6485901380339079,269.700875,165.60612,3.81250575,120.43800000000002
2023-12-30 15:00:00,15.313,258.1886958984813,0.5805250132953412,187.72981,152.06618,3.2649655,292.879
2023-12-30 15:30:00,14.763,187.57296099330767,0.5007760679900733,133.9780525,122.88294,2.37578615,111.341
2023-12-30 16:00:00,14.213,124.70257107846774,0.4107069783041462,80.226295,93.6997,1.4866068,60.161
2023-12-30 16:30:00,13.338,69.97853096596691,0.31185790941163416,54.61714249999999,54.0644585,1.204280625,26.384
2023-12-30 17:00:00,12.463,20.111715336110354,0.20591916361084825,29.00799,14.429217,0.92195445,5.023
2023-12-30 17:30:00,11.963,0.0,0.0947022826705984,14.503995,7.214608500000001,0.92195445,0.0
2023-12-30 18:00:00,11.463,0.0,0.0,0.0,0.0,0.92195445,0.0
2023-12-30 18:30:00,11.688,0.0,0.0,0.0,0.0,0.810977225,0.0
2023-12-30 19:00:00,11.913,0.0,0.0,0.0,0.0,0.7,0.0
2023-12-30 19:30:00,10.863,0.0,0.0,0.0,0.0,0.66622775,0.0
2023-12-30 20:00:00,9.813,0.0,0.0,0.0,0.0,0.6324555,0.0
2023-12-30 20:30:00,9.738,0.0,0.0,0.0,0.0,0.57117872,0.0
2023-12-30 21:00:00,9.663,0.0,0.0,0.0,0.0,0.50990194,0.0
2023-12-30 21:30:00,9.513,0.0,0.0,0.0,0.0,0.77696632,0.0
2023-12-30 22:00:00,9.363,0.0,0.0,0.0,0.0,1.0440307,0.0
2023-12-30 22:30:00,9.138,0.0,0.0,0.0,0.0,1.0921031,0.0
2023-12-30 23:00:00,8.913,0.0,0.0,0.0,0.0,1.1401755,0.0
2023-12-30 23:30:00,8.937999999999999,0.0,0.0,0.0,0.0,1.1885536,0.0
2023-12-31 00:00:00,8.963,0.0,0.0,0.0,0.0,1.2369317,0.0
2023-12-31 00:30:00,8.838,0.0,0.0,0.0,0.0,1.17748285,0.0
2023-12-31 01:00:00,8.713,0.0,0.0,0.0,0.0,1.118034,0.0
2023-12-31 01:30:00,8.363,0.0,0.0,0.0,0.0,1.01178625,0.0
2023-12-31 02:00:00,8.013,0.0,0.0,0.0,0.0,0.9055385,0.0
2023-12-31 02:30:00,9.463,0.0,0.0,0.0,0.0,1.235393,0.0
2023-12-31 03:00:00,10.913,0.0,0.0,0.0,0.0,1.5652475,0.0
2023-12-31 03:30:00,10.688,0.0,0.0,0.0,0.0,1.3929515499999998,0.0
2023-12-31 04:00:00,10.463,0.0,0.0,0.0,0.0,1.2206556,0.0
2023-12-31 04:30:00,10.038,0.0,0.0,0.0,0.0,1.13234315,0.0
2023-12-31 05:00:00,9.613,0.0,0.0,0.0,0.0,1.0440307,0.0
2023-12-31 05:30:00,9.238,0.0,0.0,0.0,0.0,0.9747846,0.0
2023-12-31 06:00:00,8.863,0.0,0.0,0.0,0.0,0.9055385,0.0
2023-12-31 06:30:00,8.687999999999999,0.0,0.0,0.0,0.0,0.816774725,0.0
2023-12-31 07:00:00,8.513,0.0,0.04529609447335937,0.0,0.0,0.72801095,0.0
2023-12-31 07:30:00,8.23800015,0.0,0.15827101056092927,13.668242500000002,7.139128999999999,0.6681436000000001,4.388
2023-12-31 08:00:00,7.9630003,21.284336362456315,0.2667902059831362,27.336485,14.278258,0.60827625,89.437
2023-12-31 08:30:00,8.96300015,130.44383678282344,0.368997981521356,224.5283025,48.397789,0.4622520049999999,230.366
2023-12-31 09:00:00,9.963,276.51365337940274,0.4631464833739498,421.72012,82.51732,0.31622776,372.44
2023-12-31 09:30:00,11.538,378.71782052761023,0.5476256086565178,515.56276,97.57632,0.25811388,500.067
2023-12-31 10:00:00,13.113,490.00442583104535,0.6209905394675792,609.4054,112.63532,0.2,567.1569999999999
2023-12-31 10:30:00,13.863,572.9733567827346,0.6819864720024367,681.8438,108.436015,0.3,617.526
2023-12-31 11:00:00,14.613,654.6625150686265,0.729570092561135,754.2822,104.23671,0.4,730.8079999999999
2023-12-31 11:30:00,15.113,639.6838128396352,0.7629274255000953,674.3748,125.653665,0.8103278,746.6209999999999
2023-12-31 12:00:00,15.613,610.5777890125108,0.7814877719163976,594.4674,147.07062,1.2206556,822.366
2023-12-31 12:30:00,15.488,433.8920418871116,0.7849334806056322,342.3448,167.655305,1.7439062,165.72500000000002
2023-12-31 13:00:00,15.363,254.0997988712425,0.7732053870230868,90.2222,188.23999,2.2671568,188.661
2023-12-31 13:30:00,15.363,291.3167212147208,0.7465038343805607,168.36996499999998,168.809795,2.37555265,272.273
2023-12-31 14:00:00,15.363,320.7816040340051,0.7052852480053796,246.51773,149.3796,2.4839485,719.694
2023-12-31 14:30:00,15.113,251.29361286874098,0.6502543344963897,204.193665,120.533175,2.74197425,184.727
2023-12-31 15:00:00,14.863,184.3803984819386,0.5823520285686505,161.8696,91.68675,3.0,379.671
2023-12-31 15:30:00,14.713,164.41072355054513,0.5027393925723301,173.70135499999998,78.405495,2.43941475,420.3250000000001
2023-12-31 16:00:00,14.563,140.63705366000505,0.4127777652228153,185.53311,65.12424,1.8788295,96.999
2023-12-31 16:30:00,13.963,69.6978340093699,0.31400547209320423,103.191294,37.939641,1.38662837,34.011
2023-12-31 17:00:00,13.363,14.876311156556204,0.20811150542665807,20.849478,10.755042,0.89442724,9.049
2023-12-31 17:30:00,12.688,0.0,0.0969066489965946,10.424739,5.377521,0.95711557,0.0
2023-12-31 18:00:00,12.013,0.0,0.0,0.0,0.0,1.0198039,0.0
2023-12-31 18:30:00,11.813,0.0,0.0,0.0,0.0,0.934166025,0.0
2023-12-31 19:00:00,11.613,0.0,0.0,0.0,0.0,0.84852815,0.0
2023-12-31 19:30:00,11.538,0.0,0.0,0.0,0.0,0.7882695500000001,0.0
2023-12-31 20:00:00,11.463,0.0,0.0,0.0,0.0,0.72801095,0.0
2023-12-31 20:30:00,11.313,0.0,0.0,0.0,0.0,0.655553075,0.0
2023-12-31 21:00:00,11.163,0.0,0.0,0.0,0.0,0.5830952,0.0
2023-12-31 21:30:00,10.613,0.0,0.0,0.0,0.0,0.5608058300000001,0.0
2023-12-31 22:00:00,10.063,0.0,0.0,0.0,0.0,0.53851646,0.0
2023-12-31 22:30:00,9.838,0.0,0.0,0.0,0.0,0.46925823,0.0
2023-12-31 23:00:00,9.613,0.0,0.0,0.0,0.0,0.4,0.0
2023-12-31 23:30:00,9.513,0.0,0.0,0.0,0.0,0.6031129,0.0
2024-01-01 00:00:00,9.413,0.0,0.0,0.0,0.0,0.8062258,0.0
2024-01-01 00:30:00,9.413,0.0,0.0,0.0,0.0,0.8774545300000001,0.0
2024-01-01 01:00:00,9.413,0.0,0.0,0.0,0.0,0.94868326,0.0
2024-01-01 01:30:00,9.238,0.0,0.0,0.0,0.0,0.8774545300000001,0.0
2024-01-01 02:00:00,9.063,0.0,0.0,0.0,0.0,0.8062258,0.0
2024-01-01 02:30:00,9.913,0.0,0.0,0.0,0.0,1.1137464,0.0
2024-01-01 03:00:00,10.763,0.0,0.0,0.0,0.0,1.421267,0.0
2024-01-01 03:30:00,10.638,0.0,0.0,0.0,0.0,1.20560823,0.0
2024-01-01 04:00:00,10.513,0.0,0.0,0.0,0.0,0.98994946,0.0
2024-01-01 04:30:00,10.363,0.0,0.0,0.0,0.0,0.8151309449999999,0.0
2024-01-01 05:00:00,10.213,0.0,0.0,0.0,0.0,0.64031243,0.0
2024-01-01 05:30:00,9.988,0.0,0.0,0.0,0.0,0.5201562150000001,0.0
2024-01-01 06:00:00,9.763,0.0,0.0,0.0,0.0,0.4,0.0
2024-01-01 06:30:00,9.788,0.0,0.0,0.0,0.0,0.5535533850000001,0.0
2024-01-01 07:00:00,9.813,0.0,0.04387067424326115,0.0,0.0,0.70710677,0.0
2024-01-01 07:30:00,9.913,0.0,0.1569648886392659,0.0,4.766557,0.953553385,1.461
2024-01-01 08:00:00,10.013,9.317520079591564,0.2656312995540599,0.0,9.533114,1.2,18.419
2024-01-01 08:30:00,10.263,19.802582422128552,0.36801167897779735,0.0,20.2607855,1.48600225,50.505
2024-01-01 09:00:00,10.513,30.287644764665536,0.46235520642108374,0.0,30.988457,1.7720045,202.433
2024-01-01 09:30:00,10.938,51.46896127672469,0.5470484256097173,0.0,52.659878500000005,1.8079567,159.183
2024-01-01 10:00:00,11.363,72.65027778878385,0.6206428363838732,0.0,74.3313,1.8439089,83.86699999999999
2024-01-01 10:30:00,11.663,89.7540957413334,0.6818796873655932,1.256609,90.94996,2.05553285,135.612
2024-01-01 11:00:00,11.963,106.97812551691703,0.7297115201131189,2.513218,107.56862,2.2671568,143.275
2024-01-01 11:30:00,11.938,85.42973978669403,0.763320088576546,1.256609,86.420838,2.2347141500000003,192.639
2024-01-01 12:00:00,11.913,63.79688839725451,0.7821303715057792,0.0,65.273056,2.2022715,260.95
2024-01-01 12:30:00,12.613,173.8367666712706,0.7858204180349249,39.3981,146.023203,2.3115076,259.087
2024-01-01 13:00:00,13.313,282.9709963118735,0.7743268608149928,78.7962,226.77335,2.4207437,199.58
2024-01-01 13:30:00,13.713,286.3141379800807,0.7478460096727277,98.027983,217.54985,2.34174275,202.69
2024-01-01 14:00:00,14.113,286.9344005056562,0.7068304955755231,117.259766,208.32635,2.2627418,669.238
2024-01-01 14:30:00,14.263,289.0686913626561,0.6519815352355296,189.546998,168.675895,1.9123959,449.267
2024-01-01 15:00:00,14.413,279.89670406401876,0.5842369381656651,261.83423,129.02544,1.56205,396.335
2024-01-01 15:30:00,14.138,229.31367168950356,0.5047550601002136,260.45993,99.40263,1.36626,394.469
2024-01-01 16:00:00,13.863,176.2602649488306,0.4148949983577728,259.08563,69.77982,1.17047,266.875
2024-01-01 16:30:00,12.938,94.62546418538787,0.3161933409540846,171.070403,41.13106325,1.1893873,73.24300000000001
2024-01-01 17:00:00,12.013,29.77100026878314,0.2103378763453438,83.055176,12.4823065,1.2083046,11.875
2024-01-01 17:30:00,11.388,0.0,0.09913873892817635,41.527588,6.24115325,1.22261815,0.032
2024-01-01 18:00:00,10.763,0.0,0.0,0.0,0.0,1.2369317,0.0
2024-01-01 18:30:00,10.463,0.0,0.0,0.0,0.0,1.17073385,0.0
2024-01-01 19:00:00,10.163,0.0,0.0,0.0,0.0,1.104536,0.0
2024-01-01 19:30:00,9.738,0.0,0.0,0.0,0.0,1.20418825,0.0
2024-01-01 20:00:00,9.313,0.0,0.0,0.0,0.0,1.3038405,0.0
2024-01-01 20:30:00,9.013,0.0,0.0,0.0,0.0,1.26224805,0.0
2024-01-01 21:00:00,8.713,0.0,0.0,0.0,0.0,1.2206556,0.0
2024-01-01 21:30:00,8.463,0.0,0.0,0.0,0.0,1.3209613,0.0
2024-01-01 22:00:00,8.213,0.0,0.0,0.0,0.0,1.421267,0.0
2024-01-01 22:30:00,8.113,0.0,0.0,0.0,0.0,1.4539369,0.0
2024-01-01 23:00:00,8.013,0.0,0.0,0.0,0.0,1.4866068,0.0
2024-01-01 23:30:00,7.988000149999999,0.0,0.0,0.0,0.0,1.5947727,0.0
2024-01-02 00:00:00,7.9630003,0.0,0.0,0.0,0.0,1.7029386,0.0
2024-01-02 00:30:00,8.03800015,0.0,0.0,0.0,0.0,1.78152305,0.0
2024-01-02 01:00:00,8.113,0.0,0.0,0.0,0.0,1.8601075,0.0
2024-01-02 01:30:00,8.138,0.0,0.0,0.0,0.0,1.68005375,0.0
2024-01-02 02:00:00,8.163,0.0,0.0,0.0,0.0,1.5,0.0
2024-01-02 02:30:00,8.388,0.0,0.0,0.0,0.0,1.54056935,0.0
2024-01-02 03:00:00,8.613,0.0,0.0,0.0,0.0,1.5811387,0.0
2024-01-02 03:30:00,8.812999999999999,0.0,0.0,0.0,0.0,1.96210675,0.0
2024-01-02 04:00:00,9.013,0.0,0.0,0.0,0.0,2.3430748,0.0
2024-01-02 04:30:00,9.163,0.0,0.0,0.0,0.0,2.33879925,0.0
2024-01-02 05:00:00,9.313,0.0,0.0,0.0,0.0,2.3345237,0.0
2024-01-02 05:30:00,9.213,0.0,0.0,0.0,0.0,2.44201675,0.0
2024-01-02 06:00:00,9.113,0.0,0.0,0.0,0.0,2.5495098,0.0
2024-01-02 06:30:00,9.188,0.0,0.0,0.0,0.0,2.51672915,0.0
2024-01-02 07:00:00,9.263,0.0,0.04250100261399733,0.0,0.0,2.4839485,0.0
2024-01-02 07:30:00,9.538,0.0,0.15571980174248798,13.681998999999998,7.1590235,2.5620121,5.621
2024-01-02 08:00:00,9.813,21.269042294978682,0.2645382177281339,27.363998,14.318047,2.6400757,34.752
2024-01-02 08:30:00,10.588,103.67127677558551,0.36709541081872854,135.023909,55.178573500000006,2.50008025,75.099
2024-01-02 09:00:00,11.363,206.21097685998623,0.46163752092071453,242.68382,96.0391,2.3600848,48.487
2024-01-02 09:30:00,12.338,276.6691310831143,0.5465476767506681,290.60026,119.98845,2.5113951,183.209
2024-01-02 10:00:00,13.313,351.51228803241906,0.6203736466357139,338.5167,143.9378,2.6627054,145.51299999999998
2024-01-02 10:30:00,14.263,459.39415444378744,0.6818526955897002,463.104265,145.53674,3.6056657,92.452
2024-01-02 11:00:00,15.213,574.7208546726542,0.72993319823773,587.69183,147.13568,4.548626,264.208
2024-01-02 11:30:00,15.588,562.5325843729391,0.763792630161275,535.1071,155.44679000000002,4.7708105,626.3720000000001
2024-01-02 12:00:00,15.963,539.641807997468,0.7828516541691205,482.52237,163.7579,4.992995,301.562
2024-01-02 12:30:00,16.2130005,564.3358361674793,0.7867840403939159,517.411835,158.817425,5.1464975,410.778
2024-01-02 13:00:00,16.463001,580.9125003345372,0.7755222532461943,552.3013,153.87695,5.3,610.0419999999999
2024-01-02 13:30:00,16.1630005,471.3925922692896,0.7492586170275483,396.850525,176.492565,5.223907499999999,214.907
2024-01-02 14:00:00,15.863,366.5250104081144,0.7084420286830584,241.39975,199.10818,5.147815,205.686
2024-01-02 14:30:00,15.538,232.62464700345373,0.6537702867981949,125.91677950000002,153.30367,4.5863687,174.39899999999997
2024-01-02 15:00:00,15.213,111.21678505620335,0.5861781576284729,10.433809,107.49916,4.0249224,205.245
2024-01-02 15:30:00,14.913,103.33315661191732,0.5068213810005194,33.3006735,88.376228,3.7802282,162.05
2024-01-02 16:00:00,14.613,91.23567232327973,0.41705691073758355,56.167538,69.253296,3.535534,99.706
2024-01-02 16:30:00,14.238,50.498007282065146,0.3184197007146141,30.1426915,41.7806025,3.3902651500000003,49.611
2024-01-02 17:00:00,13.863,14.864787708969093,0.2125964426608051,4.117845,14.307909,3.2449963,11.023
2024-01-02 17:30:00,13.438,0.0,0.10139673058204535,2.0589225,7.153954500000001,3.03847835,0.0
2024-01-02 18:00:00,13.013,0.0,0.0,0.0,0.0,2.8319604,0.0
2024-01-02 18:30:00,12.713,0.0,0.0,0.0,0.0,2.7246054,0.0
2024-01-02 19:00:00,12.413,0.0,0.0,0.0,0.0,2.6172504,0.0
2024-01-02 19:30:00,12.138,0.0,0.0,0.0,0.0,2.40521085,0.0
2024-01-02 20:00:00,11.863,0.0,0.0,0.0,0.0,2.1931713,0.0
2024-01-02 20:30:00,11.638,0.0,0.0,0.0,0.0,1.9568182,0.0
2024-01-02 21:00:00,11.413,0.0,0.0,0.0,0.0,1.7204651,0.0
2024-01-02 21:30:00,11.288,0.0,0.0,0.0,0.0,1.8207012,0.0
2024-01-02 22:00:00,11.163,0.0,0.0,0.0,0.0,1.9209373,0.0
2024-01-02 22:30:00,11.088,0.0,0.0,0.0,0.0,1.8450589,0.0
2024-01-02 23:00:00,11.013,0.0,0.0,0.0,0.0,1.7691805,0.0
2024-01-02 23:30:00,10.838,0.0,0.0,0.0,0.0,1.5249027000000002,0.0
2024-01-03 00:00:00,10.663,0.0,0.0,0.0,0.0,1.2806249,0.0
2024-01-03 00:30:00,10.488,0.0,0.0,0.0,0.0,1.4308818,0.0
2024-01-03 01:00:00,10.313,0.0,0.0,0.0,0.0,1.5811387,0.0
2024-01-03 01:30:00,10.288,0.0,0.0,0.0,0.0,1.7805187999999998,0.0
2024-01-03 02:00:00,10.263,0.0,0.0,0.0,0.0,1.9798989,0.0
2024-01-03 02:30:00,10.013,0.0,0.0,0.0,0.0,1.96077385,0.0
2024-01-03 03:00:00,9.763,0.0,0.0,0.0,0.0,1.9416488,0.0
2024-01-03 03:30:00,9.638,0.0,0.0,0.0,0.0,1.66724375,0.0
2024-01-03 04:00:00,9.513,0.0,0.0,0.0,0.0,1.3928387,0.0
2024-01-03 04:30:00,9.263,0.0,0.0,0.0,0.0,1.30674715,0.0
2024-01-03 05:00:00,9.013,0.0,0.0,0.0,0.0,1.2206556,0.0
2024-01-03 05:30:00,8.913,0.0,0.0,0.0,0.0,1.2830089999999998,0.0
2024-01-03 06:00:00,8.813,0.0,0.0,0.0,0.0,1.3453624,0.0
2024-01-03 06:30:00,8.538,0.0,0.0,0.0,0.0,1.14702283,0.0
2024-01-03 07:00:00,8.263,0.0,0.0411885124467401,0.0,0.0,0.94868326,0.0
2024-01-03 07:30:00,8.562999999999999,0.0,0.15453705274844634,13.6864215,7.1666145,1.22600643,4.623
2024-01-03 08:00:00,8.863,21.258171428969593,0.2635121092608644,27.372843,14.333229,1.5033296,88.233
2024-01-03 08:30:00,9.763,135.53938924473488,0.36625015017042756,239.5824465,48.5830795,1.45877155,224.442
2024-01-03 09:00:00,10.663,289.8129859537228,0.46099420588625456,451.79205,82.83293,1.4142135,376.209
2024-01-03 09:30:00,12.238,418.88881403254925,0.5461239318355358,609.0524250000001,87.016948,1.70710675,478.948
2024-01-03 10:00:00,13.813,566.2563651883788,0.6201833191765369,766.3128,91.200966,2.0,569.854
2024-01-03 10:30:00,14.638,626.3009961061767,0.6819056170964293,775.8364,97.224963,3.0838665,652.921
2024-01-03 11:00:00,15.463,677.0030160385182,0.730235015023457,785.36,103.24896,4.167733,709.9449999999999
2024-01-03 11:30:00,15.913,719.6837212459884,0.7643447062203157,810.1213,99.835425,4.522103700000001,783.912
2024-01-03 12:00:00,16.363,751.6945681688821,0.7836510479667942,834.8826,96.42189,4.8764744,762.3520000000001
2024-01-03 12:30:00,16.463001,728.2495929783106,0.787823555992466,797.5714,99.03152,5.0121446,769.988
2024-01-03 13:00:00,16.563002,692.9331193683599,0.7767905648265658,760.2602,101.64115,5.1478148,736.978
2024-01-03 13:30:00,16.313002,620.2105961593209,0.7507404647012459,689.43137,102.265585,4.8771659,580.7280000000001
2024-01-03 14:00:00,16.063002,542.164065726512,0.7101184822000658,618.60254,102.89002,4.606517,684.2159999999999
2024-01-03 14:30:00,15.8630005,434.74712684484393,0.655619072545451,501.56195,106.558265,4.0496835,621.1940000000001
2024-01-03 15:00:00,15.662999,335.1096068354689,0.5881740433055874,384.52136,110.22651,3.49285,491.806
2024-01-03 15:30:00,15.1129995,252.2938344708666,0.5089366113121386,319.28372,90.969185,3.514192,418.411
2024-01-03 16:00:00,14.563,177.16498410600894,0.4192616865375316,254.04608,71.71186,3.535534,253.88
2024-01-03 16:30:00,14.013,97.08938212449557,0.32068269335441135,169.8090925,43.279708500000005,3.2793887,106.141
2024-01-03 17:00:00,13.463,33.004084242917536,0.21488533464057502,85.572105,14.847557,3.0232434,29.624
2024-01-03 17:30:00,12.713,0.0,0.10367877315548896,42.7860525,7.4237785,3.2035141,0.93
2024-01-03 18:00:00,11.963,0.0,0.0,0.0,0.0,3.3837848,0.0
2024-01-03 18:30:00,11.738,0.0,0.0,0.0,0.0,3.4532839,0.0
2024-01-03 19:00:00,11.513,0.0,0.0,0.0,0.0,3.522783,0.0
2024-01-03 19:30:00,11.488,0.0,0.0,0.0,0.0,3.42647405,0.0
2024-01-03 20:00:00,11.463,0.0,0.0,0.0,0.0,3.3301651,0.0
2024-01-03 20:30:00,11.388,0.0,0.0,0.0,0.0,3.22071755,0.0
2024-01-03 21:00:00,11.313,0.0,0.0,0.0,0.0,3.11127,0.0
2024-01-03 21:30:00,11.138,0.0,0.0,0.0,0.0,3.0763257,0.0
2024-01-03 22:00:00,10.963,0.0,0.0,0.0,0.0,3.0413814,0.0
2024-01-03 22:30:00,10.713,0.0,0.0,0.0,0.0,2.9366709,0.0
2024-01-03 23:00:00,10.463,0.0,0.0,0.0,0.0,2.8319604,0.0
2024-01-03 23:30:00,10.413,0.0,0.0,0.0,0.0,2.9276019,0.0
2024-01-04 00:00:00,10.363,0.0,0.0,0.0,0.0,3.0232434,0.0
2024-01-04 00:30:00,10.688,0.0,0.0,0.0,0.0,2.9965458,0.0
2024-01-04 01:00:00,11.013,0.0,0.0,0.0,0.0,2.9698482,0.0
2024-01-04 01:30:00,11.188,0.0,0.0,0.0,0.0,2.9383682,0.0
2024-01-04 02:00:00,11.363,0.0,0.0,0.0,0.0,2.9068882,0.0
2024-01-04 02:30:00,11.613,0.0,0.0,0.0,0.0,3.11552115,0.0
2024-01-04 03:00:00,11.863,0.0,0.0,0.0,0.0,3.3241541,0.0
2024-01-04 03:30:00,11.788,0.0,0.0,0.0,0.0,3.3331544,0.0
2024-01-04 04:00:00,11.713,0.0,0.0,0.0,0.0,3.3421547,0.0
2024-01-04 04:30:00,11.713,0.0,0.0,0.0,0.0,3.2113695,0.0
2024-01-04 05:00:00,11.713,0.0,0.0,0.0,0.0,3.0805843,0.0
2024-01-04 05:30:00,11.463,0.0,0.0,0.0,0.0,2.9304360000000003,0.0
2024-01-04 06:00:00,11.213,0.0,0.0,0.0,0.0,2.7802877,0.0
2024-01-04 06:30:00,10.938,0.0,0.0,0.0,0.0,3.01802595,0.0
2024-01-04 07:00:00,10.663,0.0,0.03993461815049927,0.0,0.0,3.2557642,0.0
2024-01-04 07:30:00,10.738,0.0,0.15341791853621614,13.691015,8.3679455,3.20902085,2.367
2024-01-04 08:00:00,10.813,23.582714671426622,0.2625540895612185,27.38203,16.735891,3.1622775,18.044
2024-01-04 08:30:00,11.688,121.74622385364825,0.365476829839037,183.394245,55.7449025,3.2877436,220.127
2024-01-04 09:00:00,12.563,249.31785899381464,0.4604259935052626,339.40646,94.753914,3.4132097,139.9
2024-01-04 09:30:00,13.513,334.6072330225847,0.5457777078657868,402.11447,117.004972,4.1764225,112.074
2024-01-04 10:00:00,14.463,425.461408328274,0.620072144965636,464.82248,139.25603,4.9396353,158.779
2024-01-04 10:30:00,14.838,427.6906512697721,0.682038509814227,396.561875,159.72426000000002,5.4885094500000005,82.301
2024-01-04 11:00:00,15.213,417.0648467006638,0.7306167924230649,328.30127,180.19249,6.0373836,125.808
2024-01-04 11:30:00,15.688,451.08698983393833,0.7649759038410255,353.64177,183.43844,5.813776799999999,211.539
2024-01-04 12:00:00,16.163,481.23885683857407,0.7845279102869975,378.98227,186.68439,5.59017,358.242
2024-01-04 12:30:00,16.288,507.37805638277746,0.7889381016519357,433.592745,167.383625,5.846724,776.326
2024-01-04 13:00:00,16.413,526.5696753909385,0.7781307247537992,488.20322,148.08286,6.103278,789.806
2024-01-04 13:30:00,16.363001,521.6121277901686,0.7522902908006994,513.05646,136.749985,6.217867,170.489
2024-01-04 14:00:00,16.313002,507.52126936250244,0.7118584229816269,537.9097,125.41711,6.332456,621.733
2024-01-04 14:30:00,16.238001,450.2463144515816,0.6575263108884792,523.5519850000001,106.58949,6.208020149999999,450.83400000000006
2024-01-04 15:00:00,16.163,387.92661366202447,0.5902228905357172,509.19427,87.76187,6.0835843,518.8009999999999
2024-01-04 15:30:00,15.613,295.7961962283182,0.5110989508190703,436.571935,73.105625,5.86358235,390.543
2024-01-04 16:00:00,15.063,211.34844796726526,0.4215074591650374,363.9496,58.44938,5.6435804,206.312
2024-01-04 16:30:00,14.538,107.13723900676624,0.3229804162543809,219.686635,36.556944,5.842551950000001,62.05499999999999
2024-01-04 17:00:00,14.013,30.806760159723492,0.2172026445938405,75.42367,14.664508,6.0415235,13.531
2024-01-04 17:30:00,13.788,0.0,0.10598298496922792,37.711835,7.332254000000001,5.74885625,0.111
2024-01-04 18:00:00,13.563,0.0,0.0,0.0,0.0,5.456189,0.0
2024-01-04 18:30:00,13.688,0.0,0.0,0.0,0.0,5.34438935,0.0
2024-01-04 19:00:00,13.813,0.0,0.0,0.0,0.0,5.2325897,0.0
2024-01-04 19:30:00,13.763,0.0,0.0,0.0,0.0,5.2775917,0.0
2024-01-04 20:00:00,13.713,0.0,0.0,0.0,0.0,5.3225937,0.0
2024-01-04 20:30:00,13.688,0.0,0.0,0.0,0.0,4.987774849999999,0.0
2024-01-04 21:00:00,13.663,0.0,0.0,0.0,0.0,4.652956,0.0
2024-01-04 21:30:00,13.663,0.0,0.0,0.0,0.0,4.4205172,0.0
2024-01-04 22:00:00,13.663,0.0,0.0,0.0,0.0,4.1880784,0.0
2024-01-04 22:30:00,13.688,0.0,0.0,0.0,0.0,4.314962400000001,0.0
2024-01-04 23:00:00,13.713,0.0,0.0,0.0,0.0,4.4418464,0.0
2024-01-04 23:30:00,13.663,0.0,0.0,0.0,0.0,4.1906947,0.0
2024-01-05 00:00:00,13.613,0.0,0.0,0.0,0.0,3.939543,0.0
2024-01-05 00:30:00,13.613,0.0,0.0,0.0,0.0,3.74318625,0.0
2024-01-05 01:00:00,13.613,0.0,0.0,0.0,0.0,3.5468295,0.0
2024-01-05 01:30:00,13.463,0.0,0.0,0.0,0.0,3.08585525,0.0
2024-01-05 02:00:00,13.313,0.0,0.0,0.0,0.0,2.624881,0.0
2024-01-05 02:30:00,12.813,0.0,0.0,0.0,0.0,1.9624405,0.0
2024-01-05 03:00:00,12.313,0.0,0.0,0.0,0.0,1.3,0.0
2024-01-05 03:30:00,11.813,0.0,0.0,0.0,0.0,1.05,0.0
2024-01-05 04:00:00,11.313,0.0,0.0,0.0,0.0,0.8,0.0
2024-01-05 04:30:00,10.838,0.0,0.0,0.0,0.0,0.7041381250000001,0.0
2024-01-05 05:00:00,10.363,0.0,0.0,0.0,0.0,0.60827625,0.0
2024-01-05 05:30:00,9.938,0.0,0.0,0.0,0.0,0.404138125,0.0
2024-01-05 06:00:00,9.513,0.0,0.0,0.0,0.0,0.2,0.0
2024-01-05 06:30:00,9.513,0.0,0.0,0.0,0.0,0.211803405,0.0
2024-01-05 07:00:00,9.513,0.0,0.038740717315643776,0.0,0.0,0.22360681,0.0
2024-01-05 07:30:00,9.613,0.0,0.15236365156363568,13.6928435,8.3728435,0.335410215,4.988
2024-01-05 08:00:00,9.713,23.56892868251162,0.26166524222171417,27.385687,16.745687,0.44721362,87.061
2024-01-05 08:30:00,10.663,155.05159459548776,0.36477634369275663,292.4240735,49.1175715,0.5876122850000001,238.366
2024-01-05 09:00:00,11.613,336.75707379776213,0.4599335703164283,557.46246,81.489456,0.72801095,389.5160000000001
2024-01-05 09:30:00,12.613,430.64128813485013,0.5455094700137012,613.15248,97.186538,0.776316045,498.205
2024-01-05 10:00:00,13.613,526.6695760724598,0.6200403575731442,668.8425,112.88362,0.82462114,584.624
2024-01-05 10:30:00,14.563,599.161826425988,0.6822513694736673,708.5357799999999,116.340005,0.732466785,650.96
2024-01-05 11:00:00,15.513,666.5784260312929,0.7310782861652647,748.22906,119.79639,0.64031243,700.27
2024-01-05 11:30:00,16.188,694.4395319644235,0.7656857407466726,746.222655,123.183477,0.370156215,734.597
2024-01-05 12:00:00,16.863,711.1386804527199,0.7854815269386636,744.21625,126.570564,0.1,741.27
2024-01-05 12:30:00,17.363,705.930839878842,0.790126741360824,736.364105,124.02425,0.3662277499999999,748.176
2024-01-05 13:00:00,17.863,689.5545452423884,0.7795415891213606,728.51196,121.477936,0.6324555,740.9159999999999
2024-01-05 13:30:00,18.063,658.3597735192956,0.7539067610416977,729.43988,108.033858,0.96622775,594.5740000000001
2024-01-05 14:00:00,18.263,616.4455958952053,0.71366034718066,730.3678,94.58978,1.3,659.423
2024-01-05 14:30:00,18.338,536.4364608879329,0.6594903521611701,683.60562,85.13712000000001,1.4500000000000002,597.349
2024-01-05 15:00:00,18.413,453.2162138658172,0.5923229301284665,636.84344,75.68446,1.6,507.922
2024-01-05 15:30:00,17.887999999999998,335.7143553591823,0.5133065391586334,518.285045,69.7898635,1.55,399.639
2024-01-05 16:00:00,17.363,232.7523429590617,0.4237923070325062,399.72665,63.895267,1.5,253.273
2024-01-05 16:30:00,16.113,124.33005278455491,0.32531091762440745,260.7006625,39.8992275,1.309017,72.122
2024-01-05 17:00:00,14.863,42.40453786484592,0.21954642209033706,121.674675,15.903188,1.118034,15.026
2024-01-05 17:30:00,13.688,0.0,0.10830744850945025,60.83733749999999,7.951594,1.209017,0.079
2024-01-05 18:00:00,12.513,0.0,0.0,0.0,0.0,1.3,0.0
2024-01-05 18:30:00,12.288,0.0,0.0,0.0,0.0,1.26846585,0.0
2024-01-05 19:00:00,12.063,0.0,0.0,0.0,0.0,1.2369317,0.0
2024-01-05 19:30:00,11.938,0.0,0.0,0.0,0.0,1.673217,0.0
2024-01-05 20:00:00,11.813,0.0,0.0,0.0,0.0,2.1095023,0.0
2024-01-05 20:30:00,11.663,0.0,0.0,0.0,0.0,2.1095023,0.0
2024-01-05 21:00:00,11.513,0.0,0.0,0.0,0.0,2.1095023,0.0
2024-01-05 21:30:00,11.238,0.0,0.0,0.0,0.0,2.06098175,0.0
2024-01-05 22:00:00,10.963,0.0,0.0,0.0,0.0,2.0124612,0.0
2024-01-05 22:30:00,10.738,0.0,0.0,0.0,0.0,2.037007,0.0
2024-01-05 23:00:00,10.513,0.0,0.0,0.0,0.0,2.0615528,0.0
2024-01-05 23:30:00,10.388,0.0,0.0,0.0,0.0,2.1043219,0.0
2024-01-06 00:00:00,10.263,0.0,0.0,0.0,0.0,2.147091,0.0
2024-01-06 00:30:00,10.438,0.0,0.0,0.0,0.0,2.2365158000000003,0.0
2024-01-06 01:00:00,10.613,0.0,0.0,0.0,0.0,2.3259406,0.0
2024-01-06 01:30:00,10.613,0.0,0.0,0.0,0.0,2.3514568,0.0
2024-01-06 02:00:00,10.613,0.0,0.0,0.0,0.0,2.376973,0.0
2024-01-06 02:30:00,10.363,0.0,0.0,0.0,0.0,2.4233953,0.0
2024-01-06 03:00:00,10.113,0.0,0.0,0.0,0.0,2.4698176,0.0
2024-01-06 03:30:00,10.138,0.0,0.0,0.0,0.0,2.4010992,0.0
2024-01-06 04:00:00,10.163,0.0,0.0,0.0,0.0,2.3323808,0.0
2024-01-06 04:30:00,10.263,0.0,0.0,0.0,0.0,2.2842244000000003,0.0
2024-01-06 05:00:00,10.363,0.0,0.0,0.0,0.0,2.236068,0.0
2024-01-06 05:30:00,10.613,0.0,0.0,0.0,0.0,2.1488104,0.0
2024-01-06 06:00:00,10.863,0.0,0.0,0.0,0.0,2.0615528,0.0
2024-01-06 06:30:00,10.863,0.0,0.0,0.0,0.0,2.23908105,0.0
2024-01-06 07:00:00,10.863,0.0,0.03760819497739037,0.0,0.0,2.4166093,0.0
2024-01-06 07:30:00,10.963,0.0,0.1513754839530108,0.0,8.3755,2.66174875,0.851
2024-01-06 08:00:00,11.063,16.37217165904428,0.2608466227971187,0.0,16.751,2.9068882,42.585
2024-01-06 08:30:00,11.763,92.18013584582042,0.36414955005536953,87.110505,61.743477,3.0186916,55.095000000000006
2024-01-06 09:00:00,12.463,184.60321455932637,0.45951758016109456,174.22101,106.735954,3.130495,129.153
2024-01-06 09:30:00,13.238,248.2636365489119,0.5453196340519626,218.87190500000003,131.448002,3.93590135,197.935
2024-01-06 10:00:00,14.013,316.6787427799088,0.620088135033103,263.5228,156.16005,4.7413077,596.566
2024-01-06 10:30:00,14.738,404.4347629929397,0.6825441307870905,372.829025,152.285285,5.09874835,86.425
2024-01-06 11:00:00,15.463,499.3930184638019,0.7316191862527721,482.13525,148.41052,5.456189,119.62
2024-01-06 11:30:00,15.788,523.2346444697614,0.7664736650383985,484.523465,153.59526,5.70340985,340.978
2024-01-06 12:00:00,16.113,540.0281641623691,0.786511111109883,486.91168,158.78,5.9506307,837.113
2024-01-06 12:30:00,16.238,562.295763360089,0.7913884644358595,519.583375,152.50383,6.08738855,890.732
2024-01-06 13:00:00,16.363,576.4635556291693,0.7810219382820395,552.25507,146.22766,6.2241464,392.169
2024-01-06 13:30:00,16.238,521.6305743017165,0.7555884653397583,512.52045,135.431915,6.3620732,595.615
2024-01-06 14:00:00,16.113,461.9008199285487,0.7155226760884232,472.78583,124.63617,6.5,181.109
2024-01-06 14:30:00,15.788,419.6180399060789,0.661509473773609,460.0374,116.316655,6.77881,91.481
2024-01-06 15:00:00,15.463,372.8869583797967,0.5944723228436862,447.28897,107.99714,7.05762,63.272000000000006
2024-01-06 15:30:00,15.113,275.02077721080275,0.5155574497124905,366.157485,87.17744,6.64369365,392.003
2024-01-06 16:00:00,14.763,186.95871004754696,0.42611424693521727,285.026,66.35774,6.2297673,261.473
2024-01-06 16:30:00,14.238,102.47694680389823,0.3276721894743455,187.567295,41.577961,5.4568913000000006,108.316
2024-01-06 17:00:00,13.713,36.524068162049886,0.22191466660064307,90.10859,16.798182,4.6840153,15.806
2024-01-06 17:30:00,13.238,0.0,0.1106502028486672,45.054295,8.399091,4.57415915,0.376
2024-01-06 18:00:00,12.763,0.0,0.0,0.0,0.0,4.464303,0.0
2024-01-06 18:30:00,12.663,0.0,0.0,0.0,0.0,4.876484850000001,0.0
2024-01-06 19:00:00,12.563,0.0,0.0,0.0,0.0,5.2886667,0.0
2024-01-06 19:30:00,12.413,0.0,0.0,0.0,0.0,5.24048425,0.0
2024-01-06 20:00:00,12.263,0.0,0.0,0.0,0.0,5.1923018,0.0
2024-01-06 20:30:00,12.463,0.0,0.0,0.0,0.0,5.3732899,0.0
2024-01-06 21:00:00,12.663,0.0,0.0,0.0,0.0,5.554278,0.0
2024-01-06 21:30:00,12.763,0.0,0.0,0.0,0.0,5.92555125,0.0
2024-01-06 22:00:00,12.863,0.0,0.0,0.0,0.0,6.2968245,0.0
2024-01-06 22:30:00,13.013,0.0,0.0,0.0,0.0,6.62763645,0.0
2024-01-06 23:00:00,13.163,0.0,0.0,0.0,0.0,6.9584484,0.0
2024-01-06 23:30:00,13.388,0.0,0.0,0.0,0.0,7.1137805,0.0
2024-01-07 00:00:00,13.613,0.0,0.0,0.0,0.0,7.2691126,0.0
2024-01-07 00:30:00,13.588,0.0,0.0,0.0,0.0,7.2529123,0.0
2024-01-07 01:00:00,13.563,0.0,0.0,0.0,0.0,7.236712,0.0
2024-01-07 01:30:00,13.538,0.0,0.0,0.0,0.0,6.94251,0.0
2024-01-07 02:00:00,13.513,0.0,0.0,0.0,0.0,6.648308,0.0
2024-01-07 02:30:00,14.038,0.0,0.0,0.0,0.0,6.83485185,0.0
2024-01-07 03:00:00,14.563,0.0,0.0,0.0,0.0,7.0213957,0.0
2024-01-07 03:30:00,14.213,0.0,0.0,0.0,0.0,6.63039335,0.0
2024-01-07 04:00:00,13.863,0.0,0.0,0.0,0.0,6.239391,0.0
2024-01-07 04:30:00,13.738,0.0,0.0,0.0,0.0,6.195813,0.0
2024-01-07 05:00:00,13.613,0.0,0.0,0.0,0.0,6.152235,0.0
2024-01-07 05:30:00,13.438,0.0,0.0,0.0,0.0,5.8483007,0.0
2024-01-07 06:00:00,13.263,0.0,0.0,0.0,0.0,5.5443664,0.0
2024-01-07 06:30:00,13.138,0.0,0.0,0.0,0.0,5.3123602000000005,0.0
2024-01-07 07:00:00,13.013,0.0,0.03653842901581359,0.0,0.0,5.080354,0.0
2024-01-07 07:30:00,13.213,0.0,0.1504546325929033,20.5408975,7.179332500000001,5.3137127500000005,1.567
2024-01-07 08:00:00,13.413,24.773405420942296,0.2600992634793965,41.081795,14.358665,5.5470715,48.643
2024-01-07 08:30:00,13.913,143.71995193075927,0.3635972758911524,277.32639750000004,43.5120175,5.532158750000001,47.406000000000006
2024-01-07 09:00:00,14.413,307.5024247593419,0.4591786277345644,513.571,72.66537,5.517246,202.071
2024-01-07 09:30:00,14.838,426.04152322923863,0.5452085691796027,631.0871999999999,82.590593,6.479174,400.81
2024-01-07 10:00:00,15.263,556.5486583308518,0.620215601861509,748.6034,92.515816,7.441102,509.204
2024-01-07 10:30:00,15.513,619.494359386837,0.6829166686022803,758.2439999999999,101.787503,7.798847,590.8149999999999
2024-01-07 11:00:00,15.763,673.3757773861839,0.7322391171695908,767.8846,111.05919,8.156592,224.816
2024-01-07 11:30:00,15.738,660.3346422999466,0.7673390544566854,711.7996499999999,114.18094,8.391646999999999,395.243
2024-01-07 12:00:00,15.713,633.6365671228517,0.787615801665293,655.7147,117.30269,8.626702,256.409
2024-01-07 12:30:00,15.163,513.8464099078176,0.7927221828533384,480.28841,134.265135,8.3950175,344.283
2024-01-07 13:00:00,14.613,387.613051766648,0.7825704732302121,304.86212,151.22758,8.163333,104.847
2024-01-07 13:30:00,13.863,341.23488782011793,0.7573339132539638,259.065155,147.34719,7.2581425,190.68400000000003
2024-01-07 14:00:00,13.113,294.0430922827875,0.7174437507001084,213.26819,143.4668,6.352952,108.749
2024-01-07 14:30:00,13.163,326.5515280290337,0.663581873948273,307.803115,124.05049,6.46965075,133.867
2024-01-07 15:00:00,13.213,343.6254555032444,0.5966691524047107,402.33804,104.63418,6.5863495,564.981
2024-01-07 15:30:00,12.713,265.06035059510174,0.517849681976268,344.12227,87.868585,5.98111075,90.641
2024-01-07 16:00:00,12.213,192.6534353829435,0.4284712259074722,285.9065,71.10299,5.375872,32.466
2024-01-07 16:30:00,11.788,108.92092177778176,0.33006215904134967,196.73736,44.600898,5.2043819,66.345
2024-01-07 17:00:00,11.363,41.94812497177762,0.22430531862136863,107.56822,18.098806,5.0328918,26.115
2024-01-07 17:30:00,11.313,0.0,0.1130092345804558,53.78411,9.049403,4.4638801,0.579
2024-01-07 18:00:00,11.263,0.0,0.0,0.0,0.0,3.8948684,0.0
2024-01-07 18:30:00,11.288,0.0,0.0,0.0,0.0,3.9178402,0.0
2024-01-07 19:00:00,11.313,0.0,0.0,0.0,0.0,3.940812,0.0
2024-01-07 19:30:00,11.263,0.0,0.0,0.0,0.0,3.8445725,0.0
2024-01-07 20:00:00,11.213,0.0,0.0,0.0,0.0,3.748333,0.0
2024-01-07 20:30:00,11.288,0.0,0.0,0.0,0.0,3.85406545,0.0
2024-01-07 21:00:00,11.363,0.0,0.0,0.0,0.0,3.9597979,0.0
2024-01-07 21:30:00,11.363,0.0,0.0,0.0,0.0,4.139181450000001,0.0
2024-01-07 22:00:00,11.363,0.0,0.0,0.0,0.0,4.318565,0.0
2024-01-07 22:30:00,11.288,0.0,0.0,0.0,0.0,4.479304150000001,0.0
2024-01-07 23:00:00,11.213,0.0,0.0,0.0,0.0,4.6400433,0.0
2024-01-07 23:30:00,11.138,0.0,0.0,0.0,0.0,4.66363005,0.0
2024-01-08 00:00:00,11.063,0.0,0.0,0.0,0.0,4.6872168,0.0
2024-01-08 00:30:00,11.088,0.0,0.0,0.0,0.0,4.5350689,0.0
2024-01-08 01:00:00,11.113,0.0,0.0,0.0,0.0,4.382921,0.0
2024-01-08 01:30:00,11.113,0.0,0.0,0.0,0.0,4.522233,0.0
2024-01-08 02:00:00,11.113,0.0,0.0,0.0,0.0,4.661545,0.0
2024-01-08 02:30:00,10.838,0.0,0.0,0.0,0.0,4.41163765,0.0
2024-01-08 03:00:00,10.563,0.0,0.0,0.0,0.0,4.1617303,0.0
2024-01-08 03:30:00,10.563,0.0,0.0,0.0,0.0,4.09642965,0.0
2024-01-08 04:00:00,10.563,0.0,0.0,0.0,0.0,4.031129,0.0
2024-01-08 04:30:00,10.413,0.0,0.0,0.0,0.0,4.06617435,0.0
2024-01-08 05:00:00,10.263,0.0,0.0,0.0,0.0,4.1012197,0.0
2024-01-08 05:30:00,10.138,0.0,0.0,0.0,0.0,3.7126869,0.0
2024-01-08 06:00:00,10.013,0.0,0.0,0.0,0.0,3.3241541,0.0
2024-01-08 06:30:00,10.163,0.0,0.0,0.0,0.0,3.28995915,0.0
2024-01-08 07:00:00,10.313,0.0,0.03553279564973701,0.0,0.0,3.2557642,0.0
2024-01-08 07:30:00,10.338,0.0,0.1496023043201015,0.0,7.17767525,3.2286632,0.387
2024-01-08 08:00:00,10.363,14.030700412616989,0.25942417788614947,0.0,14.3553505,3.2015622,29.662
2024-01-08 08:30:00,10.813,85.98829870098936,0.3631203210416074,69.526915,62.05562025,3.31104425,88.44699999999999
2024-01-08 09:00:00,11.263,171.26683134140774,0.45891728220438877,139.05383,109.75589,3.4205263,83.04899999999999
2024-01-08 09:30:00,12.063,228.82008883362636,0.54517660094008,152.751755,148.61101,3.52203015,237.572
2024-01-08 10:00:00,12.863,286.9033686307307,0.6204228312018286,166.44968,187.46613,3.623534,170.402
2024-01-08 10:30:00,13.463,354.18466112291054,0.6833687992154235,227.50019,202.615635,4.351944,284.097
2024-01-08 11:00:00,14.063,425.2917406097964,0.7329376383409536,288.5507,217.76514,5.080354,292.22200000000004
2024-01-08 11:30:00,14.338,436.1417439082256,0.7682812159396646,282.537265,223.10212,5.541843,423.578
2024-01-08 12:00:00,14.613,442.4657897635591,0.7887946617917516,276.52383,228.4391,6.003332,306.194
2024-01-08 12:30:00,14.563,417.5780701424972,0.7941267289874836,238.639785,232.38076,5.997079,300.864
2024-01-08 13:00:00,14.513,389.22021082291974,0.7841858124501312,200.75574,236.32242,5.990826,306.273
2024-01-08 13:30:00,14.263,378.47514558161254,0.7591415300018414,237.085085,202.13572,5.745413,341.43
2024-01-08 14:00:00,14.013,361.8979238215247,0.7194218269325627,273.41443,167.94902,5.5,335.764
2024-01-08 14:30:00,13.863,308.7416842894153,0.6657056662068273,237.32229,153.374345,5.1707437,368.979
2024-01-08 15:00:00,13.713,256.83120190383437,0.5989114193204299,201.23015,138.79967,4.8414874,231.782
2024-01-08 15:30:00,13.388,212.28313585115234,0.520181154802407,203.194115,108.475473,4.443736550000001,270.502
2024-01-08 16:00:00,13.063,165.2532446440354,0.4308611139200964,205.15808,78.151276,4.0459857,281.423
2024-01-08 16:30:00,12.688,100.32749336345452,0.33247868109651335,159.18751500000002,48.1847095,3.4131367,160.908
2024-01-08 17:00:00,12.313,43.611593422453495,0.22671625167021778,113.21695,18.218143,2.7802877,28.897
2024-01-08 17:30:00,11.888,0.0,0.1153824696648922,56.608475,9.1090715,3.17899835,0.552
2024-01-08 18:00:00,11.463,0.0,0.00038128819254003315,0.0,0.0,3.577709,0.0
2024-01-08 18:30:00,10.963,0.0,0.0,0.0,0.0,3.1351457,0.0
2024-01-08 19:00:00,10.463,0.0,0.0,0.0,0.0,2.6925824,0.0
2024-01-08 19:30:00,10.338,0.0,0.0,0.0,0.0,2.83289805,0.0
2024-01-08 20:00:00,10.213,0.0,0.0,0.0,0.0,2.9732137,0.0
2024-01-08 20:30:00,10.238,0.0,0.0,0.0,0.0,2.94434475,0.0
2024-01-08 21:00:00,10.263,0.0,0.0,0.0,0.0,2.9154758,0.0
2024-01-08 21:30:00,10.188,0.0,0.0,0.0,0.0,2.69264685,0.0
2024-01-08 22:00:00,10.113,0.0,0.0,0.0,0.0,2.4698179,0.0
2024-01-08 22:30:00,10.213,0.0,0.0,0.0,0.0,2.5126021,0.0
2024-01-08 23:00:00,10.313,0.0,0.0,0.0,0.0,2.5553863,0.0
2024-01-08 23:30:00,10.163,0.0,0.0,0.0,0.0,2.3788289,0.0
2024-01-09 00:00:00,10.013,0.0,0.0,0.0,0.0,2.2022715,0.0
2024-01-09 00:30:00,9.888,0.0,0.0,0.0,0.0,2.1977214,0.0
2024-01-09 01:00:00,9.763,0.0,0.0,0.0,0.0,2.1931713,0.0
2024-01-09 01:30:00,9.838,0.0,0.0,0.0,0.0,2.93506315,0.0
2024-01-09 02:00:00,9.913,0.0,0.0,0.0,0.0,3.676955,0.0
2024-01-09 02:30:00,10.263,0.0,0.0,0.0,0.0,4.41965925,0.0
2024-01-09 03:00:00,10.613,0.0,0.0,0.0,0.0,5.1623635,0.0
2024-01-09 03:30:00,10.138,0.0,0.0,0.0,0.0,4.53694245,0.0
2024-01-09 04:00:00,9.663,0.0,0.0,0.0,0.0,3.9115214,0.0
2024-01-09 04:30:00,9.788,0.0,0.0,0.0,0.0,3.74601205,0.0
2024-01-09 05:00:00,9.913,0.0,0.0,0.0,0.0,3.5805027,0.0
2024-01-09 05:30:00,9.863,0.0,0.0,0.0,0.0,3.488044,0.0
2024-01-09 06:00:00,9.813,0.0,0.0,0.0,0.0,3.3955853,0.0
2024-01-09 06:30:00,9.063,0.0,0.0,0.0,0.0,3.01308715,0.0
2024-01-09 07:00:00,8.313,0.0,0.03459267431870693,0.0,0.0,2.630589,0.0
2024-01-09 07:30:00,8.313,0.0,0.1488197007285479,6.8445275,7.174165500000001,3.13326035,0.0
2024-01-09 08:00:00,8.313,17.58490056742007,0.258822365677367,13.689055,14.348331,3.6359317,10.301
2024-01-09 08:30:00,8.488,48.30181496645135,0.362719462625767,19.8490825,42.0268305,3.16425705,3.796
2024-01-09 09:00:00,8.663,80.09373107026018,0.4587340813206981,26.00911,69.70533,2.6925824,2.085
2024-01-09 09:30:00,9.263,191.90885627082037,0.5452240149811985,160.61890499999998,106.361805,3.1908778,136.58599999999998
2024-01-09 10:00:00,9.863,323.76003967803695,0.6207098481848301,295.2287,143.01828,3.6891732,150.634
2024-01-09 10:30:00,10.813,487.3452426044082,0.6839002833040084,530.96585,125.410155,3.9260523,665.749
2024-01-09 11:00:00,11.763,670.4673305941084,0.7337142465674864,766.703,107.80203,4.1629314,708.543
2024-01-09 11:30:00,12.188,672.5026266860845,0.7692993875499321,722.48125,116.737835,4.3175337,748.603
2024-01-09 12:00:00,12.613,661.3267369058166,0.7900466803993804,678.2595,125.67364,4.472136,247.61
2024-01-09 12:30:00,12.663,615.7566484629367,0.7956008564755144,583.2715499999999,152.851035,5.1945305,167.063
2024-01-09 13:00:00,12.713,561.6662569218921,0.7858664922456811,488.2836,180.02843,5.916925,535.073
2024-01-09 13:30:00,12.238,470.6383975620178,0.7610096562491444,378.465135,185.30511,5.71980265,274.489
2024-01-09 14:00:00,11.763,381.1215170032213,0.7214550748954254,268.64667,190.58179,5.5226803,114.591
2024-01-09 14:30:00,11.313,310.57551091034236,0.667878878142827,223.322755,164.33287,5.2011149,153.709
2024-01-09 15:00:00,10.863,242.55328168407885,0.6011970391924442,177.99884,138.08395,4.8795495,72.191
2024-01-09 15:30:00,10.263,140.68388087402408,0.5225497042674201,88.99942,96.0597975,4.38720895,85.86600000000001
2024-01-09 16:00:00,9.663,52.81361444971512,0.4332817014102088,0.0,54.035645,3.8948684,200.469
2024-01-09 16:30:00,9.513,32.15407849056245,0.3349195351255001,2.5846865,32.009177,3.7031392,35.805
2024-01-09 17:00:00,9.363,10.94775589705334,0.22914526920264217,5.169373,9.982709,3.51141,0.011
2024-01-09 17:30:00,9.263,0.0,0.11776777004879888,2.5846865,4.9913545,2.59385775,0.0
2024-01-09 18:00:00,9.163,0.0,0.0026917631022835126,0.0,0.0,1.6763055,0.0
2024-01-09 18:30:00,9.088,0.0,0.0,0.0,0.0,1.6013696,0.0
2024-01-09 19:00:00,9.013,0.0,0.0,0.0,0.0,1.5264337,0.0
2024-01-09 19:30:00,8.812999999999999,0.0,0.0,0.0,0.0,2.03797175,0.0
2024-01-09 20:00:00,8.613,0.0,0.0,0.0,0.0,2.5495098,0.0
2024-01-09 20:30:00,8.238,0.0,0.0,0.0,0.0,2.4258414,0.0
2024-01-09 21:00:00,7.863,0.0,0.0,0.0,0.0,2.302173,0.0
2024-01-09 21:30:00,7.71299985,0.0,0.0,0.0,0.0,2.3279467,0.0
2024-01-09 22:00:00,7.5629997,0.0,0.0,0.0,0.0,2.3537204,0.0
2024-01-09 22:30:00,7.638,0.0,0.0,0.0,0.0,2.4026253,0.0
2024-01-09 23:00:00,7.7130003,0.0,0.0,0.0,0.0,2.4515302,0.0
2024-01-09 23:30:00,7.763,0.0,0.0,0.0,0.0,3.04304325,0.0
2024-01-10 00:00:00,7.8129997,0.0,0.0,0.0,0.0,3.6345563,0.0
2024-01-10 00:30:00,7.98799985,0.0,0.0,0.0,0.0,4.76897265,0.0
2024-01-10 01:00:00,8.163,0.0,0.0,0.0,0.0,5.903389,0.0
2024-01-10 01:30:00,8.187999999999999,0.0,0.0,0.0,0.0,6.016413,0.0
2024-01-10 02:00:00,8.213,0.0,0.0,0.0,0.0,6.129437,0.0
2024-01-10 02:30:00,8.01299985,0.0,0.0,0.0,0.0,6.67719675,0.0
2024-01-10 03:00:00,7.8129997,0.0,0.0,0.0,0.0,7.2249565,0.0
2024-01-10 03:30:00,7.53799985,0.0,0.0,0.0,0.0,7.26247825,0.0
2024-01-10 04:00:00,7.263,0.0,0.0,0.0,0.0,7.3,0.0
2024-01-10 04:30:00,7.213,0.0,0.0,0.0,0.0,7.351351149999999,0.0
2024-01-10 05:00:00,7.163,0.0,0.0,0.0,0.0,7.4027023,0.0
2024-01-10 05:30:00,7.11299985,0.0,0.0,0.0,0.0,7.3732035,0.0
2024-01-10 06:00:00,7.0629997,0.0,0.0,0.0,0.0,7.3437047,0.0
2024-01-10 06:30:00,7.13799985,0.0,0.0,0.0,0.0,6.9854605,0.0
2024-01-10 07:00:00,7.213,0.0,0.03371945037161433,0.0,0.0,6.6272163,0.0
2024-01-10 07:30:00,7.01299985,0.0,0.14810802126407313,6.843178,7.1685455,6.22436415,3.059
2024-01-10 08:00:00,6.8129997,17.56598183581208,0.2582948161160074,13.686356,14.337091,5.821512,18.653
2024-01-10 08:30:00,7.08799985,117.99750248391979,0.3623954589819492,179.666148,53.8731125,5.4783425,79.589
2024-01-10 09:00:00,7.363,250.2671825951188,0.4586295357403322,345.64594,93.409134,5.135173,112.432
2024-01-10 09:30:00,7.813000000000001,260.69102535462685,0.5453510617398747,294.27582,101.9914245,6.1956025,262.97
2024-01-10 10:00:00,8.263,259.5340981113112,0.6210766349541821,242.9057,110.573715,7.256032,129.176
2024-01-10 10:30:00,8.338000000000001,323.4191798399162,0.6845108312329725,276.09906,136.7005575,7.376349,226.293
2024-01-10 11:00:00,8.413,387.3781546255548,0.7345683816510227,309.29242,162.8274,7.496666,115.046
2024-01-10 11:30:00,8.138,283.1505386021323,0.7703927443694256,164.67858,159.329115,6.7520807000000005,336.081
2024-01-10 12:00:00,7.863,168.26363753414927,0.7913707782523534,20.06474,155.83083,6.0074954,551.991
2024-01-10 12:30:00,8.038,223.57138646441376,0.7971432465468286,83.201745,160.540815,6.4829719,312.734
2024-01-10 13:00:00,8.213,277.36837135669936,0.7876109732255658,146.33875,165.2508,6.9584484,72.35600000000001
2024-01-10 13:30:00,7.98799975,271.1899133281558,0.7629365547057572,165.70925499999998,147.44272999999998,7.1459667,318.04200000000003
2024-01-10 14:00:00,7.7629995,261.3310674256689,0.7235415855470058,185.07976,129.63466,7.333485,84.87800000000001
2024-01-10 14:30:00,7.96299975,229.37567208179345,0.6700994580851751,156.94326999999998,126.500235,7.0615913,79.315
2024-01-10 15:00:00,8.163,198.73594306960553,0.6035238493102528,128.80678,123.36581,6.7896976,219.953
2024-01-10 15:30:00,8.038,127.20243027153984,0.5249530901748665,68.06694750000001,93.362195,7.30637045,169.403
2024-01-10 16:00:00,7.913,65.13562128737895,0.435730705582857,7.327115,63.35858,7.8230433,111.27599999999998
2024-01-10 16:30:00,7.413,46.029866337594484,0.33738243139120533,23.5455475,38.933751,7.96645715,72.146
2024-01-10 17:00:00,6.913,23.437996764631254,0.2315901103450596,39.76398,14.508922,8.109871,4.960999999999999
2024-01-10 17:30:00,6.838,0.0,0.12016293906009382,19.88199,7.254461000000001,8.205237,0.025
2024-01-10 18:00:00,6.763,0.0,0.005006518575280517,0.0,0.0,8.300603,0.0
2024-01-10 18:30:00,6.763,0.0,0.0,0.0,0.0,8.301506,0.0
2024-01-10 19:00:00,6.763,0.0,0.0,0.0,0.0,8.302409,0.0
2024-01-10 19:30:00,6.738,0.0,0.0,0.0,0.0,8.0012045,0.0
2024-01-10 20:00:00,6.713,0.0,0.0,0.0,0.0,7.7,0.0
2024-01-10 20:30:00,6.76299985,0.0,0.0,0.0,0.0,7.70129835,0.0
2024-01-10 21:00:00,6.8129997,0.0,0.0,0.0,0.0,7.7025967,0.0
2024-01-10 21:30:00,6.73799985,0.0,0.0,0.0,0.0,7.50437935,0.0
2024-01-10 22:00:00,6.663,0.0,0.0,0.0,0.0,7.306162,0.0
2024-01-10 22:30:00,6.688000000000001,0.0,0.0,0.0,0.0,7.2544695,0.0
2024-01-10 23:00:00,6.713,0.0,0.0,0.0,0.0,7.202777,0.0
2024-01-10 23:30:00,6.713,0.0,0.0,0.0,0.0,6.95474485,0.0
2024-01-11 00:00:00,6.713,0.0,0.0,0.0,0.0,6.7067127,0.0
2024-01-11 00:30:00,6.663,0.0,0.0,0.0,0.0,6.65941135,0.0
2024-01-11 01:00:00,6.613,0.0,0.0,0.0,0.0,6.61211,0.0
2024-01-11 01:30:00,6.538,0.0,0.0,0.0,0.0,6.306471500000001,0.0
2024-01-11 02:00:00,6.463,0.0,0.0,0.0,0.0,6.000833,0.0
2024-01-11 02:30:00,6.538,0.0,0.0,0.0,0.0,5.3694880000000005,0.0
2024-01-11 03:00:00,6.613,0.0,0.0,0.0,0.0,4.738143,0.0
2024-01-11 03:30:00,6.538,0.0,0.0,0.0,0.0,4.97339465,0.0
2024-01-11 04:00:00,6.463,0.0,0.0,0.0,0.0,5.2086463,0.0
2024-01-11 04:30:00,6.438000000000001,0.0,0.0,0.0,0.0,5.3061745,0.0
2024-01-11 05:00:00,6.413,0.0,0.0,0.0,0.0,5.4037027,0.0
2024-01-11 05:30:00,6.388,0.0,0.0,0.0,0.0,5.36877835,0.0
2024-01-11 06:00:00,6.363,0.0,0.0,0.0,0.0,5.333854,0.0
2024-01-11 06:30:00,6.238,0.0,0.0,0.0,0.0,5.333854,0.0
2024-01-11 07:00:00,6.113,0.0,0.03291451257484291,0.0,0.0,5.333854,0.0
2024-01-11 07:30:00,6.188000000000001,0.0,0.1474684616823036,6.839509,5.967396,5.2746078,0.0
2024-01-11 08:00:00,6.263,15.20990969660853,0.2578425075199355,13.679018,11.934792,5.2153616,8.839
2024-01-11 08:30:00,6.763,97.2356615919647,0.36214905030471095,135.916274,48.9440235,5.344924,16.613
2024-01-11 09:00:00,7.263,202.7348219483502,0.45860413088137425,258.15353,85.953255,5.4744864,29.478
2024-01-11 09:30:00,7.763,290.8823437997894,0.5455579596082274,341.87695,106.0744925,5.7376597,42.173
2024-01-11 10:00:00,8.263,388.9132346547652,0.6215231351939279,425.60037,126.19573,6.000833,66.113
2024-01-11 10:30:00,8.588000000000001,440.1721295156258,0.6852001090237039,418.778365,155.52428,6.102029,85.33000000000001
2024-01-11 11:00:00,8.913,485.05120747583146,0.7354994337429003,411.95636,184.85283,6.203225,86.65599999999999
2024-01-11 11:30:00,9.238,501.7108299475257,0.7715604072289597,400.971695,195.29731,6.0520362,124.171
2024-01-11 12:00:00,9.563,511.7847402279241,0.792765818045001,389.98703,205.74179,5.9008474,332.241
2024-01-11 12:30:00,9.488,463.86608532424094,0.7987525193892075,306.169045,223.140245,6.060487950000001,243.606
2024-01-11 13:00:00,9.413,411.5370770809524,0.7894176528817967,222.35106,240.5387,6.2201285,340.887
2024-01-11 13:30:00,9.313,334.4022936152438,0.764920423823259,144.019997,228.8308,5.96181795,285.198
2024-01-11 14:00:00,9.213,260.1367930136934,0.7256793853848754,65.688934,217.1229,5.7035074,447.75999999999993
2024-01-11 14:30:00,9.288,279.0836715711436,0.6723652906393095,153.98521699999998,179.07209999999998,5.4560768500000005,132.46099999999998
2024-01-11 15:00:00,9.363,285.42687217362226,0.6058896249117041,242.2815,141.0213,5.2086463,157.85399999999998
2024-01-11 15:30:00,9.288,235.11638587027645,0.5273890128051094,231.58748,114.916475,5.06704515,166.086
2024-01-11 16:00:00,9.213,184.12515440422118,0.43820578748547623,220.89346,88.81165,4.925444,71.871
2024-01-11 16:30:00,8.763,111.93258600319746,0.3398650281356866,166.09468,56.428796,4.273799,89.93
2024-01-11 17:00:00,8.313,49.68589878992083,0.23404846702197735,111.2959,24.045942,3.622154,10.36
2024-01-11 17:30:00,7.638,0.0,0.12256573823246099,55.64795000000001,12.022971,2.9512525,0.733
2024-01-11 18:00:00,6.963,0.0,0.007323420501706633,0.0,0.0,2.280351,0.0
2024-01-11 18:30:00,6.563000000000001,0.0,0.0,0.0,0.0,1.96479665,0.0
2024-01-11 19:00:00,6.163,0.0,0.0,0.0,0.0,1.6492423,0.0
2024-01-11 19:30:00,5.663,0.0,0.0,0.0,0.0,1.32711495,0.0
2024-01-11 20:00:00,5.163,0.0,0.0,0.0,0.0,1.0049876,0.0
2024-01-11 20:30:00,4.788,0.0,0.0,0.0,0.0,1.0547618,0.0
2024-01-11 21:00:00,4.413,0.0,0.0,0.0,0.0,1.104536,0.0
2024-01-11 21:30:00,4.088,0.0,0.0,0.0,0.0,1.26815905,0.0
2024-01-11 22:00:00,3.763,0.0,0.0,0.0,0.0,1.4317821,0.0
2024-01-11 22:30:00,3.713,0.0,0.0,0.0,0.0,1.2815765,0.0
2024-01-11 23:00:00,3.663,0.0,0.0,0.0,0.0,1.1313709,0.0
2024-01-11 23:30:00,3.8129999,0.0,0.0,0.0,0.0,0.7656854500000001,0.0
2024-01-12 00:00:00,3.9629998,0.0,0.0,0.0,0.0,0.4,0.0
2024-01-12 00:30:00,3.6379999,0.0,0.0,0.0,0.0,0.46925823,0.0
2024-01-12 01:00:00,3.313,0.0,0.0,0.0,0.0,0.53851646,0.0
2024-01-12 01:30:00,3.5129999,0.0,0.0,0.0,0.0,1.01925823,0.0
2024-01-12 02:00:00,3.7129998,0.0,0.0,0.0,0.0,1.5,0.0
2024-01-12 02:30:00,4.9129999,0.0,0.0,0.0,0.0,1.61023255,0.0
2024-01-12 03:00:00,6.113,0.0,0.0,0.0,0.0,1.7204651,0.0
2024-01-12 03:30:00,6.33799985,0.0,0.0,0.0,0.0,2.05291855,0.0
2024-01-12 04:00:00,6.5629997,0.0,0.0,0.0,0.0,2.385372,0.0
2024-01-12 04:30:00,6.8129997,0.0,0.0,0.0,0.0,2.40305785,0.0
2024-01-12 05:00:00,7.0629997,0.0,0.0,0.0,0.0,2.4207437,0.0
2024-01-12 05:30:00,7.16299985,0.0,0.0,0.0,0.0,2.1404256,0.0
2024-01-12 06:00:00,7.263,0.0,0.0,0.0,0.0,1.8601075,0.0
2024-01-12 06:30:00,7.013,0.0,0.0,0.0,0.0,1.87345185,0.0
2024-01-12 07:00:00,6.763,0.0,0.032179241378748745,0.0,0.0,1.8867962,0.0
2024-01-12 07:30:00,6.813000000000001,0.0,0.14690220362037076,0.0,7.1512425,2.08466935,0.377
2024-01-12 08:00:00,6.863,13.979030480025429,0.2574663984316035,0.0,14.302485,2.2825425,6.782
2024-01-12 08:30:00,7.513,68.42672688375276,0.3619809515852317,25.684725,60.4632475,2.31174125,10.477
2024-01-12 09:00:00,8.163,127.8406866294003,0.4586583219273354,51.36945,106.62401,2.34094,38.237
2024-01-12 09:30:00,9.163,207.17563004792902,0.545844892152636,137.19602500000002,135.03186,2.21450065,125.63899999999998
2024-01-12 10:00:00,10.163,299.02714215482195,0.622049253720586,223.0226,163.43971,2.0880613,153.611
2024-01-12 10:30:00,10.963,333.8135663042258,0.6859677404008906,240.590265,171.95335999999998,2.34787115,181.778
2024-01-12 11:00:00,11.763,367.39176894685056,0.7365067479794211,258.15793,180.46701,2.607681,139.31599999999997
2024-01-12 11:30:00,12.288,406.2089250068534,0.7728014499712292,269.587175,201.439315,1.8561085,256.811
2024-01-12 12:00:00,12.813,441.6782629720142,0.7942306142931224,281.01642,222.41162,1.104536,288.527
2024-01-12 12:30:00,13.113,447.32631765591543,0.8004272466250696,310.26777500000003,202.30442,1.53715375,270.645
2024-01-12 13:00:00,13.413,448.1290087333145,0.7912848805600936,339.51913,182.19722,1.9697715,277.73400000000004
2024-01-12 13:30:00,13.613,463.95091365716394,0.766959415118834,398.66624,160.222335,2.5549175,341.809
2024-01-12 14:00:00,13.813,470.1345008503812,0.7278664559596184,457.81335,138.24745,3.1400635,177.597
2024-01-12 14:30:00,13.388,395.92261680010483,0.6746742181813499,377.303085,143.219145,2.74050175,332.57700000000006
2024-01-12 15:00:00,12.963,326.36111397835793,0.6082921023918362,296.79282,148.19084,2.34094,325.283
2024-01-12 15:30:00,11.988,187.5050162517744,0.5298551375949768,153.220991,108.26448,1.8375532,90.492
2024-01-12 16:00:00,11.013,71.06821830626721,0.4407045778650941,9.649162,68.33812,1.3341664,40.394
2024-01-12 16:30:00,10.438,42.71093041560739,0.3423649582502613,4.824581,41.997368,1.23717095,9.31
2024-01-12 17:00:00,9.863,15.302537445629468,0.23651801108708126,0.0,15.656616,1.1401755,5.385999999999999
2024-01-12 17:30:00,9.513,0.0,0.12497391453902433,0.0,7.828308,1.52533635,0.009
2024-01-12 18:00:00,9.163,0.0,0.009640325817658247,0.0,0.0,1.9104972,0.0
2024-01-12 18:30:00,8.988,0.0,0.0,0.0,0.0,1.88530235,0.0
2024-01-12 19:00:00,8.813,0.0,0.0,0.0,0.0,1.8601075,0.0
2024-01-12 19:30:00,8.738,0.0,0.0,0.0,0.0,1.96083015,0.0
2024-01-12 20:00:00,8.663,0.0,0.0,0.0,0.0,2.0615528,0.0
2024-01-12 20:30:00,8.613,0.0,0.0,0.0,0.0,2.42092025,0.0
2024-01-12 21:00:00,8.563,0.0,0.0,0.0,0.0,2.7802877,0.0
2024-01-12 21:30:00,8.338000000000001,0.0,0.0,0.0,0.0,2.9304360000000003,0.0
2024-01-12 22:00:00,8.113,0.0,0.0,0.0,0.0,3.0805843,0.0
2024-01-12 22:30:00,8.088000000000001,0.0,0.0,0.0,0.0,3.69957465,0.0
2024-01-12 23:00:00,8.063,0.0,0.0,0.0,0.0,4.318565,0.0
2024-01-12 23:30:00,8.038,0.0,0.0,0.0,0.0,4.9106455,0.0
2024-01-13 00:00:00,8.013,0.0,0.0,0.0,0.0,5.502726,0.0
2024-01-13 00:30:00,7.988000149999999,0.0,0.0,0.0,0.0,5.597413,0.0
2024-01-13 01:00:00,7.9630003,0.0,0.0,0.0,0.0,5.6921,0.0
2024-01-13 01:30:00,7.8629999,0.0,0.0,0.0,0.0,5.6964885,0.0
2024-01-13 02:00:00,7.7629995,0.0,0.0,0.0,0.0,5.700877,0.0
2024-01-13 02:30:00,7.98799975,0.0,0.0,0.0,0.0,5.523452000000001,0.0
2024-01-13 03:00:00,8.213,0.0,0.0,0.0,0.0,5.346027,0.0
2024-01-13 03:30:00,7.88799985,0.0,0.0,0.0,0.0,5.65713815,0.0
2024-01-13 04:00:00,7.5629997,0.0,0.0,0.0,0.0,5.9682493,0.0
2024-01-13 04:30:00,7.3129997,0.0,0.0,0.0,0.0,6.38743165,0.0
2024-01-13 05:00:00,7.0629997,0.0,0.0,0.0,0.0,6.806614,0.0
2024-01-13 05:30:00,7.03799985,0.0,0.0,0.0,0.0,6.87101535,0.0
2024-01-13 06:00:00,7.013,0.0,0.0,0.0,0.0,6.9354167,0.0
2024-01-13 06:30:00,6.888,0.0,0.0,0.0,0.0,6.62761355,0.0
2024-01-13 07:00:00,6.763,0.0,0.031514985785928845,0.0,0.0,6.3198104,0.0
2024-01-13 07:30:00,6.713,0.0,0.14641039275064255,6.831094500000001,5.9497585,6.4561150000000005,0.177
2024-01-13 08:00:00,6.663,15.161816683161504,0.2571674074806834,13.662189,11.899517,6.5924196,7.227
2024-01-13 08:30:00,6.86299985,92.45887829093587,0.36189183460006574,143.0019795,41.45778849999999,7.0368648,41.828
2024-01-13 09:00:00,7.0629997,194.71527868411277,0.45879251825804535,272.34177,71.01606,7.48131,148.549
2024-01-13 09:30:00,7.23799985,222.81978398893028,0.5462119953390143,243.60376,91.381443,8.0070935,161.30800000000002
2024-01-13 10:00:00,7.413,243.54126478118513,0.622654846785291,214.86575,111.746826,8.532877,135.933
2024-01-13 10:30:00,7.913,399.5628403365505,0.6868133004260082,400.192225,126.303323,8.8285105,218.344
2024-01-13 11:00:00,8.413,571.5294471987338,0.7375896216044281,585.5187,140.85982,9.124144,481.297
2024-01-13 11:30:00,8.562999999999999,605.268670985474,0.7741149001940005,599.5577499999999,142.154925,9.0459315,94.94
2024-01-13 12:00:00,8.713,630.90544130967,0.7957639377612755,613.5968,143.45003,8.967719,127.301
2024-01-13 12:30:00,8.788,617.2171657073663,0.8021659594290478,578.964935,153.938095,9.1166235,248.11
2024-01-13 13:00:00,8.863,594.7261327830518,0.7932109692184853,544.33307,164.42616,9.265528,159.381
2024-01-13 13:30:00,8.713000000000001,549.1886301786768,0.7690516484650618,517.224635,152.786535,9.3044875,1019.007
2024-01-13 14:00:00,8.563,497.7113796988905,0.730100752513781,490.1162,141.14691,9.343447,217.71
2024-01-13 14:30:00,8.288,376.23411227504903,0.6770240626110433,373.84295,124.55908,8.6371995,223.213
2024-01-13 15:00:00,8.013,263.69499202754525,0.6107290038856942,257.5697,107.97125,7.930952,105.906
2024-01-13 15:30:00,7.738000149999999,188.60279000186938,0.5323491222030658,182.7179175,92.87267,7.82066725,133.894
2024-01-13 16:00:00,7.4630003,124.08536430675878,0.44322470627340615,107.866135,77.77409,7.7103825,71.64800000000001
2024-01-13 16:30:00,7.16300015,74.7347712026816,0.34487986005527904,74.943945,49.859236,7.0304866,43.387
2024-01-13 17:00:00,6.863,31.54284884640243,0.238996426321473,42.021755,21.944382,6.3505907,40.098
2024-01-13 17:30:00,6.788,0.0,0.12738523309982996,21.0108775,10.972191,6.36473105,0.017
2024-01-13 18:00:00,6.713,0.0,0.011955115483273914,0.0,0.0,6.3788714,0.0
2024-01-13 18:30:00,6.738,0.0,0.0,0.0,0.0,6.2394357,0.0
2024-01-13 19:00:00,6.763,0.0,0.0,0.0,0.0,6.1,0.0
2024-01-13 19:30:00,6.763,0.0,0.0,0.0,0.0,5.8717902,0.0
2024-01-13 20:00:00,6.763,0.0,0.0,0.0,0.0,5.6435804,0.0
2024-01-13 20:30:00,6.563000000000001,0.0,0.0,0.0,0.0,5.5790534,0.0
2024-01-13 21:00:00,6.363,0.0,0.0,0.0,0.0,5.5145264,0.0
2024-01-13 21:30:00,6.263,0.0,0.0,0.0,0.0,5.3194887,0.0
2024-01-13 22:00:00,6.163,0.0,0.0,0.0,0.0,5.124451,0.0
2024-01-13 22:30:00,6.063000000000001,0.0,0.0,0.0,0.0,4.964308,0.0
2024-01-13 23:00:00,5.963,0.0,0.0,0.0,0.0,4.804165,0.0
2024-01-13 23:30:00,6.01299985,0.0,0.0,0.0,0.0,4.5520825,0.0
2024-01-14 00:00:00,6.0629997,0.0,0.0,0.0,0.0,4.3,0.0
2024-01-14 00:30:00,5.8129997,0.0,0.0,0.0,0.0,4.155617149999999,0.0
2024-01-14 01:00:00,5.5629997,0.0,0.0,0.0,0.0,4.0112343,0.0
2024-01-14 01:30:00,5.5629997,0.0,0.0,0.0,0.0,3.85831785,0.0
2024-01-14 02:00:00,5.5629997,0.0,0.0,0.0,0.0,3.7054014,0.0
2024-01-14 02:30:00,5.63799985,0.0,0.0,0.0,0.0,3.7054014,0.0
2024-01-14 03:00:00,5.713,0.0,0.0,0.0,0.0,3.7054014,0.0
2024-01-14 03:30:00,5.588,0.0,0.0,0.0,0.0,3.7033763,0.0
2024-01-14 04:00:00,5.463,0.0,0.0,0.0,0.0,3.7013512,0.0
2024-01-14 04:30:00,5.238,0.0,0.0,0.0,0.0,3.20898345,0.0
2024-01-14 05:00:00,5.013,0.0,0.0,0.0,0.0,2.7166157,0.0
2024-01-14 05:30:00,4.53799985,0.0,0.0,0.0,0.0,2.5126475,0.0
2024-01-14 06:00:00,4.0629997,0.0,0.0,0.0,0.0,2.3086793,0.0
2024-01-14 06:30:00,3.8129997,0.0,0.0,0.0,0.0,2.20552945,0.0
2024-01-14 07:00:00,3.5629997,0.0,0.03092303085623347,0.0,0.0,2.1023796,0.0
2024-01-14 07:30:00,3.63799975,0.0,0.1459941072283648,20.4775065,7.1264400000000006,2.0807528,4.058
2024-01-14 08:00:00,3.7129998,24.507511892088544,0.2569463832618632,40.955013,14.25288,2.059126,12.426
2024-01-14 08:30:00,5.2629997500000005,156.42997279285362,0.3618822997503652,312.1006565,44.07176,2.1697385,34.777
2024-01-14 09:00:00,6.8129997,340.7024375995819,0.4590070577298272,583.2463,73.89064,2.280351,47.156000000000006
2024-01-14 09:30:00,7.937999850000001,432.17673442901923,0.5466593346759718,628.84605,89.20296,2.39117505,510.981
2024-01-14 10:00:00,9.063,524.2449170392161,0.6233397024626399,674.4458,104.51528,2.5019991,606.525
2024-01-14 10:30:00,9.663,621.358248080646,0.6877362994579062,750.87625,105.08145,2.20099955,751.732
2024-01-14 11:00:00,10.263,717.2413004666422,0.7387472917807243,827.3067,105.64762,1.9,733.519
2024-01-14 11:30:00,10.963,760.9929467773101,0.7754997310944391,843.8806500000001,105.8466675,1.56846585,781.929
2024-01-14 12:00:00,11.663,793.1527046697934,0.797364511487728,860.4546,106.045715,1.2369317,801.056
2024-01-14 12:30:00,12.138,771.1490773770943,0.8039671487997283,820.1218,110.9863375,0.979021,450.932
2024-01-14 13:00:00,12.613,736.6231314161439,0.7951941999366272,779.789,115.92696,0.7211103,792.151
2024-01-14 13:30:00,12.538,639.152870743851,0.7711952207589812,665.30792,126.222125,0.99301065,190.5
2024-01-14 14:00:00,12.463,539.016403996201,0.7323802166656538,550.82684,136.51729,1.264911,755.0939999999999
2024-01-14 14:30:00,12.313,458.2659409634707,0.6794126418362505,483.29309,131.09036,1.4150792499999998,200.873
2024-01-14 15:00:00,12.163,379.162107820605,0.6131980572742318,415.75934,125.66343,1.5652475,111.112
2024-01-14 15:30:00,11.663,289.402542300643,0.5348686396976753,346.00101,105.691155,1.83381355,69.46199999999999
2024-01-14 16:00:00,11.163,207.5946115035252,0.445763827105467,276.24268,85.71888,2.1023796,27.991
2024-01-14 16:30:00,10.588,124.30561576129006,0.34740740569212436,199.913298,55.698822,1.5920225,28.496
2024-01-14 17:00:00,10.013,55.09611565844061,0.241481438699417,123.583916,25.678764,1.0816654,16.813
2024-01-14 17:30:00,9.113,0.0,0.1297975088500734,61.791958,12.839382,1.19275295,0.5700000000000001
2024-01-14 18:00:00,8.213,0.0,0.014265726929008767,0.0,0.0,1.3038405,0.0
2024-01-14 18:30:00,7.963000149999999,0.0,0.0,0.0,0.0,1.78549865,0.0
2024-01-14 19:00:00,7.7130003,0.0,0.0,0.0,0.0,2.2671568,0.0
2024-01-14 19:30:00,7.188000150000001,0.0,0.0,0.0,0.0,2.1594926,0.0
2024-01-14 20:00:00,6.663,0.0,0.0,0.0,0.0,2.0518284,0.0
2024-01-14 20:30:00,6.438000000000001,0.0,0.0,0.0,0.0,1.8991267,0.0
2024-01-14 21:00:00,6.213,0.0,0.0,0.0,0.0,1.746425,0.0
2024-01-14 21:30:00,6.01299985,0.0,0.0,0.0,0.0,1.3757063,0.0
2024-01-14 22:00:00,5.8129997,0.0,0.0,0.0,0.0,1.0049876,0.0
2024-01-14 22:30:00,5.78799985,0.0,0.0,0.0,0.0,1.0877287999999998,0.0
2024-01-14 23:00:00,5.763,0.0,0.0,0.0,0.0,1.17047,0.0
2024-01-14 23:30:00,6.263,0.0,0.0,0.0,0.0,1.5508954,0.0
2024-01-15 00:00:00,6.763,0.0,0.0,0.0,0.0,1.9313208,0.0
2024-01-15 00:30:00,6.763,0.0,0.0,0.0,0.0,1.8997374,0.0
2024-01-15 01:00:00,6.763,0.0,0.0,0.0,0.0,1.868154,0.0
2024-01-15 01:30:00,6.713,0.0,0.0,0.0,0.0,1.69892995,0.0
2024-01-15 02:00:00,6.663,0.0,0.0,0.0,0.0,1.5297059,0.0
2024-01-15 02:30:00,7.688,0.0,0.0,0.0,0.0,2.4291846,0.0
2024-01-15 03:00:00,8.713,0.0,0.0,0.0,0.0,3.3286633,0.0
2024-01-15 03:30:00,8.713,0.0,0.0,0.0,0.0,3.54382615,0.0
2024-01-15 04:00:00,8.713,0.0,0.0,0.0,0.0,3.758989,0.0
2024-01-15 04:30:00,8.288,0.0,0.0,0.0,0.0,3.48961875,0.0
2024-01-15 05:00:00,7.863,0.0,0.0,0.0,0.0,3.2202485,0.0
2024-01-15 05:30:00,7.81299975,0.0,0.0,0.0,0.0,3.1793598,0.0
2024-01-15 06:00:00,7.7629995,0.0,0.0,0.0,0.0,3.1384711,0.0
2024-01-15 06:30:00,8.11299975,0.0,0.0,0.0,0.0,2.70281395,0.0
2024-01-15 07:00:00,8.463,0.0,0.030404562019349945,0.0,0.0,2.2671568,0.0
2024-01-15 07:30:00,8.338,0.0,0.1456543225118578,13.637128999999998,7.111516,2.4083333,0.0
2024-01-15 08:00:00,8.213,20.94125454220059,0.2568040702636348,27.274258,14.223032,2.5495098,20.752
2024-01-15 08:30:00,9.163,86.69815773538602,0.3619528435414856,114.298874,46.22128599999999,2.94583225,29.587000000000003
2024-01-15 09:00:00,10.113,169.18591355572073,0.459302176189717,201.32349,78.21954,3.3421547,65.10399999999998
2024-01-15 09:30:00,10.963,278.8902628602632,0.5471868772111488,304.56647,114.17249,3.6891211,396.475
2024-01-15 10:00:00,11.813,402.2686894064933,0.62410351553066,407.80945,150.12544,4.0360875,598.968
2024-01-15 10:30:00,11.963,405.80088025715236,0.6887361612512198,357.0172,162.552205,4.7502589,679.7760000000001
2024-01-15 11:00:00,12.113,398.6670777851839,0.7399789172079725,306.22495,174.97897,5.4644303,753.479
2024-01-15 11:30:00,12.713,474.1760518243099,0.7769548468735965,384.582075,177.953935,5.56240965,164.287
2024-01-15 12:00:00,13.313,548.5819903771118,0.7990310001281384,462.9392,180.9289,5.660389,324.14300000000003
2024-01-15 12:30:00,13.313,550.3984965247656,0.8058292589444369,480.70547,164.79935999999998,6.17459275,757.6840000000001
2024-01-15 13:00:00,13.313,544.7827399848743,0.7972328193754956,498.47174,148.66982,6.6887965,76.413
2024-01-15 13:30:00,12.913,385.44908647263685,0.7733882074186489,285.062785,167.59451,5.88998275,234.137
2024-01-15 14:00:00,12.513,235.22933926418867,0.7347027818389584,71.65383,186.5192,5.091169,148.548
2024-01-15 14:30:00,11.813,191.61887791055696,0.6818377789653924,52.480595,159.23845,5.155661,61.525
2024-01-15 15:00:00,11.113,149.59342204678683,0.6156970089076503,33.30736,131.9577,5.220153,53.093
2024-01-15 15:30:00,10.638,108.33515067413451,0.5374113945252875,20.201837,99.66733,5.0251335,11.659
2024-01-15 16:00:00,10.163,69.05214336646145,0.4483196384283551,7.096314,67.37696,4.830114,16.384
2024-01-15 16:30:00,10.088,40.69660549548816,0.34994532245471294,3.548157,40.358915,4.8030477000000005,4.879
2024-01-15 17:00:00,10.013,13.03916266019904,0.24397083979028283,0.0,13.34087,4.7759814,8.847
2024-01-15 17:30:00,10.163,0.0,0.13220863152313794,0.0,6.670435,5.1393537,0.0
2024-01-15 18:00:00,10.313,0.0,0.016570180190269783,0.0,0.0,5.502726,0.0
2024-01-15 18:30:00,10.338,0.0,0.0,0.0,0.0,5.4196958,0.0
2024-01-15 19:00:00,10.363,0.0,0.0,0.0,0.0,5.3366656,0.0
2024-01-15 19:30:00,10.663,0.0,0.0,0.0,0.0,4.92941665,0.0
2024-01-15 20:00:00,10.963,0.0,0.0,0.0,0.0,4.5221677,0.0
2024-01-15 20:30:00,11.238,0.0,0.0,0.0,0.0,4.84226585,0.0
2024-01-15 21:00:00,11.513,0.0,0.0,0.0,0.0,5.162364,0.0
2024-01-15 21:30:00,11.688,0.0,0.0,0.0,0.0,5.4210763,0.0
2024-01-15 22:00:00,11.863,0.0,0.0,0.0,0.0,5.6797886,0.0
2024-01-15 22:30:00,11.813,0.0,0.0,0.0,0.0,6.2014418,0.0
2024-01-15 23:00:00,11.763,0.0,0.0,0.0,0.0,6.723095,0.0
2024-01-15 23:30:00,11.938,0.0,0.0,0.0,0.0,6.6372155,0.0
2024-01-16 00:00:00,12.113,0.0,0.0,0.0,0.0,6.551336,0.0
2024-01-16 00:30:00,12.138,0.0,0.0,0.0,0.0,6.4141391500000005,0.0
2024-01-16 01:00:00,12.163,0.0,0.0,0.0,0.0,6.2769423,0.0
2024-01-16 01:30:00,12.088,0.0,0.0,0.0,0.0,6.49257315,0.0
2024-01-16 02:00:00,12.013,0.0,0.0,0.0,0.0,6.708204,0.0
2024-01-16 02:30:00,11.938,0.0,0.0,0.0,0.0,7.2508955,0.0
2024-01-16 03:00:00,11.863,0.0,0.0,0.0,0.0,7.793587,0.0
2024-01-16 03:30:00,11.838,0.0,0.0,0.0,0.0,7.4891465,0.0
2024-01-16 04:00:00,11.813,0.0,0.0,0.0,0.0,7.184706,0.0
2024-01-16 04:30:00,11.788,0.0,0.0,0.0,0.0,6.80249325,0.0
2024-01-16 05:00:00,11.763,0.0,0.0,0.0,0.0,6.4202805,0.0
2024-01-16 05:30:00,11.538,0.0,0.0,0.0,0.0,6.03193045,0.0
2024-01-16 06:00:00,11.313,0.0,0.0,0.0,0.0,5.6435804,0.0
2024-01-16 06:30:00,11.413,0.0,0.0,0.0,0.0,5.2840047000000006,0.0
2024-01-16 07:00:00,11.513,0.0,0.029960634221974154,0.0,0.0,4.924429,0.0
2024-01-16 07:30:00,11.713,0.0,0.14539188075759613,0.0,7.095250999999999,5.2822323,3.385
2024-01-16 08:00:00,11.913,13.869580005492878,0.2567410788902773,0.0,14.190502,5.6400356,53.391
2024-01-16 08:30:00,12.138,60.93767065263145,0.36210382972994437,41.590225,46.882406,5.6704563,110.541
2024-01-16 09:00:00,12.363,116.12202303979188,0.4596779801465609,83.18045,79.57431,5.700877,420.135
2024-01-16 09:30:00,13.088,213.9182093666987,0.5477944661105068,187.005825,113.625015,5.54116335,172.477
2024-01-16 10:00:00,13.813,326.8228604526324,0.6249458642889913,290.8312,147.67572,5.3814497,342.97900000000004
2024-01-16 10:30:00,14.188,411.47202386084837,0.6898122023424038,363.18705,163.52617500000002,5.55472535,578.418
2024-01-16 11:00:00,14.563,499.67401684049634,0.7412835602892595,435.5429,179.37663,5.728001,270.232
2024-01-16 11:30:00,14.838,479.91173585586876,0.7784790678568508,342.32478,217.08403,6.3197927,315.722
2024-01-16 12:00:00,15.113,449.5000419868274,0.800761998182949,249.10666,254.79143,6.9115844,251.347
2024-01-16 12:30:00,15.038,402.77438741191395,0.8077506787003519,197.735725,247.854265,6.6888249,316.66099999999994
2024-01-16 13:00:00,14.963,353.07458832031284,0.7993250344235394,146.36479,240.9171,6.4660654,177.855
2024-01-16 13:30:00,14.963,300.23530760893885,0.7756286602393473,107.047042,221.78076,6.52126955,192.252
2024-01-16 14:00:00,14.963,248.25254532343536,0.7370663742459291,67.729294,202.64442,6.5764737,156.749
2024-01-16 14:30:00,14.813,207.4141733730088,0.6842973062858745,45.5516845,180.142415,6.038691350000001,123.871
2024-01-16 15:00:00,14.663,168.60540208482703,0.6182236303980475,23.374075,157.64041,5.500909,65.605
2024-01-16 15:30:00,14.313,119.58063605221767,0.5399751318708319,14.0362145,114.546235,5.1779018,70.372
2024-01-16 16:00:00,13.963,71.96630230764379,0.4508898936837935,4.698354,71.45206,4.8548946,43.348
2024-01-16 16:30:00,13.563,48.83467462987385,0.35249140651242905,3.7572815,48.60172,4.717643949999999,36.641
2024-01-16 17:00:00,13.163,25.866758323232034,0.24646250217066495,2.816209,25.75138,4.5803933,8.134
2024-01-16 17:30:00,12.638,0.0,0.13461658239997032,1.4081045,12.87569,4.3255098,0.01
2024-01-16 18:00:00,12.113,0.0,0.018866595608582608,0.0,0.0,4.0706263,0.0
2024-01-16 18:30:00,12.013,0.0,0.0,0.0,0.0,3.7063905,0.0
2024-01-16 19:00:00,11.913,0.0,0.0,0.0,0.0,3.3421547,0.0
2024-01-16 19:30:00,11.688,0.0,0.0,0.0,0.0,2.9911152000000003,0.0
2024-01-16 20:00:00,11.463,0.0,0.0,0.0,0.0,2.6400757,0.0
2024-01-16 20:30:00,11.213,0.0,0.0,0.0,0.0,2.1026616,0.0
2024-01-16 21:00:00,10.963,0.0,0.0,0.0,0.0,1.5652475,0.0
2024-01-16 21:30:00,10.538,0.0,0.0,0.0,0.0,1.3211402,0.0
2024-01-16 22:00:00,10.113,0.0,0.0,0.0,0.0,1.0770329,0.0
2024-01-16 22:30:00,9.938,0.0,0.0,0.0,0.0,1.14884425,0.0
2024-01-16 23:00:00,9.763,0.0,0.0,0.0,0.0,1.2206556,0.0
2024-01-16 23:30:00,9.738,0.0,0.0,0.0,0.0,1.3314381,0.0
2024-01-17 00:00:00,9.713,0.0,0.0,0.0,0.0,1.4422206,0.0
2024-01-17 00:30:00,9.513,0.0,0.0,0.0,0.0,1.4644137,0.0
2024-01-17 01:00:00,9.313,0.0,0.0,0.0,0.0,1.4866068,0.0
2024-01-17 01:30:00,8.963000000000001,0.0,0.0,0.0,0.0,1.38361585,0.0
2024-01-17 02:00:00,8.613,0.0,0.0,0.0,0.0,1.2806249,0.0
2024-01-17 02:30:00,9.463,0.0,0.0,0.0,0.0,1.73803735,0.0
2024-01-17 03:00:00,10.313,0.0,0.0,0.0,0.0,2.1954498,0.0
2024-01-17 03:30:00,10.138,0.0,0.0,0.0,0.0,1.8188352,0.0
2024-01-17 04:00:00,9.963,0.0,0.0,0.0,0.0,1.4422206,0.0
2024-01-17 04:30:00,9.938,0.0,0.0,0.0,0.0,1.32319005,0.0
2024-01-17 05:00:00,9.913,0.0,0.0,0.0,0.0,1.2041595,0.0
2024-01-17 05:30:00,10.163,0.0,0.0,0.0,0.0,0.67279043,0.0
2024-01-17 06:00:00,10.413,0.0,0.0,0.0,0.0,0.14142136,0.0
2024-01-17 06:30:00,9.613,0.0,0.0,0.0,0.0,0.22071068,0.0
2024-01-17 07:00:00,8.813,0.0,0.029592151690195332,0.0,0.0,0.3,0.0
2024-01-17 07:30:00,8.613,0.0,0.14520747088395355,20.40402,8.257492,0.5,5.390000000000001
2024-01-17 08:00:00,8.413,26.672634319289568,0.25675786615442103,40.80804,16.514984,0.7,86.722
2024-01-17 08:30:00,9.538,174.33217443666337,0.3623354708880165,358.32607,45.0350495,0.902268,228.629
2024-01-17 09:00:00,10.663,383.780148591513,0.46013442948593664,675.8441,73.555115,1.104536,372.302
2024-01-17 09:30:00,12.088,485.51871956207356,0.5484818047087342,737.860375,81.183735,0.664071405,484.52199999999993
2024-01-17 10:00:00,13.513,589.4462060415683,0.6258661961692777,799.87665,88.812355,0.22360681,571.837
2024-01-17 10:30:00,14.313,659.9814191341142,0.6909636193540591,822.6197500000001,91.1738725,0.4472136049999999,642.9159999999999
2024-01-17 11:00:00,15.113,722.1490721668567,0.7426601763069369,845.36285,93.53539,0.6708204,691.94
2024-01-17 11:30:00,15.813,755.117975010111,0.7800711216460408,845.4257749999999,94.61207,0.78262382,729.111
2024-01-17 12:00:00,16.513,775.4717846524137,0.8025560231853605,845.4887,95.68875,0.89442724,744.079
2024-01-17 12:30:00,16.713,695.992165887302,0.8097297367830363,716.761775,115.281175,1.01730137,211.13
2024-01-17 13:00:00,16.913,605.5896578055035,0.801469009493122,588.03485,134.8736,1.1401755,648.834
2024-01-17 13:30:00,17.088,567.1986993538543,0.7779146066716986,557.32605,134.392985,1.1531829500000002,459.543
2024-01-17 14:00:00,17.263,522.4123857197228,0.7394689140696855,526.61725,133.91237,1.1661904,115.558
2024-01-17 14:30:00,16.788001,420.1051011897718,0.6867890682385094,424.98146,129.551682,0.7412090800000001,86.869
2024-01-17 15:00:00,16.313002,324.1948029347966,0.6207757232413054,323.34567,125.190994,0.31622776,135.389
2024-01-17 15:30:00,15.713001,281.4897743291317,0.5425576437885722,345.95345999999995,94.917892,0.6108831299999999,343.438
2024-01-17 16:00:00,15.113,231.24285757835065,0.4534724091040428,368.56125,64.64479,0.9055385,81.51100000000001
2024-01-17 16:30:00,14.563,131.90573672210203,0.35504353140248546,246.24691,44.947926,0.85276925,43.81400000000001
2024-01-17 17:00:00,14.013,55.69778597213492,0.2489543887703142,123.93257,25.251062,0.8,60.703
2024-01-17 17:30:00,13.163,0.0,0.1370194442794144,61.966285,12.625531,1.00207975,2.104
2024-01-17 18:00:00,12.313,0.0,0.021153204186575517,0.0,0.0,1.2041595,0.0
2024-01-17 18:30:00,11.563,0.0,0.0,0.0,0.0,1.00519265,0.0
2024-01-17 19:00:00,10.813,0.0,0.0,0.0,0.0,0.8062258,0.0
2024-01-17 19:30:00,10.238,0.0,0.0,0.0,0.0,0.756666285,0.0
2024-01-17 20:00:00,9.663,0.0,0.0,0.0,0.0,0.70710677,0.0
2024-01-17 20:30:00,9.213,0.0,0.0,0.0,0.0,1.005473635,0.0
2024-01-17 21:00:00,8.763,0.0,0.0,0.0,0.0,1.3038405,0.0
2024-01-17 21:30:00,8.687999999999999,0.0,0.0,0.0,0.0,1.571159,0.0
2024-01-17 22:00:00,8.613,0.0,0.0,0.0,0.0,1.8384775,0.0
2024-01-17 22:30:00,8.687999999999999,0.0,0.0,0.0,0.0,1.8492925,0.0
2024-01-17 23:00:00,8.763,0.0,0.0,0.0,0.0,1.8601075,0.0
2024-01-17 23:30:00,8.613,0.0,0.0,0.0,0.0,1.87345185,0.0
2024-01-18 00:00:00,8.463,0.0,0.0,0.0,0.0,1.8867962,0.0
2024-01-18 00:30:00,8.562999999999999,0.0,0.0,0.0,0.0,1.9051673,0.0
2024-01-18 01:00:00,8.663,0.0,0.0,0.0,0.0,1.9235384,0.0
2024-01-18 01:30:00,8.788,0.0,0.0,0.0,0.0,1.863157,0.0
2024-01-18 02:00:00,8.913,0.0,0.0,0.0,0.0,1.8027756,0.0
2024-01-18 02:30:00,9.288,0.0,0.0,0.0,0.0,1.7076136,0.0
2024-01-18 03:00:00,9.663,0.0,0.0,0.0,0.0,1.6124516,0.0
2024-01-18 03:30:00,9.888,0.0,0.0,0.0,0.0,1.8186486,0.0
2024-01-18 04:00:00,10.113,0.0,0.0,0.0,0.0,2.0248456,0.0
2024-01-18 04:30:00,10.338,0.0,0.0,0.0,0.0,2.16676245,0.0
2024-01-18 05:00:00,10.563,0.0,0.0,0.0,0.0,2.3086793,0.0
2024-01-18 05:30:00,10.438,0.0,0.0,0.0,0.0,2.34282615,0.0
2024-01-18 06:00:00,10.313,0.0,0.0,0.0,0.0,2.376973,0.0
2024-01-18 06:30:00,10.163,0.0,0.0,0.0,0.0,2.42339545,0.0
2024-01-18 07:00:00,10.013,0.0,0.0292998601911394,0.0,0.0,2.4698179,0.0
2024-01-18 07:30:00,10.088,0.0,0.14510162141135052,20.37247,8.235816,2.60055895,0.405
2024-01-18 08:00:00,10.163,26.61786793828253,0.2568547292160238,40.74494,16.471632,2.7313,35.729
2024-01-18 08:30:00,10.988,147.6859393730556,0.3626478227518127,269.27652,50.818451,3.07225485,126.449
2024-01-18 09:00:00,11.813,313.24037479453546,0.4606713326851322,497.8081,85.16527,3.4132097,165.478
2024-01-18 09:30:00,12.838,410.07213590401904,0.5492484527302384,563.08682,101.96559,3.8997761,145.704
2024-01-18 10:00:00,13.863,511.58031447430227,0.6268638249766633,628.36554,118.76591,4.3863425,197.789
2024-01-18 10:30:00,14.538,549.0311501566706,0.6921894873013368,604.1803199999999,132.005195,4.81042175,245.161
2024-01-18 11:00:00,15.213,575.5458491322013,0.7441076127745747,579.9951,145.24448,5.234501,119.922
2024-01-18 11:30:00,15.663,599.4207054063867,0.7817296434989034,577.6295700000001,149.07776,5.3398412,247.914
2024-01-18 12:00:00,16.113,614.5230344328343,0.8044115170685118,575.26404,152.91104,5.4451814,777.6280000000002
2024-01-18 12:30:00,16.262999999999998,612.9325976090371,0.8117647040820373,566.95987,153.831435,5.554551200000001,806.601
2024-01-18 13:00:00,16.413,602.5860007406269,0.8036628696671428,558.6557,154.75183,5.663921,780.24
2024-01-18 13:30:00,16.262999999999998,557.3366517005986,0.7802440537379156,537.7075500000001,138.70684500000002,5.668331500000001,613.916
2024-01-18 14:00:00,16.113,505.36000692686736,0.7419083200486658,516.7594,122.66186,5.672742,706.6329999999999
2024-01-18 14:30:00,16.213001,479.7221633223512,0.6893109265436878,542.22455,106.342425,5.453621500000001,111.703
2024-01-18 15:00:00,16.313002,443.8198169134976,0.6233511243603229,567.6897,90.02299,5.234501,550.032
2024-01-18 15:30:00,15.763001,351.7794092123999,0.5451567750101334,498.069765,80.54896,5.1282265,322.961
2024-01-18 16:00:00,15.213,265.95780221248845,0.45606506963329135,428.44983,71.07493,5.021952,340.389
2024-01-18 16:30:00,14.388,155.9838808764817,0.3575996539687312,297.268105,50.158513,4.68007725,97.767
2024-01-18 17:00:00,13.563,70.56653465094097,0.25144455869906446,166.08638,29.242096,4.3382025,52.33
2024-01-18 17:30:00,12.863,0.0,0.13941540707198044,83.04319,14.621048000000002,4.240936250000001,5.888
2024-01-18 18:00:00,12.163,0.0,0.023428352839956666,0.0,0.0,4.14367,0.0
2024-01-18 18:30:00,11.988,0.0,0.0,0.0,0.0,4.20783585,0.0
2024-01-18 19:00:00,11.813,0.0,0.0,0.0,0.0,4.2720017,0.0
2024-01-18 19:30:00,11.688,0.0,0.0,0.0,0.0,4.1786706,0.0
2024-01-18 20:00:00,11.563,0.0,0.0,0.0,0.0,4.0853395,0.0
2024-01-18 20:30:00,11.488,0.0,0.0,0.0,0.0,4.0853395,0.0
2024-01-18 21:00:00,11.413,0.0,0.0,0.0,0.0,4.0853395,0.0
2024-01-18 21:30:00,11.363,0.0,0.0,0.0,0.0,4.05823425,0.0
2024-01-18 22:00:00,11.313,0.0,0.0,0.0,0.0,4.031129,0.0
2024-01-18 22:30:00,11.188,0.0,0.0,0.0,0.0,4.14276915,0.0
2024-01-18 23:00:00,11.063,0.0,0.0,0.0,0.0,4.2544093,0.0
2024-01-18 23:30:00,11.013,0.0,0.0,0.0,0.0,4.43046315,0.0
2024-01-19 00:00:00,10.963,0.0,0.0,0.0,0.0,4.606517,0.0
2024-01-19 00:30:00,10.938,0.0,0.0,0.0,0.0,4.6975222500000005,0.0
2024-01-19 01:00:00,10.913,0.0,0.0,0.0,0.0,4.7885275,0.0
2024-01-19 01:30:00,10.913,0.0,0.0,0.0,0.0,4.63312505,0.0
2024-01-19 02:00:00,10.913,0.0,0.0,0.0,0.0,4.4777226,0.0
2024-01-19 02:30:00,11.738,0.0,0.0,0.0,0.0,3.7896676,0.0
2024-01-19 03:00:00,12.563,0.0,0.0,0.0,0.0,3.1016126,0.0
2024-01-19 03:30:00,12.288,0.0,0.0,0.0,0.0,3.02813495,0.0
2024-01-19 04:00:00,12.013,0.0,0.0,0.0,0.0,2.9546573,0.0
2024-01-19 04:30:00,11.638,0.0,0.0,0.0,0.0,2.98895035,0.0
2024-01-19 05:00:00,11.263,0.0,0.0,0.0,0.0,3.0232434,0.0
2024-01-19 05:30:00,11.038,0.0,0.0,0.0,0.0,3.15174365,0.0
2024-01-19 06:00:00,10.813,0.0,0.0,0.0,0.0,3.2802439,0.0
2024-01-19 06:30:00,10.763,0.0,0.0,0.0,0.0,3.25024605,0.0
2024-01-19 07:00:00,10.713,0.0,0.02908435023197068,0.0,0.0,3.2202482,0.0
2024-01-19 07:30:00,11.113,0.0,0.14507470445537554,0.0,9.386261,3.1633465,0.106
2024-01-19 08:00:00,11.513,18.347976398852918,0.2570318101477227,0.0,18.772522,3.1064448,9.251
2024-01-19 08:30:00,12.063,52.258923427642095,0.3630407897571015,12.1122715,48.95217100000001,3.0109603,24.24
2024-01-19 09:00:00,12.613,88.54987277899204,0.4612883530882561,24.224543,79.13182,2.9154758,37.577
2024-01-19 09:30:00,12.963,101.0038286171435,0.5500938331866435,27.9893,87.52934,3.0085442,90.57
2024-01-19 10:00:00,13.313,113.77837843637236,0.6279379383463857,31.754057,95.92686,3.1016126,104.186
2024-01-19 10:30:00,14.463,239.66114819276459,0.6934887675069884,160.1339885,131.03086000000002,3.4303008000000004,97.03
2024-01-19 11:00:00,15.613,378.5043316953744,0.7456246177002155,288.51392,166.13486,3.758989,183.27500000000003
2024-01-19 11:30:00,16.463001,552.4538962835218,0.7834531848201927,520.41701,146.00638700000002,4.14057835,227.663
2024-01-19 12:00:00,17.313002,732.6977143387462,0.8063268547578226,752.3201,125.877914,4.5221677,846.7120000000001
2024-01-19 12:30:00,17.538001,718.642150162178,0.813853802224224,720.93025,131.901877,4.842265599999999,455.644
2024-01-19 13:00:00,17.763,693.4426912641641,0.8059047091024462,689.5404,137.92584,5.1623635,841.815
2024-01-19 13:30:00,17.938000000000002,663.5950923691814,0.7826149961480057,685.0587499999999,127.49441,4.78345325,738.862
2024-01-19 14:00:00,18.113,623.7865417879619,0.7443825171640275,680.5771,117.06298,4.404543,668.073
2024-01-19 14:30:00,18.313,572.0384776451073,0.6918607673557026,685.4730500000001,97.406605,4.43218185,600.369
2024-01-19 15:00:00,18.513,510.53118398878644,0.6259477126198418,690.369,77.75023,4.4598207,491.841
2024-01-19 15:30:00,17.713,401.4920623568647,0.5477704287331089,604.97825,69.81231149999999,4.13909875,411.482
2024-01-19 16:00:00,16.913,300.12648038870907,0.45866583396161437,519.5875,61.874393,3.8183768,271.358
2024-01-19 16:30:00,15.963,177.89516102951058,0.36015781853058265,368.035375,45.5585865,3.39579525,142.725
2024-01-19 17:00:00,15.013,83.85108513804688,0.2539311705103022,216.48325,29.24278,2.9732137,32.334
2024-01-19 17:30:00,13.863,0.0,0.14180277013332468,108.241625,14.621390000000002,2.91664185,1.775
2024-01-19 18:00:00,12.713,0.0,0.025690505805551826,0.0,0.0,2.86007,0.0
2024-01-19 18:30:00,12.363,0.0,0.0,0.0,0.0,2.87225555,0.0
2024-01-19 19:00:00,12.013,0.0,0.0,0.0,0.0,2.8844411,0.0
2024-01-19 19:30:00,12.013,0.0,0.0,0.0,0.0,2.95384225,0.0
2024-01-19 20:00:00,12.013,0.0,0.0,0.0,0.0,3.0232434,0.0
2024-01-19 20:30:00,11.863,0.0,0.0,0.0,0.0,2.9328887000000003,0.0
2024-01-19 21:00:00,11.713,0.0,0.0,0.0,0.0,2.842534,0.0
2024-01-19 21:30:00,11.613,0.0,0.0,0.0,0.0,2.65920885,0.0
2024-01-19 22:00:00,11.513,0.0,0.0,0.0,0.0,2.4758837,0.0
2024-01-19 22:30:00,11.338,0.0,0.0,0.0,0.0,2.23794185,0.0
2024-01-19 23:00:00,11.163,0.0,0.0,0.0,0.0,2.0,0.0
2024-01-19 23:30:00,11.063,0.0,0.0,0.0,0.0,2.0,0.0
2024-01-20 00:00:00,10.963,0.0,0.0,0.0,0.0,2.0,0.0
2024-01-20 00:30:00,11.088,0.0,0.0,0.0,0.0,2.09658565,0.0
2024-01-20 01:00:00,11.213,0.0,0.0,0.0,0.0,2.1931713,0.0
2024-01-20 01:30:00,11.013,0.0,0.0,0.0,0.0,2.3345275,0.0
2024-01-20 02:00:00,10.813,0.0,0.0,0.0,0.0,2.4758837,0.0
2024-01-20 02:30:00,11.138,0.0,0.0,0.0,0.0,2.2304135,0.0
2024-01-20 03:00:00,11.463,0.0,0.0,0.0,0.0,1.9849433,0.0
2024-01-20 03:30:00,10.913,0.0,0.0,0.0,0.0,1.9117104,0.0
2024-01-20 04:00:00,10.363,0.0,0.0,0.0,0.0,1.8384775,0.0
2024-01-20 04:30:00,10.138,0.0,0.0,0.0,0.0,1.95001515,0.0
2024-01-20 05:00:00,9.913,0.0,0.0,0.0,0.0,2.0615528,0.0
2024-01-20 05:30:00,9.938,0.0,0.0,0.0,0.0,2.02324805,0.0
2024-01-20 06:00:00,9.963,0.0,0.0,0.0,0.0,1.9849433,0.0
2024-01-20 06:30:00,9.738,0.0,0.0,0.0,0.0,2.0554863,0.0
2024-01-20 07:00:00,9.513,0.0,0.0289460678434119,0.0,0.0,2.1260293,0.0
2024-01-20 07:30:00,9.663,12.119480745193083,0.14512694742191473,20.295704,9.359231,2.1641504,6.055000000000001
2024-01-20 08:00:00,9.813,28.791781529988853,0.25728910842905905,40.591408,18.718462,2.2022715,34.545
2024-01-20 08:30:00,11.313,123.30327496726755,0.3635141381111502,164.018039,64.9237985,2.0190138,82.005
2024-01-20 09:00:00,12.813,241.8078757188335,0.46198502238228695,287.44467,111.129135,1.8357561,66.625
2024-01-20 09:30:00,13.838,251.22806587540822,0.5510172460927261,201.56105,143.0521325,1.72565275,135.126
2024-01-20 10:00:00,14.863,244.08739709875823,0.6290876115096331,115.67743,174.97513,1.6155494,363.897
2024-01-20 10:30:00,16.088001,347.8576647057451,0.6948603212128566,217.928215,200.247805,1.53578565,640.7760000000001
2024-01-20 11:00:00,17.313002,460.7807349891265,0.7472098528779547,320.179,225.52048,1.4560219,715.2159999999999
2024-01-20 11:30:00,17.913001,483.5554702575833,0.7852402259482805,317.876365,238.1286,1.79688875,752.886
2024-01-20 12:00:00,18.513,501.4308500500525,0.808300356280727,315.57373,250.73672,2.1377556,765.266
2024-01-20 12:30:00,19.038001,607.642484376473,0.815995214839653,508.65463000000005,194.845935,2.7067118,650.4499999999999
2024-01-20 13:00:00,19.563002,705.9504523379424,0.8081926012999217,701.73553,138.95515,3.275668,354.38300000000004
2024-01-20 13:30:00,19.538001,678.4945956926542,0.7850254254353393,705.829315,124.261665,3.55421085,293.15500000000003
2024-01-20 14:00:00,19.513,640.2223557034749,0.7468894445413139,709.9231,109.56818,3.8327537,282.427
2024-01-20 14:30:00,18.638,439.11859095507384,0.6944365078329847,435.722275,137.923945,3.55421085,218.908
2024-01-20 15:00:00,17.763,264.61246000676675,0.6285634139993985,161.52145,166.27971,3.275668,135.87599999999998
2024-01-20 15:30:00,17.013,182.66636490210027,0.5503965703558105,97.8759535,131.4405675,3.21659925,130.239
2024-01-20 16:00:00,16.263,110.2951421718304,0.4612727367815447,34.230457,96.601425,3.1575305,112.31
2024-01-20 16:30:00,15.538,75.3916625468912,0.3627161577034637,25.533616,67.6028625,2.95171825,204.407
2024-01-20 17:00:00,14.813,42.072008588409076,0.25641248162878344,16.836775,38.6043,2.745906,75.518
2024-01-20 17:30:00,13.988,20.09118727180233,0.1441799403728474,8.4183875,19.30215,2.6098847000000003,5.095
2024-01-20 18:00:00,13.163,0.0,0.027938241499332037,0.0,0.0,2.4738634,0.0
2024-01-20 18:30:00,12.863,0.0,0.0,0.0,0.0,2.5224277,0.0
2024-01-20 19:00:00,12.563,0.0,0.0,0.0,0.0,2.570992,0.0
2024-01-20 19:30:00,12.313,0.0,0.0,0.0,0.0,2.7560401,0.0
2024-01-20 20:00:00,12.063,0.0,0.0,0.0,0.0,2.9410882,0.0
2024-01-20 20:30:00,11.963,0.0,0.0,0.0,0.0,2.745299,0.0
2024-01-20 21:00:00,11.863,0.0,0.0,0.0,0.0,2.5495098,0.0
2024-01-20 21:30:00,11.863,0.0,0.0,0.0,0.0,2.4674409,0.0
2024-01-20 22:00:00,11.863,0.0,0.0,0.0,0.0,2.385372,0.0
2024-01-20 22:30:00,11.913,0.0,0.0,0.0,0.0,2.41334155,0.0
2024-01-20 23:00:00,11.963,0.0,0.0,0.0,0.0,2.4413111,0.0
2024-01-20 23:30:00,11.788,0.0,0.0,0.0,0.0,2.33868955,0.0
2024-01-21 00:00:00,11.613,0.0,0.0,0.0,0.0,2.236068,0.0
2024-01-21 00:30:00,11.538,0.0,0.0,0.0,0.0,2.40838275,0.0
2024-01-21 01:00:00,11.463,0.0,0.0,0.0,0.0,2.5806975,0.0
2024-01-21 01:30:00,11.488,0.0,0.0,0.0,0.0,2.6768912,0.0
2024-01-21 02:00:00,11.513,0.0,0.0,0.0,0.0,2.7730849,0.0
2024-01-21 02:30:00,11.863,0.0,0.0,0.0,0.0,2.90476515,0.0
2024-01-21 03:00:00,12.213,0.0,0.0,0.0,0.0,3.0364454,0.0
2024-01-21 03:30:00,12.063,0.0,0.0,0.0,0.0,2.7223822,0.0
2024-01-21 04:00:00,11.913,0.0,0.0,0.0,0.0,2.408319,0.0
2024-01-21 04:30:00,11.913,0.0,0.0,0.0,0.0,1.8405556,0.0
2024-01-21 05:00:00,11.913,0.0,0.0,0.0,0.0,1.2727922,0.0
2024-01-21 05:30:00,11.888,0.0,0.0,0.0,0.0,1.52098635,0.0
2024-01-21 06:00:00,11.863,0.0,0.0,0.0,0.0,1.7691805,0.0
2024-01-21 06:30:00,11.363,0.0,0.0,0.0,0.0,1.0427041300000002,0.0
2024-01-21 07:00:00,10.863,0.0,0.028885330304322686,0.0,0.0,0.31622776,0.0
2024-01-21 07:30:00,10.963,11.937159060433451,0.14525844934825274,26.998663,8.164854,1.17053668,4.289000000000001
2024-01-21 08:00:00,11.063,29.941892256569474,0.2576264976420251,53.997326,16.329708,2.0248456,85.102
2024-01-21 08:30:00,11.563,82.43972905453273,0.36406751267663473,133.52032300000002,34.424192500000004,3.022398,107.701
2024-01-21 09:00:00,12.063,150.21597218798667,0.46276075743120104,213.04332,52.518677,4.0199504,101.237
2024-01-21 09:30:00,11.963,146.8302346173096,0.5520178850078103,144.819252,68.1815735,5.1296707,256.628
2024-01-21 10:00:00,11.863,130.42580086390336,0.6303118233036596,76.595184,83.84447,6.239391,28.512
2024-01-21 10:30:00,11.913,167.8072624647634,0.6963029248630046,93.7236595,104.61901,6.5827145,172.14800000000002
2024-01-21 11:00:00,11.963,205.96039901345546,0.7488619081801301,110.852135,125.39355,6.926038,104.125
2024-01-21 11:30:00,11.838,222.80266066471307,0.7870891892593739,101.3673325,145.93478,6.86338675,90.766
2024-01-21 12:00:00,11.713,237.54279850865993,0.8103302984840381,91.88253,166.47601,6.8007355,42.151
2024-01-21 12:30:00,11.588,252.66784655761737,0.8181870977398098,108.607048,167.12895500000002,7.05173725,22.868
2024-01-21 13:00:00,11.463,266.11064012652724,0.8105246076156132,125.331566,167.7819,7.302739,39.507
2024-01-21 13:30:00,11.188,247.26403857900343,0.7874733366988564,131.17310799999998,146.736365,7.50169415,34.745999999999995
2024-01-21 14:00:00,10.913,226.09359167592706,0.7494270603492839,137.01465,125.69083,7.7006493,29.575
2024-01-21 14:30:00,10.613,177.62887055221125,0.697036099156436,103.435595,107.5581,7.55066265,37.301
2024-01-21 15:00:00,10.313,131.7431312810706,0.6311962027283202,69.85654,89.42537,7.400676,115.025
2024-01-21 15:30:00,10.038,103.472441532613,0.5530332267573957,54.180075,75.0319885,7.55066265,77.586
2024-01-21 16:00:00,9.763,77.22937540429318,0.46388388628531657,38.50361,60.638607,7.7006493,76.078
2024-01-21 16:30:00,9.463,49.38574862179581,0.3652728882095008,26.249612,40.6564825,7.75064515,139.854
2024-01-21 17:00:00,9.163,23.850063221647414,0.25888684260457073,13.995614,20.674358,7.800641,52.556
2024-01-21 17:30:00,8.937999999999999,11.13888805309972,0.1465454251113493,6.997807,10.337179,7.801602499999999,0.726
2024-01-21 18:00:00,8.713,0.0,0.030170244209218745,0.0,0.0,7.802564,0.0
2024-01-21 18:30:00,8.562999999999999,0.0,0.0,0.0,0.0,8.058805,0.0
2024-01-21 19:00:00,8.413,0.0,0.0,0.0,0.0,8.315046,0.0
2024-01-21 19:30:00,8.388,0.0,0.0,0.0,0.0,8.376527,0.0
2024-01-21 20:00:00,8.363,0.0,0.0,0.0,0.0,8.438008,0.0
2024-01-21 20:30:00,8.288,0.0,0.0,0.0,0.0,8.448660499999999,0.0
2024-01-21 21:00:00,8.213,0.0,0.0,0.0,0.0,8.459313,0.0
2024-01-21 21:30:00,8.163,0.0,0.0,0.0,0.0,8.620840999999999,0.0
2024-01-21 22:00:00,8.113,0.0,0.0,0.0,0.0,8.782369,0.0
2024-01-21 22:30:00,7.987999999999999,0.0,0.0,0.0,0.0,8.838937,0.0
2024-01-21 23:00:00,7.863,0.0,0.0,0.0,0.0,8.895505,0.0
2024-01-21 23:30:00,7.763,0.0,0.0,0.0,0.0,8.9112155,0.0
2024-01-22 00:00:00,7.663,0.0,0.0,0.0,0.0,8.926926,0.0
2024-01-22 00:30:00,7.513,0.0,0.0,0.0,0.0,8.944813499999999,0.0
2024-01-22 01:00:00,7.363,0.0,0.0,0.0,0.0,8.962701,0.0
2024-01-22 01:30:00,7.21299985,0.0,0.0,0.0,0.0,8.830200999999999,0.0
2024-01-22 02:00:00,7.0629997,0.0,0.0,0.0,0.0,8.697701,0.0
2024-01-22 02:30:00,7.36299985,0.0,0.0,0.0,0.0,9.0312645,0.0
2024-01-22 03:00:00,7.663,0.0,0.0,0.0,0.0,9.364828,0.0
2024-01-22 03:30:00,7.58799975,0.0,0.0,0.0,0.0,9.370964,0.0
2024-01-22 04:00:00,7.5129995,0.0,0.0,0.0,0.0,9.3771,0.0
2024-01-22 04:30:00,7.43799975,0.0,0.0,0.0,0.0,9.228374,0.0
2024-01-22 05:00:00,7.363,0.0,0.0,0.0,0.0,9.079648,0.0
2024-01-22 05:30:00,7.188000000000001,0.0,0.0,0.0,0.0,9.1596185,0.0
2024-01-22 06:00:00,7.013,0.0,0.0,0.0,0.0,9.239589,0.0
2024-01-22 06:30:00,6.813000000000001,0.0,0.0,0.0,0.0,9.061922,0.0
2024-01-22 07:00:00,6.613,0.0,0.028902344250900422,0.0,0.0,8.884255,0.0
2024-01-22 07:30:00,6.46299985,5.6826636432940445,0.1454691993009805,0.0,5.81415225,8.749389,1.777
2024-01-22 08:00:00,6.3129997,11.365327286588089,0.2580437439001418,0.0,11.6283045,8.614523,43.164
2024-01-22 08:30:00,6.41299985,39.82407182775593,0.3647004551151293,3.896505850000001,39.28599225,8.747982499999999,111.7
2024-01-22 09:00:00,6.513,69.05365762259467,0.46361487784991234,7.7930117,66.94368,8.881442,124.784
2024-01-22 09:30:00,6.838,120.31232211741765,0.5530948537680125,47.10868585,96.316695,8.968414,73.962
2024-01-22 10:00:00,7.163,177.65924372729094,0.6316094718027397,86.42436,125.68971,9.055386,164.16000000000005
2024-01-22 10:30:00,7.388,243.94209801964183,0.6978152843557288,132.32327,154.67508,9.24918625,278.522
2024-01-22 11:00:00,7.613,313.90687776827997,0.7505793142562681,178.22218,183.66045,9.4429865,166.647
2024-01-22 11:30:00,7.613,303.6351379285479,0.7889984501122858,169.0782,173.51224000000002,9.63779275,121.924
2024-01-22 12:00:00,7.613,290.26135144301037,0.8124149240862124,159.93422,163.36403,9.832599,207.21700000000004
2024-01-22 12:30:00,7.66300015,282.2973427988919,0.8204275859389131,130.175035,178.99974,9.9285345,339.976
2024-01-22 13:00:00,7.7130003,272.2958240993317,0.8128987821504041,100.41585,194.63545,10.02447,585.511
2024-01-22 13:30:00,7.53800015,247.43646770573199,0.7899567313082358,81.24577000000001,187.142715,10.1320495,205.433
2024-01-22 14:00:00,7.363,222.52425328110726,0.7519933423054795,62.07569,179.64998,10.239629,292.101
2024-01-22 14:30:00,7.08799985,215.97082429881775,0.6996575248618295,92.9357675,154.083465,10.144752,126.815
2024-01-22 15:00:00,6.8129997,204.5187484444873,0.6338440975083541,123.795845,128.51695,10.049875,157.46800000000002
2024-01-22 15:30:00,6.86299985,157.53523791495897,0.5556784805366692,95.6140125,106.503415,9.8911475,237.718
2024-01-22 16:00:00,6.913,114.21463512607528,0.46649745654617325,67.43218,84.48988,9.73242,113.496
2024-01-22 16:30:00,6.938000000000001,80.31993402569407,0.3678263015584201,71.389098,55.164637,9.17231,61.852
2024-01-22 17:00:00,6.963,45.05648129074845,0.26135268630441044,75.346016,25.839394,8.6122,44.903
2024-01-22 17:30:00,6.788,18.291727567890074,0.14889782001170154,37.673008,12.919697,8.8782985,12.174
2024-01-22 18:00:00,6.613,0.0,0.0323852909883119,0.0,0.0,9.144397,0.0
2024-01-22 18:30:00,6.538,0.0,0.0,0.0,0.0,9.053549,0.0
2024-01-22 19:00:00,6.463,0.0,0.0,0.0,0.0,8.962701,0.0
2024-01-22 19:30:00,6.51299985,0.0,0.0,0.0,0.0,8.805989499999999,0.0
2024-01-22 20:00:00,6.5629997,0.0,0.0,0.0,0.0,8.649278,0.0
2024-01-22 20:30:00,6.71299985,0.0,0.0,0.0,0.0,8.24701065,0.0
2024-01-22 21:00:00,6.863,0.0,0.0,0.0,0.0,7.8447433,0.0
2024-01-22 21:30:00,6.663,0.0,0.0,0.0,0.0,7.4653223,0.0
2024-01-22 22:00:00,6.463,0.0,0.0,0.0,0.0,7.0859013,0.0
2024-01-22 22:30:00,6.613,0.0,0.0,0.0,0.0,7.04473595,0.0
2024-01-22 23:00:00,6.763,0.0,0.0,0.0,0.0,7.0035706,0.0
2024-01-22 23:30:00,6.638,0.0,0.0,0.0,0.0,6.8859393,0.0
2024-01-23 00:00:00,6.513,0.0,0.0,0.0,0.0,6.768308,0.0
2024-01-23 00:30:00,6.613,0.0,0.0,0.0,0.0,6.67086975,0.0
2024-01-23 01:00:00,6.713,0.0,0.0,0.0,0.0,6.5734315,0.0
2024-01-23 01:30:00,6.713,0.0,0.0,0.0,0.0,6.39155075,0.0
2024-01-23 02:00:00,6.713,0.0,0.0,0.0,0.0,6.20967,0.0
2024-01-23 02:30:00,7.038,0.0,0.0,0.0,0.0,6.3316757500000005,0.0
2024-01-23 03:00:00,7.363,0.0,0.0,0.0,0.0,6.4536815,0.0
2024-01-23 03:30:00,7.238,0.0,0.0,0.0,0.0,6.40489025,0.0
2024-01-23 04:00:00,7.113,0.0,0.0,0.0,0.0,6.356099,0.0
2024-01-23 04:30:00,6.96299985,0.0,0.0,0.0,0.0,6.237461250000001,0.0
2024-01-23 05:00:00,6.8129997,0.0,0.0,0.0,0.0,6.1188235,0.0
2024-01-23 05:30:00,6.76299985,0.0,0.0,0.0,0.0,6.1678679,0.0
2024-01-23 06:00:00,6.713,0.0,0.0,0.0,0.0,6.2169123,0.0
2024-01-23 06:30:00,6.613,0.0,0.0,0.0,0.0,6.18904045,0.0
2024-01-23 07:00:00,6.513,0.0,0.028997224137740283,0.0,0.0,6.1611686,0.0
2024-01-23 07:30:00,6.588,9.90557142134744,0.14575909478233295,13.4284335,8.114285,6.1990773,0.642
2024-01-23 08:00:00,6.663,22.84009868422155,0.2585405238867281,26.856867,16.22857,6.236986,9.504
2024-01-23 08:30:00,6.963,94.91591835688243,0.36541242126508555,124.9696385,50.209825,6.79034535,56.249
2024-01-23 09:00:00,7.263,186.23659020736392,0.46454662244100453,223.08241,84.19108,7.3437047,82.854
2024-01-23 09:30:00,7.438000000000001,235.79685586766027,0.55424718170709,238.50919,105.49733,7.4301765,115.524
2024-01-23 10:00:00,7.613,285.3394437858788,0.6329793880871013,253.93597,126.80358,7.5166483,25.887
2024-01-23 10:30:00,8.138,362.5861764268501,0.6993960471521345,294.81082000000004,159.06345,7.2586813,31.051
2024-01-23 11:00:00,8.663,440.7467558777971,0.7523605527678023,335.68567,191.32332,7.0007143,60.694
2024-01-23 11:30:00,8.738,430.8360951280764,0.7909663450564546,306.07051,191.9154,6.731843,79.89500000000001
2024-01-23 12:00:00,8.813,414.4865273952765,0.8145524477208376,276.45535,192.50748,6.4629717,114.925
2024-01-23 12:30:00,9.263,480.4109347935954,0.822714797455038,347.4216,197.567695,6.25803485,126.289
2024-01-23 13:00:00,9.713,540.9820673110255,0.8153131732723615,418.38785,202.62791,6.053098,201.351
2024-01-23 13:30:00,9.763,513.6582216379328,0.7924736161416418,420.039385,183.143005,5.9475935,300.891
2024-01-23 14:00:00,9.813,479.91342550080844,0.7545862846645837,421.69092,163.6581,5.842089,210.752
2024-01-23 14:30:00,9.863,420.9888679542862,0.7022987956517301,374.81706,159.90588,5.488631,61.094
2024-01-23 15:00:00,9.913,362.53689245718675,0.6365051542623152,327.9432,156.15366,5.135173,88.202
2024-01-23 15:30:00,9.488,296.5782695675783,0.5583304607945853,317.878765,120.82907,4.881133650000001,60.286
2024-01-23 16:00:00,9.063,228.79368551287723,0.4691116765361689,307.81433,85.50448,4.6270943,156.754
2024-01-23 16:30:00,8.538,151.1762572260494,0.3703747515627437,248.450185,59.960782,4.06640195,113.471
2024-01-23 17:00:00,8.013,83.80128151375729,0.26380851413760437,189.08604,34.417084,3.5057096,35.328
2024-01-23 17:30:00,7.28799985,31.257675851779915,0.15123579427844677,94.54302,17.208542,3.18463695,7.135
2024-01-23 18:00:00,6.5629997,0.0,0.034582236114415216,0.0,0.0,2.8635643,0.0
2024-01-23 18:30:00,6.0629997,0.0,0.0,0.0,0.0,2.6575472500000004,0.0
2024-01-23 19:00:00,5.5629997,0.0,0.0,0.0,0.0,2.4515302,0.0
2024-01-23 19:30:00,5.28799985,0.0,0.0,0.0,0.0,2.3257651,0.0
2024-01-23 20:00:00,5.013,0.0,0.0,0.0,0.0,2.2,0.0
2024-01-23 20:30:00,4.863,0.0,0.0,0.0,0.0,2.08234415,0.0
2024-01-23 21:00:00,4.713,0.0,0.0,0.0,0.0,1.9646883,0.0
2024-01-23 21:30:00,4.488,0.0,0.0,0.0,0.0,1.91642115,0.0
2024-01-23 22:00:00,4.263,0.0,0.0,0.0,0.0,1.868154,0.0
2024-01-23 22:30:00,4.138,0.0,0.0,0.0,0.0,1.78993915,0.0
2024-01-23 23:00:00,4.013,0.0,0.0,0.0,0.0,1.7117243,0.0
2024-01-23 23:30:00,3.888,0.0,0.0,0.0,0.0,1.61249945,0.0
2024-01-24 00:00:00,3.763,0.0,0.0,0.0,0.0,1.5132746,0.0
2024-01-24 00:30:00,3.588,0.0,0.0,0.0,0.0,1.8566373,0.0
2024-01-24 01:00:00,3.413,0.0,0.0,0.0,0.0,2.2,0.0
2024-01-24 01:30:00,3.763,0.0,0.0,0.0,0.0,2.4000000000000004,0.0
2024-01-24 02:00:00,4.113,0.0,0.0,0.0,0.0,2.6,0.0
2024-01-24 02:30:00,4.71299985,0.0,0.0,0.0,0.0,2.70356685,0.0
2024-01-24 03:00:00,5.3129997,0.0,0.0,0.0,0.0,2.8071337,0.0
2024-01-24 03:30:00,5.53799985,0.0,0.0,0.0,0.0,3.15998365,0.0
2024-01-24 04:00:00,5.763,0.0,0.0,0.0,0.0,3.5128336,0.0
2024-01-24 04:30:00,5.988,0.0,0.0,0.0,0.0,3.8088543,0.0
2024-01-24 05:00:00,6.213,0.0,0.0,0.0,0.0,4.104875,0.0
2024-01-24 05:30:00,6.463,0.0,0.0,0.0,0.0,4.40721985,0.0
2024-01-24 06:00:00,6.713,0.0,0.0,0.0,0.0,4.7095647,0.0
2024-01-24 06:30:00,7.08800015,0.0,0.0,0.0,0.0,4.86725115,0.0
2024-01-24 07:00:00,7.4630003,0.0,0.02917000900349917,0.0,0.0,5.0249376,0.0
2024-01-24 07:30:00,7.41300015,11.995572315274284,0.14612795819156266,20.081318,9.244055,4.9670563,1.446
2024-01-24 08:00:00,7.363,28.52905992844503,0.259116440767668,40.162636,18.48811,4.909175,15.085
2024-01-24 08:30:00,8.038,107.71117858203172,0.3662027962406068,149.100848,54.122365,5.1215145,35.947
2024-01-24 09:00:00,8.713,208.22921830493766,0.4655551632223556,258.03906,89.75662,5.333854,52.777
2024-01-24 09:30:00,9.113,280.71202452004724,0.5554738364024333,309.50856,110.62683,5.972982,56.964000000000006
2024-01-24 10:00:00,9.513,358.4902592347179,0.6344203474546438,360.97806,131.49704,6.61211,137.10899999999998
2024-01-24 10:30:00,9.813,389.1915846621862,0.7010438117927742,324.13983,164.68841,6.565656000000001,149.156
2024-01-24 11:00:00,10.113,411.1163267142546,0.754204064056798,287.3016,197.87978,6.519202,128.162
2024-01-24 11:30:00,10.263,439.06673899999146,0.7929911775327544,290.516615,212.36667,7.10992565,107.607
2024-01-24 12:00:00,10.413,462.84964309331303,0.8167410595887269,293.73163,226.85356,7.7006493,889.32
2024-01-24 12:30:00,10.513,464.5008065390449,0.8250468348636493,305.234515,216.25403,7.45171315,522.873
2024-01-24 13:00:00,10.613,461.4061323254797,0.8177658230558219,316.7374,205.6545,7.202777,152.298
2024-01-24 13:30:00,10.588,458.8101995992281,0.7950220009360607,327.91465,201.25969,7.3517218,243.149
2024-01-24 14:00:00,10.563,450.5942720663471,0.7572038935412657,339.0919,196.86488,7.5006666,371.666
2024-01-24 14:30:00,10.488,388.6048922484356,0.7049579427878987,312.06515,171.259725,7.3006853,115.27400000000002
2024-01-24 15:00:00,10.413,325.58172692509964,0.6391774577245173,285.0384,145.65457,7.100704,236.705
2024-01-24 15:30:00,10.213,261.50557899456345,0.5609873331352485,252.079595,122.040375,7.001801,133.459
2024-01-24 16:00:00,10.013,200.15734639538107,0.4717248187139924,219.12079,98.42618,6.902898,395.543
2024-01-24 16:30:00,9.463,134.35559787320284,0.37291664165059724,181.56769,67.773923,6.4518655,205.216
2024-01-24 17:00:00,8.913,74.84363760566772,0.26625288236101485,144.01459,37.121666,6.000833,60.342
2024-01-24 17:30:00,8.513,29.30697065051757,0.15355807619844078,72.007295,18.560833,6.00707575,3.584
2024-01-24 18:00:00,8.113,0.0,0.036759996123243294,0.0,0.0,6.0133185,0.0
2024-01-24 18:30:00,7.888,0.0,0.0,0.0,0.0,5.89196675,0.0
2024-01-24 19:00:00,7.663,0.0,0.0,0.0,0.0,5.770615,0.0
2024-01-24 19:30:00,7.61299985,0.0,0.0,0.0,0.0,5.5428440000000005,0.0
2024-01-24 20:00:00,7.5629997,0.0,0.0,0.0,0.0,5.315073,0.0
2024-01-24 20:30:00,7.38799985,0.0,0.0,0.0,0.0,5.16552375,0.0
2024-01-24 21:00:00,7.213,0.0,0.0,0.0,0.0,5.0159745,0.0
2024-01-24 21:30:00,7.413,0.0,0.0,0.0,0.0,5.23745605,0.0
2024-01-24 22:00:00,7.613,0.0,0.0,0.0,0.0,5.4589376,0.0
2024-01-24 22:30:00,7.53800015,0.0,0.0,0.0,0.0,5.6811633,0.0
2024-01-24 23:00:00,7.4630003,0.0,0.0,0.0,0.0,5.903389,0.0
2024-01-24 23:30:00,7.363000149999999,0.0,0.0,0.0,0.0,5.7663882,0.0
2024-01-25 00:00:00,7.263,0.0,0.0,0.0,0.0,5.6293874,0.0
2024-01-25 00:30:00,7.113,0.0,0.0,0.0,0.0,5.354870699999999,0.0
2024-01-25 01:00:00,6.963,0.0,0.0,0.0,0.0,5.080354,0.0
2024-01-25 01:30:00,6.88799985,0.0,0.0,0.0,0.0,4.83473575,0.0
2024-01-25 02:00:00,6.8129997,0.0,0.0,0.0,0.0,4.5891175,0.0
2024-01-25 02:30:00,6.96299985,0.0,0.0,0.0,0.0,4.472861050000001,0.0
2024-01-25 03:00:00,7.113,0.0,0.0,0.0,0.0,4.3566046,0.0
2024-01-25 03:30:00,6.96299985,0.0,0.0,0.0,0.0,4.094679,0.0
2024-01-25 04:00:00,6.8129997,0.0,0.0,0.0,0.0,3.8327534,0.0
2024-01-25 04:30:00,6.5629997,0.0,0.0,0.0,0.0,3.4671830000000003,0.0
2024-01-25 05:00:00,6.3129997,0.0,0.0,0.0,0.0,3.1016126,0.0
2024-01-25 05:30:00,5.88799985,0.0,0.0,0.0,0.0,2.80180585,0.0
2024-01-25 06:00:00,5.463,0.0,0.0,0.0,0.0,2.5019991,0.0
2024-01-25 06:30:00,5.188000000000001,0.0,0.0,0.0,0.0,2.41826125,0.0
2024-01-25 07:00:00,4.913,0.0,0.02942067572479721,0.0,0.0,2.3345234,0.0
2024-01-25 07:30:00,4.888,15.064492557267734,0.14657554982305881,33.357418,10.36613,2.3441219,1.916
2024-01-25 08:00:00,4.863,37.68080345310442,0.25977103663455237,66.714836,20.73226,2.3537204,15.153
2024-01-25 08:30:00,6.388,189.50481927854278,0.3670709061023902,377.624998,51.510565,2.5277859,49.65
2024-01-25 09:00:00,7.913,402.72689959949696,0.4666396161300437,688.53516,82.28887,2.7018514,380.153
2024-01-25 09:30:00,8.963000000000001,511.22608680520796,0.5567737331960445,758.15938,89.52373,3.15161995,531.907
2024-01-25 10:00:00,10.013,623.1899168666732,0.6359310776653624,827.7836,96.75859,3.6013885,618.58
2024-01-25 10:30:00,10.613,676.9793428300802,0.7027571346804891,807.6115,109.37831,3.50069425,576.037
2024-01-25 11:00:00,11.213,717.4620268569365,0.7561082523833067,787.4394,121.99803,3.4,524.27
2024-01-25 11:30:00,11.638,745.5782592153676,0.7950712214854063,782.1795,123.436835,3.2508063,924.433
2024-01-25 12:00:00,12.063,761.5878798733027,0.818978927394074,776.9196,124.87564,3.1016126,858.923
2024-01-25 12:30:00,12.513,768.4806568831912,0.8274217855371733,781.6973,121.067035,3.1080474,829.374
2024-01-25 13:00:00,12.963,763.1773300999246,0.8202547658330994,786.475,117.25843,3.1144822,868.165
2024-01-25 13:30:00,13.088,724.5747780928054,0.7975998951882785,770.93465,108.816015,3.1950751,829.51
2024-01-25 14:00:00,13.213,675.2692651125409,0.7598441822268079,755.3943,100.3736,3.275668,728.0339999999999
2024-01-25 14:30:00,12.913,606.5605720428765,0.7076330119154339,727.9258500000001,90.63746,3.83100525,648.501
2024-01-25 15:00:00,12.613,531.2200858238954,0.6418591138898609,700.4574,80.90132,4.3863425,495.535
2024-01-25 15:30:00,12.238,425.66819159397886,0.5636472908518806,626.947815,71.88386249999999,3.9266648,380.67
2024-01-25 16:00:00,11.863,325.47161607126856,0.47433518910705236,553.43823,62.866405,3.4669871,361.561
2024-01-25 16:30:00,11.163,203.50718695675164,0.3754504140673359,415.9597,47.4381225,2.6513716,214.148
2024-01-25 17:00:00,10.463,106.53704557262078,0.26868439056369026,278.48117,32.00984,1.8357561,83.26199999999999
2024-01-25 17:30:00,9.813,37.5592677838977,0.15586344110838102,139.240585,16.00492,1.4835635,8.203
2024-01-25 18:00:00,9.163,0.0,0.03891753746414937,0.0,0.0,1.1313709,0.0
2024-01-25 18:30:00,8.088000000000001,0.0,0.0,0.0,0.0,1.026662675,0.0
2024-01-25 19:00:00,7.013,0.0,0.0,0.0,0.0,0.92195445,0.0
2024-01-25 19:30:00,6.638,0.0,0.0,0.0,0.0,0.975758725,0.0
2024-01-25 20:00:00,6.263,0.0,0.0,0.0,0.0,1.029563,0.0
2024-01-25 20:30:00,5.963,0.0,0.0,0.0,0.0,1.0670495,0.0
2024-01-25 21:00:00,5.663,0.0,0.0,0.0,0.0,1.104536,0.0
2024-01-25 21:30:00,5.188000000000001,0.0,0.0,0.0,0.0,0.73254557,0.0
2024-01-25 22:00:00,4.713,0.0,0.0,0.0,0.0,0.36055514,0.0
2024-01-25 22:30:00,5.488,0.0,0.0,0.0,0.0,1.03174692,0.0
2024-01-25 23:00:00,6.263,0.0,0.0,0.0,0.0,1.7029387,0.0
2024-01-25 23:30:00,5.688000000000001,0.0,0.0,0.0,0.0,1.45562165,0.0
2024-01-26 00:00:00,5.113,0.0,0.0,0.0,0.0,1.2083046,0.0
2024-01-26 00:30:00,6.388,0.0,0.0,0.0,0.0,2.11163365,0.0
2024-01-26 01:00:00,7.663,0.0,0.0,0.0,0.0,3.0149627,0.0
2024-01-26 01:30:00,8.413,0.0,0.0,0.0,0.0,3.63644815,0.0
2024-01-26 02:00:00,9.163,0.0,0.0,0.0,0.0,4.2579336,0.0
2024-01-26 02:30:00,9.138,0.0,0.0,0.0,0.0,3.4375920000000004,0.0
2024-01-26 03:00:00,9.113,0.0,0.0,0.0,0.0,2.6172504,0.0
2024-01-26 03:30:00,8.46299985,0.0,0.0,0.0,0.0,3.0115639,0.0
2024-01-26 04:00:00,7.8129997,0.0,0.0,0.0,0.0,3.4058774,0.0
2024-01-26 04:30:00,7.962999849999999,0.0,0.0,0.0,0.0,3.5556394,0.0
2024-01-26 05:00:00,8.113,0.0,0.0,0.0,0.0,3.7054014,0.0
2024-01-26 05:30:00,7.987999999999999,0.0,0.0,0.0,0.0,3.4027007,0.0
2024-01-26 06:00:00,7.863,0.0,0.0,0.0,0.0,3.1,0.0
2024-01-26 06:30:00,7.81299975,0.0,0.0,0.0,0.0,3.1694135,0.0
2024-01-26 07:00:00,7.7629995,0.0,0.02974914801060616,0.0,0.0,3.238827,0.0
2024-01-26 07:30:00,7.937999749999999,14.044865694809548,0.14710157649286607,26.589628,10.3325445,3.2480632,1.554
2024-01-26 08:00:00,8.113,34.120377300537925,0.2605038006781542,53.179256,20.665089,3.2572994,32.864
2024-01-26 08:30:00,9.063,145.96416483534347,0.36801602543378065,251.585568,54.2376495,3.3750747,255.27
2024-01-26 09:00:00,10.013,296.9920821007317,0.46779904786074467,449.99188,87.81021,3.49285,390.122
2024-01-26 09:30:00,10.713,396.898748484204,0.5581457412073416,526.62009,104.18332,4.500513,579.666
2024-01-26 10:00:00,11.413,504.02664991985534,0.6375102639801329,603.2483,120.55643,5.508176,616.907
2024-01-26 10:30:00,11.788,566.9595718178833,0.7045345341207071,620.75855,130.60199,5.854491,143.221
2024-01-26 11:00:00,12.163,623.6311845495435,0.7580714888561952,638.2688,140.64755,6.200806,861.528
2024-01-26 11:30:00,12.363,630.0167810275907,0.7972047231391322,606.6829,147.33069999999998,6.1020693,836.557
2024-01-26 12:00:00,12.563,625.2613862268062,0.8212641969445201,575.097,154.01385,6.0033326,873.438
2024-01-26 12:30:00,12.563,598.6034371196728,0.829837721065029,538.88102,152.54482000000002,6.2704583,123.77
2024-01-26 13:00:00,12.563,563.4662183386954,0.8227780264566442,502.66504,151.07579,6.537584,235.917
2024-01-26 13:30:00,12.463,577.4335883881364,0.800205305297552,544.2439899999999,142.800845,6.245787249999999,854.46
2024-01-26 14:00:00,12.363,580.6618705241837,0.7625051672699463,585.82294,134.5259,5.9539905,126.671
2024-01-26 14:30:00,12.163,527.3668202647403,0.7103220581504925,567.73182,124.661372,5.6274669500000005,717.396
2024-01-26 15:00:00,11.963,468.48986726653345,0.6445482441999192,549.6407,114.796844,5.3009434,639.1610000000001
2024-01-26 15:30:00,11.613,397.78787622207716,0.566308548314773,541.7598,91.303202,5.3023579000000005,544.612
2024-01-26 16:00:00,11.263,322.378222078469,0.4769411200211078,533.8789,67.80956,5.3037724,381.128
2024-01-26 16:30:00,10.588,203.28029381925003,0.37797454201860375,402.76615,51.255122,4.9540592,211.97
2024-01-26 17:00:00,9.913,107.98615522793894,0.2711016733821971,271.6534,34.700684,4.604346,29.631
2024-01-26 17:30:00,9.063,38.65132002047669,0.15815070281828897,135.8267,17.350342,4.1049486,11.845
2024-01-26 18:00:00,8.213,0.0,0.041053867768439785,0.0,0.0,3.6055512,0.0
2024-01-26 18:30:00,7.712999999999999,0.0,0.0,0.0,0.0,3.2458626,0.0
2024-01-26 19:00:00,7.213,0.0,0.0,0.0,0.0,2.886174,0.0
2024-01-26 19:30:00,7.088,0.0,0.0,0.0,0.0,2.8260187,0.0
2024-01-26 20:00:00,6.963,0.0,0.0,0.0,0.0,2.7658634,0.0
2024-01-26 20:30:00,6.913,0.0,0.0,0.0,0.0,2.9616969500000003,0.0
2024-01-26 21:00:00,6.863,0.0,0.0,0.0,0.0,3.1575305,0.0
2024-01-26 21:30:00,7.28800015,0.0,0.0,0.0,0.0,3.363422,0.0
2024-01-26 22:00:00,7.7130003,0.0,0.0,0.0,0.0,3.5693135,0.0
2024-01-26 22:30:00,7.5880003,0.0,0.0,0.0,0.0,3.53108175,0.0
2024-01-26 23:00:00,7.4630003,0.0,0.0,0.0,0.0,3.49285,0.0
2024-01-26 23:30:00,7.388,0.0,0.0,0.0,0.0,3.580137,0.0
2024-01-27 00:00:00,7.3129997,0.0,0.0,0.0,0.0,3.667424,0.0
2024-01-27 00:30:00,7.21299985,0.0,0.0,0.0,0.0,3.8436872,0.0
2024-01-27 01:00:00,7.113,0.0,0.0,0.0,0.0,4.0199504,0.0
2024-01-27 01:30:00,6.913,0.0,0.0,0.0,0.0,4.07152795,0.0
2024-01-27 02:00:00,6.713,0.0,0.0,0.0,0.0,4.1231055,0.0
2024-01-27 02:30:00,7.01299985,0.0,0.0,0.0,0.0,3.77181575,0.0
2024-01-27 03:00:00,7.3129997,0.0,0.0,0.0,0.0,3.420526,0.0
2024-01-27 03:30:00,7.01299985,0.0,0.0,0.0,0.0,3.0141034,0.0
2024-01-27 04:00:00,6.713,0.0,0.0,0.0,0.0,2.6076808,0.0
2024-01-27 04:30:00,6.563000000000001,0.0,0.0,0.0,0.0,2.6124656,0.0
2024-01-27 05:00:00,6.413,0.0,0.0,0.0,0.0,2.6172504,0.0
2024-01-27 05:30:00,6.213,0.0,0.0,0.0,0.0,2.4488007,0.0
2024-01-27 06:00:00,6.013,0.0,0.0,0.0,0.0,2.280351,0.0
2024-01-27 06:30:00,5.863,0.0,0.0,0.0,0.0,2.18420615,0.0
2024-01-27 07:00:00,5.713,0.0,0.030155301007360493,0.0,0.0,2.0880613,0.0
2024-01-27 07:30:00,5.688000000000001,15.131667620763489,0.1477056959480037,26.487072,11.443671,2.29403065,7.906000000000001
2024-01-27 08:00:00,5.663,36.28164707999435,0.2613141732924866,52.974144,22.887342,2.5,121.409
2024-01-27 08:30:00,7.238,169.56717319150678,0.3690373810486938,306.316142,57.371481,2.8,278.264
2024-01-27 09:00:00,8.813,353.1092251745993,0.469032479112307,559.65814,91.85562,3.1,469.887
2024-01-27 09:30:00,9.838,460.1511751353448,0.5595886860369751,643.75707,100.79036,3.2030275,181.904
2024-01-27 10:00:00,10.863,574.4265548928419,0.6391565512873357,727.856,109.7251,3.306055,205.976
2024-01-27 10:30:00,11.538,657.4342473880489,0.7063744917877035,775.29052,109.788325,2.8899592,718.595
2024-01-27 11:00:00,12.213,735.7117900327277,0.7600921122582162,822.72504,109.85155,2.4738634,772.6179999999999
2024-01-27 11:30:00,12.638,755.0423756760188,0.7993899011682049,797.10652,117.3631875,2.0384927,832.0110000000001
2024-01-27 12:00:00,13.063,760.7156232204359,0.8235949916608738,771.488,124.874825,1.603122,828.1329999999999
2024-01-27 12:30:00,13.338,770.4324547520253,0.8322926961130568,781.1453650000001,119.5989225,1.51745205,819.827
2024-01-27 13:00:00,13.613,767.9358541116171,0.8253336185190887,790.80273,114.32302,1.4317821,126.002
2024-01-27 13:30:00,13.813,739.2238911216572,0.8028362321762352,786.899165,106.44705,1.6378455,782.321
2024-01-27 14:00:00,14.013,698.8220682349381,0.7651848655088462,782.9956,98.57108,1.8439089,736.967
2024-01-27 14:30:00,13.638,625.3371493150073,0.7130231426041145,747.8806,91.150995,2.80410735,675.646
2024-01-27 15:00:00,13.263,545.8087939954053,0.6472429816051894,712.7656,83.73091,3.7643058,595.0
2024-01-27 15:30:00,12.663,438.9970507535157,0.5689693366609623,639.61775,74.65325999999999,3.9714111,494.324
2024-01-27 16:00:00,12.063,337.3175884911391,0.4795409654035555,566.4699,65.57561,4.1785164,376.638
2024-01-27 16:30:00,11.263,213.5314020693629,0.3804875247795586,430.64634,49.7773965,3.6545057,214.072
2024-01-27 17:00:00,10.463,114.31464982121125,0.27350339542799695,294.82278,33.979183,3.130495,79.443
2024-01-27 17:30:00,9.238,40.48735401268716,0.16041870843116138,147.41139,16.9895915,2.818244,9.55
2024-01-27 18:00:00,8.013,0.0,0.043168030628937606,0.0,0.0,2.505993,0.0
2024-01-27 18:30:00,7.438000000000001,0.0,0.0,0.0,0.0,2.07761765,0.0
2024-01-27 19:00:00,6.863,0.0,0.0,0.0,0.0,1.6492423,0.0
2024-01-27 19:30:00,6.46299985,0.0,0.0,0.0,0.0,1.37462115,0.0
2024-01-27 20:00:00,6.0629997,0.0,0.0,0.0,0.0,1.1,0.0
2024-01-27 20:30:00,5.53799985,0.0,0.0,0.0,0.0,1.33262375,0.0
2024-01-27 21:00:00,5.013,0.0,0.0,0.0,0.0,1.5652475,0.0
2024-01-27 21:30:00,5.03799985,0.0,0.0,0.0,0.0,1.44970695,0.0
2024-01-27 22:00:00,5.0629997,0.0,0.0,0.0,0.0,1.3341664,0.0
2024-01-27 22:30:00,4.98799985,0.0,0.0,0.0,0.0,1.3688666,0.0
2024-01-27 23:00:00,4.913,0.0,0.0,0.0,0.0,1.4035668,0.0
2024-01-27 23:30:00,4.86299985,0.0,0.0,0.0,0.0,1.4035668,0.0
2024-01-28 00:00:00,4.8129997,0.0,0.0,0.0,0.0,1.4035668,0.0
2024-01-28 00:30:00,4.76299985,0.0,0.0,0.0,0.0,1.3202492499999998,0.0
2024-01-28 01:00:00,4.713,0.0,0.0,0.0,0.0,1.2369317,0.0
2024-01-28 01:30:00,4.413,0.0,0.0,0.0,0.0,1.1569823,0.0
2024-01-28 02:00:00,4.113,0.0,0.0,0.0,0.0,1.0770329,0.0
2024-01-28 02:30:00,4.83799985,0.0,0.0,0.0,0.0,1.5309881,0.0
2024-01-28 03:00:00,5.5629997,0.0,0.0,0.0,0.0,1.9849433,0.0
2024-01-28 03:30:00,5.46299985,0.0,0.0,0.0,0.0,2.0936074,0.0
2024-01-28 04:00:00,5.363,0.0,0.0,0.0,0.0,2.2022715,0.0
2024-01-28 04:30:00,5.063000000000001,0.0,0.0,0.0,0.0,2.3551294,0.0
2024-01-28 05:00:00,4.763,0.0,0.0,0.0,0.0,2.5079873,0.0
2024-01-28 05:30:00,4.863,0.0,0.0,0.0,0.0,2.57403165,0.0
2024-01-28 06:00:00,4.963,0.0,0.0,0.0,0.0,2.640076,0.0
2024-01-28 06:30:00,4.713,0.0,0.0,0.0,0.0,2.3508144,0.0
2024-01-28 07:00:00,4.463,0.0,0.03063896217732616,0.0,0.0,2.0615528,0.0
2024-01-28 07:30:00,4.913,16.084263180781207,0.1483875176446874,32.97108,11.4067385,2.3545965,8.229
2024-01-28 08:00:00,5.363,39.67366927330568,0.2622015466625913,65.94216,22.813477,2.6476402,147.338
2024-01-28 08:30:00,6.938000000000001,163.01753823974224,0.3701341523917944,301.41418,52.186581,2.3250693,298.81
2024-01-28 09:00:00,8.513,333.0426360415014,0.47033888477555585,536.8862,81.559685,2.0024984,60.377
2024-01-28 09:30:00,8.937999999999999,418.7778378212443,0.5611013497364474,568.3115700000001,100.9586875,3.0730842000000003,125.013
2024-01-28 10:00:00,9.363,503.6232575893422,0.640868543839651,599.73694,120.35769,4.14367,148.298
2024-01-28 10:30:00,9.238,534.9260530787292,0.7082754522434316,574.15922,129.36547000000002,4.15989635,82.571
2024-01-28 11:00:00,9.113,555.3671252445619,0.7621684283233565,548.5815,138.37325,4.1761227,106.43900000000002
2024-01-28 11:30:00,9.038,523.2845788892405,0.8016249457373142,452.6662,162.3202,4.0044382,197.76
2024-01-28 12:00:00,8.963,478.24182705832845,0.8259694113914564,356.7509,186.26715,3.8327537,15.21
2024-01-28 12:30:00,8.913,490.8290077252513,0.834784747024873,354.83407,197.534555,4.3417635,13.866
2024-01-28 13:00:00,8.863,497.8484605328183,0.8279195427681121,352.91724,208.80196,4.8507733,27.16
2024-01-28 13:30:00,7.962999849999999,344.1582081618493,0.8054906694986068,237.14825,155.60487999999998,4.775918450000001,87.614
2024-01-28 14:00:00,7.0629997,193.81849345493558,0.7678812921920696,121.37926,102.4078,4.7010636,51.82
2024-01-28 14:30:00,7.23799985,210.2146498432782,0.7157343303669805,109.324905,134.567975,5.1491923,47.728
2024-01-28 15:00:00,7.413,226.54065800486325,0.6499414684541495,97.27055,166.72815,5.597321,54.092000000000006
2024-01-28 15:30:00,7.138,164.26775176106815,0.5716279015616148,84.03155000000001,118.63475,5.260875,88.286
2024-01-28 16:00:00,6.863,103.27688392502361,0.4821330985583598,70.79255,70.54135,4.924429,106.171
2024-01-28 16:30:00,6.363,73.56929751298469,0.38298788538161493,73.40551500000001,46.3427195,4.756228500000001,17.575999999999997
2024-01-28 17:00:00,5.863,42.73890199349843,0.2758882489705385,76.01848,22.144089,4.588028,50.311
2024-01-28 17:30:00,5.96299985,17.06597213507229,0.16266633604418354,38.00924,11.0720445,5.011089800000001,7.234999999999999
2024-01-28 18:00:00,6.0629997,0.0,0.04525910337503515,0.0,0.0,5.4341516,0.0
2024-01-28 18:30:00,6.21299985,0.0,0.0,0.0,0.0,5.4336915,0.0
2024-01-28 19:00:00,6.363,0.0,0.0,0.0,0.0,5.4332314,0.0
2024-01-28 19:30:00,6.188000000000001,0.0,0.0,0.0,0.0,5.7703021,0.0
2024-01-28 20:00:00,6.013,0.0,0.0,0.0,0.0,6.1073728,0.0
2024-01-28 20:30:00,5.588,0.0,0.0,0.0,0.0,5.815026550000001,0.0
2024-01-28 21:00:00,5.163,0.0,0.0,0.0,0.0,5.5226803,0.0
2024-01-28 21:30:00,5.713,0.0,0.0,0.0,0.0,6.328552,0.0
2024-01-28 22:00:00,6.263,0.0,0.0,0.0,0.0,7.1344237,0.0
2024-01-28 22:30:00,6.063000000000001,0.0,0.0,0.0,0.0,7.167558850000001,0.0
2024-01-28 23:00:00,5.863,0.0,0.0,0.0,0.0,7.200694,0.0
2024-01-28 23:30:00,5.58799985,0.0,0.0,0.0,0.0,7.0237955,0.0
2024-01-29 00:00:00,5.3129997,0.0,0.0,0.0,0.0,6.846897,0.0
2024-01-29 00:30:00,5.46299985,0.0,0.0,0.0,0.0,7.1308734000000005,0.0
2024-01-29 01:00:00,5.613,0.0,0.0,0.0,0.0,7.4148498,0.0
2024-01-29 01:30:00,5.763,0.0,0.0,0.0,0.0,7.6788857,0.0
2024-01-29 02:00:00,5.913,0.0,0.0,0.0,0.0,7.9429216,0.0
2024-01-29 02:30:00,6.288,0.0,0.0,0.0,0.0,7.22146105,0.0
2024-01-29 03:00:00,6.663,0.0,0.0,0.0,0.0,6.5000005,0.0
2024-01-29 03:30:00,6.563000000000001,0.0,0.0,0.0,0.0,6.3792972500000005,0.0
2024-01-29 04:00:00,6.463,0.0,0.0,0.0,0.0,6.258594,0.0
2024-01-29 04:30:00,6.13799985,0.0,0.0,0.0,0.0,6.65987775,0.0
2024-01-29 05:00:00,5.8129997,0.0,0.0,0.0,0.0,7.0611615,0.0
2024-01-29 05:30:00,5.71299985,0.0,0.0,0.0,0.0,6.93388775,0.0
2024-01-29 06:00:00,5.613,0.0,0.0,0.0,0.0,6.806614,0.0
2024-01-29 06:30:00,5.83799985,0.0,0.0,0.0,0.0,6.99565985,0.0
2024-01-29 07:00:00,6.0629997,0.0,0.031199909604852315,0.0,0.0,7.1847057,0.0
2024-01-29 07:30:00,6.08799985,14.075666349181631,0.14914660094632134,19.6934415,11.369876,7.26998805,9.566
2024-01-29 08:00:00,6.113,32.64217240005289,0.2631652629889519,39.386883,22.739752,7.3552704,127.793
2024-01-29 08:30:00,6.08799985,104.78454269906628,0.37130546976157924,146.5542365,51.30926100000001,6.9870912,154.675
2024-01-29 09:00:00,6.0629997,198.14422919004727,0.47171719216847774,253.72159,79.87877,6.618912,422.322
2024-01-29 09:30:00,6.28799985,252.22748724008136,0.5626824690669772,255.89096,110.185935,7.0124955,31.034
2024-01-29 10:00:00,6.513,303.8659970267805,0.6426448035572981,258.06033,140.4931,7.406079,87.936
2024-01-29 10:30:00,6.66299985,371.3734081551561,0.710235821290292,299.43573000000004,161.36932000000002,7.653356,16.414
2024-01-29 11:00:00,6.8129997,439.86349250708633,0.7642987081589425,340.81113,182.24554,7.900633,908.935
2024-01-29 11:30:00,6.38799985,417.3504793355079,0.803908017005786,267.272115,206.104665,7.65166765,776.376
2024-01-29 12:00:00,5.963,386.0802775256624,0.828385531010077,193.7331,229.96379,7.4027023,359.565
2024-01-29 12:30:00,6.488,432.30708871088245,0.8373118905236905,262.294635,216.417345,7.65166765,301.77000000000004
2024-01-29 13:00:00,7.013,474.5619908652808,0.8305337859154712,330.85617,202.8709,7.900633,178.02200000000002
2024-01-29 13:30:00,6.938000000000001,529.4379182123623,0.8081666026226928,440.5529,175.42855,7.9031635,1042.243
2024-01-29 14:00:00,6.863,571.0390080846545,0.7705924600054117,550.24963,147.9862,7.905694,935.441
2024-01-29 14:30:00,6.313000000000001,478.6860549680382,0.7184536896626219,475.49533,138.24703499999998,7.50390315,100.797
2024-01-29 15:00:00,5.763,388.64893883705605,0.652641855760461,400.74103,128.50787,7.1021123,319.792
2024-01-29 15:30:00,5.78799985,316.13106485069943,0.5742825026486507,361.072375,110.0516,7.50390315,24.742000000000004
2024-01-29 16:00:00,5.8129997,246.22796321540017,0.4847159116798116,321.40372,91.59533,7.905694,170.541
2024-01-29 16:30:00,5.58799985,167.08914803890548,0.3854741702416051,261.929995,67.013537,7.674405800000001,76.387
2024-01-29 17:00:00,5.363,98.13979507578463,0.27825495364661473,202.45627,42.431744,7.4431176,26.191000000000003
2024-01-29 17:30:00,5.163,37.594427221599915,0.16489249452107213,101.228135,21.215872,7.0849648,5.677999999999999
2024-01-29 18:00:00,4.963,0.0,0.0473261968143696,0.0,0.0,6.726812,0.0
2024-01-29 18:30:00,4.613,0.0,0.0,0.0,0.0,6.4334225,0.0
2024-01-29 19:00:00,4.263,0.0,0.0,0.0,0.0,6.140033,0.0
2024-01-29 19:30:00,4.338,0.0,0.0,0.0,0.0,6.29685725,0.0
2024-01-29 20:00:00,4.413,0.0,0.0,0.0,0.0,6.4536815,0.0
2024-01-29 20:30:00,4.48799985,0.0,0.0,0.0,0.0,6.82718775,0.0
2024-01-29 21:00:00,4.5629997,0.0,0.0,0.0,0.0,7.200694,0.0
2024-01-29 21:30:00,4.38799985,0.0,0.0,0.0,0.0,7.167558850000001,0.0
2024-01-29 22:00:00,4.213,0.0,0.0,0.0,0.0,7.1344237,0.0
2024-01-29 22:30:00,4.213,0.0,0.0,0.0,0.0,6.6736567,0.0
2024-01-29 23:00:00,4.213,0.0,0.0,0.0,0.0,6.2128897,0.0
2024-01-29 23:30:00,3.788,0.0,0.0,0.0,0.0,5.677436849999999,0.0
2024-01-30 00:00:00,3.363,0.0,0.0,0.0,0.0,5.141984,0.0
2024-01-30 00:30:00,3.438,0.0,0.0,0.0,0.0,5.36025715,0.0
2024-01-30 01:00:00,3.513,0.0,0.0,0.0,0.0,5.5785303,0.0
2024-01-30 01:30:00,3.388,0.0,0.0,0.0,0.0,5.271703499999999,0.0
2024-01-30 02:00:00,3.263,0.0,0.0,0.0,0.0,4.9648767,0.0
2024-01-30 02:30:00,4.03799985,0.0,0.0,0.0,0.0,6.440341849999999,0.0
2024-01-30 03:00:00,4.8129997,0.0,0.0,0.0,0.0,7.915807,0.0
2024-01-30 03:30:00,4.98799985,0.0,0.0,0.0,0.0,7.959153499999999,0.0
2024-01-30 04:00:00,5.163,0.0,0.0,0.0,0.0,8.0025,0.0
2024-01-30 04:30:00,4.838,0.0,0.0,0.0,0.0,7.67310235,0.0
2024-01-30 05:00:00,4.513,0.0,0.0,0.0,0.0,7.3437047,0.0
2024-01-30 05:30:00,4.28799985,0.0,0.0,0.0,0.0,7.18930885,0.0
2024-01-30 06:00:00,4.0629997,0.0,0.0,0.0,0.0,7.034913,0.0
2024-01-30 06:30:00,4.01299975,0.0,0.0,0.0,0.0,6.9299333,0.0
2024-01-30 07:00:00,3.9629998,0.0,0.03183786923242819,0.0,0.0,6.8249536,0.0
2024-01-30 07:30:00,3.88799975,15.150238551942195,0.14998245253144146,19.599827,12.46692,6.6019125,8.578999999999999
2024-01-30 08:00:00,3.8129997,34.77794623270411,0.26420461196222916,39.199654,24.93384,6.3788714,40.789
2024-01-30 08:30:00,4.16299985,134.83467016273852,0.3725504119016128,203.421377,60.0994425,6.0112259,52.67099999999999
2024-01-30 09:00:00,4.513,267.6350054268008,0.47316627876816064,367.6431,95.265045,5.6435804,45.137
2024-01-30 09:30:00,4.888,315.1340637867105,0.5643307333914048,348.93787,120.1945575,6.3078339,80.94500000000001
2024-01-30 10:00:00,5.263,355.58631410494115,0.6444838480738896,330.23264,145.12407,6.9720874,108.514
2024-01-30 10:30:00,5.53799985,439.5403576884635,0.7122539642102105,394.46373,160.91156,6.8101977,647.85
2024-01-30 11:00:00,5.8129997,525.988242960066,0.7664811866865493,458.69482,176.69905,6.648308,846.967
2024-01-30 11:30:00,5.8129997,528.5855699751326,0.8062372437765639,430.9624,183.55597,6.6002034,910.635
2024-01-30 12:00:00,5.8129997,522.8681326683553,0.830841399273559,403.22998,190.41289,6.5520988,473.527
2024-01-30 12:30:00,5.88799985,461.4028577973592,0.8398721227777621,314.81649,200.1392,6.7089779,714.0469999999999
2024-01-30 13:00:00,5.963,394.7797218040231,0.8331743199025581,226.403,209.86551,6.865857,1026.794
2024-01-30 13:30:00,5.863,365.77955376648407,0.8108620080449916,206.800995,201.733345,6.54138465,779.5869999999999
2024-01-30 14:00:00,5.763,334.8024561789779,0.7733163787044925,187.19899,193.60118,6.2169123,279.411
2024-01-30 14:30:00,5.388,288.64706289038315,0.7211792916356728,168.22594500000002,170.491105,5.689637899999999,177.95299999999995
2024-01-30 15:00:00,5.013,242.4253181805145,0.6553423031275838,149.2529,147.38103,5.1623635,71.881
2024-01-30 15:30:00,5.063000000000001,269.3808422097541,0.5769314135273699,261.53295,120.3970275,5.370446899999999,22.943
2024-01-30 16:00:00,5.113,274.5294767621082,0.4872878159497111,373.813,93.413025,5.5785303,43.672
2024-01-30 16:30:00,4.763,169.34046763831566,0.3879449493160265,259.35713,69.640629,5.0084994,22.704
2024-01-30 17:00:00,4.413,85.73302209963026,0.2806022566449589,144.90126,45.868233,4.4384685,5.128
2024-01-30 17:30:00,4.313000000000001,34.64292020759778,0.167096123679416,72.45063,22.9341165,4.8086357500000005,5.229
2024-01-30 18:00:00,4.213,0.0,0.04936845547181308,0.0,0.0,5.178803,0.0
2024-01-30 18:30:00,3.863,0.0,0.0,0.0,0.0,5.0312245,0.0
2024-01-30 19:00:00,3.513,0.0,0.0,0.0,0.0,4.883646,0.0
2024-01-30 19:30:00,3.463,0.0,0.0,0.0,0.0,4.9898615,0.0
2024-01-30 20:00:00,3.413,0.0,0.0,0.0,0.0,5.096077,0.0
2024-01-30 20:30:00,3.48799985,0.0,0.0,0.0,0.0,5.13744,0.0
2024-01-30 21:00:00,3.5629997,0.0,0.0,0.0,0.0,5.178803,0.0
2024-01-30 21:30:00,3.5379998500000003,0.0,0.0,0.0,0.0,4.59751,0.0
2024-01-30 22:00:00,3.513,0.0,0.0,0.0,0.0,4.016217,0.0
2024-01-30 22:30:00,3.588,0.0,0.0,0.0,0.0,3.7523849,0.0
2024-01-30 23:00:00,3.663,0.0,0.0,0.0,0.0,3.4885528,0.0
2024-01-30 23:30:00,3.5629999,0.0,0.0,0.0,0.0,3.2886209,0.0
2024-01-31 00:00:00,3.4629998,0.0,0.0,0.0,0.0,3.088689,0.0
2024-01-31 00:30:00,3.4129999,0.0,0.0,0.0,0.0,2.79833815,0.0
2024-01-31 01:00:00,3.363,0.0,0.0,0.0,0.0,2.5079873,0.0
2024-01-31 01:30:00,3.4129999,0.0,0.0,0.0,0.0,2.60399365,0.0
2024-01-31 02:00:00,3.4629998,0.0,0.0,0.0,0.0,2.7,0.0
2024-01-31 02:30:00,3.18799985,0.0,0.0,0.0,0.0,3.51448615,0.0
2024-01-31 03:00:00,2.9129999,0.0,0.0,0.0,0.0,4.3289723,0.0
2024-01-31 03:30:00,3.0379999,0.0,0.0,0.0,0.0,4.17446135,0.0
2024-01-31 04:00:00,3.1629999,0.0,0.0,0.0,0.0,4.0199504,0.0
2024-01-31 04:30:00,3.83799995,0.0,0.0,0.0,0.0,4.9125602,0.0
2024-01-31 05:00:00,4.513,0.0,0.0,0.0,0.0,5.80517,0.0
2024-01-31 05:30:00,4.463,0.0,0.0,0.0,0.0,6.15258525,0.0
2024-01-31 06:00:00,4.413,0.0,0.0,0.0,0.0,6.5000005,0.0
2024-01-31 06:30:00,4.388,0.0,0.0,0.0,0.0,5.922545749999999,0.0
2024-01-31 07:00:00,4.363,0.0,0.03255251311092325,0.0,0.0,5.345091,0.0
2024-01-31 07:30:00,4.388,3.1978360911175847,0.15089452469239065,6.500322500000001,2.25955675,5.8509885,0.0
2024-01-31 08:00:00,4.413,7.883261944617814,0.2653188292082547,13.000645,4.5191135,6.356886,2.4960000000000004
2024-01-31 08:30:00,4.73799985,22.654801621829026,0.3738680045911791,6.500322499999999,20.68379175,6.5149832,3.0120000000000005
2024-01-31 09:00:00,5.0629997,36.01513200484409,0.47468497094659934,0.0,36.84847,6.6730804,12.31
2024-01-31 09:30:00,5.41299985,54.67919483028873,0.5660447835536377,3.2082896,54.07717,6.8186372,48.768
2024-01-31 10:00:00,5.763,73.85876156211816,0.6463841497980052,6.4165792,71.30587,6.964194,61.189
2024-01-31 10:30:00,5.91299985,119.32100076229074,0.7143282049458567,45.2181596,88.863975,6.80625115,63.632000000000005
2024-01-31 11:00:00,6.0629997,168.9167571148907,0.7687140619296169,84.01974,106.42208,6.6483083,151.54
2024-01-31 11:30:00,6.36299985,172.9440629347313,0.808610722873141,69.98709,118.7588,6.87732165,62.816
2024-01-31 12:00:00,6.663,175.00269689781817,0.8333350382731216,55.95444,131.09552,7.106335,66.936
2024-01-31 12:30:00,7.138,208.94518376625217,0.8424634188970906,78.0751625,146.12406,7.49175875,48.092
2024-01-31 13:00:00,7.613,241.7131678575161,0.8358391014288729,100.195885,161.1526,7.8771825,51.449
2024-01-31 13:30:00,7.56299975,261.31820782192113,0.8135748529383972,121.0826175,166.02304,7.99968725,40.693
2024-01-31 14:00:00,7.5129995,277.8268046134451,0.7760510546379601,141.96935,170.89348,8.122192,131.319
2024-01-31 14:30:00,7.2879996,209.73545825363266,0.7239092098368662,83.3376775,152.49679500000002,8.1418435,33.730000000000004
2024-01-31 15:00:00,7.0629997,147.41931484723472,0.6580409781742561,24.706005,134.10011,8.161495,49.174
2024-01-31 15:30:00,7.16299985,186.4426831711329,0.5795729211211937,118.1791125,120.31583,8.4988915,131.755
2024-01-31 16:00:00,7.263,208.41404427023946,0.48984724078254743,211.65222,106.53155,8.836288,69.723
2024-01-31 16:30:00,7.03799985,110.83903686910213,0.390398815233342,109.826407,69.214191,8.171142849999999,74.29299999999999
2024-01-31 17:00:00,6.8129997,33.45268660567614,0.28292893171185474,8.000594,31.896832,7.5059977,11.684
2024-01-31 17:30:00,6.76299985,16.271698593769113,0.16927619316045223,4.000297,15.948416000000002,7.0715075,7.319
2024-01-31 18:00:00,6.713,0.0,0.0513850562781223,0.0,0.0,6.6370173,0.0
2024-01-31 18:30:00,6.788,0.0,0.0,0.0,0.0,6.22539715,0.0
2024-01-31 19:00:00,6.863,0.0,0.0,0.0,0.0,5.813777,0.0
2024-01-31 19:30:00,6.888,0.0,0.0,0.0,0.0,5.758642200000001,0.0
2024-01-31 20:00:00,6.913,0.0,0.0,0.0,0.0,5.7035074,0.0
2024-01-31 20:30:00,6.73799985,0.0,0.0,0.0,0.0,5.5036399,0.0
2024-01-31 21:00:00,6.5629997,0.0,0.0,0.0,0.0,5.3037724,0.0
2024-01-31 21:30:00,6.3129997,0.0,0.0,0.0,0.0,5.15388535,0.0
2024-01-31 22:00:00,6.0629997,0.0,0.0,0.0,0.0,5.0039983,0.0
2024-01-31 22:30:00,6.0629997,0.0,0.0,0.0,0.0,4.707106850000001,0.0
2024-01-31 23:00:00,6.0629997,0.0,0.0,0.0,0.0,4.4102154,0.0
2024-01-31 23:30:00,5.9379997,0.0,0.0,0.0,0.0,4.6056285,0.0
2024-02-01 00:00:00,5.8129997,0.0,0.0,0.0,0.0,4.8010416,0.0
2024-02-01 00:30:00,5.8129997,0.0,0.0,0.0,0.0,5.1546088,0.0
2024-02-01 01:00:00,5.8129997,0.0,0.0,0.0,0.0,5.508176,0.0
2024-02-01 01:30:00,5.91299985,0.0,0.0,0.0,0.0,6.060143,0.0
2024-02-01 02:00:00,6.013,0.0,0.0,0.0,0.0,6.61211,0.0
2024-02-01 02:30:00,6.313000000000001,0.0,0.0,0.0,0.0,6.117193500000001,0.0
2024-02-01 03:00:00,6.613,0.0,0.0,0.0,0.0,5.622277,0.0
2024-02-01 03:30:00,6.513,0.0,0.0,0.0,0.0,5.5629562,0.0
2024-02-01 04:00:00,6.413,0.0,0.0,0.0,0.0,5.5036354,0.0
2024-02-01 04:30:00,6.463,0.0,0.0,0.0,0.0,5.8554447,0.0
2024-02-01 05:00:00,6.513,0.0,0.0,0.0,0.0,6.207254,0.0
2024-02-01 05:30:00,6.588,0.0,0.0,0.0,0.0,6.1540368,0.0
2024-02-01 06:00:00,6.663,0.0,0.0,0.0,0.0,6.1008196,0.0
2024-02-01 06:30:00,6.563000000000001,0.0,0.0,0.0,0.0,6.150812800000001,0.0
2024-02-01 07:00:00,6.463,0.0,0.03334346021541417,0.0,0.0,6.200806,0.0
2024-02-01 07:30:00,6.51299985,8.69598484273541,0.1518822163106783,6.465737,7.8837575,6.25199,5.65
2024-02-01 08:00:00,6.5629997,18.874238354338054,0.26650709734645467,12.931474,15.767515,6.303174,7.824000000000001
2024-02-01 08:30:00,6.83799985,60.298525349678286,0.37525722174625853,33.320317,48.8484725,6.35510085,13.912
2024-02-01 09:00:00,7.113,105.74193424712612,0.47627204507025866,53.70916,81.92943,6.4070277,45.03
2024-02-01 09:30:00,7.513,170.4842415225508,0.5678232129291283,101.55573,115.17022,6.562829000000001,204.698
2024-02-01 10:00:00,7.913,242.33942370301955,0.6483441368222878,149.4023,148.41101,6.7186303,95.369
2024-02-01 10:30:00,8.238,306.5849747127232,0.7164568268736999,186.66228,176.20239,7.50961665,184.67800000000005
2024-02-01 11:00:00,8.563,372.86675512905776,0.7709954956040844,223.92226,203.99377,8.300603,408.19
2024-02-01 11:30:00,8.713000000000001,379.9927932971864,0.811026519503807,207.917565,215.39614,7.95063025,176.171
2024-02-01 12:00:00,8.863,382.9217114072436,0.8358644435245799,191.91287,226.79851,7.6006575,822.943
2024-02-01 12:30:00,9.138,432.0671220009764,0.8450837327245982,245.334165,228.80793,7.703212499999999,326.144
2024-02-01 13:00:00,9.413,477.48409521826767,0.838526071396146,298.75546,230.81735,7.8057675,320.65599999999995
2024-02-01 13:30:00,9.588,459.80921554001407,0.8163030942211046,309.10718,210.86126,7.6042349,154.904
2024-02-01 14:00:00,9.763,436.7911140005277,0.7787944894217648,319.4589,190.90517,7.4027023,486.615
2024-02-01 14:30:00,9.663,391.8090622339428,0.7266415184897778,302.57633,174.63907999999998,7.2569804,244.926
2024-02-01 15:00:00,9.563,344.6589613494275,0.660736054388654,285.69376,158.37299,7.1112585,221.881
2024-02-01 15:30:00,9.288,269.9824386008487,0.5822053231428888,234.3406,135.801285,6.55604575,60.567
2024-02-01 16:00:00,9.013,201.30706110509715,0.492392630903876,182.98744,113.22958,6.000833,40.532
2024-02-01 16:30:00,8.613,148.47872471431256,0.39283437999620646,181.59439,78.49332,5.552376499999999,85.915
2024-02-01 17:00:00,8.213,94.4785246742693,0.2852337755071897,180.20134,43.75706,5.10392,45.726
2024-02-01 17:30:00,7.438,36.98561894917819,0.17143169847539344,90.10067,21.87853,4.6543395,32.613
2024-02-01 18:00:00,6.663,0.0,0.05337520435218951,0.0,0.0,4.204759,0.006
2024-02-01 18:30:00,6.563000000000001,0.0,0.0,0.0,0.0,3.9550802,0.0
2024-02-01 19:00:00,6.463,0.0,0.0,0.0,0.0,3.7054014,0.0
2024-02-01 19:30:00,6.13799985,0.0,0.0,0.0,0.0,3.6140922,0.0
2024-02-01 20:00:00,5.8129997,0.0,0.0,0.0,0.0,3.522783,0.0
2024-02-01 20:30:00,5.48799985,0.0,0.0,0.0,0.0,3.46799635,0.0
2024-02-01 21:00:00,5.163,0.0,0.0,0.0,0.0,3.4132097,0.0
2024-02-01 21:30:00,4.838,0.0,0.0,0.0,0.0,3.1600491,0.0
2024-02-01 22:00:00,4.513,0.0,0.0,0.0,0.0,2.9068885,0.0
2024-02-01 22:30:00,4.1129999,0.0,0.0,0.0,0.0,2.6627829,0.0
2024-02-01 23:00:00,3.7129998,0.0,0.0,0.0,0.0,2.4186773,0.0
2024-02-01 23:30:00,3.4129999,0.0,0.0,0.0,0.0,2.24011505,0.0
2024-02-02 00:00:00,3.113,0.0,0.0,0.0,0.0,2.0615528,0.0
2024-02-02 00:30:00,2.863,0.0,0.0,0.0,0.0,1.8370022,0.0
2024-02-02 01:00:00,2.613,0.0,0.0,0.0,0.0,1.6124516,0.0
2024-02-02 01:30:00,2.4129999,0.0,0.0,0.0,0.0,1.46387305,0.0
2024-02-02 02:00:00,2.2129998,0.0,0.0,0.0,0.0,1.3152945,0.0
2024-02-02 02:30:00,1.91299985,0.0,0.0,0.0,0.0,1.21666425,0.0
2024-02-02 03:00:00,1.6129999,0.0,0.0,0.0,0.0,1.118034,0.0
2024-02-02 03:30:00,1.41299995,0.0,0.0,0.0,0.0,0.983281075,0.0
2024-02-02 04:00:00,1.213,0.0,0.0,0.0,0.0,0.84852815,0.0
2024-02-02 04:30:00,1.038,0.0,0.0,0.0,0.0,0.6792150450000001,0.0
2024-02-02 05:00:00,0.863,0.0,0.0,0.0,0.0,0.50990194,0.0
2024-02-02 05:30:00,0.687999975,0.0,0.0,0.0,0.0,0.35495097,0.0
2024-02-02 06:00:00,0.51299995,0.0,0.0,0.0,0.0,0.2,0.0
2024-02-02 06:30:00,0.287999957,0.0,0.0,0.0,0.0,0.25,0.0
2024-02-02 07:00:00,0.062999964,0.0,0.03421028050539755,0.0,0.0,0.3,0.0
2024-02-02 07:30:00,0.037999958,23.297322847822343,0.1529448769702555,51.4326325,15.7187375,0.356155285,11.946
2024-02-02 08:00:00,0.012999952,58.40601325651439,0.2677685500621365,102.865265,31.437475,0.41231057,145.57
2024-02-02 08:30:00,2.362999976,212.34353573008423,0.3767169893518943,407.9539025,59.3620475,0.5223830349999999,301.296
2024-02-02 09:00:00,4.713,427.2405430018907,0.47792623119756866,713.04254,87.28662,0.6324555,431.766
2024-02-02 09:30:00,6.813000000000001,538.6590813185929,0.5696645707938783,780.068845,94.646225,0.41622775,544.9300000000001
2024-02-02 10:00:00,8.913,653.0228477942355,0.6503621958954687,847.09515,102.00583,0.2,636.857
2024-02-02 10:30:00,9.763,729.1390199020694,0.7186380752673224,868.164125,104.722965,0.41622775,716.202
2024-02-02 11:00:00,10.613,796.0472177497531,0.7733236149955804,889.2331,107.4401,0.6324555,612.018
2024-02-02 11:30:00,11.238,832.4164792369515,0.8134826684834825,889.2609,107.813845,1.1706281499999998,838.215
2024-02-02 12:00:00,11.863,855.258213016936,0.8384275844808398,889.2887,108.18759,1.7088008,161.4
2024-02-02 12:30:00,12.238,851.181134754158,0.8477309965841942,876.2393999999999,106.830015,2.10839405,842.767
2024-02-02 13:00:00,12.613,833.2217637355438,0.8412331538715865,863.1901,105.47244,2.5079873,942.556
2024-02-02 13:30:00,12.688,783.4272278866663,0.8190446767163883,827.206315,104.518378,2.8887719,900.1170000000001
2024-02-02 14:00:00,12.763,723.1147214307395,0.7815446772895611,791.22253,103.564316,3.2695565,775.096
2024-02-02 14:30:00,12.438,627.8293000385852,0.7293742890402701,717.664885,103.721403,3.75727675,805.237
2024-02-02 15:00:00,12.113,531.3443060044242,0.6634257069009153,644.10724,103.87849,4.244997,631.3979999999999
2024-02-02 15:30:00,11.613,430.7811414833256,0.5848269230760419,579.9823200000001,91.65202,4.352408649999999,536.6030000000001
2024-02-02 16:00:00,11.113,334.466130119936,0.49492244063750995,515.8574,79.42555,4.4598203,430.669
2024-02-02 16:30:00,10.413,221.4901911092413,0.39525026864470114,408.0021,60.56976,3.99696995,269.422
2024-02-02 17:00:00,9.713,127.59466376861818,0.28751560072056676,300.1468,41.71397,3.5341196,111.002
2024-02-02 17:30:00,8.488,46.69587560626759,0.17356165366504928,150.0734,20.856985,3.0870978,22.591
2024-02-02 18:00:00,7.263,0.0,0.05533812534145678,0.0,0.0,2.640076,0.0
2024-02-02 18:30:00,6.563000000000001,0.0,0.0,0.0,0.0,2.36406865,0.0
2024-02-02 19:00:00,5.863,0.0,0.0,0.0,0.0,2.0880613,0.0
2024-02-02 19:30:00,5.388,0.0,0.0,0.0,0.0,1.8579717,0.0
2024-02-02 20:00:00,4.913,0.0,0.0,0.0,0.0,1.6278821,0.0
2024-02-02 20:30:00,4.688000000000001,0.0,0.0,0.0,0.0,1.71394105,0.0
2024-02-02 21:00:00,4.463,0.0,0.0,0.0,0.0,1.8,0.0
2024-02-02 21:30:00,4.438000000000001,0.0,0.0,0.0,0.0,1.75586215,0.0
2024-02-02 22:00:00,4.413,0.0,0.0,0.0,0.0,1.7117243,0.0
2024-02-02 22:30:00,4.263,0.0,0.0,0.0,0.0,1.7572499499999998,0.0
2024-02-02 23:00:00,4.113,0.0,0.0,0.0,0.0,1.8027756,0.0
2024-02-02 23:30:00,3.938,0.0,0.0,0.0,0.0,1.85270265,0.0
2024-02-03 00:00:00,3.763,0.0,0.0,0.0,0.0,1.9026297,0.0
2024-02-03 00:30:00,3.638,0.0,0.0,0.0,0.0,2.05585085,0.0
2024-02-03 01:00:00,3.513,0.0,0.0,0.0,0.0,2.209072,0.0
2024-02-03 01:30:00,3.863,0.0,0.0,0.0,0.0,2.2717977,0.0
2024-02-03 02:00:00,4.213,0.0,0.0,0.0,0.0,2.3345234,0.0
2024-02-03 02:30:00,4.488,0.0,0.0,0.0,0.0,2.6805362,0.0
2024-02-03 03:00:00,4.763,0.0,0.0,0.0,0.0,3.026549,0.0
2024-02-03 03:30:00,5.188000000000001,0.0,0.0,0.0,0.0,3.2810415,0.0
2024-02-03 04:00:00,5.613,0.0,0.0,0.0,0.0,3.535534,0.0
2024-02-03 04:30:00,5.563000000000001,0.0,0.0,0.0,0.0,3.444818,0.0
2024-02-03 05:00:00,5.513,0.0,0.0,0.0,0.0,3.354102,0.0
2024-02-03 05:30:00,5.688000000000001,0.0,0.0,0.0,0.0,3.4299058,0.0
2024-02-03 06:00:00,5.863,0.0,0.0,0.0,0.0,3.5057096,0.0
2024-02-03 06:30:00,6.163,0.0,0.0,0.0,0.0,3.40361225,0.0
2024-02-03 07:00:00,6.463,0.0,0.03515250171204719,0.0,0.0,3.3015149,0.0
2024-02-03 07:30:00,6.563000000000001,18.3963535026917,0.15408181364639953,12.7812175,16.789831,3.25153855,14.646
2024-02-03 08:00:00,6.663,39.73291016418784,0.269102278590543,25.562435,33.579662,3.2015622,30.394
2024-02-03 08:30:00,7.838,125.70589312739122,0.3782461916011983,119.8664975,82.030601,3.5007811,135.019
2024-02-03 09:00:00,9.013,230.60579250322348,0.47964621873195556,214.17056,130.48154,3.8,23.768
2024-02-03 09:30:00,9.738,339.8924609316482,0.5715673673604041,334.7608,151.14574499999998,4.645906,156.177
2024-02-03 10:00:00,10.463,466.3162496032933,0.6524366767196589,455.35104,171.80995,5.491812,706.2950000000001
2024-02-03 10:30:00,10.763,507.5537192269427,0.7208701607460097,473.22422,168.644735,5.45237985,373.626
2024-02-03 11:00:00,11.063,544.5550109806766,0.7756965154616052,491.0974,165.47952,5.4129477,873.258
2024-02-03 11:30:00,11.188,582.3298149969147,0.8159771757089036,512.903285,165.43206500000002,5.29587535,477.37799999999993
2024-02-03 12:00:00,11.313,613.714805216483,0.8410224049146451,534.70917,165.38461,5.178803,103.343
2024-02-03 12:30:00,11.113,571.7596954177732,0.8504031205277851,476.972235,167.77608500000002,5.00807885,198.12
2024-02-03 13:00:00,10.913,522.0867154776096,0.8439582541676637,419.2353,170.16756,4.8373547,899.8679999999999
2024-02-03 13:30:00,10.888,461.26346306435516,0.8217975300588278,330.51076,192.487505,4.745155349999999,165.547
2024-02-03 14:00:00,10.863,400.6642859073945,0.7842996008398211,241.78622,214.80745,4.652956,823.126
2024-02-03 14:30:00,10.863,452.2064631769024,0.732105584781397,404.43724,158.04086,4.11323485,275.776
2024-02-03 15:00:00,10.863,478.94203891185674,0.6661081060398352,567.08826,101.27427,3.5735137,137.262
2024-02-03 15:30:00,10.638,372.8322915679207,0.5874360227918055,471.91347,96.1157575,3.7367568,523.3
2024-02-03 16:00:00,10.413,277.4297398284533,0.49743512563085673,376.73868,90.957245,3.8999999,397.244
2024-02-03 16:30:00,9.913,185.54380999090898,0.39764511019552695,303.44308,65.5960775,3.64189245,286.906
2024-02-03 17:00:00,9.413,106.42619661601434,0.2897732263511503,230.14748,40.23491,3.383785,97.192
2024-02-03 17:30:00,8.638,40.082247264475654,0.17566508105638967,115.07374,20.117455,2.9890047500000003,8.94
2024-02-03 18:00:00,7.863,0.0,0.057273054727777564,0.0,0.0,2.5942245,0.046
2024-02-03 18:30:00,7.163,0.0,0.0,0.0,0.0,2.32788865,0.0
2024-02-03 19:00:00,6.463,0.0,0.0,0.0,0.0,2.0615528,0.0
2024-02-03 19:30:00,6.038,0.0,0.0,0.0,0.0,1.8307764,0.0
2024-02-03 20:00:00,5.613,0.0,0.0,0.0,0.0,1.6,0.0
2024-02-03 20:30:00,5.188000000000001,0.0,0.0,0.0,0.0,1.32201535,0.0
2024-02-03 21:00:00,4.763,0.0,0.0,0.0,0.0,1.0440307,0.0
2024-02-03 21:30:00,4.138,0.0,0.0,0.0,0.0,1.05352265,0.0
2024-02-03 22:00:00,3.513,0.0,0.0,0.0,0.0,1.0630146,0.0
2024-02-03 22:30:00,3.188,0.0,0.0,0.0,0.0,0.6315073,0.0
2024-02-03 23:00:00,2.863,0.0,0.0,0.0,0.0,0.2,0.0
2024-02-03 23:30:00,2.4129999,0.0,0.0,0.0,0.0,0.2,0.0
2024-02-04 00:00:00,1.9629998,0.0,0.0,0.0,0.0,0.2,0.0
2024-02-04 00:30:00,1.4879999,0.0,0.0,0.0,0.0,0.25,0.0
2024-02-04 01:00:00,1.013,0.0,0.0,0.0,0.0,0.3,0.0
2024-02-04 01:30:00,0.8379999499999999,0.0,0.0,0.0,0.0,0.25,0.0
2024-02-04 02:00:00,0.6629999,0.0,0.0,0.0,0.0,0.2,0.0
2024-02-04 02:30:00,1.76299995,0.0,0.0,0.0,0.0,0.15,0.0
2024-02-04 03:00:00,2.863,0.0,0.0,0.0,0.0,0.1,0.0
2024-02-04 03:30:00,2.813,0.0,0.0,0.0,0.0,0.15,0.0
2024-02-04 04:00:00,2.763,0.0,0.0,0.0,0.0,0.2,0.0
2024-02-04 04:30:00,2.6129999,0.0,0.0,0.0,0.0,0.2,0.0
2024-02-04 05:00:00,2.4629998,0.0,0.0,0.0,0.0,0.2,0.0
2024-02-04 05:30:00,2.2129998,0.0,0.0,0.0,0.0,0.41622775,0.0
2024-02-04 06:00:00,1.9629998,0.0,0.0,0.0,0.0,0.6324555,0.0
2024-02-04 06:30:00,1.93799985,0.0,0.0,0.0,0.0,0.669781135,0.0
2024-02-04 07:00:00,1.9129999,0.0,0.03616961758147119,0.0,0.0,0.70710677,0.0
2024-02-04 07:30:00,2.63799995,24.219929899878764,0.15529229885645915,57.149723,15.622618500000002,0.403553385,12.1
2024-02-04 08:00:00,3.363,61.60887511888828,0.2705073395236795,114.299446,31.245237,0.1,140.761
2024-02-04 08:30:00,5.41300015,202.9521690174057,0.37984367818694686,379.183748,59.6629585,0.370156215,286.507
2024-02-04 09:00:00,7.4630003,397.2273112176458,0.4814306630383186,644.06805,88.08068,0.64031243,416.931
2024-02-04 09:30:00,8.88800015,502.2611162520045,0.5735300795664829,708.051125,96.71208,0.872424215,523.067
2024-02-04 10:00:00,10.313,610.5390519679639,0.6545658967505315,772.0342,105.34348,1.104536,621.518
2024-02-04 10:30:00,11.138,674.8114951253157,0.7231512629906116,772.4955,116.206695,1.3089053,693.428
2024-02-04 11:00:00,11.963,728.6161685875727,0.7781122629608199,772.9568,127.06991,1.5132746,746.3240000000001
2024-02-04 11:30:00,12.288,630.1019096714786,0.8185080194171799,586.10607,151.41746999999998,1.6298498,777.996
2024-02-04 12:00:00,12.613,510.40027762111447,0.8436468228451253,399.25534,175.76503,1.746425,798.713
2024-02-04 12:30:00,13.013,519.0530513633283,0.8530979908911692,387.09187,191.38636,1.79516695,391.863
2024-02-04 13:00:00,13.413,521.5333283635924,0.8466992560118448,374.9284,207.00769,1.8439089,217.929
2024-02-04 13:30:00,13.363,465.42511419175696,0.8245595644863972,326.67358,199.060135,2.1323263,194.707
2024-02-04 14:00:00,13.313,407.17634441783804,0.7870572254837631,278.41876,191.11258,2.4207437,156.85
2024-02-04 14:30:00,13.638,410.72259464316676,0.7348334540117141,339.241545,163.72433999999998,2.2362860500000004,82.102
2024-02-04 15:00:00,13.963,402.38385554449053,0.668781409282367,400.06433,136.3361,2.0518284,50.92099999999999
2024-02-04 15:30:00,13.538,319.6684655526044,0.5900309133611943,339.19719,121.06155,1.88614675,146.865
2024-02-04 16:00:00,13.113,243.3803068241731,0.499929132671625,278.33005,105.787,1.7204651,53.336000000000006
2024-02-04 16:30:00,12.563,172.15486751609438,0.4000175266095381,246.95649000000003,74.43578,1.15178015,39.448
2024-02-04 17:00:00,12.013,105.45227400925938,0.29200546596263427,215.58293,43.08456,0.5830952,56.745000000000005
2024-02-04 17:30:00,11.413,40.409402710856476,0.17774099897748644,107.791465,21.54228,0.7940414,11.108
2024-02-04 18:00:00,10.813,0.0,0.059179225250638984,0.0,0.0,1.0049876,0.394
2024-02-04 18:30:00,10.163,0.0,0.0,0.0,0.0,1.085589,0.0
2024-02-04 19:00:00,9.513,0.0,0.0,0.0,0.0,1.1661904,0.0
2024-02-04 19:30:00,8.863,0.0,0.0,0.0,0.0,1.07806993,0.0
2024-02-04 20:00:00,8.213,0.0,0.0,0.0,0.0,0.98994946,0.0
2024-02-04 20:30:00,7.26299985,0.0,0.0,0.0,0.0,0.7011300149999999,0.0
2024-02-04 21:00:00,6.3129997,0.0,0.0,0.0,0.0,0.41231057,0.0
2024-02-04 21:30:00,5.6879997,0.0,0.0,0.0,0.0,0.41231057,0.0
2024-02-04 22:00:00,5.0629997,0.0,0.0,0.0,0.0,0.41231057,0.0
2024-02-04 22:30:00,4.58799985,0.0,0.0,0.0,0.0,0.306155285,0.0
2024-02-04 23:00:00,4.113,0.0,0.0,0.0,0.0,0.2,0.0
2024-02-04 23:30:00,3.83799985,0.0,0.0,0.0,0.0,0.15,0.0
2024-02-05 00:00:00,3.5629997,0.0,0.0,0.0,0.0,0.1,0.0
2024-02-05 00:30:00,3.48799985,0.0,0.0,0.0,0.0,0.15,0.0
2024-02-05 01:00:00,3.413,0.0,0.0,0.0,0.0,0.2,0.0
2024-02-05 01:30:00,3.263,0.0,0.0,0.0,0.0,0.306155285,0.0
2024-02-05 02:00:00,3.113,0.0,0.0,0.0,0.0,0.41231057,0.0
2024-02-05 02:30:00,3.388,0.0,0.0,0.0,0.0,0.364269165,0.0
2024-02-05 03:00:00,3.663,0.0,0.0,0.0,0.0,0.31622776,0.0
2024-02-05 03:30:00,3.588,0.0,0.0,0.0,0.0,0.30811388,0.0
2024-02-05 04:00:00,3.513,0.0,0.0,0.0,0.0,0.3,0.0
2024-02-05 04:30:00,3.513,0.0,0.0,0.0,0.0,0.25,0.0
2024-02-05 05:00:00,3.513,0.0,0.0,0.0,0.0,0.2,0.0
2024-02-05 05:30:00,3.3629999,0.0,0.0,0.0,0.0,0.15,0.0
2024-02-05 06:00:00,3.2129998,0.0,0.0,0.0,0.0,0.1,0.0
2024-02-05 06:30:00,3.0879998,0.0,0.0,0.0,0.0,0.15,0.0
2024-02-05 07:00:00,2.9629998,0.0,0.03726109679466261,0.0,0.0,0.2,0.0
2024-02-05 07:30:00,3.2879999,25.182884452701195,0.15657557930438892,63.07416500000001,15.575385,0.25,11.234000000000002
2024-02-05 08:00:00,3.613,64.92419240782121,0.27198276307304303,126.14833,31.15077,0.3,156.17600000000002
2024-02-05 08:30:00,6.288,216.66494296315818,0.38150827200587256,413.828865,59.458505,0.51055515,0.0
2024-02-05 09:00:00,8.963,425.98178928276775,0.48327819242112163,701.5094,87.76624,0.7211103,434.834
2024-02-05 09:30:00,11.088,532.5897227023831,0.5755511571739839,760.398315,95.31472,0.7636680499999999,540.29
2024-02-05 10:00:00,13.213,640.9909603062979,0.6567481463230774,819.28723,102.8632,0.8062258,627.679
2024-02-05 10:30:00,14.338,716.2983177547563,0.7254795347215338,841.084865,105.63154,0.81542347,696.6220000000001
2024-02-05 11:00:00,15.463,782.8305728443524,0.7805688967797088,862.8825,108.39988,0.82462114,743.3499999999999
2024-02-05 11:30:00,16.288,820.2215380606282,0.8210731515808227,863.82043,109.834045,0.5925881399999999,782.301
2024-02-05 12:00:00,17.113,844.476120926585,0.8462987305426767,864.75836,111.26821,0.36055514,792.871
2024-02-05 12:30:00,17.512999999999998,841.7247859618492,0.8558134688736435,853.4642,109.87881,0.386432855,805.3439999999999
2024-02-05 13:00:00,17.913,825.3897630720189,0.8494540186963628,842.17004,108.48941,0.41231057,790.672
2024-02-05 13:30:00,18.012999999999998,783.1522294621233,0.8273286665753845,817.831295,105.1302525,0.6589245349999999,775.967
2024-02-05 14:00:00,18.113,729.7815814110722,0.7898154938028185,793.49255,101.771095,0.9055385,468.884
2024-02-05 14:30:00,18.363,652.9120453026715,0.737555923078112,753.966525,95.7680525,0.8799694499999999,532.099
2024-02-05 15:00:00,18.613,570.2768774300196,0.6714437530646485,714.4405,89.76501,0.8544004,616.9929999999999
2024-02-05 15:30:00,17.9130005,463.14357799298296,0.592609865740626,644.46905,80.75769500000001,0.94921555,523.672
2024-02-05 16:00:00,17.213001,360.5087090057296,0.5024028893721694,574.4976,71.75038,1.0440307,422.276
2024-02-05 16:30:00,16.1880005,238.85721166242382,0.4023661215886863,452.314885,56.96974850000001,0.7456221599999999,282.985
2024-02-05 17:00:00,15.163,138.9711505657975,0.29421111580209836,330.13217,42.189117,0.44721362,141.176
2024-02-05 17:30:00,13.313,50.59826709161722,0.17978840933709964,165.066085,21.0945585,0.7621232600000001,28.227
2024-02-05 18:00:00,11.463,0.0,0.061055854088203985,0.0,0.0,1.0770329,0.853
2024-02-05 18:30:00,11.338,0.0,0.0,0.0,0.0,1.24029985,0.0
2024-02-05 19:00:00,11.213,0.0,0.0,0.0,0.0,1.4035668,0.0
2024-02-05 19:30:00,10.563,0.0,0.0,0.0,0.0,1.65703205,0.0
2024-02-05 20:00:00,9.913,0.0,0.0,0.0,0.0,1.9104973,0.0
2024-02-05 20:30:00,9.588,0.0,0.0,0.0,0.0,2.02412645,0.0
2024-02-05 21:00:00,9.263,0.0,0.0,0.0,0.0,2.1377556,0.0
2024-02-05 21:30:00,9.188,0.0,0.0,0.0,0.0,2.03064695,0.0
2024-02-05 22:00:00,9.113,0.0,0.0,0.0,0.0,1.9235383,0.0
2024-02-05 22:30:00,9.063,0.0,0.0,0.0,0.0,1.824903,0.0
2024-02-05 23:00:00,9.013,0.0,0.0,0.0,0.0,1.7262677,0.0
2024-02-05 23:30:00,8.913,0.0,0.0,0.0,0.0,1.79721085,0.0
2024-02-06 00:00:00,8.813,0.0,0.0,0.0,0.0,1.868154,0.0
2024-02-06 00:30:00,8.763,0.0,0.0,0.0,0.0,1.868154,0.0
2024-02-06 01:00:00,8.713,0.0,0.0,0.0,0.0,1.868154,0.0
2024-02-06 01:30:00,8.687999999999999,0.0,0.0,0.0,0.0,1.93031995,0.0
2024-02-06 02:00:00,8.663,0.0,0.0,0.0,0.0,1.9924859,0.0
2024-02-06 02:30:00,8.937999999999999,0.0,0.0,0.0,0.0,1.9924859,0.0
2024-02-06 03:00:00,9.213,0.0,0.0,0.0,0.0,1.9924859,0.0
2024-02-06 03:30:00,9.038,0.0,0.0,0.0,0.0,1.8593768,0.0
2024-02-06 04:00:00,8.863,0.0,0.0,0.0,0.0,1.7262677,0.0
2024-02-06 04:30:00,8.588000000000001,0.0,0.0,0.0,0.0,1.66935965,0.0
2024-02-06 05:00:00,8.313,0.0,0.0,0.0,0.0,1.6124516,0.0
2024-02-06 05:30:00,8.263,0.0,0.0,0.0,0.0,1.66208795,0.0
2024-02-06 06:00:00,8.213,0.0,0.0,0.0,0.0,1.7117243,0.0
2024-02-06 06:30:00,8.01299985,0.0,0.0,0.0,0.0,1.5558621499999998,0.0
2024-02-06 07:00:00,7.8129997,0.0,0.03842639187052108,0.0,0.0,1.4,0.0
2024-02-06 07:30:00,8.08799985,26.236385634750384,0.15793088473847072,62.628855,16.638012,1.27008775,6.7170000000000005
2024-02-06 08:00:00,8.363,66.95214630620019,0.2735275616751593,125.25771,33.276024,1.1401755,56.761
2024-02-06 08:30:00,9.738,210.25665045884142,0.3832387773501477,382.430105,64.526147,1.1721675,153.473
2024-02-06 09:00:00,11.113,405.02558296517657,0.48518741574736957,639.6025,95.77627,1.2041595,293.46500000000003
2024-02-06 09:30:00,12.988,515.8651806501683,0.5776290296794478,716.16032,102.80475,1.1240951,517.531
2024-02-06 10:00:00,14.863,632.0686242396624,0.6589816946752235,792.71814,109.83323,1.0440307,510.108
2024-02-06 10:30:00,15.888,712.1923364791548,0.7278531067744123,824.41982,111.82784,1.06284805,714.153
2024-02-06 11:00:00,16.913,784.9880349285866,0.7830644335643381,856.1215,113.82245,1.0816654,770.6560000000001
2024-02-06 11:30:00,17.5630005,825.0042117948974,0.8236705008169436,861.8223,114.096735,1.3218577,800.836
2024-02-06 12:00:00,18.213001,852.2097633071394,0.8489759962571602,867.5231,114.37102,1.56205,816.519
2024-02-06 12:30:00,18.338001,850.0003151949962,0.8585473910481083,856.86598,112.92742,2.1123777,826.703
2024-02-06 13:00:00,18.463001,834.1334851006494,0.8522203763417904,846.20886,111.48382,2.6627054,817.5279999999999
2024-02-06 13:30:00,18.213001,788.3950416802415,0.8301026972601819,815.69128,109.974275,2.9321338,780.6990000000001
2024-02-06 14:00:00,17.963001,731.90491093073,0.7925723223500222,785.1737,108.46473,3.2015622,747.6790000000001
2024-02-06 14:30:00,17.7880005,657.1751560522698,0.7402709920023431,750.705715,100.496865,2.99092495,686.0339999999999
2024-02-06 15:00:00,17.613,576.1120325933942,0.67409324729679,716.23773,92.529,2.7802877,615.189
2024-02-06 15:30:00,16.887999999999998,467.02615855472686,0.5951711242824981,643.12555,83.842682,2.6280857,531.143
2024-02-06 16:00:00,16.163,362.98577252759344,0.5048547967496835,570.01337,75.156364,2.4758837,417.388
2024-02-06 16:30:00,15.363,236.5052928823226,0.40468947237591746,438.648395,59.162187,2.12816655,281.196
2024-02-06 17:00:00,14.563,133.84143116595877,0.2963889458635316,307.28342,43.16801,1.7804494,128.133
2024-02-06 17:30:00,13.463,49.31604011208283,0.18180628812757854,153.64171,21.584005,1.87511045,30.623
2024-02-06 18:00:00,12.363,0.0,0.06290213293827025,0.0,0.0,1.9697715,0.0
2024-02-06 18:30:00,11.788,0.0,0.0,0.0,0.0,2.31341875,0.0
2024-02-06 19:00:00,11.213,0.0,0.0,0.0,0.0,2.657066,0.0
2024-02-06 19:30:00,10.838,0.0,0.0,0.0,0.0,2.9293141,0.0
2024-02-06 20:00:00,10.463,0.0,0.0,0.0,0.0,3.2015622,0.0
2024-02-06 20:30:00,10.338,0.0,0.0,0.0,0.0,3.17081285,0.0
2024-02-06 21:00:00,10.213,0.0,0.0,0.0,0.0,3.1400635,0.0
2024-02-06 21:30:00,10.038,0.0,0.0,0.0,0.0,3.2207892,0.0
2024-02-06 22:00:00,9.863,0.0,0.0,0.0,0.0,3.3015149,0.0
2024-02-06 22:30:00,9.713,0.0,0.0,0.0,0.0,3.28859145,0.0
2024-02-06 23:00:00,9.563,0.0,0.0,0.0,0.0,3.275668,0.0
2024-02-06 23:30:00,9.488,0.0,0.0,0.0,0.0,3.361928,0.0
2024-02-07 00:00:00,9.413,0.0,0.0,0.0,0.0,3.448188,0.0
2024-02-07 00:30:00,9.313,0.0,0.0,0.0,0.0,3.53655085,0.0
2024-02-07 01:00:00,9.213,0.0,0.0,0.0,0.0,3.6249137,0.0
2024-02-07 01:30:00,9.138,0.0,0.0,0.0,0.0,3.63248435,0.0
2024-02-07 02:00:00,9.063,0.0,0.0,0.0,0.0,3.640055,0.0
2024-02-07 02:30:00,8.688,0.0,0.0,0.0,0.0,3.9140667,0.0
2024-02-07 03:00:00,8.313,0.0,0.0,0.0,0.0,4.1880784,0.0
2024-02-07 03:30:00,8.413,0.0,0.0,0.0,0.0,4.0619061,0.0
2024-02-07 04:00:00,8.513,0.0,0.0,0.0,0.0,3.9357338,0.0
2024-02-07 04:30:00,8.413,0.0,0.0,0.0,0.0,3.74128165,0.0
2024-02-07 05:00:00,8.313,0.0,0.0,0.0,0.0,3.5468295,0.0
2024-02-07 05:30:00,8.238,0.0,0.0,0.0,0.0,3.52911975,0.0
2024-02-07 06:00:00,8.163,0.0,0.0,0.0,0.0,3.51141,0.0
2024-02-07 06:30:00,8.238,0.0,0.0,0.0,0.0,3.50213,0.0
2024-02-07 07:00:00,8.313,0.0,0.03966494705724881,0.0,0.0,3.49285,0.0
2024-02-07 07:30:00,8.688,25.28698574298958,0.15935743606400826,49.73353,17.69506,3.35654925,10.247
2024-02-07 08:00:00,9.063,62.09059614742033,0.27514073820887075,99.46706,35.39012,3.2202485,52.307
2024-02-07 08:30:00,10.038,179.73448527013028,0.3850339881141057,294.23266,67.48211,2.97577425,90.172
2024-02-07 09:00:00,11.013,336.38555705984834,0.4871569305330155,488.99826,99.5741,2.7313,451.361
2024-02-07 09:30:00,12.063,445.2934285996718,0.5797621141753772,572.34423,114.667185,3.1460994,563.113
2024-02-07 10:00:00,13.113,562.3580372024585,0.6612647975021351,655.6902,129.76027,3.5608988,651.301
2024-02-07 10:30:00,13.988,660.8961716093904,0.7302700952391319,730.4803850000001,127.780925,3.84200215,729.191
2024-02-07 11:00:00,14.863,758.7412351765225,0.7855968739570369,805.27057,125.80158,4.1231055,801.825
2024-02-07 11:30:00,15.313,783.4692418229681,0.8262979784498179,784.288035,135.15094,4.4657158500000005,845.604
2024-02-07 12:00:00,15.763,794.7933887657896,0.8516764696448992,763.3055,144.5003,4.8083262,848.3149999999999
2024-02-07 12:30:00,15.988000499999998,797.6390749248482,0.8612975741012814,764.28,138.94576,4.9166319000000005,855.625
2024-02-07 13:00:00,16.213001,788.3187198054203,0.8549961419230252,765.2545,133.39122,5.0249376,847.701
2024-02-07 13:30:00,16.2880005,736.9350424809488,0.8328794951188349,724.27475,133.31795499999998,4.88365005,813.1180000000002
2024-02-07 14:00:00,16.363,676.8158427383689,0.7953256041787202,683.295,133.24469,4.7423625,710.2930000000001
2024-02-07 14:30:00,16.313000000000002,614.6473883692481,0.742976636249512,657.750465,125.95736,4.6383381,724.603
2024-02-07 15:00:00,16.263,546.3659264165565,0.6767279763788919,632.20593,118.67003,4.5343137,613.794
2024-02-07 15:30:00,15.8379995,425.00778033111743,0.5977129069630629,520.498065,114.581045,4.32263735,491.045
2024-02-07 16:00:00,15.412999,316.6366634430621,0.5072832287401874,408.7902,110.49206,4.110961,271.926
2024-02-07 16:30:00,14.7129995,210.55594467435617,0.406986128566518,307.347815,86.5972265,3.73551035,139.098
2024-02-07 17:00:00,14.013,123.14557683618087,0.2985376980958711,205.90543,62.702393,3.3600597,98.619
2024-02-07 17:30:00,12.888,49.7595702442558,0.1837935830539838,102.952715,31.3511965,3.22437435,36.962
2024-02-07 18:00:00,11.763,0.0,0.06471722516725933,0.0,0.0,3.088689,0.205
2024-02-07 18:30:00,11.088,0.0,0.0,0.0,0.0,3.0284267,0.0
2024-02-07 19:00:00,10.413,0.0,0.0,0.0,0.0,2.9681644,0.0
2024-02-07 19:30:00,10.188,0.0,0.0,0.0,0.0,2.96056445,0.0
2024-02-07 20:00:00,9.963,0.0,0.0,0.0,0.0,2.9529645,0.0
2024-02-07 20:30:00,9.838,0.0,0.0,0.0,0.0,3.1089651500000004,0.0
2024-02-07 21:00:00,9.713,0.0,0.0,0.0,0.0,3.2649658,0.0
2024-02-07 21:30:00,9.588,0.0,0.0,0.0,0.0,3.2885325,0.0
2024-02-07 22:00:00,9.463,0.0,0.0,0.0,0.0,3.3120992,0.0
2024-02-07 22:30:00,9.413,0.0,0.0,0.0,0.0,3.3331006,0.0
2024-02-07 23:00:00,9.363,0.0,0.0,0.0,0.0,3.354102,0.0
2024-02-07 23:30:00,9.313,0.0,0.0,0.0,0.0,3.423476,0.0
2024-02-08 00:00:00,9.263,0.0,0.0,0.0,0.0,3.49285,0.0
2024-02-08 00:30:00,9.188,0.0,0.0,0.0,0.0,3.49285,0.0
2024-02-08 01:00:00,9.113,0.0,0.0,0.0,0.0,3.49285,0.0
2024-02-08 01:30:00,9.088,0.0,0.0,0.0,0.0,3.408502,0.0
2024-02-08 02:00:00,9.063,0.0,0.0,0.0,0.0,3.324154,0.0
2024-02-08 02:30:00,9.588,0.0,0.0,0.0,0.0,3.4821045,0.0
2024-02-08 03:00:00,10.113,0.0,0.0,0.0,0.0,3.640055,0.0
2024-02-08 03:30:00,10.163,0.0,0.0,0.0,0.0,3.6123723,0.0
2024-02-08 04:00:00,10.213,0.0,0.0,0.0,0.0,3.5846896,0.0
2024-02-08 04:30:00,10.238,0.0,0.0,0.0,0.0,3.5846896,0.0
2024-02-08 05:00:00,10.263,0.0,0.0,0.0,0.0,3.5846896,0.0
2024-02-08 05:30:00,10.213,0.0,0.0,0.0,0.0,3.51933645,0.0
2024-02-08 06:00:00,10.163,0.0,0.0,0.0,0.0,3.4539833,0.0
2024-02-08 06:30:00,10.138,0.0,0.0,0.0,0.0,3.38228615,0.0
2024-02-08 07:00:00,10.113,0.0,0.04097620283955015,0.0,0.0,3.310589,0.0
2024-02-08 07:30:00,10.263,24.403588574091557,0.16085445045631427,30.8443125,19.84948,3.26541875,11.713
2024-02-08 08:00:00,10.413,55.9610121323338,0.27682129173622105,61.688625,39.69896,3.2202485,44.062
2024-02-08 08:30:00,11.088,150.1290624830656,0.38689269414256977,170.0759725,85.98687,3.671677,190.527
2024-02-08 09:00:00,11.763,265.9917063243715,0.4891853298722716,278.46332,132.27478,4.1231055,129.457
2024-02-08 09:30:00,12.763,426.44800274061214,0.5819488228285548,524.32553,122.69335,4.35992175,598.831
2024-02-08 10:00:00,13.763,623.9564965666776,0.6635957049682628,770.18774,113.11192,4.596738,690.7439999999999
2024-02-08 10:30:00,14.438,683.2957458454637,0.7327286099277595,761.60052,125.439545,4.95214,729.4650000000001
2024-02-08 11:00:00,15.113,731.1334245666709,0.788164211493908,753.0133,137.76717,5.307542,803.514
2024-02-08 11:30:00,15.413,789.3526713680023,0.8289534877877138,793.98657,130.727457,5.3818655,845.97
2024-02-08 12:00:00,15.713,838.1021892630076,0.8543979913704063,834.95984,123.687744,5.456189,959.35
2024-02-08 12:30:00,15.713,833.0472077418967,0.8640618247021291,821.0029,122.5701295,5.4689885,745.5520000000001
2024-02-08 13:00:00,15.713,814.852879890282,0.8577791173355476,807.04596,121.452515,5.481788,992.845
2024-02-08 13:30:00,15.463,745.2880468549846,0.8356568865696892,739.816345,126.4170575,5.43161885,933.4830000000002
2024-02-08 14:00:00,15.213,668.2985947803344,0.7980732190995823,672.58673,131.3816,5.3814497,783.149
2024-02-08 14:30:00,14.963,585.5382250094851,0.7456708169715714,621.79944,121.920665,5.24513285,736.898
2024-02-08 15:00:00,14.713,500.15074453443776,0.6793460093547422,571.01215,112.45973,5.108816,522.503
2024-02-08 15:30:00,14.288,406.76199897178367,0.6002334154210408,514.884725,98.048505,5.438849149999999,234.02
2024-02-08 16:00:00,13.863,317.00846658691,0.5096865419949846,458.7573,83.63728,5.7688823,88.33699999999999
2024-02-08 16:30:00,12.963,191.50077019646284,0.4092546215902746,301.291615,68.89524,5.064464149999999,58.325
2024-02-08 17:00:00,12.063,96.44766642968216,0.3006560954760111,143.82593,54.1532,4.360046,46.256
2024-02-08 17:30:00,11.413,39.96053925341746,0.1857492221267671,71.912965,27.0766,4.11004895,9.486
2024-02-08 18:00:00,10.763,0.0,0.06650027377120736,0.0,0.0,3.8600519,0.0
2024-02-08 18:30:00,10.338,0.0,0.0,0.0,0.0,3.69779295,0.0
2024-02-08 19:00:00,9.913,0.0,0.0,0.0,0.0,3.535534,0.0
2024-02-08 19:30:00,9.738,0.0,0.0,0.0,0.0,3.6014791,0.0
2024-02-08 20:00:00,9.563,0.0,0.0,0.0,0.0,3.6674242,0.0
2024-02-08 20:30:00,9.438,0.0,0.0,0.0,0.0,3.65167795,0.0
2024-02-08 21:00:00,9.313,0.0,0.0,0.0,0.0,3.6359317,0.0
2024-02-08 21:30:00,9.188,0.0,0.0,0.0,0.0,3.5514594,0.0
2024-02-08 22:00:00,9.063,0.0,0.0,0.0,0.0,3.4669871,0.0
2024-02-08 22:30:00,9.113,0.0,0.0,0.0,0.0,3.34361765,0.0
2024-02-08 23:00:00,9.163,0.0,0.0,0.0,0.0,3.2202482,0.0
2024-02-08 23:30:00,9.163,0.0,0.0,0.0,0.0,2.9930557,0.0
2024-02-09 00:00:00,9.163,0.0,0.0,0.0,0.0,2.7658632,0.0
2024-02-09 00:30:00,9.113,0.0,0.0,0.0,0.0,2.47951725,0.0
2024-02-09 01:00:00,9.063,0.0,0.0,0.0,0.0,2.1931713,0.0
2024-02-09 01:30:00,8.788,0.0,0.0,0.0,0.0,1.9811759,0.0
2024-02-09 02:00:00,8.513,0.0,0.0,0.0,0.0,1.7691805,0.0
2024-02-09 02:30:00,8.613,0.0,0.0,0.0,0.0,1.5422375,0.0
2024-02-09 03:00:00,8.713,0.0,0.0,0.0,0.0,1.3152945,0.0
2024-02-09 03:30:00,8.638,0.0,0.0,0.0,0.0,1.53085975,0.0
2024-02-09 04:00:00,8.563,0.0,0.0,0.0,0.0,1.746425,0.0
2024-02-09 04:30:00,8.463000000000001,0.0,0.0,0.0,0.0,1.6794383,0.0
2024-02-09 05:00:00,8.363,0.0,0.0,0.0,0.0,1.6124516,0.0
2024-02-09 05:30:00,8.08799985,0.0,0.0,0.0,0.0,1.3161277500000002,0.0
2024-02-09 06:00:00,7.8129997,0.0,0.0,0.0,0.0,1.0198039,0.0
2024-02-09 06:30:00,7.36299985,0.0,0.0,0.0,0.0,0.91301485,0.0
2024-02-09 07:00:00,6.913,0.0,0.04235959336300087,0.0,0.0,0.8062258,0.0
2024-02-09 07:30:00,7.138,30.297819273611466,0.16242113987727602,73.43444,18.693805,1.0701961,18.766
2024-02-09 08:00:00,7.363,77.65402970344638,0.27856821716297103,146.86888,37.38761,1.3341664,158.043
2024-02-09 08:30:00,9.113,225.37781162972257,0.3888136821499229,413.52517,65.36701,1.34715675,303.852
2024-02-09 09:00:00,10.863,426.5996728748629,0.4912712047154114,680.18146,93.34641,1.3601471,432.988
2024-02-09 09:30:00,12.063,539.0023990716184,0.5841875666020595,754.74771,98.454043,1.44165085,544.197
2024-02-09 10:00:00,13.263,656.0306639671247,0.6659726668850688,829.31396,103.561676,1.5231546,654.9989999999999
2024-02-09 10:30:00,14.113,728.9705727060749,0.7352267611351617,843.798855,108.062046,1.45799665,711.666
2024-02-09 11:00:00,14.963,792.1441823867145,0.790764440941458,858.28375,112.562416,1.3928387,760.2700000000001
2024-02-09 11:30:00,15.663,792.5983269370831,0.8316349340340129,796.105775,130.064703,1.23725205,807.454
2024-02-09 12:00:00,16.363,776.6916974311653,0.857138404565502,733.9278,147.56699,1.0816654,809.088
2024-02-09 12:30:00,16.688000000000002,766.2021230861468,0.8668379524572574,714.31495,146.957045,1.30404955,880.363
2024-02-09 13:00:00,17.013,744.2374119236381,0.8605671077710246,694.7021,146.3471,1.5264337,817.136
2024-02-09 13:30:00,16.763,726.7978731671976,0.8384327015665779,703.7402,136.50308,2.25486015,703.846
2024-02-09 14:00:00,16.513,697.9206819999131,0.8008130505708528,712.7783,126.65906,2.9832866,766.6659999999999
2024-02-09 14:30:00,15.813,539.2003205063805,0.7483514989456649,528.81348,144.35888,3.5434718,403.532
2024-02-09 15:00:00,15.113,394.97336681739995,0.6819454187300377,344.84866,162.0587,4.103657,648.6370000000001
2024-02-09 15:30:00,14.788,337.1976288078543,0.6027308544427017,341.406815,133.19187499999998,3.78460085,521.841
2024-02-09 16:00:00,14.463,276.09640083441514,0.512063095855576,337.96497,104.32505,3.4655447,416.326
2024-02-09 16:30:00,14.088,183.83548567167855,0.41149348495703303,257.88892,78.7882515,2.93693185,288.749
2024-02-09 17:00:00,13.713,106.22631571033392,0.3027428623004965,177.81287,53.251453,2.408319,176.005
2024-02-09 17:30:00,13.038,42.8826296084663,0.18767213376773437,88.906435,26.6257265,1.6342757650000002,51.613
2024-02-09 18:00:00,12.363,0.0,0.06825042113422253,0.0,0.0,0.86023253,0.608
2024-02-09 18:30:00,11.838,0.0,0.0,0.0,0.0,0.930116265,0.0
2024-02-09 19:00:00,11.313,0.0,0.0,0.0,0.0,1.0,0.0
2024-02-09 19:30:00,10.838,0.0,0.0,0.0,0.0,1.0315073,0.0
2024-02-09 20:00:00,10.363,0.0,0.0,0.0,0.0,1.0630146,0.0
2024-02-09 20:30:00,10.513,0.0,0.0,0.0,0.0,1.3829766,0.0
2024-02-09 21:00:00,10.663,0.0,0.0,0.0,0.0,1.7029386,0.0
2024-02-09 21:30:00,10.338,0.0,0.0,0.0,0.0,1.7638836,0.0
2024-02-09 22:00:00,10.013,0.0,0.0,0.0,0.0,1.8248286,0.0
2024-02-09 22:30:00,9.663,0.0,0.0,0.0,0.0,1.77554815,0.0
2024-02-09 23:00:00,9.313,0.0,0.0,0.0,0.0,1.7262677,0.0
2024-02-09 23:30:00,9.163,0.0,0.0,0.0,0.0,1.87555665,0.0
2024-02-10 00:00:00,9.013,0.0,0.0,0.0,0.0,2.0248456,0.0
2024-02-10 00:30:00,8.913,0.0,0.0,0.0,0.0,2.2217613,0.0
2024-02-10 01:00:00,8.813,0.0,0.0,0.0,0.0,2.418677,0.0
2024-02-10 01:30:00,8.713000000000001,0.0,0.0,0.0,0.0,2.62443575,0.0
2024-02-10 02:00:00,8.613,0.0,0.0,0.0,0.0,2.8301945,0.0
2024-02-10 02:30:00,8.238,0.0,0.0,0.0,0.0,2.6357528,0.0
2024-02-10 03:00:00,7.863,0.0,0.0,0.0,0.0,2.4413111,0.0
2024-02-10 03:30:00,7.66300015,0.0,0.0,0.0,0.0,2.40069795,0.0
2024-02-10 04:00:00,7.4630003,0.0,0.0,0.0,0.0,2.3600848,0.0
2024-02-10 04:30:00,7.563000150000001,0.0,0.0,0.0,0.0,2.45773555,0.0
2024-02-10 05:00:00,7.663,0.0,0.0,0.0,0.0,2.5553863,0.0
2024-02-10 05:30:00,7.813000150000001,0.0,0.0,0.0,0.0,2.6642356,0.0
2024-02-10 06:00:00,7.9630003,0.0,0.0,0.0,0.0,2.7730849,0.0
2024-02-10 06:30:00,7.988000149999999,0.0,0.0,0.0,0.0,2.6163798500000004,0.0
2024-02-10 07:00:00,8.013,0.0,0.04381453390694741,0.0,0.0,2.4596748,0.0
2024-02-10 07:30:00,8.312999999999999,32.343246902153,0.1640566996283455,78.895355,19.7388685,2.5498754000000003,13.401
2024-02-10 08:00:00,8.613,83.04130810305972,0.2803804952355376,157.79071,39.477737,2.640076,44.238
2024-02-10 08:30:00,10.113,224.4195466078416,0.39079572743147917,398.297025,69.657276,2.5085245,336.189
2024-02-10 09:00:00,11.613,413.9276315493341,0.4934131375403916,638.80334,99.836815,2.376973,442.708
2024-02-10 09:30:00,12.713,530.7749931737718,0.5864767511026202,726.65875,105.1625325,2.85281815,561.417
2024-02-10 10:00:00,13.813,654.8957105841926,0.668393930985661,814.51416,110.48825,3.3286633,642.2429999999999
2024-02-10 10:30:00,14.513,727.3989535393658,0.7377626603976024,827.7501299999999,116.41147,3.5943576000000004,773.5239999999999
2024-02-10 11:00:00,15.213,790.1868807979912,0.7933955616675363,840.9861,122.33469,3.8600519,809.311
2024-02-10 11:30:00,15.538,819.4784531680391,0.834340230337626,829.548865,126.62465,4.0701193,759.978
2024-02-10 12:00:00,15.863,835.2432436543494,0.8598955635834244,818.11163,130.91461,4.2801867,843.184
2024-02-10 12:30:00,15.938,830.103490709233,0.8696237813482675,801.0753649999999,132.659995,4.48316815,840.2750000000001
2024-02-10 13:00:00,16.013,812.09230174995,0.8633579357780963,784.0391,134.40538,4.6861496,906.725
2024-02-10 13:30:00,15.938,772.5886142543272,0.8412047901729942,765.15975,128.16888,4.66309645,854.962
2024-02-10 14:00:00,15.863,722.3476067231065,0.8035430046323435,746.2804,121.93238,4.6400433,833.506
2024-02-10 14:30:00,15.463,659.962523345216,0.751016671672592,731.21387,110.068542,4.67055345,676.863
2024-02-10 15:00:00,15.063,589.1584801397174,0.6845243034968693,716.14734,98.204704,4.7010636,694.1550000000001
2024-02-10 15:30:00,14.538,483.4473191796999,0.6052034566518053,651.7344350000001,88.602102,4.7779791,566.4499999999999
2024-02-10 16:00:00,14.013,381.21737065144583,0.5144112784000112,587.32153,78.9995,4.8548946,472.7190000000001
2024-02-10 16:30:00,13.488,254.03085054203672,0.4137012813337206,458.94648500000005,64.35175699999999,4.6421708,282.18100000000004
2024-02-10 17:00:00,12.963,149.99275289195322,0.30479675194078903,330.57144,49.704014,4.429447,123.833
2024-02-10 17:30:00,12.163,55.94959764940429,0.1895612748737301,165.28572,24.852007,3.98813825,45.791
2024-02-10 18:00:00,11.363,0.0,0.06996683698484768,0.0,0.0,3.5468295,0.612
2024-02-10 18:30:00,10.938,0.0,0.0,0.0,0.0,3.56575955,0.0
2024-02-10 19:00:00,10.513,0.0,0.0,0.0,0.0,3.5846896,0.0
2024-02-10 19:30:00,10.363,0.0,0.0,0.0,0.0,3.41484295,0.0
2024-02-10 20:00:00,10.213,0.0,0.0,0.0,0.0,3.2449963,0.0
2024-02-10 20:30:00,10.063,0.0,0.0,0.0,0.0,3.0828063500000003,0.0
2024-02-10 21:00:00,9.913,0.0,0.0,0.0,0.0,2.9206164,0.0
2024-02-10 21:30:00,9.763,0.0,0.0,0.0,0.0,2.9137523,0.0
2024-02-10 22:00:00,9.613,0.0,0.0,0.0,0.0,2.9068882,0.0
2024-02-10 22:30:00,9.563,0.0,0.0,0.0,0.0,2.9839669,0.0
2024-02-10 23:00:00,9.513,0.0,0.0,0.0,0.0,3.0610456,0.0
2024-02-10 23:30:00,9.488,0.0,0.0,0.0,0.0,3.2719303,0.0
2024-02-11 00:00:00,9.463,0.0,0.0,0.0,0.0,3.482815,0.0
2024-02-11 00:30:00,9.538,0.0,0.0,0.0,0.0,3.4914074,0.0
2024-02-11 01:00:00,9.613,0.0,0.0,0.0,0.0,3.4999998,0.0
2024-02-11 01:30:00,9.813,0.0,0.0,0.0,0.0,3.64010575,0.0
2024-02-11 02:00:00,10.013,0.0,0.0,0.0,0.0,3.7802117,0.0
2024-02-11 02:30:00,10.588,0.0,0.0,0.0,0.0,4.23797715,0.0
2024-02-11 03:00:00,11.163,0.0,0.0,0.0,0.0,4.6957426,0.0
2024-02-11 03:30:00,11.338,0.0,0.0,0.0,0.0,4.83081315,0.0
2024-02-11 04:00:00,11.513,0.0,0.0,0.0,0.0,4.9658837,0.0
2024-02-11 04:30:00,11.713,0.0,0.0,0.0,0.0,5.082942,0.0
2024-02-11 05:00:00,11.913,0.0,0.0,0.0,0.0,5.2000003,0.0
2024-02-11 05:30:00,12.038,0.0,0.0,0.0,0.0,5.1460755,0.0
2024-02-11 06:00:00,12.163,0.0,0.0,0.0,0.0,5.0921507,0.0
2024-02-11 06:30:00,12.263,0.0,0.0,0.0,0.0,5.028513350000001,0.0
2024-02-11 07:00:00,12.363,0.0,0.0453403981122162,0.0,0.0,4.964876,0.48
2024-02-11 07:30:00,12.363,11.758099604001341,0.1657602866166439,0.0,12.030165,4.84093325,12.737
2024-02-11 08:00:00,12.363,23.516199208002682,0.2822570722191321,0.0,24.06033,4.7169905,22.285
2024-02-11 08:30:00,12.788,69.63726093174122,0.39283757534152636,25.178525,61.08134,4.87494115,53.587
2024-02-11 09:00:00,13.213,120.93362297016975,0.49560968599316246,50.35705,98.10235,5.0328918,50.929
2024-02-11 09:30:00,13.788,179.91514399743951,0.5888147627117772,85.383235,132.402485,5.16077925,86.77099999999999
2024-02-11 10:00:00,14.363,244.0818786369643,0.6708577317820386,120.40942,166.70262,5.2886667,113.563
2024-02-11 10:30:00,14.713,312.1920612630683,0.7403344123817629,149.49036,205.621435,5.57903935,156.398
2024-02-11 11:00:00,15.063,381.8867971191002,0.7960555727500078,178.5713,244.54025,5.869412,165.803
2024-02-11 11:30:00,14.913,308.79756965076734,0.8370672962609627,93.4725715,235.498925,5.33730865,366.36
2024-02-11 12:00:00,14.763,228.59919611265363,0.8626673359095378,8.373843,226.4576,4.8052053,187.18
2024-02-11 12:30:00,15.438,399.460280440682,0.8724171551115474,175.5543215,251.1227,4.9046018,751.251
2024-02-11 13:00:00,16.113,568.0915606786448,0.8661494500673275,342.7348,275.7878,5.0039983,1039.689
2024-02-11 13:30:00,16.137999999999998,611.1749765751006,0.8439710347006544,449.3646250000001,235.085665,5.57201565,339.466
2024-02-11 14:00:00,16.163,640.8931512510255,0.8062610252292572,555.99445,194.38353,6.140033,214.656
2024-02-11 14:30:00,15.763,613.1795747533366,0.7536643676830187,607.4106750000001,156.245327,6.1302453,747.9459999999999
2024-02-11 15:00:00,15.363,570.8424091652747,0.6870808101891881,658.8269,118.107124,6.1204576,408.87
2024-02-11 15:30:00,14.988,468.71223793664177,0.6076495059928332,595.7939,106.86499,6.0639765,627.2189999999999
2024-02-11 16:00:00,14.613,370.4749394469768,0.5167295320088685,532.7609,95.622856,6.0074954,113.03900000000002
2024-02-11 16:30:00,13.988,229.45821241220318,0.41587662980639223,350.244885,84.68529799999999,5.95755885,21.648
2024-02-11 17:00:00,13.363,123.87944863267711,0.30681657538787915,167.72887,73.74774,5.9076223,28.162
2024-02-11 17:30:00,12.813,52.26169176609902,0.19141566020566236,83.864435,36.87387,5.6556625,11.338
2024-02-11 18:00:00,12.263,0.0,0.07164874817398288,0.0,0.0,5.4037027,0.044
2024-02-11 18:30:00,12.188,0.0,0.0,0.0,0.0,5.752261150000001,0.0
2024-02-11 19:00:00,12.113,0.0,0.0,0.0,0.0,6.1008196,0.0
2024-02-11 19:30:00,12.263,0.0,0.0,0.0,0.0,6.453717,0.0
2024-02-11 20:00:00,12.413,0.0,0.0,0.0,0.0,6.8066144,0.0
2024-02-11 20:30:00,12.538,0.0,0.0,0.0,0.0,6.60486935,0.0
2024-02-11 21:00:00,12.663,0.0,0.0,0.0,0.0,6.4031243,0.0
2024-02-11 21:30:00,12.588,0.0,0.0,0.0,0.0,6.10156215,0.0
2024-02-11 22:00:00,12.513,0.0,0.0,0.0,0.0,5.8,0.0
2024-02-11 22:30:00,12.513,0.0,0.0,0.0,0.0,5.74429265,0.0
2024-02-11 23:00:00,12.513,0.0,0.0,0.0,0.0,5.6885853,0.0
2024-02-11 23:30:00,12.513,0.0,0.0,0.0,0.0,5.50182915,0.0
2024-02-12 00:00:00,12.513,0.0,0.0,0.0,0.0,5.315073,0.0
2024-02-12 00:30:00,12.538,0.0,0.0,0.0,0.0,5.1075365,0.0
2024-02-12 01:00:00,12.563,0.0,0.0,0.0,0.0,4.9,0.0
2024-02-12 01:30:00,12.388,0.0,0.0,0.0,0.0,4.9505,0.0
2024-02-12 02:00:00,12.213,0.0,0.0,0.0,0.0,5.001,0.0
2024-02-12 02:30:00,12.838,0.0,0.0,0.0,0.0,5.2230907,0.0
2024-02-12 03:00:00,13.463,0.0,0.0,0.0,0.0,5.4451814,0.0
2024-02-12 03:30:00,13.213,0.0,0.0,0.0,0.0,4.7225907,0.0
2024-02-12 04:00:00,12.963,0.0,0.0,0.0,0.0,4.0,0.0
2024-02-12 04:30:00,13.138,0.0,0.0,0.0,0.0,4.661766500000001,0.0
2024-02-12 05:00:00,13.313,0.0,0.0,0.0,0.0,5.323533,0.0
2024-02-12 05:30:00,13.113,0.0,0.0,0.0,0.0,5.3117665,0.0
2024-02-12 06:00:00,12.913,0.0,0.0,0.0,0.0,5.3,0.0
2024-02-12 06:30:00,12.913,0.0,0.0,0.0,0.0,5.615215,0.0
2024-02-12 07:00:00,12.913,0.0,0.04693648878131362,0.0,0.0,5.93043,0.0
2024-02-12 07:30:00,12.988,13.859572074521425,0.16753099083629078,0.0,14.1802625,5.8169687,7.036
2024-02-12 08:00:00,13.063,27.71914414904285,0.28419683252693584,0.0,28.360525,5.7035074,36.255
2024-02-12 08:30:00,13.463,69.48352487159181,0.39493791551192486,16.4657325,64.4064525,5.7792101,112.167
2024-02-12 09:00:00,13.863,114.63725951160573,0.49785935910591445,32.931465,100.45238,5.8549128,133.907
2024-02-12 09:30:00,14.013,150.12956901301501,0.5911999471786972,26.3892715,137.57796000000002,5.7261169,44.347
2024-02-12 10:00:00,14.163,184.17871827244667,0.6733622718907117,19.847078,174.70354,5.597321,135.916
2024-02-12 10:30:00,13.913,170.89905488260828,0.7429400992039198,20.991094,158.8195,5.0122547,132.797
2024-02-12 11:00:00,13.663,157.4736663331223,0.7987424605252877,22.13511,142.93546,4.4271884,173.378
2024-02-12 11:30:00,13.513,189.6334148172537,0.8398140487380047,21.0440335,175.84490499999998,3.9492497,78.90100000000001
2024-02-12 12:00:00,13.363,221.3955840695001,0.8654515966502374,19.952957,208.75435,3.471311,66.426
2024-02-12 12:30:00,13.038,215.40492405757928,0.8752159353180201,16.055801000000002,205.93286,3.743764,113.469
2024-02-12 13:00:00,12.713,209.14312399780573,0.8689395271918625,12.158645,203.11137,4.016217,124.515
2024-02-12 13:30:00,11.813,207.45429406621636,0.8467293549299162,14.3789955,199.726505,3.749516,168.74800000000002
2024-02-12 14:00:00,10.913,205.40864784783668,0.8089651028496124,16.599346,196.34164,3.482815,90.43
2024-02-12 14:30:00,12.038,249.08766975461896,0.7562926744109918,77.29472799999999,194.704975,3.3792415,162.356
2024-02-12 15:00:00,13.163,284.43990430200313,0.6896131477136722,137.99011,193.06831,3.275668,566.3330000000001
2024-02-12 15:30:00,13.313,299.6050923798035,0.6100673552686208,258.889455,144.01359000000002,3.7697345,154.215
2024-02-12 16:00:00,13.463,291.1666699184512,0.51901637327894,379.7888,94.95887,4.263801,388.324
2024-02-12 16:30:00,13.238,217.5870368060614,0.4180182278021878,351.44674,71.340147,4.4367865,363.779
2024-02-12 17:00:00,13.013,147.07684335320235,0.30880122477607724,323.10468,47.721424,4.609772,107.84
2024-02-12 17:30:00,12.013,54.868328621014875,0.193234387083808,161.55234,23.860712,4.17705035,31.952
2024-02-12 18:00:00,11.013,0.0,0.07329546412728462,0.0,0.0,3.7443287,1.584
2024-02-12 18:30:00,10.338,0.0,0.0,0.0,0.0,3.39531895,0.0
2024-02-12 19:00:00,9.663,0.0,0.0,0.0,0.0,3.0463092,0.0
2024-02-12 19:30:00,9.438,0.0,0.0,0.0,0.0,3.29868265,0.0
2024-02-12 20:00:00,9.213,0.0,0.0,0.0,0.0,3.5510561,0.0
2024-02-12 20:30:00,9.063,0.0,0.0,0.0,0.0,3.5817673,0.0
2024-02-12 21:00:00,8.913,0.0,0.0,0.0,0.0,3.6124785,0.0
2024-02-12 21:30:00,8.663,0.0,0.0,0.0,0.0,3.57400625,0.0
2024-02-12 22:00:00,8.413,0.0,0.0,0.0,0.0,3.535534,0.0
2024-02-12 22:30:00,8.18800015,0.0,0.0,0.0,0.0,3.579534,0.0
2024-02-12 23:00:00,7.9630003,0.0,0.0,0.0,0.0,3.623534,0.0
2024-02-12 23:30:00,7.91300015,0.0,0.0,0.0,0.0,3.54742245,0.0
2024-02-13 00:00:00,7.863,0.0,0.0,0.0,0.0,3.4713109,0.0
2024-02-13 00:30:00,7.71299985,0.0,0.0,0.0,0.0,3.2661782500000003,0.0
2024-02-13 01:00:00,7.5629997,0.0,0.0,0.0,0.0,3.0610456,0.0
2024-02-13 01:30:00,7.48799985,0.0,0.0,0.0,0.0,2.7232088,0.0
2024-02-13 02:00:00,7.413,0.0,0.0,0.0,0.0,2.385372,0.0
2024-02-13 02:30:00,7.788,0.0,0.0,0.0,0.0,2.5389772,0.0
2024-02-13 03:00:00,8.163,0.0,0.0,0.0,0.0,2.6925824,0.0
2024-02-13 03:30:00,8.038,0.0,0.0,0.0,0.0,2.0409134,0.0
2024-02-13 04:00:00,7.913,0.0,0.0,0.0,0.0,1.3892444,0.0
2024-02-13 04:30:00,7.188000000000001,0.0,0.0,0.0,0.0,1.3617054,0.0
2024-02-13 05:00:00,6.463,0.0,0.0,0.0,0.0,1.3341664,0.0
2024-02-13 05:30:00,6.01299985,0.0,0.0,0.0,0.0,1.0170832,0.0
2024-02-13 06:00:00,5.5629997,0.0,0.0,0.0,0.0,0.7,0.0
2024-02-13 06:30:00,5.13799985,0.0,0.0,0.0,0.0,0.7,0.0
2024-02-13 07:00:00,4.713,0.0,0.04860200884545314,0.0,0.0,0.7,0.058
2024-02-13 07:30:00,5.238,37.416677120882404,0.16936780679179314,94.57038,21.760385,0.7531129,27.046
2024-02-13 08:00:00,5.763,96.93081377971842,0.2861985710223779,189.14076,43.52077,0.8062258,183.148
2024-02-13 08:30:00,7.688,246.9916728851968,0.3970953554331011,449.903355,69.09564,0.9621299,327.668
2024-02-13 09:00:00,9.613,449.32238454169936,0.5001605925336327,710.66595,94.67051,1.118034,456.84899999999993
2024-02-13 09:30:00,10.788,557.3356686159933,0.5936305868580802,768.906225,101.203165,0.87524475,562.536
2024-02-13 10:00:00,11.963,666.9765835556515,0.6759057015789216,827.1465,107.73582,0.6324555,656.529
2024-02-13 10:30:00,12.788,742.6676804050904,0.7455777625493599,845.58042,111.665165,0.31622775,719.471
2024-02-13 11:00:00,13.613,809.0078048428609,0.8014541834983643,864.01434,115.59451,0.0,771.8020000000001
2024-02-13 11:30:00,14.063,798.6880092264117,0.8425783899426911,796.00397,127.366935,0.31622775,855.495
2024-02-13 12:00:00,14.513,771.5223251467543,0.8682462194755474,727.9936,139.13936,0.6324555,231.881
2024-02-13 12:30:00,14.788,735.4444495788671,0.8780179954520351,674.98645,142.75039500000003,0.70674025,134.921
2024-02-13 13:00:00,15.063,688.3393354828509,0.8717260687647447,621.9793,146.36143,0.781025,203.009
2024-02-13 13:30:00,14.963,636.7688891278046,0.8494777084173121,577.0686000000001,147.066085,0.694650625,881.499
2024-02-13 14:00:00,14.863,578.9078928142391,0.8116532778233789,532.1579,147.77074,0.60827625,54.754000000000005
2024-02-13 14:30:00,14.638,460.5518374608347,0.7588997403344904,402.30498,156.94123,0.912414375,127.303
2024-02-13 15:00:00,14.413,352.0746059922411,0.6921195961768448,272.45206,166.11172,1.2165525,165.541
2024-02-13 15:30:00,14.038,317.93165737530467,0.6124554373786922,294.36235,139.711765,1.03547645,98.359
2024-02-13 16:00:00,13.663,276.65404245219963,0.5212704063912111,316.27264,113.31181,0.8544004,72.209
2024-02-13 16:30:00,13.313,190.73348319942693,0.42012486626915146,255.29642,84.6702,1.08484745,81.19200000000001
2024-02-13 17:00:00,12.963,115.54868482424064,0.31074969003403363,194.3202,56.02859,1.3152945,87.503
2024-02-13 17:30:00,11.713,46.529708974657034,0.19501665314478292,97.1601,28.014295000000004,1.32473045,11.550999999999998
2024-02-13 18:00:00,10.463,0.0,0.07490639525586483,0.0,0.0,1.3341664,1.9290000000000005
2024-02-13 18:30:00,9.913,0.0,0.0,0.0,0.0,1.32473045,0.0
2024-02-13 19:00:00,9.363,0.0,0.0,0.0,0.0,1.3152945,0.0
2024-02-13 19:30:00,8.488,0.0,0.0,0.0,0.0,1.24074245,0.0
2024-02-13 20:00:00,7.613,0.0,0.0,0.0,0.0,1.1661904,0.0
2024-02-13 20:30:00,7.263,0.0,0.0,0.0,0.0,0.8330952,0.0
2024-02-13 21:00:00,6.913,0.0,0.0,0.0,0.0,0.5,0.0
2024-02-13 21:30:00,6.86299985,0.0,0.0,0.0,0.0,0.43027757,0.0
2024-02-13 22:00:00,6.8129997,0.0,0.0,0.0,0.0,0.36055514,0.0
2024-02-13 22:30:00,6.46299985,0.0,0.0,0.0,0.0,0.5707900699999999,0.0
2024-02-13 23:00:00,6.113,0.0,0.0,0.0,0.0,0.781025,0.0
2024-02-13 23:30:00,5.938000000000001,0.0,0.0,0.0,0.0,0.88548723,0.0
2024-02-14 00:00:00,5.763,0.0,0.0,0.0,0.0,0.98994946,0.0
2024-02-14 00:30:00,5.588,0.0,0.0,0.0,0.0,1.10530253,0.0
2024-02-14 01:00:00,5.413,0.0,0.0,0.0,0.0,1.2206556,0.0
2024-02-14 01:30:00,5.263,0.0,0.0,0.0,0.0,1.34856895,0.0
2024-02-14 02:00:00,5.113,0.0,0.0,0.0,0.0,1.4764823,0.0
2024-02-14 02:30:00,5.96299985,0.0,0.0,0.0,0.0,1.5382411500000002,0.0
2024-02-14 03:00:00,6.8129997,0.0,0.0,0.0,0.0,1.6,0.0
2024-02-14 03:30:00,6.6879997,0.0,0.0,0.0,0.0,1.45000005,0.0
2024-02-14 04:00:00,6.5629997,0.0,0.0,0.0,0.0,1.3000001,0.0
2024-02-14 04:30:00,6.58799985,0.0,0.0,0.0,0.0,1.45622585,0.0
2024-02-14 05:00:00,6.613,0.0,0.0,0.0,0.0,1.6124516,0.0
2024-02-14 05:30:00,6.863,0.0,0.0,0.0,0.0,2.1709602,0.0
2024-02-14 06:00:00,7.113,0.0,0.0,0.0,0.0,2.7294688,0.0
2024-02-14 06:30:00,7.41300015,0.0,0.0,0.0,0.0,3.2315499,0.0
2024-02-14 07:00:00,7.7130003,0.0,0.05033603915538491,0.0,0.0,3.733631,0.576
2024-02-14 07:30:00,8.06300015,34.460604958595376,0.1712696117606324,64.41915,23.87756,3.6778925,2.861
2024-02-14 08:00:00,8.413,83.99417789364307,0.2882609720661652,128.8383,47.75512,3.622154,27.835
2024-02-14 08:30:00,9.213,211.75887494604254,0.39930840058400213,341.679925,76.42838,4.194876300000001,349.116
2024-02-14 09:00:00,10.013,382.444880304274,0.502511730040615,554.52155,105.10164,4.7675986,489.6679999999999
2024-02-14 09:30:00,10.588,438.5782662431862,0.5961048837978014,535.124055,120.970755,4.86623765,164.42
2024-02-14 10:00:00,11.163,485.29841461128086,0.6784861036442366,515.72656,136.83987,4.9648767,48.191
2024-02-14 10:30:00,11.513,584.4775250490825,0.748245390549256,576.42388,154.522825,5.1889122,66.441
2024-02-14 11:00:00,11.863,683.322562253956,0.8041886613596619,637.1212,172.20578,5.4129477,90.337
2024-02-14 11:30:00,12.163,709.9675705262975,0.8453581985474882,650.43445,160.847555,5.28038125,97.408
2024-02-14 12:00:00,12.463,727.4348508190683,0.8710490701798593,663.7477,149.48933,5.1478148,380.277
2024-02-14 12:30:00,12.588,691.2067152804545,0.8808212167935634,593.5476,169.332425,5.3279954,156.668
2024-02-14 13:00:00,12.713,645.1878101412193,0.8745069996401184,523.3475,189.17552,5.508176,935.003
2024-02-14 13:30:00,12.638,583.2398721751978,0.852214090914946,464.94105,188.99371,5.3617688,315.30400000000003
2024-02-14 14:00:00,12.563,517.5550941218605,0.8143236428783883,406.5346,188.8119,5.2153616,317.032
2024-02-14 14:30:00,12.363,473.5828080797405,0.7614837795325076,404.99441,167.12645,5.4361078,522.615
2024-02-14 15:00:00,12.163,424.10661181076546,0.694598513253158,403.45422,145.441,5.656854,677.583
2024-02-14 15:30:00,11.813,361.188303121907,0.6148122733161224,394.367245,119.94081,5.6893708,254.765
2024-02-14 16:00:00,11.463,295.2755476244133,0.5234903325140027,385.28027,94.44062,5.7218876,151.278
2024-02-14 16:30:00,10.713,203.3447943568408,0.4221954402444111,311.95274,72.38627,5.56279515,183.058
2024-02-14 17:00:00,9.963,124.30330251633913,0.31266107035877205,238.62521,50.33192,5.4037027,144.994
2024-02-14 17:30:00,9.763,48.32340362987489,0.19676176845102583,119.31260500000002,25.16596,5.352323050000001,25.204
2024-02-14 18:00:00,9.563,0.0,0.07648106549960432,0.0,0.0,5.3009434,0.8400000000000001
2024-02-14 18:30:00,9.438,0.0,0.0,0.0,0.0,5.50091005,0.0
2024-02-14 19:00:00,9.313,0.0,0.0,0.0,0.0,5.7008767,0.0
2024-02-14 19:30:00,8.738,0.0,0.0,0.0,0.0,5.352437500000001,0.0
2024-02-14 20:00:00,8.163,0.0,0.0,0.0,0.0,5.0039983,0.0
2024-02-14 20:30:00,8.263,0.0,0.0,0.0,0.0,5.42304365,0.0
2024-02-14 21:00:00,8.363,0.0,0.0,0.0,0.0,5.842089,0.0
2024-02-14 21:30:00,8.513,0.0,0.0,0.0,0.0,5.79245535,0.0
2024-02-14 22:00:00,8.663,0.0,0.0,0.0,0.0,5.7428217,0.0
2024-02-14 22:30:00,8.638,0.0,0.0,0.0,0.0,5.51006555,0.0
2024-02-14 23:00:00,8.613,0.0,0.0,0.0,0.0,5.2773094,0.0
2024-02-14 23:30:00,8.513,0.0,0.0,0.0,0.0,5.1135285,0.0
2024-02-15 00:00:00,8.413,0.0,0.0,0.0,0.0,4.9497476,0.0
2024-02-15 00:30:00,8.312999999999999,0.0,0.0,0.0,0.0,5.2289618,0.0
2024-02-15 01:00:00,8.213,0.0,0.0,0.0,0.0,5.508176,0.0
2024-02-15 01:30:00,8.338,0.0,0.0,0.0,0.0,5.9183415,0.0
2024-02-15 02:00:00,8.463,0.0,0.0,0.0,0.0,6.328507,0.0
2024-02-15 02:30:00,8.388,0.0,0.0,0.0,0.0,6.465768349999999,0.0
2024-02-15 03:00:00,8.313,0.0,0.0,0.0,0.0,6.6030297,0.0
2024-02-15 03:30:00,8.463000000000001,0.0,0.0,0.0,0.0,6.96006655,0.0
2024-02-15 04:00:00,8.613,0.0,0.0,0.0,0.0,7.3171034,0.0
2024-02-15 04:30:00,8.363,0.0,0.0,0.0,0.0,7.42053245,0.0
2024-02-15 05:00:00,8.113,0.0,0.0,0.0,0.0,7.5239615,0.0
2024-02-15 05:30:00,8.03800015,0.0,0.0,0.0,0.0,7.21777295,0.0
2024-02-15 06:00:00,7.9630003,0.0,0.0,0.0,0.0,6.9115844,0.0
2024-02-15 06:30:00,7.58800015,0.0,0.0,0.0,0.0,6.6121352,0.0
2024-02-15 07:00:00,7.213,0.0,0.052137526835932924,0.0,0.0,6.312686,0.096
2024-02-15 07:30:00,7.538,27.28927788393584,0.17323515483284121,29.007005,22.737652,6.56552175,25.03
2024-02-15 08:00:00,7.863,61.3747487899513,0.2903825994256149,58.01401,45.475304,6.8183575,40.833
2024-02-15 08:30:00,8.313,145.59057658337787,0.4015754453734558,174.06459,77.110192,6.87219775,255.146
2024-02-15 09:00:00,8.763,253.3348780274867,0.5049110156141599,290.11517,108.74508,6.926038,236.823
2024-02-15 09:30:00,9.238,287.45011292159234,0.5986209531431563,249.24768,140.811735,7.37869275,589.549
2024-02-15 10:00:00,9.713,311.56598293486206,0.6811014882462207,208.38019,172.87839,7.8313475,704.03
2024-02-15 10:30:00,9.963,420.9221941824596,0.750940914049063,313.140765,188.83335,8.073196750000001,840.856
2024-02-15 11:00:00,10.213,539.1289222954483,0.8069437727230225,417.90134,204.78831,8.315046,281.276
2024-02-15 11:30:00,10.013,494.3541630846124,0.8481513289372006,330.981225,217.079985,7.9902765,275.29999999999995
2024-02-15 12:00:00,9.813,438.63271138153806,0.8738580073497995,244.06111,229.37166,7.665507,205.475
2024-02-15 12:30:00,9.213,319.2666899048552,0.8836234904908854,148.84255000000002,191.35148,7.516840999999999,845.1779999999999
2024-02-15 13:00:00,8.613,197.17714505183736,0.8772802713228389,53.62399,153.3313,7.368175,775.874
2024-02-15 13:30:00,8.788,205.1341708668781,0.8549365410186941,71.19234,147.24849,7.1633117,421.211
2024-02-15 14:00:00,8.963,210.9198062867846,0.8169743489094804,88.76069,141.16568,6.9584484,105.043
2024-02-15 14:30:00,8.663,211.85100781976436,0.7640430784368918,73.7957085,158.71553,6.8825312,142.584
2024-02-15 15:00:00,8.363,213.53907637901915,0.6970483417672511,58.830727,176.26538,6.806614,183.343
2024-02-15 15:30:00,7.962999849999999,179.23534342971277,0.6171364804179305,67.6521985,140.40573,6.5133712500000005,36.058
2024-02-15 16:00:00,7.5629997,142.63848513833898,0.5256749585481012,76.47367,104.54608,6.2201285,7.612999999999999
2024-02-15 16:30:00,7.61299985,93.44242187147074,0.4242289579163892,46.608357,75.22500500000001,6.1666145,67.851
2024-02-15 17:00:00,7.663,50.16768884088374,0.31453458341387436,16.743044,45.90393,6.1131005,44.016000000000005
2024-02-15 17:30:00,7.313000000000001,24.112200213830032,0.19846916465109296,8.371522,22.951965,6.0398371,9.708
2024-02-15 18:00:00,6.963,0.0,0.07801912124178514,0.0,0.0,5.9665737,0.517
2024-02-15 18:30:00,6.913,0.0,0.0,0.0,0.0,5.73374135,0.0
2024-02-15 19:00:00,6.863,0.0,0.0,0.0,0.0,5.500909,0.0
2024-02-15 19:30:00,6.83799985,0.0,0.0,0.0,0.0,5.318041,0.0
2024-02-15 20:00:00,6.8129997,0.0,0.0,0.0,0.0,5.135173,0.0
2024-02-15 20:30:00,6.73799985,0.0,0.0,0.0,0.0,5.0675865,0.0
2024-02-15 21:00:00,6.663,0.0,0.0,0.0,0.0,5.0,0.0
2024-02-15 21:30:00,6.813000000000001,0.0,0.0,0.0,0.0,5.08118175,0.0
2024-02-15 22:00:00,6.963,0.0,0.0,0.0,0.0,5.1623635,0.0
2024-02-15 22:30:00,6.963,0.0,0.0,0.0,0.0,4.800416,0.0
2024-02-15 23:00:00,6.963,0.0,0.0,0.0,0.0,4.4384685,0.0
2024-02-15 23:30:00,7.113,0.0,0.0,0.0,0.0,4.62755325,0.0
2024-02-16 00:00:00,7.263,0.0,0.0,0.0,0.0,4.816638,0.0
2024-02-16 00:30:00,7.16299985,0.0,0.0,0.0,0.0,5.0602052,0.0
2024-02-16 01:00:00,7.0629997,0.0,0.0,0.0,0.0,5.3037724,0.0
2024-02-16 01:30:00,7.2879996,0.0,0.0,0.0,0.0,5.0602052,0.0
2024-02-16 02:00:00,7.5129995,0.0,0.0,0.0,0.0,4.816638,0.0
2024-02-16 02:30:00,7.5129995,0.0,0.0,0.0,0.0,5.3600135,0.0
2024-02-16 03:00:00,7.5129995,0.0,0.0,0.0,0.0,5.903389,0.0
2024-02-16 03:30:00,7.5129995,0.0,0.0,0.0,0.0,5.9554422,0.0
2024-02-16 04:00:00,7.5129995,0.0,0.0,0.0,0.0,6.0074954,0.0
2024-02-16 04:30:00,7.4879999,0.0,0.0,0.0,0.0,6.4070549,0.0
2024-02-16 05:00:00,7.4630003,0.0,0.0,0.0,0.0,6.8066144,0.0
2024-02-16 05:30:00,7.41300015,0.0,0.0,0.0,0.0,7.0563882,0.0
2024-02-16 06:00:00,7.363,0.0,0.0,0.0,0.0,7.306162,0.0
2024-02-16 06:30:00,7.388,0.0,0.0,0.0,0.0,7.40441425,0.0
2024-02-16 07:00:00,7.413,0.0,0.05400528438285385,0.0,0.0,7.5026665,0.0
2024-02-16 07:30:00,7.36299985,18.842292240625923,0.17526305689139038,22.98438,15.1234265,7.35133325,1.312
2024-02-16 08:00:00,7.3129997,43.07666671914045,0.2925618971883356,45.96876,30.246853,7.2,12.807
2024-02-16 08:30:00,7.66299985,85.22657510567214,0.4038947750197825,56.01995,63.9485035,6.859601,40.18299999999999
2024-02-16 09:00:00,8.013,129.09448963105328,0.5073565963231919,66.07114,97.650154,6.519202,59.334
2024-02-16 09:30:00,8.463000000000001,185.97190819967815,0.6011768269639772,118.44166,117.072582,6.7273093500000005,141.43
2024-02-16 10:00:00,8.913,250.75498630285477,0.6837497976271426,170.81218,136.49501,6.9354167,179.72299999999998
2024-02-16 10:30:00,9.638,392.78179118135284,0.7536622122290587,303.29744,166.77339,7.270667850000001,326.598
2024-02-16 11:00:00,10.363,547.2945684463524,0.8097173615815195,435.7827,197.05177,7.605919,678.6370000000001
2024-02-16 11:30:00,10.763,596.2493251802706,0.8509556184180221,474.73465,194.50714,7.4584349,224.45
2024-02-16 12:00:00,11.163,640.4427535518971,0.8766708902300817,513.6866,191.96251,7.3109508,305.355
2024-02-16 12:30:00,11.138,584.5592693823344,0.8864227259754247,427.742575,207.9917,7.1069244000000005,517.4649999999999
2024-02-16 13:00:00,11.113,521.4861144159328,0.8800438708016531,341.79855,224.02089,6.902898,179.82799999999995
2024-02-16 13:30:00,11.338,535.8772245782591,0.8576431492938428,367.83476,223.633165,6.954662000000001,203.73
2024-02-16 14:00:00,11.563,542.9422003110462,0.8196036142657535,393.87097,223.24544,7.006426,209.562
2024-02-16 14:30:00,11.363,482.6830298351136,0.7665760051500399,373.804105,198.90468,6.7036035,152.734
2024-02-16 15:00:00,11.163,419.5711598772765,0.6994676189335041,353.73724,174.56392,6.400781,173.97899999999998
2024-02-16 15:30:00,10.963,340.98672570264404,0.6194267813789371,315.711105,147.52975,6.25202935,111.539
2024-02-16 16:00:00,10.763,265.27878035412476,0.5278232057956864,277.68497,120.49558,6.1032777,74.56
2024-02-16 16:30:00,10.238,190.56781913995033,0.42622454883681554,234.97085500000003,91.8168265,5.80345655,43.52799999999999
2024-02-16 17:00:00,9.713,122.94891840606364,0.3163695729884963,192.25674,63.138073,5.5036354,27.46
2024-02-16 17:30:00,9.238,50.30134619249823,0.20013840199773053,96.12837,31.569036500000003,5.1039442,6.883000000000001
2024-02-16 18:00:00,8.763,0.0,0.07952033761662171,0.0,0.0,4.704253,0.146
2024-02-16 18:30:00,8.562999999999999,0.0,0.0,0.0,0.0,4.5526947,0.0
2024-02-16 19:00:00,8.363,0.0,0.0,0.0,0.0,4.4011364,0.0
2024-02-16 19:30:00,8.238,0.0,0.0,0.0,0.0,4.351149550000001,0.0
2024-02-16 20:00:00,8.113,0.0,0.0,0.0,0.0,4.3011627,0.0
2024-02-16 20:30:00,8.238,0.0,0.0,0.0,0.0,4.40280235,0.0
2024-02-16 21:00:00,8.363,0.0,0.0,0.0,0.0,4.504442,0.0
2024-02-16 21:30:00,8.338000000000001,0.0,0.0,0.0,0.0,4.5110923,0.0
2024-02-16 22:00:00,8.313,0.0,0.0,0.0,0.0,4.5177426,0.0
2024-02-16 22:30:00,8.113,0.0,0.0,0.0,0.0,4.2744358,0.0
2024-02-16 23:00:00,7.913,0.0,0.0,0.0,0.0,4.031129,0.0
2024-02-16 23:30:00,7.988,0.0,0.0,0.0,0.0,3.93910285,0.0
2024-02-17 00:00:00,8.063,0.0,0.0,0.0,0.0,3.8470767,0.0
2024-02-17 00:30:00,8.038,0.0,0.0,0.0,0.0,3.9366206,0.0
2024-02-17 01:00:00,8.013,0.0,0.0,0.0,0.0,4.0261645,0.0
2024-02-17 01:30:00,8.038,0.0,0.0,0.0,0.0,4.17178525,0.0
2024-02-17 02:00:00,8.063,0.0,0.0,0.0,0.0,4.317406,0.0
2024-02-17 02:30:00,8.388,0.0,0.0,0.0,0.0,4.367775,0.0
2024-02-17 03:00:00,8.713,0.0,0.0,0.0,0.0,4.418144,0.0
2024-02-17 03:30:00,8.538,0.0,0.0,0.0,0.0,4.239466,0.0
2024-02-17 04:00:00,8.363,0.0,0.0,0.0,0.0,4.060788,0.0
2024-02-17 04:30:00,8.263,0.0,0.0,0.0,0.0,4.020997,0.0
2024-02-17 05:00:00,8.163,0.0,0.0,0.0,0.0,3.981206,0.0
2024-02-17 05:30:00,8.088000000000001,0.0,0.0,0.0,0.0,4.138276,0.0
2024-02-17 06:00:00,8.013,0.0,0.0,0.0,0.0,4.295346,0.0
2024-02-17 06:30:00,7.988000149999999,0.0,0.0,0.0,0.0,4.6098875,0.0
2024-02-17 07:00:00,7.9630003,0.0,0.05593799666896562,0.0,0.0,4.924429,0.0
2024-02-17 07:30:00,8.08800015,22.995480885359946,0.17735181847456088,28.45252,18.3231315,4.8058229,1.97
2024-02-17 08:00:00,8.213,52.674195814671506,0.2947971984259959,56.90504,36.646263,4.6872168,52.116
2024-02-17 08:30:00,8.437999999999999,93.42754307161232,0.40626457493962553,73.331083,64.97407150000001,5.2289159000000005,72.72699999999999
2024-02-17 09:00:00,8.663,137.13505361114156,0.5098465323408864,89.757126,93.30188,5.770615,79.585
2024-02-17 09:30:00,9.288,220.36580377594635,0.603770464807853,145.421188,135.20262,6.135692000000001,115.259
2024-02-17 10:00:00,9.913,311.7876072442865,0.6864289171030284,201.08525,177.10336,6.500769,98.793
2024-02-17 10:30:00,10.188,384.3247343550809,0.7564071238803483,274.16146,179.94906500000002,6.5598405,70.18299999999999
2024-02-17 11:00:00,10.463,462.2703529029602,0.8125072487356211,347.23767,182.79477,6.618912,81.379
2024-02-17 11:30:00,10.888,459.04348000067273,0.8537688986610221,284.279245,220.033005,6.605665800000001,82.55899999999998
2024-02-17 12:00:00,11.313,447.18064714256,0.8794855900442675,221.32082,257.27124,6.5924196,63.742
2024-02-17 12:30:00,11.188,370.1213063638814,0.8892168620222654,150.34631,241.14208,6.4362733,158.597
2024-02-17 13:00:00,11.063,290.3985837194854,0.882795831229164,79.3718,225.01292,6.280127,93.509
2024-02-17 13:30:00,10.938,286.86310472928056,0.8603320684500293,86.409535,216.99681,6.11705875,84.82
2024-02-17 14:00:00,10.813,281.548186973777,0.8222097343053104,93.44727,208.9807,5.9539905,210.283
2024-02-17 14:30:00,11.113,303.7678949355544,0.7690810182761927,152.59807999999998,190.014125,5.78101025,47.906
2024-02-17 15:00:00,11.413,316.7172983017996,0.7018549843307083,211.74889,171.04755,5.60803,30.715
2024-02-17 15:30:00,10.863,210.51967045449948,0.6216820113378225,115.0619105,141.700465,5.4544867,22.61
2024-02-17 16:00:00,10.313,119.61271940214459,0.5299341161050053,18.374931,112.35338,5.3009434,17.217
2024-02-17 16:30:00,10.013,98.23061691892349,0.4281814690909204,38.6302795,83.4821235,5.3509347,6.267
2024-02-17 17:00:00,9.713,72.23985364970419,0.31816551317805525,58.885628,54.610867,5.400926,10.986
2024-02-17 17:30:00,9.188,32.69289101740997,0.20176917254831364,29.442814,27.3054335,5.1519932,3.61
2024-02-17 18:00:00,8.663,0.0,0.08098462079575058,0.0,0.0,4.9030604,0.064
2024-02-17 18:30:00,8.588000000000001,0.0,0.0,0.0,0.0,4.746088950000001,0.0
2024-02-17 19:00:00,8.513,0.0,0.0,0.0,0.0,4.5891175,0.0
2024-02-17 19:30:00,8.363,0.0,0.0,0.0,0.0,4.65940545,0.0
2024-02-17 20:00:00,8.213,0.0,0.0,0.0,0.0,4.7296934,0.0
2024-02-17 20:30:00,8.138,0.0,0.0,0.0,0.0,4.748646000000001,0.0
2024-02-17 21:00:00,8.063,0.0,0.0,0.0,0.0,4.7675986,0.0
2024-02-17 21:30:00,8.038,0.0,0.0,0.0,0.0,4.53438065,0.0
2024-02-17 22:00:00,8.013,0.0,0.0,0.0,0.0,4.3011627,0.0
2024-02-17 22:30:00,8.038,0.0,0.0,0.0,0.0,4.16614585,0.0
2024-02-17 23:00:00,8.063,0.0,0.0,0.0,0.0,4.031129,0.0
2024-02-17 23:30:00,7.963000000000001,0.0,0.0,0.0,0.0,3.83284265,0.0
2024-02-18 00:00:00,7.863,0.0,0.0,0.0,0.0,3.6345563,0.0
2024-02-18 00:30:00,7.963000000000001,0.0,0.0,0.0,0.0,3.68409365,0.0
2024-02-18 01:00:00,8.063,0.0,0.0,0.0,0.0,3.733631,0.0
2024-02-18 01:30:00,8.088000000000001,0.0,0.0,0.0,0.0,4.1717015,0.0
2024-02-18 02:00:00,8.113,0.0,0.0,0.0,0.0,4.609772,0.0
2024-02-18 02:30:00,8.088000000000001,0.0,0.0,0.0,0.0,4.6394095,0.0
2024-02-18 03:00:00,8.063,0.0,0.0,0.0,0.0,4.669047,0.0
2024-02-18 03:30:00,8.263,0.0,0.0,0.0,0.0,5.0145421500000005,0.0
2024-02-18 04:00:00,8.463,0.0,0.0,0.0,0.0,5.3600373,0.0
2024-02-18 04:30:00,8.187999999999999,0.0,0.0,0.0,0.0,5.45895715,0.0
2024-02-18 05:00:00,7.913,0.0,0.0,0.0,0.0,5.557877,0.0
2024-02-18 05:30:00,8.138,0.0,0.0,0.0,0.0,5.590077000000001,0.0
2024-02-18 06:00:00,8.363,0.0,0.0,0.0,0.0,5.622277,0.0
2024-02-18 06:30:00,8.388,0.0,0.0,0.0,0.0,5.811555,0.0
2024-02-18 07:00:00,8.413,0.0,0.05793423253144406,0.0,0.0,6.000833,0.0
2024-02-18 07:30:00,8.663,28.192129514803185,0.17949983193167338,33.808615,22.585623,6.50612615,12.311
2024-02-18 08:00:00,8.913,64.33515988674682,0.2970867377712125,67.61723,45.171246,7.0114193,29.505
2024-02-18 08:30:00,9.313,140.99787086303724,0.4086829435935992,153.687455,79.69684799999999,7.41083465,85.392
2024-02-18 09:00:00,9.713,234.97663585336096,0.5123788098959966,239.75768,114.22245,7.81025,137.743
2024-02-18 09:30:00,10.263,307.9414075454805,0.6063997665960652,261.72742500000004,151.951765,8.1598285,137.667
2024-02-18 10:00:00,10.813,381.8361631675862,0.6891366877284656,283.69717,189.68108,8.509407,78.178
2024-02-18 10:30:00,11.288,463.53756558066254,0.7591734596686822,344.617585,205.215785,8.6618,177.134
2024-02-18 11:00:00,11.763,548.1357385776093,0.8153112434996557,405.538,220.75049,8.814193,462.349
2024-02-18 11:30:00,11.963,570.4541111942335,0.8565890066989749,412.95366,219.792245,8.7117455,1000.139
2024-02-18 12:00:00,12.163,586.8408951085212,0.8823000001415717,420.36932,218.834,8.609298,951.392
2024-02-18 12:30:00,12.288,626.1896132174577,0.8920038759218472,479.58563,200.51533,8.6687065,909.07
2024-02-18 13:00:00,12.413,657.9732672798491,0.8855342400043777,538.80194,182.19666,8.728115,352.736
2024-02-18 13:30:00,12.413,633.1480073221132,0.8630015202455698,524.72281,181.771165,8.637814500000001,980.468
2024-02-18 14:00:00,12.413,600.9515042650781,0.8247910870550105,510.64368,181.34567,8.547514,977.987
2024-02-18 14:30:00,12.238,536.0792992489239,0.7715566712935014,481.232975,166.28522500000005,8.3113925,850.822
2024-02-18 15:00:00,12.063,467.96181716570186,0.7042091830119375,451.82227,151.22478,8.075271,275.287
2024-02-18 15:30:00,11.738,386.2320464935527,0.6239011196917053,409.223175,132.287715,7.89282675,663.694
2024-02-18 16:00:00,11.413,307.0965960936029,0.532006852418122,366.62408,113.35065,7.7103825,492.237
2024-02-18 16:30:00,10.963,221.46194975651275,0.4300991006338039,308.3698,89.958605,7.539278749999999,145.53599999999997
2024-02-18 17:00:00,10.513,145.63213799288354,0.3199220065880885,250.11552,66.56656,7.368175,93.848
2024-02-18 17:30:00,10.063,58.36264964843399,0.20336129733579475,125.329511075,33.35260595,7.04005215,11.133
2024-02-18 18:00:00,9.613,0.0,0.08241200417151444,0.54350215,0.1386519,6.7119293,2.147
2024-02-18 18:30:00,9.413,0.0,0.0,0.271751075,0.06932595,6.7563324,0.0
2024-02-18 19:00:00,9.213,0.0,0.0,0.0,0.0,6.8007355,0.0
2024-02-18 19:30:00,9.113,0.0,0.0,0.0,0.0,6.65382745,0.0
2024-02-18 20:00:00,9.013,0.0,0.0,0.0,0.0,6.5069194,0.0
2024-02-18 20:30:00,8.863,0.0,0.0,0.0,0.0,6.2038834000000005,0.0
2024-02-18 21:00:00,8.713,0.0,0.0,0.0,0.0,5.9008474,0.0
2024-02-18 21:30:00,8.588,0.0,0.0,0.0,0.0,5.5504237,0.0
2024-02-18 22:00:00,8.463,0.0,0.0,0.0,0.0,5.2,0.0
2024-02-18 22:30:00,8.363,0.0,0.0,0.0,0.0,5.0,0.0
2024-02-18 23:00:00,8.263,0.0,0.0,0.0,0.0,4.8,0.0
2024-02-18 23:30:00,8.163,0.0,0.0,0.0,0.0,4.602271699999999,0.0
2024-02-19 00:00:00,8.063,0.0,0.0,0.0,0.0,4.4045434,0.0
2024-02-19 00:30:00,7.76300015,0.0,0.0,0.0,0.0,4.112769,0.0
2024-02-19 01:00:00,7.4630003,0.0,0.0,0.0,0.0,3.8209946,0.0
2024-02-19 01:30:00,7.188000150000001,0.0,0.0,0.0,0.0,3.6222216,0.0
2024-02-19 02:00:00,6.913,0.0,0.0,0.0,0.0,3.4234486,0.0
2024-02-19 02:30:00,7.163,0.0,0.0,0.0,0.0,3.52900245,0.0
2024-02-19 03:00:00,7.413,0.0,0.0,0.0,0.0,3.6345563,0.0
2024-02-19 03:30:00,7.538,0.0,0.0,0.0,0.0,3.67334925,0.0
2024-02-19 04:00:00,7.663,0.0,0.0,0.0,0.0,3.7121422,0.0
2024-02-19 04:30:00,7.638,0.0,0.0,0.0,0.0,3.7168505,0.0
2024-02-19 05:00:00,7.613,0.0,0.0,0.0,0.0,3.7215588,0.0
2024-02-19 05:30:00,7.46299985,0.0,0.0,0.0,0.0,3.6221709,0.0
2024-02-19 06:00:00,7.3129997,0.0,0.0,0.0,0.0,3.522783,0.0
2024-02-19 06:30:00,7.08799985,0.0,0.0,0.0,0.0,3.2421008,0.0
2024-02-19 07:00:00,6.863,0.0,0.0599924585866071,0.0,0.0,2.9614186,2.2840000000000003
2024-02-19 07:30:00,7.33799985,43.6504117659059,0.18170539539071567,83.685815,28.978237,2.8636410000000003,30.879
2024-02-19 08:00:00,7.8129997,107.00435911045655,0.29942866532986095,167.37163,57.956474,2.7658634,223.848
2024-02-19 08:30:00,9.28799985,234.85900512209543,0.41114790612965113,362.19981500000006,87.213622,2.7329317,342.156
2024-02-19 09:00:00,10.763,401.83644690327185,0.5149513544384632,557.028,116.47077,2.7,579.344
2024-02-19 09:30:00,11.663,525.3189674186656,0.6090625850778959,665.26605,120.99567,3.3025625,620.4280000000001
2024-02-19 10:00:00,12.563,660.4314822739386,0.6918709178591976,773.5041,125.52057,3.905125,200.102
2024-02-19 10:30:00,13.038,724.7978300088223,0.7619590126624012,780.36463,130.14286,4.37123985,728.057
2024-02-19 11:00:00,13.513,779.1677223268571,0.8181271530132734,787.22516,134.76515,4.8373547,847.731
2024-02-19 11:30:00,13.688,819.5971104925534,0.8594137928790466,789.64801,140.481735,5.19086055,1053.69
2024-02-19 12:00:00,13.863,847.8794516399057,0.8851120424723367,792.07086,146.19832,5.5443664,962.122
2024-02-19 12:30:00,13.913,816.154717473857,0.8947817883822197,740.5563950000001,153.24352499999998,5.6829392,218.805
2024-02-19 13:00:00,13.963,772.2751733426346,0.8882572420366136,689.04193,160.28873,5.821512,954.7659999999998
2024-02-19 13:30:00,14.238,754.2307002116133,0.8656497970766285,696.9455849999999,150.787995,5.960756,880.8029999999999
2024-02-19 14:00:00,14.513,724.7653961570905,0.8273461331170869,704.84924,141.28726,6.1,906.849
2024-02-19 14:30:00,14.113,602.3097865906277,0.7740016108014283,580.70723,153.546965,6.056659249999999,754.962
2024-02-19 15:00:00,13.713,486.6484040058864,0.7065290621245199,456.56522,165.80667,6.0133185,458.919
2024-02-19 15:30:00,13.213,391.66372024292855,0.6260831651903267,403.02109,140.911125,5.9604704,561.444
2024-02-19 16:00:00,12.713,301.2411115486358,0.5340406924528047,349.47696,116.01558,5.9076223,483.695
2024-02-19 16:30:00,12.263,232.46297606220227,0.4319769436969554,333.65048,89.391935,5.75782615,404.862
2024-02-19 17:00:00,11.813,164.28565128856224,0.3216387756271918,317.824,62.76829,5.60803,253.052
2024-02-19 17:30:00,10.988,64.7455311905502,0.20491471673174733,161.621754,31.990382350000004,4.99090775,78.218
2024-02-19 18:00:00,10.163,1.6467505077016806,0.0838026380666356,5.419508,1.2124747,4.3737855,5.728
2024-02-19 18:30:00,9.463,0.0,0.0,2.709754,0.60623735,3.7569245,0.0
2024-02-19 19:00:00,8.763,0.0,0.0,0.0,0.0,3.1400635,0.0
2024-02-19 19:30:00,8.36300015,0.0,0.0,0.0,0.0,2.77107295,0.0
2024-02-19 20:00:00,7.9630003,0.0,0.0,0.0,0.0,2.4020824,0.0
2024-02-19 20:30:00,7.688000150000001,0.0,0.0,0.0,0.0,2.1351182,0.0
2024-02-19 21:00:00,7.413,0.0,0.0,0.0,0.0,1.868154,0.0
2024-02-19 21:30:00,7.013,0.0,0.0,0.0,0.0,1.519312,0.0
2024-02-19 22:00:00,6.613,0.0,0.0,0.0,0.0,1.17047,0.0
2024-02-19 22:30:00,6.313000000000001,0.0,0.0,0.0,0.0,1.3468123,0.0
2024-02-19 23:00:00,6.013,0.0,0.0,0.0,0.0,1.5231546,0.0
2024-02-19 23:30:00,6.213,0.0,0.0,0.0,0.0,1.59973005,0.0
2024-02-20 00:00:00,6.413,0.0,0.0,0.0,0.0,1.6763055,0.0
2024-02-20 00:30:00,6.788,0.0,0.0,0.0,0.0,1.63971375,0.0
2024-02-20 01:00:00,7.163,0.0,0.0,0.0,0.0,1.603122,0.0
2024-02-20 01:30:00,6.938000000000001,0.0,0.0,0.0,0.0,1.5664139499999998,0.0
2024-02-20 02:00:00,6.713,0.0,0.0,0.0,0.0,1.5297059,0.0
2024-02-20 02:30:00,6.463,0.0,0.0,0.0,0.0,1.61485295,0.0
2024-02-20 03:00:00,6.213,0.0,0.0,0.0,0.0,1.7,0.0
2024-02-20 03:30:00,6.213,0.0,0.0,0.0,0.0,1.68815275,0.0
2024-02-20 04:00:00,6.213,0.0,0.0,0.0,0.0,1.6763055,0.0
2024-02-20 04:30:00,6.063000000000001,0.0,0.0,0.0,0.0,1.58145615,0.0
2024-02-20 05:00:00,5.913,0.0,0.0,0.0,0.0,1.4866068,0.0
2024-02-20 05:30:00,5.913,0.0,0.0,0.0,0.0,1.4450868,0.0
2024-02-20 06:00:00,5.913,0.0,0.0,0.0,0.0,1.4035668,0.0
2024-02-20 06:30:00,6.088,0.0,0.0,0.0,0.0,1.52640455,0.0
2024-02-20 07:00:00,6.263,0.0,0.06211105397289236,0.0,0.0,1.6492423,0.698
2024-02-20 07:30:00,6.86300015,50.843926531135324,0.1839667273108477,110.46895,31.0623075,1.7733044,16.814
2024-02-20 08:00:00,7.4630003,127.72634200763787,0.3018210607926415,220.9379,62.124615,1.8973665,73.893
2024-02-20 08:30:00,8.61300015,239.71682288751362,0.41365742780849424,362.63628,91.0758955,2.05548035,333.806
2024-02-20 09:00:00,9.763,379.40111054223075,0.5175620431425925,504.33466,120.027176,2.2135942,577.792
2024-02-20 09:30:00,10.538,501.3190024460118,0.6117567372487231,611.32428,128.499418,2.2611367500000004,150.952
2024-02-20 10:00:00,11.313,635.2598260589327,0.6946293932490587,718.3139,136.97166,2.3086793,230.599
2024-02-20 10:30:00,12.063,687.5981508960037,0.7647615668714635,694.94235,157.01026000000002,1.94490905,360.746
2024-02-20 11:00:00,12.813,727.2959446460357,0.8209527890972478,671.5708,177.04886,1.5811388,871.278
2024-02-20 11:30:00,13.463,742.0920559236539,0.8622411259095542,666.22867,168.34291,1.23778302,418.667
2024-02-20 12:00:00,14.113,746.1307304536867,0.887919670726225,660.88654,159.63696,0.89442724,882.769
2024-02-20 12:30:00,14.138,657.6874917557761,0.8975486647078588,549.5050699999999,165.43565999999998,1.01730137,316.93
2024-02-20 13:00:00,14.163,559.9952624711344,0.8909630389380336,438.1236,171.23436,1.1401755,917.521
2024-02-20 13:30:00,13.613,455.5508888700076,0.8682752591905178,309.29497000000003,189.69348,1.1401755,416.098
2024-02-20 14:00:00,13.063,354.11632600613353,0.8298734109470391,180.46634,208.1526,1.1401755,92.175
2024-02-20 14:30:00,11.988,287.4822351499689,0.7764145699390249,142.50927,180.226,1.2859788,208.798
2024-02-20 15:00:00,10.913,223.42783162931252,0.7088135625776297,104.5522,152.2994,1.4317821,273.66299999999995
2024-02-20 15:30:00,11.113,212.25461041872126,0.6282273059948873,138.569475,127.5513075,1.19023268,207.94
2024-02-20 16:00:00,11.313,193.59569214623394,0.5360350173204308,172.58675,102.803215,0.94868326,114.808
2024-02-20 16:30:00,11.013,105.93025014364858,0.43381460415438106,86.293375,69.7703705,1.04442938,33.092
2024-02-20 17:00:00,10.713,35.90669703304892,0.3233156488526443,0.0,36.737526,1.1401755,24.409
2024-02-20 17:30:00,10.238,18.830958440382858,0.20642947600060843,0.70955825,19.11581455,1.31339115,8.099
2024-02-20 18:00:00,9.763,1.5831197563176873,0.08515677471138561,1.4191165,1.4941031,1.4866068,0.08
2024-02-20 18:30:00,9.513,0.0,0.0,0.70955825,0.74705155,1.43972275,0.0
2024-02-20 19:00:00,9.263,0.0,0.0,0.0,0.0,1.3928387,0.0
2024-02-20 19:30:00,9.088,0.0,0.0,0.0,0.0,1.2984991,0.0
2024-02-20 20:00:00,8.913,0.0,0.0,0.0,0.0,1.2041595,0.0
2024-02-20 20:30:00,8.788,0.0,0.0,0.0,0.0,1.15207975,0.0
2024-02-20 21:00:00,8.663,0.0,0.0,0.0,0.0,1.1,0.0
2024-02-20 21:30:00,8.013,0.0,0.0,0.0,0.0,1.31485295,0.0
2024-02-20 22:00:00,7.363,0.0,0.0,0.0,0.0,1.5297059,0.0
2024-02-20 22:30:00,7.363,0.0,0.0,0.0,0.0,1.5664139499999998,0.0
2024-02-20 23:00:00,7.363,0.0,0.0,0.0,0.0,1.603122,0.0
2024-02-20 23:30:00,7.21299985,0.0,0.0,0.0,0.0,1.65303035,0.0
2024-02-21 00:00:00,7.0629997,0.0,0.0,0.0,0.0,1.7029387,0.0
2024-02-21 00:30:00,7.21299985,0.0,0.0,0.0,0.0,1.6514693500000002,0.0
2024-02-21 01:00:00,7.363,0.0,0.0,0.0,0.0,1.6,0.0
2024-02-21 01:30:00,7.238,0.0,0.0,0.0,0.0,1.56485295,0.0
2024-02-21 02:00:00,7.113,0.0,0.0,0.0,0.0,1.5297059,0.0
2024-02-21 02:30:00,6.638,0.0,0.0,0.0,0.0,1.61485295,0.0
2024-02-21 03:00:00,6.163,0.0,0.0,0.0,0.0,1.7,0.0
2024-02-21 03:30:00,5.788,0.0,0.0,0.0,0.0,1.7232124999999998,0.0
2024-02-21 04:00:00,5.413,0.0,0.0,0.0,0.0,1.746425,0.0
2024-02-21 04:30:00,5.138,0.0,0.0,0.0,0.0,1.84403685,0.0
2024-02-21 05:00:00,4.863,0.0,0.0,0.0,0.0,1.9416487,0.0
2024-02-21 05:30:00,4.913,0.0,0.0,0.0,0.0,1.92082435,0.0
2024-02-21 06:00:00,4.963,0.0,0.0,0.0,0.0,1.9,0.0
2024-02-21 06:30:00,5.01299985,0.0,0.0,0.0,0.0,1.90524865,0.0
2024-02-21 07:00:00,5.0629997,0.0,0.06428832540544759,0.0,0.0,1.9104973,4.628
2024-02-21 07:30:00,6.0629997,50.64025741073857,0.18628198116396227,103.892675,31.8552515,1.8496759,86.93299999999999
2024-02-21 08:00:00,7.0629997,125.79502341477887,0.3042619474768026,207.78535,63.710503,1.7888545,235.779
2024-02-21 08:30:00,8.03799985,238.13779532681968,0.4162094271520702,339.88625,98.2381515,1.61553755,255.546
2024-02-21 09:00:00,9.013,376.3058493744877,0.5202087169241977,471.98715,132.7658,1.4422206,301.723
2024-02-21 09:30:00,9.913,463.7105425312462,0.6144800149586713,506.582105,154.49245000000002,1.4777475999999998,334.18000000000006
2024-02-21 10:00:00,10.813,551.5001382506376,0.697409886096825,541.17706,176.2191,1.5132746,423.82
2024-02-21 10:30:00,11.538,566.6818756253679,0.7675789046020276,449.686265,224.89051,1.1471498,639.733
2024-02-21 11:00:00,12.263,564.0228674153792,0.8237859737562304,358.19547,273.56192,0.781025,559.35
2024-02-21 11:30:00,13.038,587.3274623513223,0.8650688964038141,352.1225,287.567885,0.99259225,697.369
2024-02-21 12:00:00,13.813,604.7215554547518,0.8907208718542978,346.04953,301.57385,1.2041595,583.928
2024-02-21 12:30:00,13.963,515.2800134532476,0.9003026142406481,261.80388,284.683025,1.91070495,568.303
2024-02-21 13:00:00,14.113,421.341467418903,0.8936498863808188,177.55823,267.7922,2.6172504,393.643
2024-02-21 13:30:00,14.113,360.0857954862932,0.8708763299929972,134.32434,248.01927,2.6324453,482.618
2024-02-21 14:00:00,14.113,299.3663363744336,0.8323715301783455,91.09045,228.24634,2.6476402,364.009
2024-02-21 14:30:00,13.688,268.57807167749957,0.7787943598315475,79.915615,210.721545,2.0738201,251.233
2024-02-21 15:00:00,13.263,238.01418027172306,0.7110617087697049,68.74078,193.19675,1.5,180.128
2024-02-21 15:30:00,13.063,204.26771635258007,0.6303327878316527,74.534295,160.62304,1.1531129,129.878
2024-02-21 16:00:00,12.863,168.65287114535744,0.5379892982989521,80.32781,128.04933,0.8062258,48.69500000000001
2024-02-21 16:30:00,12.388,113.94794670492723,0.4356117791569522,55.01901,91.8828935,0.6031129,35.361000000000004
2024-02-21 17:00:00,11.913,64.17907510440509,0.3249525456476007,29.71021,55.716457,0.4,40.012
2024-02-21 17:30:00,11.388,31.637556973065042,0.2079057092916214,15.615410700000002,29.011967500000004,0.38027757,23.382
2024-02-21 18:00:00,10.863,2.388875631460059,0.086474751824973,1.5206114,2.307478,0.36055514,2.28
2024-02-21 18:30:00,10.513,0.0,0.0,0.7603057,1.153739,0.47182517,0.0
2024-02-21 19:00:00,10.163,0.0,0.0,0.0,0.0,0.5830952,0.0
2024-02-21 19:30:00,10.063,0.0,0.0,0.0,0.0,0.611703815,0.0
2024-02-21 20:00:00,9.963,0.0,0.0,0.0,0.0,0.64031243,0.0
2024-02-21 20:30:00,9.713,0.0,0.0,0.0,0.0,0.8300581650000001,0.0
2024-02-21 21:00:00,9.463,0.0,0.0,0.0,0.0,1.0198039,0.0
2024-02-21 21:30:00,9.488,0.0,0.0,0.0,0.0,1.0198039,0.0
2024-02-21 22:00:00,9.513,0.0,0.0,0.0,0.0,1.0198039,0.0
2024-02-21 22:30:00,9.113,0.0,0.0,0.0,0.0,1.02468345,0.0
2024-02-21 23:00:00,8.713,0.0,0.0,0.0,0.0,1.029563,0.0
2024-02-21 23:30:00,8.488,0.0,0.0,0.0,0.0,0.9419817,0.0
2024-02-22 00:00:00,8.263,0.0,0.0,0.0,0.0,0.8544004,0.0
2024-02-22 00:30:00,7.91299985,0.0,0.0,0.0,0.0,0.7272002,0.0
2024-02-22 01:00:00,7.5629997,0.0,0.0,0.0,0.0,0.6,0.0
2024-02-22 01:30:00,6.5629997,0.0,0.0,0.0,0.0,0.4118034049999999,0.0
2024-02-22 02:00:00,5.5629997,0.0,0.0,0.0,0.0,0.22360681,0.0
2024-02-22 02:30:00,6.23799985,0.0,0.0,0.0,0.0,0.6042462799999999,0.0
2024-02-22 03:00:00,6.913,0.0,0.0,0.0,0.0,0.98488575,0.0
2024-02-22 03:30:00,6.688000000000001,0.0,0.0,0.0,0.0,1.094522625,0.0
2024-02-22 04:00:00,6.463,0.0,0.0,0.0,0.0,1.2041595,0.0
2024-02-22 04:30:00,6.438000000000001,0.0,0.0,0.0,0.0,1.2041595,0.0
2024-02-22 05:00:00,6.413,0.0,0.0,0.0,0.0,1.2041595,0.0
2024-02-22 05:30:00,6.138,0.0,0.0,0.0,0.0,1.18731475,0.0
2024-02-22 06:00:00,5.863,0.0,0.0,0.0,0.0,1.17047,0.0
2024-02-22 06:30:00,5.613,0.0,0.0,0.0,0.0,1.085235,0.0
2024-02-22 07:00:00,5.363,0.0,0.0665225212747323,0.0,0.0,1.0,4.265
2024-02-22 07:30:00,6.038,53.071561295411186,0.18864925912761393,119.084975,31.138332500000004,0.95276925,76.02399999999999
2024-02-22 08:00:00,6.713,134.27100469831626,0.3067493053655793,238.16995,62.276665,0.9055385,211.468
2024-02-22 08:30:00,8.363,263.381363559107,0.4188017880926957,421.2407050000001,88.1291525,0.913746475,345.023
2024-02-22 09:00:00,10.013,428.7053989196046,0.5228891914793535,604.31146,113.98164,0.92195445,469.627
2024-02-22 09:30:00,11.113,544.8854420724354,0.6172301946714032,690.307005,119.51776,1.299129975,269.808
2024-02-22 10:00:00,12.213,668.4716971113131,0.7002101633226708,776.30255,125.05388,1.6763055,669.4449999999999
2024-02-22 10:30:00,13.038,732.0348606713853,0.7704088130907591,779.483875,131.42042,1.84438335,741.764
2024-02-22 11:00:00,13.863,785.1007297295077,0.8266245440566614,782.6652,137.78696,2.0124612,833.595
2024-02-22 11:30:00,14.363,783.2720183860531,0.867895019911729,733.42177,146.598405,2.14859655,763.121
2024-02-22 12:00:00,14.863,766.6700653687025,0.8935136671862185,684.17834,155.40985,2.2847319,743.388
2024-02-22 12:30:00,14.963,693.4153729173008,0.9030417895595109,571.1571200000001,178.74472500000002,2.5503788,978.802
2024-02-22 13:00:00,15.063,610.5604617326096,0.8963160913886987,458.1359,202.0796,2.8160257,663.895
2024-02-22 13:30:00,14.738,473.7372408052566,0.8734514914735907,299.790325,215.18315,2.61735135,850.625
2024-02-22 14:00:00,14.413,341.9276031095176,0.834839165256931,141.44475,228.2867,2.418677,844.845
2024-02-22 14:30:00,14.438,324.10893609009094,0.7811398615376927,154.20085,207.6155,2.4442473,102.121
2024-02-22 15:00:00,14.463,302.5548424913683,0.713272598934742,166.95695,186.9443,2.4698176,18.404
2024-02-22 15:30:00,14.013,263.0964772803252,0.6323989329345694,183.630065,149.619515,2.4149512,10.920000000000002
2024-02-22 16:00:00,13.563,218.61332011256658,0.5399030845540141,200.30318,112.29473,2.3600848,9.662
2024-02-22 16:30:00,13.113,143.97513707199494,0.4373682437949082,143.2545,82.73408,1.9300424,32.498000000000005
2024-02-22 17:00:00,12.663,80.3217847509876,0.32654946212473507,86.20582,53.17343,1.5,14.887999999999998
2024-02-22 17:30:00,12.288,37.22347282336478,0.2093436250093424,46.0300972,28.119076250000003,0.956155285,9.869
2024-02-22 18:00:00,11.913,3.517172437427303,0.08775697765834625,5.8543744,3.0647225,0.41231057,7.532
2024-02-22 18:30:00,11.488,0.0,0.0,2.9271872,1.5323612499999997,0.596667785,0.0
2024-02-22 19:00:00,11.063,0.0,0.0,0.0,0.0,0.781025,0.0
2024-02-22 19:30:00,10.613,0.0,0.0,0.0,0.0,0.9405125,0.0
2024-02-22 20:00:00,10.163,0.0,0.0,0.0,0.0,1.1,0.0
2024-02-22 20:30:00,9.06300015,0.0,0.0,0.0,0.0,1.2226812,0.0
2024-02-22 21:00:00,7.9630003,0.0,0.0,0.0,0.0,1.3453624,0.0
2024-02-22 21:30:00,7.613000149999999,0.0,0.0,0.0,0.0,1.31299365,0.0
2024-02-22 22:00:00,7.263,0.0,0.0,0.0,0.0,1.2806249,0.0
2024-02-22 22:30:00,7.113,0.0,0.0,0.0,0.0,1.2059979,0.0
2024-02-22 23:00:00,6.963,0.0,0.0,0.0,0.0,1.1313709,0.0
2024-02-22 23:30:00,6.838,0.0,0.0,0.0,0.0,1.1677652,0.0
2024-02-23 00:00:00,6.713,0.0,0.0,0.0,0.0,1.2041595,0.0
2024-02-23 00:30:00,6.488,0.0,0.0,0.0,0.0,1.16109675,0.0
2024-02-23 01:00:00,6.263,0.0,0.0,0.0,0.0,1.118034,0.0
2024-02-23 01:30:00,5.888,0.0,0.0,0.0,0.0,1.06891895,0.0
2024-02-23 02:00:00,5.513,0.0,0.0,0.0,0.0,1.0198039,0.0
2024-02-23 02:30:00,6.138,0.0,0.0,0.0,0.0,1.3584301,0.0
2024-02-23 03:00:00,6.763,0.0,0.0,0.0,0.0,1.6970563,0.0
2024-02-23 03:30:00,6.863,0.0,0.0,0.0,0.0,1.8744423500000005,0.0
2024-02-23 04:00:00,6.963,0.0,0.0,0.0,0.0,2.0518284,0.0
2024-02-23 04:30:00,6.913,0.0,0.0,0.0,0.0,1.8069392,0.0
2024-02-23 05:00:00,6.863,0.0,0.0,0.0,0.0,1.56205,0.0
2024-02-23 05:30:00,6.763,0.0,0.0,0.0,0.0,1.4537062,0.0
2024-02-23 06:00:00,6.663,0.0,0.0,0.0,0.0,1.3453624,0.0
2024-02-23 06:30:00,6.538,0.0,0.0,0.0,0.0,1.3833147,0.0
2024-02-23 07:00:00,6.413,0.0,0.06881184328983293,0.0,0.0,1.421267,5.196000000000001
2024-02-23 07:30:00,7.163,56.515094019774324,0.19106662336227134,128.58135,32.498715,1.6658821,82.59700000000001
2024-02-23 08:00:00,7.913,143.4305373547749,0.309281081816885,257.1627,64.99743,1.9104972,206.86900000000003
2024-02-23 08:30:00,9.463,269.870548731227,0.4214323699213445,429.7329,89.95333,1.73787235,346.974
2024-02-23 09:00:00,11.013,430.21068125982134,0.5256012662952182,602.3031,114.90923,1.5652475,473.24
2024-02-23 09:30:00,12.163,539.285202096333,0.6200050453770309,671.26312,123.95154,1.7005018,573.805
2024-02-23 10:00:00,13.313,652.9555413036502,0.7030279932458268,740.22314,132.99385,1.8357561,663.1410000000001
2024-02-23 10:30:00,14.288,735.5386444302139,0.7732490898324804,780.23522,132.097115,2.12721655,735.035
2024-02-23 11:00:00,15.263,812.2545277445075,0.8294663560122607,820.2473,131.20038,2.418677,791.335
2024-02-23 11:30:00,15.788001,850.6331353409995,0.8707174392984081,824.371,131.89049,2.6627826,825.0930000000001
2024-02-23 12:00:00,16.313002,876.3674490678013,0.8962961132692222,828.4947,132.5806,2.9068882,838.944
2024-02-23 12:30:00,15.9880005,859.4371292277787,0.9057643857580909,793.82525,139.45317,3.0542252000000003,847.81
2024-02-23 13:00:00,15.662999,829.4968145427102,0.8989600100688554,759.1558,146.32574,3.2015622,841.737
2024-02-23 13:30:00,15.8379995,670.0629947121494,0.875999280433852,563.7220500000001,177.294235,2.46101365,821.0550000000001
2024-02-23 14:00:00,16.013,513.7982650466178,0.8372750502326338,368.2883,208.26273,1.7204651,781.553
2024-02-23 14:30:00,15.9629995,552.408153791717,0.783450019495671,487.27565,172.22784,2.00040805,731.5840000000001
2024-02-23 15:00:00,15.912999,569.6124854006426,0.7154453974030517,606.263,136.19295,2.280351,641.553
2024-02-23 15:30:00,15.5629995,458.02395198637987,0.6344251312153858,530.20975,122.21782,2.10064415,544.103
2024-02-23 16:00:00,15.213,353.47780003933207,0.5417759933685906,454.1565,108.24269,1.9209373,436.606
2024-02-23 16:30:00,14.838,258.2704284125022,0.43908384057661426,391.469075,87.150915,1.76669445,339.27599999999995
2024-02-23 17:00:00,14.463,173.2140391682163,0.32810645997485216,328.78165,66.05914,1.6124516,100.171
2024-02-23 17:30:00,13.538,71.96531945982943,0.2107434941690196,174.223186,35.6551635,1.40830555,68.57799999999999
2024-02-23 18:00:00,12.613,6.909414398138226,0.08900391911479218,19.664722,5.251187,1.2041595,9.959
2024-02-23 18:30:00,11.613,0.0,0.0,9.832361,2.6255935,1.22857795,0.0
2024-02-23 19:00:00,10.613,0.0,0.0,0.0,0.0,1.2529964,0.0
2024-02-23 19:30:00,9.888,0.0,0.0,0.0,0.0,1.1855152,0.0
2024-02-23 20:00:00,9.163,0.0,0.0,0.0,0.0,1.118034,0.0
2024-02-23 20:30:00,8.738,0.0,0.0,0.0,0.0,1.12910475,0.0
2024-02-23 21:00:00,8.313,0.0,0.0,0.0,0.0,1.1401755,0.0
2024-02-23 21:30:00,8.163,0.0,0.0,0.0,0.0,1.31339115,0.0
2024-02-23 22:00:00,8.013,0.0,0.0,0.0,0.0,1.4866068,0.0
2024-02-23 22:30:00,7.988000149999999,0.0,0.0,0.0,0.0,1.66525785,0.0
2024-02-23 23:00:00,7.9630003,0.0,0.0,0.0,0.0,1.8439089,0.0
2024-02-23 23:30:00,7.8629999,0.0,0.0,0.0,0.0,1.98261455,0.0
2024-02-24 00:00:00,7.7629995,0.0,0.0,0.0,0.0,2.1213202,0.0
2024-02-24 00:30:00,7.6629996,0.0,0.0,0.0,0.0,2.1213202,0.0
2024-02-24 01:00:00,7.5629997,0.0,0.0,0.0,0.0,2.1213202,0.0
2024-02-24 01:30:00,7.48799985,0.0,0.0,0.0,0.0,2.0159087,0.0
2024-02-24 02:00:00,7.413,0.0,0.0,0.0,0.0,1.9104972,0.0
2024-02-24 02:30:00,7.638,0.0,0.0,0.0,0.0,1.8067179,0.0
2024-02-24 03:00:00,7.863,0.0,0.0,0.0,0.0,1.7029386,0.0
2024-02-24 03:30:00,7.638,0.0,0.0,0.0,0.0,1.6576951,0.0
2024-02-24 04:00:00,7.413,0.0,0.0,0.0,0.0,1.6124516,0.0
2024-02-24 04:30:00,7.013,0.0,0.0,0.0,0.0,1.50264515,0.0
2024-02-24 05:00:00,6.613,0.0,0.0,0.0,0.0,1.3928387,0.0
2024-02-24 05:30:00,6.313000000000001,0.0,0.0,0.0,0.0,1.37649285,0.0
2024-02-24 06:00:00,6.013,0.0,0.0,0.0,0.0,1.360147,0.0
2024-02-24 06:30:00,6.013,0.0,0.0,0.0,0.0,1.33007355,0.0
2024-02-24 07:00:00,6.013,0.0,0.07115445447385714,0.0,0.0,1.3000001,5.759
2024-02-24 07:30:00,7.063,62.05099754988507,0.1935321037158112,153.74884,32.82048,1.7130147,52.777
2024-02-24 08:00:00,8.113,160.4860723379074,0.3118551988303411,307.49768,65.64096,2.1260293,144.46800000000002
2024-02-24 08:30:00,10.238,299.99488798977774,0.4240990139840834,506.382415,86.18039,1.98225345,231.595
2024-02-24 09:00:00,12.363,478.5086598493324,0.528342730654864,705.26715,106.71982,1.8384776,380.597
2024-02-24 09:30:00,13.438,586.9458886698221,0.6228023337713976,760.864225,113.42083,2.1490762,596.362
2024-02-24 10:00:00,14.513,696.5781713845896,0.7058611498774477,816.4613,120.12184,2.4596748,687.539
2024-02-24 10:30:00,15.063,774.1581481222114,0.7760975459116711,837.6979,123.4546275,2.66249225,759.8050000000001
2024-02-24 11:00:00,15.613,842.6750292852018,0.8323092868986562,858.9345,126.787415,2.8653097,812.138
2024-02-24 11:30:00,16.088001,877.8156061198752,0.8735341260042284,854.5454649999999,130.1832425,2.71425545,843.854
2024-02-24 12:00:00,16.563002,899.2530900311345,0.89906630205483,850.15643,133.57907,2.5632012,866.503
2024-02-24 12:30:00,16.8880015,900.8082831749044,0.9084686395581771,845.774615,130.9897,2.8627394500000003,871.771
2024-02-24 13:00:00,17.213001,888.5740053341906,0.9015800456707765,841.3928,128.40033,3.1622777,874.0319999999999
2024-02-24 13:30:00,17.1880005,838.6379841417663,0.8785182855284774,807.660635,127.73977,3.55914295,846.85
2024-02-24 14:00:00,17.163,778.0463396596298,0.839677974835721,773.92847,127.07921,3.9560082,806.334
2024-02-24 14:30:00,16.8130005,702.6846562423035,0.7857238367043392,740.6214,119.860155,4.0969661,747.201
2024-02-24 15:00:00,16.463001,620.880029551117,0.7175793289463115,707.31433,112.6411,4.237924,667.909
2024-02-24 15:30:00,15.988000499999998,503.49585550606093,0.6364108338878373,626.371465,104.628375,3.9307292,573.7819999999999
2024-02-24 16:00:00,15.513,392.9058394871621,0.5436077031513195,545.4286,96.61565,3.6235344,462.798
2024-02-24 16:30:00,14.988,285.5866979225247,0.4407584719302073,469.436375,79.009258,3.3126002000000003,340.91100000000006
2024-02-24 17:00:00,14.463,190.63912638604734,0.32962365859558934,393.44415,61.402866,3.001666,207.277
2024-02-24 17:30:00,13.363,79.19511387134436,0.212105642344545,213.6613185,34.1576735,2.5316094,73.603
2024-02-24 18:00:00,12.263,9.858443876708089,0.09021609357244059,33.878487,6.912481,2.0615528,8.844000000000001
2024-02-24 18:30:00,11.313,0.0,0.0,16.9392435,3.4562405,1.9964368,0.0
2024-02-24 19:00:00,10.363,0.0,0.0,0.0,0.0,1.9313208,0.0
2024-02-24 19:30:00,9.988,0.0,0.0,0.0,0.0,2.02867505,0.0
2024-02-24 20:00:00,9.613,0.0,0.0,0.0,0.0,2.1260293,0.0
2024-02-24 20:30:00,9.413,0.0,0.0,0.0,0.0,2.1596003,0.0
2024-02-24 21:00:00,9.213,0.0,0.0,0.0,0.0,2.1931713,0.0
2024-02-24 21:30:00,9.013,0.0,0.0,0.0,0.0,1.98681035,0.0
2024-02-24 22:00:00,8.813,0.0,0.0,0.0,0.0,1.7804494,0.0
2024-02-24 22:30:00,8.638,0.0,0.0,0.0,0.0,1.7804494,0.0
2024-02-24 23:00:00,8.463,0.0,0.0,0.0,0.0,1.7804494,0.0
2024-02-24 23:30:00,8.312999999999999,0.0,0.0,0.0,0.0,1.741694,0.0
2024-02-25 00:00:00,8.163,0.0,0.0,0.0,0.0,1.7029386,0.0
2024-02-25 00:30:00,8.06300015,0.0,0.0,0.0,0.0,1.69999745,0.0
2024-02-25 01:00:00,7.9630003,0.0,0.0,0.0,0.0,1.6970563,0.0
2024-02-25 01:30:00,7.813000150000001,0.0,0.0,0.0,0.0,1.7677669,0.0
2024-02-25 02:00:00,7.663,0.0,0.0,0.0,0.0,1.8384775,0.0
2024-02-25 02:30:00,8.013,0.0,0.0,0.0,0.0,2.1998636,0.0
2024-02-25 03:00:00,8.363,0.0,0.0,0.0,0.0,2.5612497,0.0
2024-02-25 03:30:00,8.238,0.0,0.0,0.0,0.0,2.2730965,0.0
2024-02-25 04:00:00,8.113,0.0,0.0,0.0,0.0,1.9849433,0.0
2024-02-25 04:30:00,8.163,0.0,0.0,0.0,0.0,1.99247165,0.0
2024-02-25 05:00:00,8.213,0.0,0.0,0.0,0.0,2.0,0.0
2024-02-25 05:30:00,8.312999999999999,0.0,0.0,0.0,0.0,1.99247165,0.0
2024-02-25 06:00:00,8.413,0.0,0.0,0.0,0.0,1.9849433,0.0
2024-02-25 06:30:00,8.388,0.0,0.0,0.0,0.0,1.9144261,0.0
2024-02-25 07:00:00,8.363,0.0,0.07354848318669997,0.0,0.0,1.8439089,6.319
2024-02-25 07:30:00,8.838000000000001,64.33514811261762,0.19604370155293116,152.123,35.092922,1.92195445,102.986
2024-02-25 08:00:00,9.313,164.70088892189784,0.3144695566066135,304.246,70.185844,2.0,238.632
2024-02-25 08:30:00,10.913,302.79959738183175,0.4267995468974667,500.49825,90.2224045,2.1423659500000003,379.636
2024-02-25 09:00:00,12.513,479.40166804051273,0.5311113664437435,696.7505,110.258965,2.2847319,502.856
2024-02-25 09:30:00,13.238,575.2486812257271,0.6256198266524738,726.32785,121.4591575,2.85409025,606.893
2024-02-25 10:00:00,13.963,668.053217440754,0.708707414797754,755.9052,132.65935,3.4234486,694.346
2024-02-25 10:30:00,14.538,727.1573178885851,0.7789520073242884,745.191675,147.012925,3.8900266,788.856
2024-02-25 11:00:00,15.113,774.4402710782792,0.8351512359937204,734.47815,161.3665,4.3566046,850.6600000000001
2024-02-25 11:30:00,15.413,806.3507954996397,0.8763430801881846,723.401425,172.815965,4.68628955,954.683
2024-02-25 12:00:00,15.713,826.1563310610131,0.9018223604364353,712.3247,184.26543,5.0159745,310.705
2024-02-25 12:30:00,15.8129995,826.7122449576328,0.9111528282559814,714.15625,176.23397,5.1099095,652.626
2024-02-25 13:00:00,15.912999,815.6255434886998,0.9041746469585701,715.9878,168.20251,5.2038445,296.975
2024-02-25 13:30:00,15.912999,788.085305040403,0.881007145088546,716.8858,156.25076,5.41306075,267.73900000000003
2024-02-25 14:00:00,15.912999,749.167597667057,0.8420467817863044,717.7838,144.29901,5.622277,454.449
2024-02-25 14:30:00,15.662999,641.6450300821016,0.7879603715604101,621.71627,152.126195,5.68254935,282.039
2024-02-25 15:00:00,15.412999,537.0499956528683,0.719673675192453,525.64874,159.95338,5.7428217,369.971
2024-02-25 15:30:00,15.1629995,447.40706246363817,0.6383555495141889,487.664735,137.17545,5.79245535,481.913
2024-02-25 16:00:00,14.913,358.7076579965534,0.5453979491745087,449.68073,114.39752,5.842089,266.849
2024-02-25 16:30:00,14.488,233.55138818494717,0.4423920956943548,293.6366,105.037547,5.5215250000000005,201.821
2024-02-25 17:00:00,14.063,139.4020807165394,0.3311012304018705,137.59247,95.677574,5.200961,104.385
2024-02-25 17:30:00,13.413,66.52529640221445,0.21343044482717266,71.39129,52.3019165,4.351194700000001,36.901
2024-02-25 18:00:00,12.763,9.2057438814133,0.09139406399145528,5.19011,8.926259,3.5014284,4.936999999999999
2024-02-25 18:30:00,12.188,0.0,0.0,2.595055,4.4631295,3.3039366,0.0
2024-02-25 19:00:00,11.613,0.0,0.0,0.0,0.0,3.1064448,0.0
2024-02-25 19:30:00,11.588,0.0,0.0,0.0,0.0,3.5538473999999995,0.0
2024-02-25 20:00:00,11.563,0.0,0.0,0.0,0.0,4.00125,0.0
2024-02-25 20:30:00,11.538,0.0,0.0,0.0,0.0,4.3527515,0.0
2024-02-25 21:00:00,11.513,0.0,0.0,0.0,0.0,4.704253,0.0
2024-02-25 21:30:00,11.613,0.0,0.0,0.0,0.0,4.9040865,0.0
2024-02-25 22:00:00,11.713,0.0,0.0,0.0,0.0,5.10392,0.0
2024-02-25 22:30:00,11.663,0.0,0.0,0.0,0.0,5.306048,0.0
2024-02-25 23:00:00,11.613,0.0,0.0,0.0,0.0,5.508176,0.0
2024-02-25 23:30:00,11.838,0.0,0.0,0.0,0.0,5.86857015,0.0
2024-02-26 00:00:00,12.063,0.0,0.0,0.0,0.0,6.2289643,0.0
2024-02-26 00:30:00,12.138,0.0,0.0,0.0,0.0,6.56774165,0.0
2024-02-26 01:00:00,12.213,0.0,0.0,0.0,0.0,6.906519,0.0
2024-02-26 01:30:00,11.313,0.0,0.0,0.0,0.0,6.00276925,0.0
2024-02-26 02:00:00,10.413,0.0,0.0,0.0,0.0,5.0990195,0.0
2024-02-26 02:30:00,10.713,0.0,0.0,0.0,0.0,4.29593475,0.0
2024-02-26 03:00:00,11.013,0.0,0.0,0.0,0.0,3.49285,0.0
2024-02-26 03:30:00,10.663,0.0,0.0,0.0,0.0,3.9172543,0.0
2024-02-26 04:00:00,10.313,0.0,0.0,0.0,0.0,4.3416586,0.0
2024-02-26 04:30:00,9.863,0.0,0.0,0.0,0.0,3.44852245,0.0
2024-02-26 05:00:00,9.413,0.0,0.0,0.0,0.0,2.5553863,0.0
2024-02-26 05:30:00,9.088,0.0,0.0,0.0,0.0,2.89324265,0.0
2024-02-26 06:00:00,8.763,0.0,0.0,0.0,0.0,3.231099,0.0
2024-02-26 06:30:00,8.763,0.0,0.0,0.0,0.0,3.1655495,0.0
2024-02-26 07:00:00,8.763,0.0,0.07599202427363394,0.0,0.0,3.1,3.971
2024-02-26 07:30:00,9.038,24.919019763058024,0.19859939082661165,31.136427,19.1246015,3.5599752,20.544
2024-02-26 08:00:00,9.313,57.218782811652005,0.3171220345059259,62.272854,38.249203,4.0199504,61.244
2024-02-26 08:30:00,9.838,84.55152024806567,0.42953178136462866,31.136427,72.7801265,4.1105702,275.097
2024-02-26 09:00:00,10.363,104.88418193017036,0.5339049487969805,0.0,107.31105,4.20119,90.847
2024-02-26 09:30:00,10.938,134.0060120509216,0.628455291321071,36.40586,113.564575,4.1530325,100.485
2024-02-26 10:00:00,11.513,169.1791722358042,0.7115645773553987,72.81172,119.8181,4.104875,454.612
2024-02-26 10:30:00,11.763,191.27784382068958,0.7818103149624487,73.986275,136.2135,4.5529375000000005,44.875
2024-02-26 11:00:00,12.013,212.4843235296522,0.8379901243380937,75.16083,152.6089,5.001,199.235
2024-02-26 11:30:00,11.563,202.73452597814295,0.8791423302599849,63.164119,150.29937,4.824828,50.73400000000001
2024-02-26 12:00:00,11.113,191.19237608876827,0.9045624495584805,51.167408,147.98984,4.648656,128.708
2024-02-26 12:30:00,11.613,198.944526725731,0.9138152687992382,65.800436,141.66877,5.08566815,48.609
2024-02-26 13:00:00,12.113,205.6543317718772,0.9067423070581595,80.433464,135.3477,5.5226803,66.416
2024-02-26 13:30:00,12.038,190.9292500345366,0.8834645457497783,63.673882,137.443915,5.38288545,150.185
2024-02-26 14:00:00,11.963,176.24287230255987,0.8443803652156039,46.9143,139.54013,5.2430906,273.336
2024-02-26 14:30:00,11.763,213.7193225790182,0.790158736089835,58.9711575,170.6961,5.63194395,137.971
2024-02-26 15:00:00,11.563,248.87902713716724,0.7217277727072265,71.028015,201.85207,6.0207973,219.038
2024-02-26 15:30:00,11.338,182.3245555634431,0.6402588419384683,54.4829065,150.613215,6.1809664,116.592
2024-02-26 16:00:00,11.113,118.02418401776863,0.5471465213808115,37.937798,99.37436,6.3411355,118.113
2024-02-26 16:30:00,11.088,112.80757713461567,0.4439847228219145,59.728059,88.112855,6.122262,156.491
2024-02-26 17:00:00,11.063,102.41986611161514,0.33253939844707786,81.51832,76.85135,5.9033885,340.415
2024-02-26 17:30:00,10.738,51.45421561308634,0.21471832418662673,48.261048,41.9306155,5.24134495,48.565
2024-02-26 18:00:00,10.413,8.25998148141497,0.09253843644038272,15.003776,7.009881,4.5793014,2.502
2024-02-26 18:30:00,10.238,0.0,0.0,7.501888,3.5049405,4.6204232,0.0
2024-02-26 19:00:00,10.063,0.0,0.0,0.0,0.0,4.661545,0.0
2024-02-26 19:30:00,10.088,0.0,0.0,0.0,0.0,4.533044,0.0
2024-02-26 20:00:00,10.113,0.0,0.0,0.0,0.0,4.404543,0.0
2024-02-26 20:30:00,10.238,0.0,0.0,0.0,0.0,4.61577515,0.0
2024-02-26 21:00:00,10.363,0.0,0.0,0.0,0.0,4.8270073,0.0
2024-02-26 21:30:00,10.388,0.0,0.0,0.0,0.0,4.46898415,0.0
2024-02-26 22:00:00,10.413,0.0,0.0,0.0,0.0,4.110961,0.0
2024-02-26 22:30:00,10.388,0.0,0.0,0.0,0.0,3.40640605,0.0
2024-02-26 23:00:00,10.363,0.0,0.0,0.0,0.0,2.7018511,0.0
2024-02-26 23:30:00,10.113,0.0,0.0,0.0,0.0,2.2111581,0.0
2024-02-27 00:00:00,9.863,0.0,0.0,0.0,0.0,1.7204651,0.0
2024-02-27 00:30:00,8.988,0.0,0.0,0.0,0.0,1.12949078,0.0
2024-02-27 01:00:00,8.113,0.0,0.0,0.0,0.0,0.53851646,0.0
2024-02-27 01:30:00,7.91300015,0.0,0.0,0.0,0.0,0.381061635,0.0
2024-02-27 02:00:00,7.7130003,0.0,0.0,0.0,0.0,0.22360681,0.0
2024-02-27 02:30:00,8.56300015,0.0,0.0,0.0,0.0,0.806425605,0.0
2024-02-27 03:00:00,9.413,0.0,0.0,0.0,0.0,1.3892444,0.0
2024-02-27 03:30:00,9.663,0.0,0.0,0.0,0.0,1.34462225,0.0
2024-02-27 04:00:00,9.913,0.0,0.0,0.0,0.0,1.3000001,0.0
2024-02-27 04:30:00,9.913,0.0,0.0,0.0,0.0,1.20226805,0.0
2024-02-27 05:00:00,9.913,0.0,0.0,0.0,0.0,1.104536,0.0
2024-02-27 05:30:00,10.063,0.0,0.0,0.0,0.0,1.40813015,0.0
2024-02-27 06:00:00,10.213,0.0,0.0,0.0,0.0,1.7117243,0.0
2024-02-27 06:30:00,10.413,0.0,0.0,0.0,0.0,1.8382063,0.0
2024-02-27 07:00:00,10.613,0.0,0.07848313888266183,0.0,0.0,1.9646883,3.516
2024-02-27 07:30:00,10.938,42.39021084823014,0.2011971179131634,46.198575,33.7958,1.98733175,17.373
2024-02-27 08:00:00,11.263,95.73995931125816,0.3198104908883892,92.39715,67.5916,2.0099752,42.008
2024-02-27 08:30:00,11.913,192.168811809494,0.4322935160079812,199.61015,107.89559,2.1117847000000003,78.597
2024-02-27 09:00:00,12.563,310.24539839958936,0.5367212459113087,306.82315,148.19958,2.2135942,395.009
2024-02-27 09:30:00,13.463,449.4577638685662,0.6313064953875231,483.431505,146.014355,3.1665301,605.18
2024-02-27 10:00:00,14.363,614.5142982344182,0.714430434424634,660.03986,143.82913,4.119466,786.991
2024-02-27 10:30:00,14.988,683.2182933455985,0.7846703243100247,672.514405,156.28421,4.12128575,789.094
2024-02-27 11:00:00,15.613,744.0257363567974,0.8408238943586911,684.98895,168.73929,4.1231055,297.73
2024-02-27 11:30:00,16.0380005,708.614784789376,0.8819299324206495,580.09535,198.690995,3.99287355,1032.457
2024-02-27 12:00:00,16.463001,657.0953118327616,0.9072847642610796,475.20175,228.6427,3.8626416,1062.247
2024-02-27 12:30:00,16.7380005,649.940141576076,0.9164543171354975,463.5865,227.76493,3.7759074,431.3499999999999
2024-02-27 13:00:00,17.013,635.1857049627711,0.9092815627092402,451.97125,226.88716,3.6891732,314.414
2024-02-27 13:30:00,16.563000000000002,572.3660729883528,0.8858892216020356,396.724165,223.84739,3.55119145,435.0709999999999
2024-02-27 14:00:00,16.113,506.7292604222707,0.8466776697101389,341.47708,220.80762,3.4132097,599.498
2024-02-27 14:30:00,15.488,415.81848820612345,0.7923180948823174,268.529325,206.371865,3.33908775,467.5950000000001
2024-02-27 15:00:00,14.863,330.0578512917051,0.7237410117731213,195.58157,191.93611,3.2649658,676.478
2024-02-27 15:30:00,14.288,208.8333248450862,0.6421203289479182,99.503648,147.820645,3.2877774,262.987
2024-02-27 16:00:00,13.713,103.25279227689222,0.5488532629302959,3.425726,103.70518,3.310589,233.41700000000003
2024-02-27 16:30:00,13.363,68.90492023592803,0.44553641581635844,1.712863,69.71197649999999,3.0015857,325.99
2024-02-27 17:00:00,13.013,34.9109834043601,0.33393843475645646,0.0,35.718773,2.6925824,116.863
2024-02-27 17:30:00,12.888,19.547428611770044,0.21596974854874376,0.0,19.9997278,2.3512788,70.851
2024-02-27 18:00:00,12.763,4.183873819179989,0.09364985828940785,0.0,4.2806826,2.0099752,11.36
2024-02-27 18:30:00,12.563,0.0,0.0,0.0,2.1403413,1.7549876,0.0
2024-02-27 19:00:00,12.363,0.0,0.0,0.0,0.0,1.5,0.0
2024-02-27 19:30:00,12.238,0.0,0.0,0.0,0.0,1.1772002,0.0
2024-02-27 20:00:00,12.113,0.0,0.0,0.0,0.0,0.8544004,0.0
2024-02-27 20:30:00,11.988,0.0,0.0,0.0,0.0,0.888177425,0.0
2024-02-27 21:00:00,11.863,0.0,0.0,0.0,0.0,0.92195445,0.0
2024-02-27 21:30:00,11.563,0.0,0.0,0.0,0.0,0.7525248250000001,0.0
2024-02-27 22:00:00,11.263,0.0,0.0,0.0,0.0,0.5830952,0.0
2024-02-27 22:30:00,10.363,0.0,0.0,0.0,0.0,0.85723305,0.0
2024-02-27 23:00:00,9.463,0.0,0.0,0.0,0.0,1.1313709,0.0
2024-02-27 23:30:00,9.063,0.0,0.0,0.0,0.0,1.1739617,0.0
2024-02-28 00:00:00,8.663,0.0,0.0,0.0,0.0,1.2165525,0.0
2024-02-28 00:30:00,8.663,0.0,0.0,0.0,0.0,1.0610455,0.0
2024-02-28 01:00:00,8.663,0.0,0.0,0.0,0.0,0.9055385,0.0
2024-02-28 01:30:00,8.888,0.0,0.0,0.0,0.0,0.9626712,0.0
2024-02-28 02:00:00,9.113,0.0,0.0,0.0,0.0,1.0198039,0.0
2024-02-28 02:30:00,9.338,0.0,0.0,0.0,0.0,1.5539326,0.0
2024-02-28 03:00:00,9.563,0.0,0.0,0.0,0.0,2.0880613,0.0
2024-02-28 03:30:00,9.713,0.0,0.0,0.0,0.0,2.11290845,0.0
2024-02-28 04:00:00,9.863,0.0,0.0,0.0,0.0,2.1377556,0.0
2024-02-28 04:30:00,9.938,0.0,0.0,0.0,0.0,1.99083225,0.0
2024-02-28 05:00:00,10.013,0.0,0.0,0.0,0.0,1.8439089,0.0
2024-02-28 05:30:00,10.213,0.0,0.0,0.0,0.0,2.03998845,0.0
2024-02-28 06:00:00,10.413,0.0,0.0,0.0,0.0,2.236068,0.0
2024-02-28 06:30:00,10.363,0.0,0.0,0.0,0.0,2.03591205,0.0
2024-02-28 07:00:00,10.313,0.0,0.08101985475361169,0.0,0.0,1.8357561,11.219
2024-02-28 07:30:00,10.713,36.34071273478824,0.20383480195721113,10.1542005,35.049685,1.8371168,31.747
2024-02-28 08:00:00,11.113,75.09199127026972,0.32253276349013715,20.308401,70.09937,1.8384775,104.855
2024-02-28 08:30:00,11.713,126.17878805716813,0.4350825357485776,50.8681005,106.34116,2.38296695,200.543
2024-02-28 09:00:00,12.313,183.48708772423146,0.5395580193997137,81.4278,142.58295,2.9274564,204.925
2024-02-28 09:30:00,13.088,271.03292769035795,0.6341712070721571,127.347955,194.252565,3.220145,279.394
2024-02-28 10:00:00,13.863,365.2786762964884,0.7173027906229799,173.26811,245.92218,3.5128336,869.019
2024-02-28 10:30:00,14.288,449.15683609745486,0.7875299055483924,276.68792,235.38381,3.56265595,788.5590000000001
2024-02-28 11:00:00,14.713,542.1987519259636,0.843650509834502,380.10773,224.84544,3.6124783,966.097
2024-02-28 11:30:00,15.1380005,611.9224300790472,0.8847039704622459,431.92334,232.91461,3.738207,144.857
2024-02-28 12:00:00,15.563001,678.2720143485697,0.909987532689962,483.73895,240.98378,3.8639357,465.25
2024-02-28 12:30:00,15.8130015,679.7635585015109,0.9190683676091558,480.115265,241.387825,4.0206276,303.65099999999995
2024-02-28 13:00:00,16.063002,673.394741582893,0.9117909934263312,476.49158,241.79187,4.1773195,376.285
2024-02-28 13:30:00,16.038001,655.7754766340521,0.8882799530999588,482.91484,229.40111,4.28524805,359.199
2024-02-28 14:00:00,16.013,630.1073556539304,0.8489376889602205,489.3381,217.01035,4.3931766,474.9939999999999
2024-02-28 14:30:00,15.763000000000002,550.8337437126106,0.7944376634730386,443.42717,200.874735,4.3674176,623.0980000000001
2024-02-28 15:00:00,15.513,470.9098351043101,0.725712834548238,397.51624,184.73912,4.3416586,177.406
2024-02-28 15:30:00,15.113,379.85041269270033,0.6439396801758063,356.99445000000003,151.877505,4.30858495,632.668
2024-02-28 16:00:00,14.713,291.73176098699656,0.5505180678533941,316.47266,119.01589,4.2755113,483.355
2024-02-28 16:30:00,14.313,207.6443482190569,0.4470472861492872,249.45247,97.513793,4.11069765,356.43699999999995
2024-02-28 17:00:00,13.913,135.91605186301385,0.33529865752785326,182.43228,76.011696,3.945884,214.534
2024-02-28 17:30:00,13.288,66.57585947144109,0.2171852285262053,109.6965975,43.482943,3.3871555,85.691
2024-02-28 18:00:00,12.663,14.257275530892713,0.0947290149729316,36.960915,10.95419,2.828427,9.734
2024-02-28 18:30:00,12.238,0.0,0.0,18.4804575,5.477095,2.89069575,0.0
2024-02-28 19:00:00,11.813,0.0,0.0,0.0,0.0,2.9529645,0.0
2024-02-28 19:30:00,11.838,0.0,0.0,0.0,0.0,3.057621,0.0
2024-02-28 20:00:00,11.863,0.0,0.0,0.0,0.0,3.1622775,0.0
2024-02-28 20:30:00,11.738,0.0,0.0,0.0,0.0,3.14318875,0.0
2024-02-28 21:00:00,11.613,0.0,0.0,0.0,0.0,3.1241,0.0
2024-02-28 21:30:00,11.513,0.0,0.0,0.0,0.0,3.1899321,0.0
2024-02-28 22:00:00,11.413,0.0,0.0,0.0,0.0,3.2557642,0.0
2024-02-28 22:30:00,11.313,0.0,0.0,0.0,0.0,3.26036485,0.0
2024-02-28 23:00:00,11.213,0.0,0.0,0.0,0.0,3.2649655,0.0
2024-02-28 23:30:00,11.188,0.0,0.0,0.0,0.0,3.2945598,0.0
2024-02-29 00:00:00,11.163,0.0,0.0,0.0,0.0,3.3241541,0.0
2024-02-29 00:30:00,11.088,0.0,0.0,0.0,0.0,3.3606058,0.0
2024-02-29 01:00:00,11.013,0.0,0.0,0.0,0.0,3.3970575,0.0
2024-02-29 01:30:00,10.888,0.0,0.0,0.0,0.0,3.4087919,0.0
2024-02-29 02:00:00,10.763,0.0,0.0,0.0,0.0,3.4205263,0.0
2024-02-29 02:30:00,10.663,0.0,0.0,0.0,0.0,3.2794987,0.0
2024-02-29 03:00:00,10.563,0.0,0.0,0.0,0.0,3.1384711,0.0
2024-02-29 03:30:00,10.563,0.0,0.0,0.0,0.0,3.33700255,0.0
2024-02-29 04:00:00,10.563,0.0,0.0,0.0,0.0,3.535534,0.0
2024-02-29 04:30:00,10.263,0.0,0.0,0.0,0.0,3.5795342000000003,0.0
2024-02-29 05:00:00,9.963,0.0,0.0,0.0,0.0,3.6235344,0.0
2024-02-29 05:30:00,9.663,0.0,0.0,0.0,0.0,3.6454793,0.0
2024-02-29 06:00:00,9.363,0.0,0.0,0.0,0.0,3.6674242,0.0
2024-02-29 06:30:00,9.363,0.0,0.0,0.0,0.0,3.4461636,0.0
2024-02-29 07:00:00,9.363,0.0,0.08360016848532716,0.0,0.0,3.224903,11.605
2024-02-29 07:30:00,10.363,65.56902615078914,0.20651033717536396,140.594665,37.184275,3.59739475,59.55799999999999
2024-02-29 08:00:00,11.363,164.53669022135347,0.325286671681994,281.18933,74.36855,3.9698865,169.223
2024-02-29 08:30:00,12.188,252.45259197761771,0.4378966139618741,340.50784,105.046975,4.19005095,167.68
2024-02-29 09:00:00,13.013,350.4921951636919,0.5424130262764406,399.82635,135.7254,4.4102154,188.325
2024-02-29 09:30:00,13.363,356.16262404053145,0.6370471969264866,278.54698,182.059925,4.6071902,356.333
2024-02-29 10:00:00,13.713,337.06983016700696,0.7201794597358537,157.26761,228.39445,4.804165,545.714
2024-02-29 10:30:00,14.063,382.5634850267791,0.7903869446255353,156.29001499999998,264.360235,4.7026258,513.527
2024-02-29 11:00:00,14.413,425.7258542125518,0.8464679565543409,155.31242,300.32602,4.6010866,317.212
2024-02-29 11:30:00,14.388,389.64904840138456,0.8874625559649637,110.80964,297.49991,4.60922265,433.123
2024-02-29 12:00:00,14.363,348.8766333649235,0.9126690159918841,66.30686,294.6738,4.6173587,516.329
2024-02-29 12:30:00,14.163,285.5934415210508,0.92165585211834,33.15343,260.759155,4.27463975,390.902
2024-02-29 13:00:00,13.963,221.71436079229824,0.9142692200925903,0.0,226.84451,3.9319208,417.648
2024-02-29 13:30:00,14.213,277.5414907804452,0.8906355650772749,37.93529,249.18863,4.0377954,254.247
2024-02-29 14:00:00,14.463,330.3735460220229,0.8511594631868009,75.87058,271.53275,4.14367,344.712
2024-02-29 14:30:00,14.638,288.0027813701985,0.7965167051916278,65.5330035,240.92093,4.2921955,251.216
2024-02-29 15:00:00,14.813,245.97626606361922,0.727642731326939,55.195427,210.30911,4.440721,195.398
2024-02-29 15:30:00,14.513,192.85288920738247,0.6457166128169077,29.28797975,177.825965,4.25996825,232.518
2024-02-29 16:00:00,14.213,143.93512362612142,0.5521408762611568,3.3805325,145.34282,4.0792155,184.995
2024-02-29 16:30:00,13.838,99.22741737748433,0.4485174890113605,1.69026625,100.741223,3.9402655,102.494
2024-02-29 17:00:00,13.463,54.870013357205266,0.336620425478341,0.0,56.139626,3.8013155,39.234
2024-02-29 17:30:00,13.213,31.892891675960254,0.218365311302115,0.0,32.630847,3.64708275,18.411
2024-02-29 18:00:00,12.963,8.915769994715227,0.09577662381006809,0.0,9.122068,3.49285,6.321000000000001
2024-02-29 18:30:00,12.713,0.0,0.0,0.0,4.561034,3.5387698,0.0
2024-02-29 19:00:00,12.463,0.0,0.0,0.0,0.0,3.5846896,0.0
2024-02-29 19:30:00,12.313,0.0,0.0,0.0,0.0,3.3805828,0.0
2024-02-29 20:00:00,12.163,0.0,0.0,0.0,0.0,3.176476,0.0
2024-02-29 20:30:00,11.988,0.0,0.0,0.0,0.0,3.22072075,0.0
2024-02-29 21:00:00,11.813,0.0,0.0,0.0,0.0,3.2649655,0.0
2024-02-29 21:30:00,11.738,0.0,0.0,0.0,0.0,3.37675915,0.0
2024-02-29 22:00:00,11.663,0.0,0.0,0.0,0.0,3.4885528,0.0
2024-02-29 22:30:00,11.913,0.0,0.0,0.0,0.0,3.88203205,0.0
2024-02-29 23:00:00,12.163,0.0,0.0,0.0,0.0,4.2755113,0.0
2024-02-29 23:30:00,12.288,0.0,0.0,0.0,0.0,4.29008015,0.0
