collect_time,active_power,temperature,wind_speed,irradiance,dhi,dni
2023-09-01 00:00:00,0.0,20.013,1.0440307,0.0,0.0,0.0
2023-09-01 00:30:00,0.0,19.763,1.39522785,0.0,0.0,0.0
2023-09-01 01:00:00,0.0,19.513,1.746425,0.0,0.0,0.0
2023-09-01 01:30:00,0.0,19.313,1.8349817,0.0,0.0,0.0
2023-09-01 02:00:00,0.0,19.113,1.9235384,0.0,0.0,0.0
2023-09-01 02:30:00,0.0,19.763,1.58023505,0.0,0.0,0.0
2023-09-01 03:00:00,0.0,20.413,1.2369317,0.0,0.0,0.0
2023-09-01 03:30:00,0.0,19.838,1.42002685,0.0,0.0,0.0
2023-09-01 04:00:00,0.0,19.263,1.603122,0.0,0.0,0.0
2023-09-01 04:30:00,0.0,19.1130005,1.65303035,0.0,0.0,0.0
2023-09-01 05:00:00,0.0,18.963001,1.7029387,0.0,0.0,0.0
2023-09-01 05:30:00,0.0,18.8130005,1.65769515,0.0,0.0,0.0
2023-09-01 06:00:00,0.0,18.663,1.6124516,0.0,0.0,0.0
2023-09-01 06:30:00,0.0,19.513,1.52211685,0.0,0.0,0.0
2023-09-01 07:00:00,7.073,20.363,1.4317821,0.0,0.0,0.0
2023-09-01 07:30:00,47.391,20.763,1.11900395,68.572295,30.998435,202.54567000000003
2023-09-01 08:00:00,159.595,21.163,0.8062258,137.14459,61.99687,405.09134
2023-09-01 08:30:00,254.076,22.638,0.5031129,236.73137,80.5336675,565.104995
2023-09-01 09:00:00,199.933,24.113,0.2,336.31815,99.070465,725.11865
2023-09-01 09:30:00,176.81099999999998,25.488,0.8433033999999999,437.76015,106.7233375,772.6822500000001
2023-09-01 10:00:00,558.576,26.863,1.4866068,539.20215,114.37621,820.24585
2023-09-01 10:30:00,615.343,27.838001,2.0746561,624.8854249999999,115.48554,847.4703999999999
2023-09-01 11:00:00,686.348,28.813002,2.6627054,710.5687,116.59487,874.69495
2023-09-01 11:30:00,745.684,29.3880015,2.7847968,768.606615,119.53036,877.6780249999999
2023-09-01 12:00:00,791.592,29.963001,2.9068882,826.64453,122.46585,880.6611
2023-09-01 12:30:00,813.366,30.213001,2.8834791,854.3588850000001,122.488015,876.20605
2023-09-01 13:00:00,831.4369999999999,30.463001,2.86007,882.07324,122.51018,871.751
2023-09-01 13:30:00,825.6560000000001,30.338001,2.9531896,835.83577,143.381225,787.47925
2023-09-01 14:00:00,808.779,30.213001,3.0463092,789.5983,164.25227,703.2075
2023-09-01 14:30:00,820.817,29.9380005,2.9240472,729.88573,170.206035,641.42575
2023-09-01 15:00:00,758.4480000000001,29.663,2.8017852,670.17316,176.1598,579.644
2023-09-01 15:30:00,502.972,29.663,2.25236195,650.75,149.279955,623.41445
2023-09-01 16:00:00,780.8299999999999,29.663,1.7029387,631.32684,122.40011,667.1849
2023-09-01 16:30:00,384.07,29.0630005,1.7146032,554.2067549999999,112.129925,632.8438
2023-09-01 17:00:00,532.819,28.463001,1.7262677,477.08667,101.85974,598.5027
2023-09-01 17:30:00,352.13,27.6630005,1.9597195,380.109665,91.94073,520.7603
2023-09-01 18:00:00,200.712,26.863,2.1931713,283.13266,82.02172,443.0179
2023-09-01 18:30:00,115.612,25.838001,2.62056065,195.4714,60.262672,357.07453
2023-09-01 19:00:00,47.46,24.813002,3.04795,107.81014,38.503624,271.13116
2023-09-01 19:30:00,12.942,23.8880015,2.6575534000000003,53.90507,19.251812,135.56558
2023-09-01 20:00:00,0.0,22.963001,2.2671568,0.0,0.0,0.0
2023-09-01 20:30:00,0.0,22.5380005,2.3684872,0.0,0.0,0.0
2023-09-01 21:00:00,0.0,22.113,2.4698176,0.0,0.0,0.0
2023-09-01 21:30:00,0.0,21.7880005,2.33149445,0.0,0.0,0.0
2023-09-01 22:00:00,0.0,21.463001,2.1931713,0.0,0.0,0.0
2023-09-01 22:30:00,0.0,21.1880005,2.12614865,0.0,0.0,0.0
2023-09-01 23:00:00,0.0,20.913,2.059126,0.0,0.0,0.0
2023-09-01 23:30:00,0.0,20.713,2.1065959000000003,0.0,0.0,0.0
2023-09-02 00:00:00,0.0,20.513,2.1540658,0.0,0.0,0.0
2023-09-02 00:30:00,0.0,20.338,2.1690494,0.0,0.0,0.0
2023-09-02 01:00:00,0.0,20.163,2.184033,0.0,0.0,0.0
2023-09-02 01:30:00,0.0,19.963,2.294098,0.0,0.0,0.0
2023-09-02 02:00:00,0.0,19.763,2.404163,0.0,0.0,0.0
2023-09-02 02:30:00,0.0,19.7380005,2.2328579,0.0,0.0,0.0
2023-09-02 03:00:00,0.0,19.713001,2.0615528,0.0,0.0,0.0
2023-09-02 03:30:00,0.0,19.5380005,1.84471745,0.0,0.0,0.0
2023-09-02 04:00:00,0.0,19.363,1.6278821,0.0,0.0,0.0
2023-09-02 04:30:00,0.0,19.088001,1.4715883,0.0,0.0,0.0
2023-09-02 05:00:00,0.0,18.813002,1.3152945,0.0,0.0,0.0
2023-09-02 05:30:00,0.0,18.613001,1.53085975,0.0,0.0,0.0
2023-09-02 06:00:00,0.0,18.413,1.746425,0.0,0.0,0.0
2023-09-02 06:30:00,0.0,18.513,1.778751,0.0,0.0,0.0
2023-09-02 07:00:00,6.828,18.613,1.811077,0.0,0.0,0.0
2023-09-02 07:30:00,48.267,19.613,2.0728002,64.522255,32.2611275,173.08809
2023-09-02 08:00:00,117.602,20.613,2.3345234,129.04451,64.522255,346.17618
2023-09-02 08:30:00,217.622,22.138,2.3930268000000003,227.098905,83.8416725,514.74514
2023-09-02 09:00:00,314.318,23.663,2.4515302,325.1533,103.16109,683.3141
2023-09-02 09:30:00,435.77600000000007,24.713,3.1764061000000003,429.42425,109.971705,745.906775
2023-09-02 10:00:00,536.6800000000001,25.763,3.901282,533.6952,116.78232,808.49945
2023-09-02 10:30:00,619.1610000000001,26.513,4.3511618,618.9158,119.4529925,834.2528050000001
2023-09-02 11:00:00,709.6189999999999,27.263,4.8010416,704.1364,122.123665,860.00616
2023-09-02 11:30:00,762.0699999999999,27.838,5.0177713,753.2686,125.9929525,851.84028
2023-09-02 12:00:00,809.535,28.413,5.234501,802.4008,129.86224,843.6744
2023-09-02 12:30:00,838.3789999999999,28.738001,5.58794075,836.58437,133.326725,844.3235500000001
2023-09-02 13:00:00,857.7529999999999,29.063002,5.9413805,870.76794,136.79121,844.9727
2023-09-02 13:30:00,847.245,29.038001,6.1897740500000005,847.4095199999999,146.052275,799.7405
2023-09-02 14:00:00,838.441,29.013,6.4381676,824.0511,155.31334,754.5083
2023-09-02 14:30:00,803.7040000000001,28.538001,6.57057595,803.4463000000001,147.040545,756.5748
2023-09-02 15:00:00,748.3159999999999,28.063002,6.7029843,782.8415,138.76775,758.6413
2023-09-02 15:30:00,694.3499999999999,28.038001,6.65754715,728.4846,124.564855,750.632965
2023-09-02 16:00:00,622.7830000000001,28.013,6.61211,674.1277,110.36196,742.62463
2023-09-02 16:30:00,528.914,27.688,6.520087,593.5635500000001,101.2639725,709.091185
2023-09-02 17:00:00,427.925,27.363,6.428064,512.9994,92.165985,675.55774
2023-09-02 17:30:00,321.94,26.763,6.22443065,413.36631,80.6801425,609.71597
2023-09-02 18:00:00,206.396,26.163,6.0207973,313.73322,69.1943,543.8742
2023-09-02 18:30:00,112.503,25.3130005,5.76221635,212.967707,53.0053225,422.10641
2023-09-02 19:00:00,44.28,24.463001,5.5036354,112.202194,36.816345,300.33862
2023-09-02 19:30:00,9.896,23.5630005,5.0023732,56.10109700000001,18.4081725,150.16931
2023-09-02 20:00:00,0.0,22.663,4.501111,0.0,0.0,0.0
2023-09-02 20:30:00,0.0,22.238001,4.203118,0.0,0.0,0.0
2023-09-02 21:00:00,0.0,21.813002,3.905125,0.0,0.0,0.0
2023-09-02 21:30:00,0.0,21.688002,4.203118,0.0,0.0,0.0
2023-09-02 22:00:00,0.0,21.563002,4.501111,0.0,0.0,0.0
2023-09-02 22:30:00,0.0,21.463001,4.4528272,0.0,0.0,0.0
2023-09-02 23:00:00,0.0,21.363,4.4045434,0.0,0.0,0.0
2023-09-02 23:30:00,0.0,21.363,4.5044447,0.0,0.0,0.0
2023-09-03 00:00:00,0.0,21.363,4.604346,0.0,0.0,0.0
2023-09-03 00:30:00,0.0,21.338001,4.604346,0.0,0.0,0.0
2023-09-03 01:00:00,0.0,21.313002,4.604346,0.0,0.0,0.0
2023-09-03 01:30:00,0.0,21.313002,4.764894999999999,0.0,0.0,0.0
2023-09-03 02:00:00,0.0,21.313002,4.925444,0.0,0.0,0.0
2023-09-03 02:30:00,0.0,21.5130015,4.9208716500000005,0.0,0.0,0.0
2023-09-03 03:00:00,0.0,21.713001,4.9162993,0.0,0.0,0.0
2023-09-03 03:30:00,0.0,21.6880005,5.09680435,0.0,0.0,0.0
2023-09-03 04:00:00,0.0,21.663,5.2773094,0.0,0.0,0.0
2023-09-03 04:30:00,0.0,21.638,5.326590700000001,0.0,0.0,0.0
2023-09-03 05:00:00,0.0,21.613,5.375872,0.0,0.0,0.0
2023-09-03 05:30:00,0.0,21.5380005,5.453799500000001,0.0,0.0,0.0
2023-09-03 06:00:00,0.0,21.463001,5.531727,0.0,0.0,0.0
2023-09-03 06:30:00,0.0,21.4130005,5.4829393,0.0,0.0,0.0
2023-09-03 07:00:00,5.026999999999999,21.363,5.4341516,0.0,0.0,0.0
2023-09-03 07:30:00,28.550000000000004,21.863,5.31563305,62.320865,31.639824000000004,163.7867
2023-09-03 08:00:00,114.924,22.363,5.1971145,124.64173,63.279648,327.5734
2023-09-03 08:30:00,72.782,23.138,5.96196325,221.260965,85.928004,488.238115
2023-09-03 09:00:00,147.074,23.913,6.726812,317.8802,108.57636,648.90283
2023-09-03 09:30:00,139.548,24.338,7.27492765,409.59336,125.56953,673.84924
2023-09-03 10:00:00,332.273,24.763,7.8230433,501.30652,142.5627,698.79565
2023-09-03 10:30:00,659.9590000000001,25.163001,8.07625465,585.19751,149.41504,729.598205
2023-09-03 11:00:00,329.07300000000004,25.563002,8.329466,669.0885,156.26738,760.40076
2023-09-03 11:30:00,538.118,25.963001,8.3792905,738.9304999999999,149.40281,799.39438
2023-09-03 12:00:00,232.063,26.363,8.429115,808.7725,142.53824,838.388
2023-09-03 12:30:00,609.55,26.5380005,8.289480999999999,837.1793,146.803755,831.7713
2023-09-03 13:00:00,440.238,26.713001,8.149847,865.5861,151.06927,825.1546
2023-09-03 13:30:00,321.19,26.6130005,8.169127,848.6831,153.17404,795.51305
2023-09-03 14:00:00,303.605,26.513,8.188407,831.7801,155.27881,765.8715
2023-09-03 14:30:00,356.86400000000003,26.3630005,7.895519,793.7627,148.909055,745.5082299999999
2023-09-03 15:00:00,454.879,26.213001,7.602631,755.7453,142.5393,725.14496
2023-09-03 15:30:00,786.188,25.9130005,8.001612999999999,705.974,140.198505,705.64606
2023-09-03 16:00:00,659.253,25.613,8.400595,656.2027,137.85771,686.14716
2023-09-03 16:30:00,561.751,25.088001,8.3502975,563.8609,129.7140075,625.80295
2023-09-03 17:00:00,496.418,24.563002,8.3,471.5191,121.570305,565.45874
2023-09-03 17:30:00,236.552,24.088001,8.157805,372.934585,105.4650225,490.47672
2023-09-03 18:00:00,180.569,23.613,8.01561,274.35007,89.35974,415.4947
2023-09-03 18:30:00,188.466,23.138,7.557805,184.12127,64.5528175,317.654235
2023-09-03 19:00:00,68.906,22.663,7.1,93.89247,39.745895,219.81377
2023-09-03 19:30:00,16.186,22.163,6.501694499999999,46.946235,19.8729475,109.906885
2023-09-03 20:00:00,0.0,21.663,5.903389,0.0,0.0,0.0
2023-09-03 20:30:00,0.0,21.513,5.80213285,0.0,0.0,0.0
2023-09-03 21:00:00,0.0,21.363,5.7008767,0.0,0.0,0.0
2023-09-03 21:30:00,0.0,21.363,5.60043835,0.0,0.0,0.0
2023-09-03 22:00:00,0.0,21.363,5.5,0.0,0.0,0.0
2023-09-03 22:30:00,0.0,21.363,5.5018177,0.0,0.0,0.0
2023-09-03 23:00:00,0.0,21.363,5.5036354,0.0,0.0,0.0
2023-09-03 23:30:00,0.0,21.363,5.5022722,0.0,0.0,0.0
2023-09-04 00:00:00,0.0,21.363,5.500909,0.0,0.0,0.0
2023-09-04 00:30:00,0.0,21.338001,5.250954500000001,0.0,0.0,0.0
2023-09-04 01:00:00,0.0,21.313002,5.001,0.0,0.0,0.0
2023-09-04 01:30:00,0.0,21.2630015,4.8005,0.0,0.0,0.0
2023-09-04 02:00:00,0.0,21.213001,4.6,0.0,0.0,0.0
2023-09-04 02:30:00,0.0,21.1630005,4.199999999999999,0.0,0.0,0.0
2023-09-04 03:00:00,0.0,21.113,3.8,0.0,0.0,0.0
2023-09-04 03:30:00,0.0,21.063,3.85576085,0.0,0.0,0.0
2023-09-04 04:00:00,0.0,21.013,3.9115217,0.0,0.0,0.0
2023-09-04 04:30:00,0.0,20.938,3.70647505,0.0,0.0,0.0
2023-09-04 05:00:00,0.0,20.863,3.5014284,0.0,0.0,0.0
2023-09-04 05:30:00,0.0,20.613,3.4769819,0.0,0.0,0.0
2023-09-04 06:00:00,0.0,20.363,3.4525354,0.0,0.0,0.0
2023-09-04 06:30:00,0.0,20.188,3.65629365,0.0,0.0,0.0
2023-09-04 07:00:00,5.121,20.013,3.8600519,0.0,0.0,0.0
2023-09-04 07:30:00,26.199,20.6130005,4.09624375,62.99502,31.982088,164.68129
2023-09-04 08:00:00,52.167,21.213001,4.3324356,125.99004,63.964176,329.36258
2023-09-04 08:30:00,217.091,22.1880005,4.7063948,216.97822,92.920118,455.25794
2023-09-04 09:00:00,358.346,23.163,5.080354,307.9664,121.87606,581.1533
2023-09-04 09:30:00,472.411,24.038,5.3619672000000005,414.73165,125.24818,674.9505999999999
2023-09-04 10:00:00,412.512,24.913,5.6435804,521.4969,128.6203,768.7479
2023-09-04 10:30:00,309.231,25.613001,5.6875362,612.9842,130.354355,810.236775
2023-09-04 11:00:00,724.59,26.313002,5.731492,704.4715,132.08841,851.72565
2023-09-04 11:30:00,829.972,26.688002,5.8263205,760.3354999999999,142.06796500000002,845.08545
2023-09-04 12:00:00,817.7930000000001,27.063002,5.921149,816.1995,152.04752,838.44525
2023-09-04 12:30:00,867.5670000000001,27.313002,6.0802700000000005,851.05913,142.36560500000002,855.554075
2023-09-04 13:00:00,864.0169999999999,27.563002,6.239391,885.91876,132.68369,872.6629
2023-09-04 13:30:00,880.384,27.538001,6.3091312,853.31656,175.11121500000002,778.9524
2023-09-04 14:00:00,843.965,27.513,6.3788714,820.71436,217.53874,685.2419
2023-09-04 14:30:00,494.4429999999999,27.213,5.8624492,771.34278,243.122945,611.70988
2023-09-04 15:00:00,320.374,26.913,5.346027,721.9712,268.70715,538.17786
2023-09-04 15:30:00,324.43,26.4380005,5.3413463,618.5988,267.063415,435.256595
2023-09-04 16:00:00,342.10099999999994,25.963001,5.3366656,515.2264,265.41968,332.33533
2023-09-04 16:30:00,270.731,25.3630005,5.4634178,421.94801,250.64933,241.63797
2023-09-04 17:00:00,291.655,24.763,5.59017,328.66962,235.87898,150.94061
2023-09-04 17:30:00,201.25,24.1130005,5.751856849999999,241.68787,184.7444,99.401051
2023-09-04 18:00:00,181.859,23.463001,5.9135437,154.70612,133.60982,47.861492
2023-09-04 18:30:00,108.957,22.8630005,5.5553291,109.1202185,90.630279,56.801641
2023-09-04 19:00:00,60.47500000000001,22.263,5.1971145,63.534317,47.650738,65.74179
2023-09-04 19:30:00,7.371,21.688,4.43703485,31.7671585,23.825369,32.870895
2023-09-04 20:00:00,0.0,21.113,3.6769552,0.0,0.0,0.0
2023-09-04 20:30:00,0.0,20.888,3.6412532,0.0,0.0,0.0
2023-09-04 21:00:00,0.0,20.663,3.6055512,0.0,0.0,0.0
2023-09-04 21:30:00,0.0,20.388,3.1956143,0.0,0.0,0.0
2023-09-04 22:00:00,0.0,20.113,2.7856774,0.0,0.0,0.0
2023-09-04 22:30:00,0.0,19.763,2.53520465,0.0,0.0,0.0
2023-09-04 23:00:00,0.0,19.413,2.2847319,0.0,0.0,0.0
2023-09-04 23:30:00,0.0,19.0630005,2.1827985,0.0,0.0,0.0
2023-09-05 00:00:00,0.0,18.713001,2.0808651,0.0,0.0,0.0
2023-09-05 00:30:00,0.0,18.4880005,1.6923528,0.0,0.0,0.0
2023-09-05 01:00:00,0.0,18.263,1.3038405,0.0,0.0,0.0
2023-09-05 01:30:00,0.0,17.963,1.2560725499999998,0.0,0.0,0.0
2023-09-05 02:00:00,0.0,17.663,1.2083046,0.0,0.0,0.0
2023-09-05 02:30:00,0.0,18.463,0.8956999,0.0,0.0,0.0
2023-09-05 03:00:00,0.0,19.263,0.5830952,0.0,0.0,0.0
2023-09-05 03:30:00,0.0,19.263,0.3415476,0.0,0.0,0.0
2023-09-05 04:00:00,0.0,19.263,0.1,0.0,0.0,0.0
2023-09-05 04:30:00,0.0,18.588,0.3854102,0.0,0.0,0.0
2023-09-05 05:00:00,0.0,17.913,0.6708204,0.0,0.0,0.0
2023-09-05 05:30:00,0.0,18.113001,1.01548375,0.0,0.0,0.0
2023-09-05 06:00:00,0.0,18.313002,1.3601471,0.0,0.0,0.0
2023-09-05 06:30:00,0.0,18.538001,1.7501202,0.0,0.0,0.0
2023-09-05 07:00:00,0.651,18.763,2.1400933,0.0,0.0,0.0
2023-09-05 07:30:00,18.963,19.388,2.2113179,53.900455,32.340275,113.84128
2023-09-05 08:00:00,49.488,20.013,2.2825425,107.80091,64.68055,227.68256
2023-09-05 08:30:00,113.015,20.938,2.21014905,199.63023500000003,87.48127,398.84723
2023-09-05 09:00:00,115.968,21.863,2.1377556,291.45956,110.28199,570.0119
2023-09-05 09:30:00,96.235,22.688,2.5495871,383.242415,138.21192,588.5956699999999
2023-09-05 10:00:00,244.028,23.513,2.9614186,475.02527,166.14185,607.17944
2023-09-05 10:30:00,272.832,23.888,3.1570148,524.8734850000001,197.57486,561.73522
2023-09-05 11:00:00,352.20000000000005,24.263,3.352611,574.7217,229.00787,516.291
2023-09-05 11:30:00,321.636,24.663001,3.3792442,635.2899500000001,202.674135,587.1451500000001
2023-09-05 12:00:00,303.13500000000005,25.063002,3.4058774,695.8582,176.3404,657.9993
2023-09-05 12:30:00,289.318,25.588001,3.7529387,756.65795,171.34474,707.40993
2023-09-05 13:00:00,209.383,26.113,4.1,817.4577,166.34908,756.82056
2023-09-05 13:30:00,722.099,26.188,4.295551,789.82782,182.527185,699.631565
2023-09-05 14:00:00,436.764,26.263,4.491102,762.19794,198.70529,642.44257
2023-09-05 14:30:00,979.265,26.213,4.492771299999999,763.92082,168.17455,695.588385
2023-09-05 15:00:00,877.923,26.163,4.4944406,765.6437,137.64381,748.7342
2023-09-05 15:30:00,768.733,25.988001,4.3549443,662.27708,142.70087,649.260775
2023-09-05 16:00:00,664.7660000000001,25.813002,4.215448,558.91046,147.75793,549.78735
2023-09-05 16:30:00,77.29599999999999,25.463001,3.9925317,509.81671,129.304285,561.408445
2023-09-05 17:00:00,484.64,25.113,3.7696154,460.72296,110.85064,573.02954
2023-09-05 17:30:00,372.335,24.7880005,3.33825195,356.910005,103.708445,465.90936
2023-09-05 18:00:00,283.081,24.463001,2.9068885,253.09705,96.56625,358.78918
2023-09-05 18:30:00,149.187,23.9130005,2.8570111,163.382895,75.62985499999999,219.454412
2023-09-05 19:00:00,43.308,23.363,2.8071337,73.66874,54.69346,80.119644
2023-09-05 19:30:00,7.708,22.613,2.50810285,36.83437,27.34673,40.059822
2023-09-05 20:00:00,0.0,21.863,2.209072,0.0,0.0,0.0
2023-09-05 20:30:00,0.0,21.313,1.94268875,0.0,0.0,0.0
2023-09-05 21:00:00,0.0,20.763,1.6763055,0.0,0.0,0.0
2023-09-05 21:30:00,0.0,20.413001,1.3480547,0.0,0.0,0.0
2023-09-05 22:00:00,0.0,20.063002,1.0198039,0.0,0.0,0.0
2023-09-05 22:30:00,0.0,19.7630015,0.8300581650000001,0.0,0.0,0.0
2023-09-05 23:00:00,0.0,19.463001,0.64031243,0.0,0.0,0.0
2023-09-05 23:30:00,0.0,19.4380005,0.81259909,0.0,0.0,0.0
2023-09-06 00:00:00,0.0,19.413,0.98488575,0.0,0.0,0.0
2023-09-06 00:30:00,0.0,19.288,1.007224375,0.0,0.0,0.0
2023-09-06 01:00:00,0.0,19.163,1.029563,0.0,0.0,0.0
2023-09-06 01:30:00,0.0,19.213,1.45419625,0.0,0.0,0.0
2023-09-06 02:00:00,0.0,19.263,1.8788295,0.0,0.0,0.0
2023-09-06 02:30:00,0.0,19.688,1.61948825,0.0,0.0,0.0
2023-09-06 03:00:00,0.0,20.113,1.360147,0.0,0.0,0.0
2023-09-06 03:30:00,0.0,20.213001,0.7800735,0.0,0.0,0.0
2023-09-06 04:00:00,0.0,20.313002,0.2,0.0,0.0,0.0
2023-09-06 04:30:00,0.0,19.588001,1.2101802499999998,0.0,0.0,0.0
2023-09-06 05:00:00,0.0,18.863,2.2203605,0.0,0.0,0.0
2023-09-06 05:30:00,0.0,18.738,2.31226175,0.0,0.0,0.0
2023-09-06 06:00:00,0.0,18.613,2.404163,0.0,0.0,0.0
2023-09-06 06:30:00,0.0,18.588001,1.85972875,0.0,0.0,0.0
2023-09-06 07:00:00,2.737,18.563002,1.3152945,0.0,0.0,0.0
2023-09-06 07:30:00,21.802000000000003,19.538001,2.03060025,31.72408,22.8016815,46.83024
2023-09-06 08:00:00,149.578,20.513,2.745906,63.44816,45.603363,93.66048
2023-09-06 08:30:00,264.642,19.788001,3.1534024,94.20098,77.3867615,71.846165
2023-09-06 09:00:00,470.56,19.063002,3.5608988,124.9538,109.17016,50.03185
2023-09-06 09:30:00,600.455,18.913001,3.1964296,160.234955,138.29407,52.7616775
2023-09-06 10:00:00,641.713,18.763,2.8319604,195.51611,167.41798,55.491505
2023-09-06 10:30:00,794.0500000000001,20.338,3.45558795,327.922025,212.00614,180.4337025
2023-09-06 11:00:00,761.24,21.913,4.0792155,460.32794,256.5943,305.3759
2023-09-06 11:30:00,962.898,22.888,3.51100175,560.15627,251.846275,415.03295
2023-09-06 12:00:00,270.492,23.863,2.942788,659.9846,247.09825,524.69
2023-09-06 12:30:00,685.251,25.2880005,4.16397615,733.068775,217.430225,622.9452200000001
2023-09-06 13:00:00,360.8,26.713001,5.3851643,806.15295,187.7622,721.20044
2023-09-06 13:30:00,281.422,27.3630005,5.285842649999999,812.253725,155.15885500000002,758.68757
2023-09-06 14:00:00,990.755,28.013,5.186521,818.3545,122.55551,796.1747
2023-09-06 14:30:00,921.996,27.888,4.96918125,788.9726,122.427195,779.59803
2023-09-06 15:00:00,236.332,27.763,4.7518415,759.5907,122.29888,763.02136
2023-09-06 15:30:00,750.2479999999999,27.4880005,4.35392475,644.8324299999999,126.262355,650.24298
2023-09-06 16:00:00,634.7719999999999,27.213001,3.956008,530.07416,130.22583,537.4646
2023-09-06 16:30:00,541.359,26.9880005,3.811716,504.15838,115.27218,580.3808300000001
2023-09-06 17:00:00,432.233,26.763,3.667424,478.2426,100.31853,623.29706
2023-09-06 17:30:00,115.59,26.213,3.4615941,379.20852,88.576535,547.14518
2023-09-06 18:00:00,204.953,25.663,3.2557642,280.17444,76.83454,470.9933
2023-09-06 18:30:00,107.169,25.013,2.83722075,183.417675,56.24309,345.41666999999995
2023-09-06 19:00:00,32.122,24.363,2.4186773,86.66091,35.65164,219.84004
2023-09-06 19:30:00,5.656000000000001,23.513,1.8176149,43.330455,17.82582,109.92002
2023-09-06 20:00:00,0.0,22.663,1.2165525,0.0,0.0,0.0
2023-09-06 20:30:00,0.0,21.963,1.28834975,0.0,0.0,0.0
2023-09-06 21:00:00,0.0,21.263,1.360147,0.0,0.0,0.0
2023-09-06 21:30:00,0.0,21.163001,1.0154837,0.0,0.0,0.0
2023-09-06 22:00:00,0.0,21.063002,0.6708204,0.0,0.0,0.0
2023-09-06 22:30:00,0.0,21.313002,1.03182955,0.0,0.0,0.0
2023-09-06 23:00:00,0.0,21.563002,1.3928387,0.0,0.0,0.0
2023-09-06 23:30:00,0.0,21.363001,1.5210405,0.0,0.0,0.0
2023-09-07 00:00:00,0.0,21.163,1.6492423,0.0,0.0,0.0
2023-09-07 00:30:00,0.0,20.888,1.22773405,0.0,0.0,0.0
2023-09-07 01:00:00,0.0,20.613,0.8062258,0.0,0.0,0.0
2023-09-07 01:30:00,0.0,20.513,0.92512825,0.0,0.0,0.0
2023-09-07 02:00:00,0.0,20.413,1.0440307,0.0,0.0,0.0
2023-09-07 02:30:00,0.0,20.5630005,1.2291221,0.0,0.0,0.0
2023-09-07 03:00:00,0.0,20.713001,1.4142135,0.0,0.0,0.0
2023-09-07 03:30:00,0.0,20.6380015,1.4453479,0.0,0.0,0.0
2023-09-07 04:00:00,0.0,20.563002,1.4764823,0.0,0.0,0.0
2023-09-07 04:30:00,0.0,19.863001,1.29725815,0.0,0.0,0.0
2023-09-07 05:00:00,0.0,19.163,1.118034,0.0,0.0,0.0
2023-09-07 05:30:00,0.0,19.1880005,0.841859725,0.0,0.0,0.0
2023-09-07 06:00:00,0.0,19.213001,0.56568545,0.0,0.0,0.0
2023-09-07 06:30:00,0.0,19.3880015,0.463120295,0.0,0.0,0.0
2023-09-07 07:00:00,3.803,19.563002,0.36055514,0.0,0.0,0.0
2023-09-07 07:30:00,54.718,20.3880015,0.544283045,52.17207499999999,33.1092,99.418335
2023-09-07 08:00:00,155.046,21.213001,0.72801095,104.34415,66.2184,198.83667
2023-09-07 08:30:00,98.086,22.5380005,1.196171325,193.831925,91.09091,366.695555
2023-09-07 09:00:00,161.186,23.863,1.6643317,283.3197,115.96342,534.55444
2023-09-07 09:30:00,185.175,25.063,1.2444764199999998,369.51785,126.514835,583.4271550000001
2023-09-07 10:00:00,229.369,26.263,0.82462114,455.716,137.06625,632.29987
2023-09-07 10:30:00,344.40099999999995,27.538001,1.28552307,556.6644,151.69857000000002,685.71991
2023-09-07 11:00:00,244.731,28.813002,1.746425,657.6128,166.33089,739.13995
2023-09-07 11:30:00,570.9780000000001,29.613001,2.075294,675.70875,194.04747,670.522125
2023-09-07 12:00:00,159.15699999999998,30.413,2.404163,693.8047,221.76405,601.9043
2023-09-07 12:30:00,851.4750000000001,30.638,2.5750345,688.20785,238.935375,550.50922
2023-09-07 13:00:00,891.0520000000001,30.863,2.745906,682.611,256.1067,499.11414
2023-09-07 13:30:00,927.491,30.513,3.9671775,741.49195,210.560925,614.4144699999999
2023-09-07 14:00:00,839.789,30.163,5.188449,800.3729,165.01515,729.7148
2023-09-07 14:30:00,831.143,29.363001,4.2221066,737.7981749999999,170.37257499999998,665.163215
2023-09-07 15:00:00,825.7460000000001,28.563002,3.2557642,675.22345,175.73,600.61163
2023-09-07 15:30:00,709.895,28.113001,2.3778821,626.279205,162.55198,589.462765
2023-09-07 16:00:00,199.397,27.663,1.5,577.33496,149.37396,578.3139
2023-09-07 16:30:00,252.698,27.463,1.7624229,512.76782,126.502085,575.3220799999999
2023-09-07 17:00:00,116.721,27.263,2.0248458,448.20068,103.63021,572.33026
2023-09-07 17:30:00,129.754,26.963,2.3853759,358.66884,87.7773775,517.02014
2023-09-07 18:00:00,129.35,26.663,2.745906,269.137,71.924545,461.71002
2023-09-07 18:30:00,107.553,25.463,3.1258078,177.103765,53.1917475,342.24198
2023-09-07 19:00:00,39.321000000000005,24.263,3.5057096,85.07053,34.45895,222.77394
2023-09-07 19:30:00,6.005,23.063,3.9236843,42.535265,17.229475,111.38697
2023-09-07 20:00:00,0.0,21.863,4.341659,0.0,0.0,0.0
2023-09-07 20:30:00,0.0,21.5380005,4.0316089,0.0,0.0,0.0
2023-09-07 21:00:00,0.0,21.213001,3.7215588,0.0,0.0,0.0
2023-09-07 21:30:00,0.0,21.3630005,3.4615605,0.0,0.0,0.0
2023-09-07 22:00:00,0.0,21.513,3.2015622,0.0,0.0,0.0
2023-09-07 22:30:00,0.0,21.263,2.71096135,0.0,0.0,0.0
2023-09-07 23:00:00,0.0,21.013,2.2203605,0.0,0.0,0.0
2023-09-07 23:30:00,0.0,20.688,2.1299841500000003,0.0,0.0,0.0
2023-09-08 00:00:00,0.0,20.363,2.0396078,0.0,0.0,0.0
2023-09-08 00:30:00,0.0,20.1630005,1.7580450500000002,0.0,0.0,0.0
2023-09-08 01:00:00,0.0,19.963001,1.4764823,0.0,0.0,0.0
2023-09-08 01:30:00,0.0,19.6130005,1.501458,0.0,0.0,0.0
2023-09-08 02:00:00,0.0,19.263,1.5264337,0.0,0.0,0.0
2023-09-08 02:30:00,0.0,19.7380005,1.3652966,0.0,0.0,0.0
2023-09-08 03:00:00,0.0,20.213001,1.2041595,0.0,0.0,0.0
2023-09-08 03:30:00,0.0,20.2630015,1.65683075,0.0,0.0,0.0
2023-09-08 04:00:00,0.0,20.313002,2.109502,0.0,0.0,0.0
2023-09-08 04:30:00,0.0,20.3880015,1.90622035,0.0,0.0,0.0
2023-09-08 05:00:00,0.0,20.463001,1.7029387,0.0,0.0,0.0
2023-09-08 05:30:00,0.0,20.213001,1.5794803000000002,0.0,0.0,0.0
2023-09-08 06:00:00,0.0,19.963001,1.4560219,0.0,0.0,0.0
2023-09-08 06:30:00,0.0,19.9380005,1.3799312,0.0,0.0,0.0
2023-09-08 07:00:00,3.748,19.913,1.3038405,0.0,0.0,0.0
2023-09-08 07:30:00,54.258,20.413,1.68269665,58.918827,29.4594135,152.6017
2023-09-08 08:00:00,42.191,20.913,2.0615528,117.837654,58.918827,305.2034
2023-09-08 08:30:00,68.696,21.738001,2.3545965,219.331837,79.6297385,507.4659
2023-09-08 09:00:00,333.23,22.563002,2.6476402,320.82602,100.34065,709.7284
2023-09-08 09:30:00,482.351,23.338001,2.6476402,423.00046,105.2668,768.5809999999999
2023-09-08 10:00:00,589.6500000000001,24.113,2.6476402,525.1749,110.19295,827.4336
2023-09-08 10:30:00,671.556,24.613,2.9246012,604.1445799999999,116.79712,836.3709
2023-09-08 11:00:00,777.237,25.113,3.2015622,683.11426,123.40129,845.3082
2023-09-08 11:30:00,797.238,25.188,3.4365371500000004,724.379915,133.512915,820.60338
2023-09-08 12:00:00,513.536,25.263,3.6715121,765.64557,143.62454,795.89856
2023-09-08 12:30:00,222.815,25.313,3.6091708,748.0695350000001,161.08346999999998,722.03493
2023-09-08 13:00:00,254.327,25.363,3.5468295,730.4935,178.5424,648.1713
2023-09-08 13:30:00,920.354,24.963001,3.67735805,684.33055,194.97388,570.08395
2023-09-08 14:00:00,433.97800000000007,24.563002,3.8078866,638.1676,211.40536,491.9966
2023-09-08 14:30:00,267.615,24.113001,3.9630693,597.362425,223.123845,440.268075
2023-09-08 15:00:00,591.5840000000001,23.663,4.118252,556.55725,234.84233,388.53955
2023-09-08 15:30:00,576.8489999999999,23.788,4.2727202,516.822775,216.776405,383.377625
2023-09-08 16:00:00,645.597,23.913,4.4271884,477.0883,198.71048,378.2157
2023-09-08 16:30:00,350.939,24.0630005,4.82367085,459.30152,155.4069175,464.66315
2023-09-08 17:00:00,479.822,24.213001,5.2201533,441.51474,112.103355,551.1106
2023-09-08 17:30:00,317.922,23.7380005,4.9387028,340.19871,99.2046775,456.116
2023-09-08 18:00:00,193.209,23.263,4.6572523,238.88268,86.306,361.1214
2023-09-08 18:30:00,60.771,22.588,4.27027485,155.07312,60.045103,264.85236999999995
2023-09-08 19:00:00,36.283,21.913,3.8832974,71.26356,33.784206,168.58334
2023-09-08 19:30:00,4.058,21.463,3.5794827,35.63178,16.892103,84.29167
2023-09-08 20:00:00,0.0,21.013,3.275668,0.0,0.0,0.0
2023-09-08 20:30:00,0.0,20.813,3.12947745,0.0,0.0,0.0
2023-09-08 21:00:00,0.0,20.613,2.9832869,0.0,0.0,0.0
2023-09-08 21:30:00,0.0,20.4130005,2.66850365,0.0,0.0,0.0
2023-09-08 22:00:00,0.0,20.213001,2.3537204,0.0,0.0,0.0
2023-09-08 22:30:00,0.0,19.963001,2.0768602,0.0,0.0,0.0
2023-09-08 23:00:00,0.0,19.713001,1.8,0.0,0.0,0.0
2023-09-08 23:30:00,0.0,19.588001,1.55764725,0.0,0.0,0.0
2023-09-09 00:00:00,0.0,19.463001,1.3152945,0.0,0.0,0.0
2023-09-09 00:30:00,0.0,19.1880005,1.13198888,0.0,0.0,0.0
2023-09-09 01:00:00,0.0,18.913,0.94868326,0.0,0.0,0.0
2023-09-09 01:30:00,0.0,18.713,0.966784505,0.0,0.0,0.0
2023-09-09 02:00:00,0.0,18.513,0.98488575,0.0,0.0,0.0
2023-09-09 02:30:00,0.0,18.2380005,1.397981375,0.0,0.0,0.0
2023-09-09 03:00:00,0.0,17.963001,1.811077,0.0,0.0,0.0
2023-09-09 03:30:00,0.0,18.3630005,1.8396155,0.0,0.0,0.0
2023-09-09 04:00:00,0.0,18.763,1.868154,0.0,0.0,0.0
2023-09-09 04:30:00,0.0,18.588,1.82007925,0.0,0.0,0.0
2023-09-09 05:00:00,0.0,18.413,1.7720045,0.0,0.0,0.0
2023-09-09 05:30:00,0.0,18.288,1.593109,0.0,0.0,0.0
2023-09-09 06:00:00,0.0,18.163,1.4142135,0.0,0.0,0.0
2023-09-09 06:30:00,0.0,18.113001,1.4351177000000002,0.0,0.0,0.0
2023-09-09 07:00:00,15.521999999999998,18.063002,1.4560219,0.0,0.0,0.0
2023-09-09 07:30:00,85.528,18.588001,1.6674257,57.625845,29.841955,142.888825
2023-09-09 08:00:00,191.704,19.113,1.8788295,115.25169,59.68391,285.77765
2023-09-09 08:30:00,0.0,20.2880005,2.080686,214.380395,80.770645,486.225875
2023-09-09 09:00:00,0.0,21.463001,2.2825425,313.5091,101.85738,686.6741
2023-09-09 09:30:00,0.0,22.4880005,2.6185999,417.16785,109.580335,747.60698
2023-09-09 10:00:00,0.0,23.513,2.9546573,520.8266,117.30329,808.53986
2023-09-09 10:30:00,0.0,24.213,3.19924615,598.74785,122.020495,821.15068
2023-09-09 11:00:00,0.0,24.913,3.443835,676.6691,126.7377,833.7615
2023-09-09 11:30:00,0.0,25.363001,3.64610565,715.8927799999999,139.408545,804.049575
2023-09-09 12:00:00,0.0,25.813002,3.8483763,755.11646,152.07939,774.33765
2023-09-09 12:30:00,0.0,25.713001,3.75858175,718.284455,196.926095,646.250855
2023-09-09 13:00:00,0.0,25.613,3.6687872,681.45245,241.7728,518.16406
2023-09-09 13:30:00,0.0,25.088001,3.891697750000001,596.523405,244.83445,411.67168
2023-09-09 14:00:00,0.0,24.563002,4.1146083,511.59436,247.8961,305.1793
2023-09-09 14:30:00,0.0,24.688002,4.0270756500000005,622.220765,198.854955,506.229115
2023-09-09 15:00:00,0.0,24.813002,3.939543,732.84717,149.81381,707.27893
2023-09-09 15:30:00,0.0,24.688002,3.8278619,633.6089850000001,159.54611,603.01938
2023-09-09 16:00:00,0.0,24.563002,3.7161808,534.3708,169.27841,498.75983
2023-09-09 16:30:00,0.0,23.913001,3.9604699,470.82618,140.1776,498.97963
2023-09-09 17:00:00,0.0,23.263,4.204759,407.28156,111.07679,499.19943
2023-09-09 17:30:00,0.0,22.8630005,4.2989678,304.98064,99.68265,386.480065
2023-09-09 18:00:00,0.0,22.463001,4.3931766,202.67972,88.28851,273.7607
2023-09-09 18:30:00,0.0,22.0380005,4.051985800000001,132.091647,61.975123,196.306395
2023-09-09 19:00:00,0.0,21.613,3.710795,61.503574,35.661736,118.85209
2023-09-09 19:30:00,0.0,21.1630005,3.5641983,30.751787,17.830868,59.426045
2023-09-09 20:00:00,0.0,20.713001,3.4176016,0.0,0.0,0.0
2023-09-09 20:30:00,0.0,20.5130015,3.3243503,0.0,0.0,0.0
2023-09-09 21:00:00,0.0,20.313002,3.231099,0.0,0.0,0.0
2023-09-09 21:30:00,0.0,20.088001,3.0271088500000003,0.0,0.0,0.0
2023-09-09 22:00:00,0.0,19.863,2.8231187,0.0,0.0,0.0
2023-09-09 22:30:00,0.0,19.838001,2.565899,0.0,0.0,0.0
2023-09-09 23:00:00,0.0,19.813002,2.3086793,0.0,0.0,0.0
2023-09-09 23:30:00,0.0,19.538001,2.27237365,0.0,0.0,0.0
2023-09-10 00:00:00,0.0,19.263,2.236068,0.0,0.0,0.0
2023-09-10 00:30:00,0.0,18.963,2.24164425,0.0,0.0,0.0
2023-09-10 01:00:00,0.0,18.663,2.2472205,0.0,0.0,0.0
2023-09-10 01:30:00,0.0,18.4380005,2.2337904,0.0,0.0,0.0
2023-09-10 02:00:00,0.0,18.213001,2.2203603,0.0,0.0,0.0
2023-09-10 02:30:00,0.0,18.213001,2.4082556,0.0,0.0,0.0
2023-09-10 03:00:00,0.0,18.213001,2.5961509,0.0,0.0,0.0
2023-09-10 03:30:00,0.0,18.1130005,2.48656195,0.0,0.0,0.0
2023-09-10 04:00:00,0.0,18.013,2.376973,0.0,0.0,0.0
2023-09-10 04:30:00,0.0,17.938000000000002,2.37381345,0.0,0.0,0.0
2023-09-10 05:00:00,0.0,17.863,2.3706539,0.0,0.0,0.0
2023-09-10 05:30:00,0.0,17.813000000000002,2.39466545,0.0,0.0,0.0
2023-09-10 06:00:00,0.0,17.763,2.418677,0.0,0.0,0.0
2023-09-10 06:30:00,0.0,17.7380005,2.4623350000000004,0.0,0.0,0.0
2023-09-10 07:00:00,3.321,17.713001,2.505993,0.0,0.0,0.0
2023-09-10 07:30:00,46.356,18.338001,2.6618967500000004,58.403940000000006,30.244898,143.711135
2023-09-10 08:00:00,123.353,18.963001,2.8178005,116.80788,60.489796,287.42227
2023-09-10 08:30:00,238.941,19.9880005,3.38690435,210.82731,81.273593,475.311585
2023-09-10 09:00:00,348.955,21.013,3.9560082,304.84674,102.05739,663.2009
2023-09-10 09:30:00,458.813,21.813,4.3549771,403.031755,117.348945,702.703475
2023-09-10 10:00:00,566.208,22.613,4.753946,501.21677,132.6405,742.20605
2023-09-10 10:30:00,233.4,23.113,4.97553025,575.7987350000001,147.342245,742.755095
2023-09-10 11:00:00,808.63,23.613,5.1971145,650.3807,162.04399,743.30414
2023-09-10 11:30:00,432.836,23.763,5.26689005,667.3834,181.356375,683.33302
2023-09-10 12:00:00,886.522,23.913,5.3366656,684.3861,200.66876,623.3619
2023-09-10 12:30:00,906.291,24.138,5.1547961,672.6839,237.52888,540.30656
2023-09-10 13:00:00,905.979,24.363,4.9729266,660.9817,274.389,457.25122
2023-09-10 13:30:00,995.474,24.638,4.7711951500000005,719.02885,229.02177,573.35806
2023-09-10 14:00:00,931.246,24.913,4.5694637,777.076,183.65454,689.4649
2023-09-10 14:30:00,654.2230000000001,23.713,4.53528735,676.588,197.223045,567.315335
2023-09-10 15:00:00,350.089,22.513,4.501111,576.1,210.79155,445.16577
2023-09-10 15:30:00,745.222,22.963,4.6923785,505.656325,195.455535,397.80072
2023-09-10 16:00:00,593.089,23.413,4.883646,435.21265,180.11952,350.43567
2023-09-10 16:30:00,562.559,23.138,4.98789835,400.736605,167.43876,354.772875
2023-09-10 17:00:00,167.628,22.863,5.0921507,366.26056,154.758,359.11008
2023-09-10 17:30:00,355.41200000000003,22.388,5.1058605,286.377745,127.473143,308.20314
2023-09-10 18:00:00,187.688,21.913,5.1195703,206.49493,100.188286,257.2962
2023-09-10 18:30:00,87.617,21.463,5.10782365,133.8163985,69.799736,179.7643
2023-09-10 19:00:00,40.395,21.013,5.096077,61.137867,39.411186,102.2324
2023-09-10 19:30:00,1.982,20.413001,4.561120750000001,30.5689335,19.705593,51.1162
2023-09-10 20:00:00,0.0,19.813002,4.0261645,0.0,0.0,0.0
2023-09-10 20:30:00,0.0,19.463001,3.91044875,0.0,0.0,0.0
2023-09-10 21:00:00,0.0,19.113,3.794733,0.0,0.0,0.0
2023-09-10 21:30:00,0.0,18.963001,3.794733,0.0,0.0,0.0
2023-09-10 22:00:00,0.0,18.813002,3.794733,0.0,0.0,0.0
2023-09-10 22:30:00,0.0,18.788001,3.8286873,0.0,0.0,0.0
2023-09-10 23:00:00,0.0,18.763,3.8626416,0.0,0.0,0.0
2023-09-10 23:30:00,0.0,18.7380005,3.6120944,0.0,0.0,0.0
2023-09-11 00:00:00,0.0,18.713001,3.3615472,0.0,0.0,0.0
2023-09-11 00:30:00,0.0,18.7630015,3.4364786,0.0,0.0,0.0
2023-09-11 01:00:00,0.0,18.813002,3.51141,0.0,0.0,0.0
2023-09-11 01:30:00,0.0,18.913001,3.638522,0.0,0.0,0.0
2023-09-11 02:00:00,0.0,19.013,3.765634,0.0,0.0,0.0
2023-09-11 02:30:00,0.0,19.288001,4.46399875,0.0,0.0,0.0
2023-09-11 03:00:00,0.0,19.563002,5.1623635,0.0,0.0,0.0
2023-09-11 03:30:00,0.0,19.563002,5.204633449999999,0.0,0.0,0.0
2023-09-11 04:00:00,0.0,19.563002,5.2469034,0.0,0.0,0.0
2023-09-11 04:30:00,0.0,19.5130015,5.222008949999999,0.0,0.0,0.0
2023-09-11 05:00:00,0.0,19.463001,5.1971145,0.0,0.0,0.0
2023-09-11 05:30:00,0.0,19.338001,5.1333156,0.0,0.0,0.0
2023-09-11 06:00:00,0.0,19.213001,5.0695167,0.0,0.0,0.0
2023-09-11 06:30:00,0.0,19.1630005,5.04573435,0.0,0.0,0.0
2023-09-11 07:00:00,1.766,19.113,5.021952,0.0,0.0,0.0
2023-09-11 07:30:00,16.980999999999998,19.2880005,5.1196155,41.246675,28.5553915,64.243185
2023-09-11 08:00:00,60.156000000000006,19.463001,5.217279,82.49335,57.110783,128.48637
2023-09-11 08:30:00,68.593,20.0630005,5.252972850000001,163.42894,102.2631715,224.067145
2023-09-11 09:00:00,0.0,20.663,5.2886667,244.36453,147.41556,319.64792
2023-09-11 09:30:00,0.0,21.463,5.8711741,345.943015,155.34228000000002,447.47901
2023-09-11 10:00:00,347.899,22.263,6.4536815,447.5215,163.269,575.3101
2023-09-11 10:30:00,189.613,22.813,6.557381250000001,515.95417,194.1014,562.3204499999999
2023-09-11 11:00:00,327.455,23.363,6.661081,584.38684,224.9338,549.3308
2023-09-11 11:30:00,514.956,23.588001,6.73971925,637.57002,224.95194,575.89172
2023-09-11 12:00:00,299.049,23.813002,6.8183575,690.7532,224.97008,602.45264
2023-09-11 12:30:00,425.119,23.938002,6.9095359,732.94935,212.43802,642.66922
2023-09-11 13:00:00,715.497,24.063002,7.0007143,775.1455,199.90596,682.8858
2023-09-11 13:30:00,1017.657,24.088001,7.05070915,743.4384,202.61603,636.799465
2023-09-11 14:00:00,985.122,24.113,7.100704,711.7313,205.3261,590.71313
2023-09-11 14:30:00,964.11,23.6630005,7.5318717,702.8976299999999,189.421045,613.987665
2023-09-11 15:00:00,496.615,23.213001,7.9630394,694.06396,173.51599,637.2622
2023-09-11 15:30:00,396.6830000000001,23.0130015,7.83671095,614.25943,170.35222499999998,572.32858
2023-09-11 16:00:00,671.2570000000001,22.813002,7.7103825,534.4549,167.18846,507.39496
2023-09-11 16:30:00,592.945,22.488001,7.66110755,451.79495,161.28427,436.53828
2023-09-11 17:00:00,161.44899999999998,22.163,7.6118326,369.135,155.38008,365.6816
2023-09-11 17:30:00,122.972,21.838,7.5224335,298.45618,121.87428,353.489725
2023-09-11 18:00:00,266.68500000000006,21.513,7.4330344,227.77736,88.36848,341.29785
2023-09-11 18:30:00,104.523,20.938,7.2858307,143.971465,60.705114,235.974045
2023-09-11 19:00:00,32.863,20.363,7.138627,60.16557,33.041748,130.65024
2023-09-11 19:30:00,2.86,19.888,6.44724675,30.082785,16.520874,65.32512
2023-09-11 20:00:00,0.0,19.413,5.7558665,0.0,0.0,0.0
2023-09-11 20:30:00,0.0,19.213,5.48992475,0.0,0.0,0.0
2023-09-11 21:00:00,0.0,19.013,5.223983,0.0,0.0,0.0
2023-09-11 21:30:00,0.0,19.013,5.0640315000000005,0.0,0.0,0.0
2023-09-11 22:00:00,0.0,19.013,4.90408,0.0,0.0,0.0
2023-09-11 22:30:00,0.0,19.138,4.7525833,0.0,0.0,0.0
2023-09-11 23:00:00,0.0,19.263,4.6010866,0.0,0.0,0.0
2023-09-11 23:30:00,0.0,19.338,4.4505433,0.0,0.0,0.0
2023-09-12 00:00:00,0.0,19.413,4.3,0.0,0.0,0.0
2023-09-12 00:30:00,0.0,19.388,4.2024375,0.0,0.0,0.0
2023-09-12 01:00:00,0.0,19.363,4.104875,0.0,0.0,0.0
2023-09-12 01:30:00,0.0,19.2880005,4.1121705,0.0,0.0,0.0
2023-09-12 02:00:00,0.0,19.213001,4.119466,0.0,0.0,0.0
2023-09-12 02:30:00,0.0,19.0130015,3.98327135,0.0,0.0,0.0
2023-09-12 03:00:00,0.0,18.813002,3.8470767,0.0,0.0,0.0
2023-09-12 03:30:00,0.0,18.788001,3.79035385,0.0,0.0,0.0
2023-09-12 04:00:00,0.0,18.763,3.733631,0.0,0.0,0.0
2023-09-12 04:30:00,0.0,18.638,3.79878335,0.0,0.0,0.0
2023-09-12 05:00:00,0.0,18.513,3.8639357,0.0,0.0,0.0
2023-09-12 05:30:00,0.0,18.338,3.79878335,0.0,0.0,0.0
2023-09-12 06:00:00,0.0,18.163,3.733631,0.0,0.0,0.0
2023-09-12 06:30:00,0.0,18.038,3.81681545,0.0,0.0,0.0
2023-09-12 07:00:00,2.449,17.913,3.8999999,0.0,0.0,0.0
2023-09-12 07:30:00,24.345,18.238001,4.1040658,55.80296,28.974613,134.625535
2023-09-12 08:00:00,126.41,18.563002,4.3081317,111.60592,57.949226,269.25107
2023-09-12 08:30:00,240.376,19.563002,4.7856052,210.1719,82.87067,468.639285
2023-09-12 09:00:00,386.399,20.563002,5.2630787,308.73788,107.792114,668.0275
2023-09-12 09:30:00,465.391,21.2630015,5.54401235,411.19314,120.305967,721.3915
2023-09-12 10:00:00,617.933,21.963001,5.824946,513.6484,132.81982,774.7555
2023-09-12 10:30:00,300.661,22.4880005,6.1288375,595.4136000000001,140.304015,793.5523499999999
2023-09-12 11:00:00,518.656,23.013,6.432729,677.1788,147.78821,812.3492
2023-09-12 11:30:00,822.4019999999999,23.463,6.3837765,741.01855,152.58432,826.4681800000001
2023-09-12 12:00:00,865.4340000000001,23.913,6.334824,804.8583,157.38043,840.58716
2023-09-12 12:30:00,896.9169999999999,24.138,6.4636218,830.2450699999999,156.1968,837.7164600000001
2023-09-12 13:00:00,903.791,24.363,6.5924196,855.63184,155.01317,834.84576
2023-09-12 13:30:00,896.9320000000001,24.463001,6.68331765,850.70182,152.017405,825.44383
2023-09-12 14:00:00,878.835,24.563002,6.7742157,845.7718,149.02164,816.0419
2023-09-12 14:30:00,838.694,24.6380015,6.3611622,809.31043,141.21789,801.2521
2023-09-12 15:00:00,802.442,24.713001,5.9481087,772.84906,133.41414,786.4623
2023-09-12 15:30:00,723.719,24.463001,5.984453,704.10563,127.86981,749.65873
2023-09-12 16:00:00,648.293,24.213001,6.0207973,635.3622,122.32548,712.85516
2023-09-12 16:30:00,554.6010000000001,23.8630005,5.95318665,549.9612500000001,109.59015,673.36573
2023-09-12 17:00:00,448.99,23.513,5.885576,464.5603,96.85482,633.8763
2023-09-12 17:30:00,335.04200000000003,22.838,5.719927,364.29965,84.08785,555.5976
2023-09-12 18:00:00,211.278,22.163,5.554278,264.039,71.32088,477.3189
2023-09-12 18:30:00,99.252,21.363001,4.896101,166.133215,49.594212,338.221875
2023-09-12 19:00:00,31.829,20.563002,4.237924,68.22743,27.867544,199.12485
2023-09-12 19:30:00,2.863,19.7630015,4.06896195,34.113715,13.933771999999998,99.56242500000002
2023-09-12 20:00:00,0.0,18.963001,3.8999999,0.0,0.0,0.0
2023-09-12 20:30:00,0.0,18.463001,3.76176715,0.0,0.0,0.0
2023-09-12 21:00:00,0.0,17.963001,3.6235344,0.0,0.0,0.0
2023-09-12 21:30:00,0.0,17.6880005,3.5610528,0.0,0.0,0.0
2023-09-12 22:00:00,0.0,17.413,3.4985712,0.0,0.0,0.0
2023-09-12 22:30:00,0.0,17.088,3.41361725,0.0,0.0,0.0
2023-09-12 23:00:00,0.0,16.763,3.3286633,0.0,0.0,0.0
2023-09-12 23:30:00,0.0,16.438000000000002,3.3286633,0.0,0.0,0.0
2023-09-13 00:00:00,0.0,16.113,3.3286633,0.0,0.0,0.0
2023-09-13 00:30:00,0.0,15.938,3.25963735,0.0,0.0,0.0
2023-09-13 01:00:00,0.0,15.763,3.1906114,0.0,0.0,0.0
2023-09-13 01:30:00,0.0,15.638,3.16454125,0.0,0.0,0.0
2023-09-13 02:00:00,0.0,15.513,3.1384711,0.0,0.0,0.0
2023-09-13 02:30:00,0.0,15.4629995,2.79500065,0.0,0.0,0.0
2023-09-13 03:00:00,0.0,15.412999,2.4515302,0.0,0.0,0.0
2023-09-13 03:30:00,0.0,15.5879995,2.4278466,0.0,0.0,0.0
2023-09-13 04:00:00,0.0,15.763,2.404163,0.0,0.0,0.0
2023-09-13 04:30:00,0.0,15.688,2.43699045,0.0,0.0,0.0
2023-09-13 05:00:00,0.0,15.613,2.4698179,0.0,0.0,0.0
2023-09-13 05:30:00,0.0,15.6379995,2.66669095,0.0,0.0,0.0
2023-09-13 06:00:00,0.0,15.662999,2.863564,0.0,0.0,0.0
2023-09-13 06:30:00,0.0,15.787999,2.9549366,0.0,0.0,0.0
2023-09-13 07:00:00,2.624,15.912999,3.0463092,0.0,0.0,0.0
2023-09-13 07:30:00,19.084,16.688,3.2450721,58.1429,29.07145,146.25804
2023-09-13 08:00:00,68.78999999999999,17.463001,3.443835,116.2858,58.1429,292.51608
2023-09-13 08:30:00,125.018,18.9380005,3.6942258,215.49834,81.078755,499.43312
2023-09-13 09:00:00,89.153,20.413,3.9446166,314.71088,104.01461,706.35016
2023-09-13 09:30:00,195.087,21.363001,4.3889176,420.23759,114.34625,763.3009050000001
2023-09-13 10:00:00,617.208,22.313002,4.8332186,525.7643,124.67789,820.25165
2023-09-13 10:30:00,717.5819999999999,22.938002,5.1479093,614.79722,124.117145,857.195325
2023-09-13 11:00:00,776.381,23.563002,5.4626,703.83014,123.5564,894.139
2023-09-13 11:30:00,837.6969999999999,24.063002,5.5084387,763.3413700000001,125.683955,899.95103
2023-09-13 12:00:00,882.801,24.563002,5.5542774,822.8526,127.81151,905.76306
2023-09-13 12:30:00,903.996,24.963001,5.5953827,850.92515,126.108605,904.17438
2023-09-13 13:00:00,921.183,25.363,5.636488,878.9977,124.4057,902.5857
2023-09-13 13:30:00,912.866,25.588001,5.7482612500000005,873.13203,121.895245,891.058565
2023-09-13 14:00:00,898.4630000000001,25.813002,5.8600345,867.26636,119.38479,879.53143
2023-09-13 14:30:00,857.5440000000001,26.0130015,5.55394555,828.4566299999999,115.891633,858.22284
2023-09-13 15:00:00,812.5369999999999,26.213001,5.2478566,789.6469,112.398476,836.91425
2023-09-13 15:30:00,744.473,25.6880005,5.2625833,721.8290999999999,107.279618,804.0800750000001
2023-09-13 16:00:00,659.506,25.163,5.27731,654.0113,102.16076,771.2459
2023-09-13 16:30:00,564.2049999999999,24.763,5.18816475,563.62714,94.72485,720.87112
2023-09-13 17:00:00,461.936,24.363,5.0990195,473.24298,87.28894,670.49634
2023-09-13 17:30:00,341.42499999999995,23.738,5.0540056,369.985625,76.135452,588.04605
2023-09-13 18:00:00,214.531,23.113,5.0089917,266.72827,64.981964,505.59576
2023-09-13 18:30:00,98.996,22.1630005,4.47490185,167.23541500000002,45.5723045,357.92078
2023-09-13 19:00:00,25.532,21.213001,3.940812,67.74256,26.162645,210.2458
2023-09-13 19:30:00,2.335,20.0630005,3.494381,33.87128,13.0813225,105.1229
2023-09-13 20:00:00,0.0,18.913,3.04795,0.0,0.0,0.0
2023-09-13 20:30:00,0.0,18.3130005,2.896928,0.0,0.0,0.0
2023-09-13 21:00:00,0.0,17.713001,2.745906,0.0,0.0,0.0
2023-09-13 21:30:00,0.0,17.4380005,2.6939375,0.0,0.0,0.0
2023-09-13 22:00:00,0.0,17.163,2.641969,0.0,0.0,0.0
2023-09-13 22:30:00,0.0,16.9380005,2.6866345000000003,0.0,0.0,0.0
2023-09-13 23:00:00,0.0,16.713001,2.7313,0.0,0.0,0.0
2023-09-13 23:30:00,0.0,16.5130015,2.694183,0.0,0.0,0.0
2023-09-14 00:00:00,0.0,16.313002,2.657066,0.0,0.0,0.0
2023-09-14 00:30:00,0.0,16.213001,2.6409735,0.0,0.0,0.0
2023-09-14 01:00:00,0.0,16.113,2.624881,0.0,0.0,0.0
2023-09-14 01:30:00,0.0,16.088001,2.624881,0.0,0.0,0.0
2023-09-14 02:00:00,0.0,16.063002,2.624881,0.0,0.0,0.0
2023-09-14 02:30:00,0.0,15.963001,2.5624405,0.0,0.0,0.0
2023-09-14 03:00:00,0.0,15.863,2.5,0.0,0.0,0.0
2023-09-14 03:30:00,0.0,15.663,2.2624228,0.0,0.0,0.0
2023-09-14 04:00:00,0.0,15.463,2.0248456,0.0,0.0,0.0
2023-09-14 04:30:00,0.0,15.338,2.0859683,0.0,0.0,0.0
2023-09-14 05:00:00,0.0,15.213,2.147091,0.0,0.0,0.0
2023-09-14 05:30:00,0.0,15.188,2.39453,0.0,0.0,0.0
2023-09-14 06:00:00,0.0,15.163,2.641969,0.0,0.0,0.0
2023-09-14 06:30:00,0.0,15.213,2.819317,0.0,0.0,0.0
2023-09-14 07:00:00,2.276,15.263,2.996665,0.0,0.0,0.0
2023-09-14 07:30:00,42.579,16.263,3.2447575,59.274675,28.020755,158.03035
2023-09-14 08:00:00,136.56300000000002,17.263,3.49285,118.54935,56.04151,316.0607
2023-09-14 08:30:00,257.477,19.1130005,3.41750235,223.643325,76.79682,548.8734999999999
2023-09-14 09:00:00,383.493,20.963001,3.3421547,328.7373,97.55213,781.6863
2023-09-14 09:30:00,502.503,22.338001,4.0189486500000005,434.49722,104.685027,831.27702
2023-09-14 10:00:00,601.799,23.713001,4.6957426,540.25714,111.817924,880.86774
2023-09-14 10:30:00,690.6090000000002,24.6630005,5.12501,627.10167,115.496437,900.6140700000001
2023-09-14 11:00:00,763.624,25.613,5.5542774,713.9462,119.17495,920.3604
2023-09-14 11:30:00,819.237,26.213001,5.417214700000001,773.7012500000001,120.85549,925.19715
2023-09-14 12:00:00,867.47,26.813002,5.280152,833.4563,122.53603,930.0339
2023-09-14 12:30:00,893.4549999999999,27.238001,5.2787310000000005,861.79045,122.44496,925.968425
2023-09-14 13:00:00,907.112,27.663,5.27731,890.1246,122.35389,921.90295
2023-09-14 13:30:00,897.123,27.788,5.502219,883.02568,120.854385,907.683475
2023-09-14 14:00:00,887.0920000000001,27.913,5.727128,875.92676,119.35488,893.464
2023-09-14 14:30:00,851.367,28.263,5.3338878,834.98858,115.85127,869.96055
2023-09-14 15:00:00,806.255,28.613,4.9406476,794.0504,112.34766,846.4571
2023-09-14 15:30:00,734.6690000000001,27.813,4.99420955,725.1352999999999,107.2131825,812.7296799999999
2023-09-14 16:00:00,658.049,27.013,5.0477715,656.2202,102.078705,779.00226
2023-09-14 16:30:00,564.818,26.388,4.9677556,564.3543999999999,94.1870475,727.5874799999999
2023-09-14 17:00:00,457.98,25.763,4.8877397,472.4886,86.29539,676.1727
2023-09-14 17:30:00,364.913,25.013,4.62217185,367.91633,75.12518850000001,590.9253699999999
2023-09-14 18:00:00,220.058,24.263,4.356604,263.34406,63.954987,505.67804
2023-09-14 18:30:00,98.229,23.188,3.6386102,162.9482,45.349189,345.676535
2023-09-14 19:00:00,27.012,22.113,2.9206164,62.55234,26.743391,185.67503
2023-09-14 19:30:00,2.3480000000000003,21.0380005,2.6456351500000004,31.27617,13.3716955,92.837515
2023-09-14 20:00:00,0.0,19.963001,2.3706539,0.0,0.0,0.0
2023-09-14 20:30:00,0.0,19.213001,2.1340102,0.0,0.0,0.0
2023-09-14 21:00:00,0.0,18.463001,1.8973665,0.0,0.0,0.0
2023-09-14 21:30:00,0.0,18.1130005,1.933569,0.0,0.0,0.0
2023-09-14 22:00:00,0.0,17.763,1.9697715,0.0,0.0,0.0
2023-09-14 22:30:00,0.0,17.588,1.99730855,0.0,0.0,0.0
2023-09-14 23:00:00,0.0,17.413,2.0248456,0.0,0.0,0.0
2023-09-14 23:30:00,0.0,17.3130005,2.05645345,0.0,0.0,0.0
2023-09-15 00:00:00,0.0,17.213001,2.0880613,0.0,0.0,0.0
2023-09-15 00:30:00,0.0,17.1130005,2.10351165,0.0,0.0,0.0
2023-09-15 01:00:00,0.0,17.013,2.118962,0.0,0.0,0.0
2023-09-15 01:30:00,0.0,16.938000000000002,2.1662781,0.0,0.0,0.0
2023-09-15 02:00:00,0.0,16.863,2.2135942,0.0,0.0,0.0
2023-09-15 02:30:00,0.0,16.762999999999998,2.4797501000000004,0.0,0.0,0.0
2023-09-15 03:00:00,0.0,16.663,2.745906,0.0,0.0,0.0
2023-09-15 03:30:00,0.0,16.637999999999998,2.51531895,0.0,0.0,0.0
2023-09-15 04:00:00,0.0,16.613,2.2847319,0.0,0.0,0.0
2023-09-15 04:30:00,0.0,16.613,2.1041351500000003,0.0,0.0,0.0
2023-09-15 05:00:00,0.0,16.613,1.9235384,0.0,0.0,0.0
2023-09-15 05:30:00,0.0,16.637999999999998,1.881008,0.0,0.0,0.0
2023-09-15 06:00:00,0.0,16.663,1.8384776,0.0,0.0,0.0
2023-09-15 06:30:00,0.0,16.613001,1.7924513,0.0,0.0,0.0
2023-09-15 07:00:00,1.973,16.563002,1.746425,0.0,0.0,0.0
2023-09-15 07:30:00,39.313,17.463001,1.75921475,55.017292,26.96926,142.537615
2023-09-15 08:00:00,128.21200000000002,18.363,1.7720045,110.034584,53.93852,285.07523
2023-09-15 08:30:00,245.056,20.263,1.96766765,213.043017,75.1805,517.08339
2023-09-15 09:00:00,364.311,22.163,2.1633308,316.05145,96.42248,749.09155
2023-09-15 09:30:00,477.987,23.513,2.5394033,418.3342750000001,102.982045,799.422605
2023-09-15 10:00:00,576.2919999999999,24.863,2.9154758,520.6171,109.54161,849.75366
2023-09-15 10:30:00,662.011,25.763,3.63086915,605.23552,113.27042,870.009
2023-09-15 11:00:00,737.1999999999999,26.663,4.3462625,689.85394,116.99923,890.26434
2023-09-15 11:30:00,789.4689999999999,27.1880005,4.73633245,747.943145,118.714352,895.3487700000001
2023-09-15 12:00:00,829.562,27.713001,5.1264024,806.03235,120.429474,900.4332
2023-09-15 12:30:00,859.322,28.0380005,5.3672162,832.741,120.366022,895.72722
2023-09-15 13:00:00,871.6750000000001,28.363,5.60803,859.44965,120.30257,891.02124
2023-09-15 13:30:00,863.5139999999999,28.488,5.5617315000000005,852.785925,119.32067,877.06252
2023-09-15 14:00:00,843.0710000000001,28.613,5.515433,846.1222,118.33877,863.1038
2023-09-15 14:30:00,807.4920000000001,29.063,5.3209177,807.0583,114.84184,841.20625
2023-09-15 15:00:00,761.9169999999999,29.513,5.1264024,767.9944,111.34491,819.3087
2023-09-15 15:30:00,697.62,29.063,5.0055362,700.913125,106.21508,786.3461500000001
2023-09-15 16:00:00,617.845,28.613,4.88467,633.83185,101.08525,753.3836
2023-09-15 16:30:00,525.5840000000001,28.188,4.84753765,543.821105,93.620485,701.1037249999999
2023-09-15 17:00:00,422.902,27.763,4.8104053,453.81036,86.15572,648.82385
2023-09-15 17:30:00,309.231,27.063,4.43004815,351.63804500000003,74.167433,564.792495
2023-09-15 18:00:00,188.679,26.363,4.049691,249.46573,62.179146,480.76114
2023-09-15 18:30:00,85.559,25.088001,3.2546829,153.464785,42.49461,332.571915
2023-09-15 19:00:00,22.200000000000003,23.813002,2.4596748,57.46384,22.810074,184.38269
2023-09-15 19:30:00,0.439,22.5130015,2.21472315,28.731919999999995,11.405037,92.191345
2023-09-15 20:00:00,0.0,21.213001,1.9697715,0.0,0.0,0.0
2023-09-15 20:30:00,0.0,20.6880005,1.879313,0.0,0.0,0.0
2023-09-15 21:00:00,0.0,20.163,1.7888545,0.0,0.0,0.0
2023-09-15 21:30:00,0.0,19.888,1.7888545,0.0,0.0,0.0
2023-09-15 22:00:00,0.0,19.613,1.7888545,0.0,0.0,0.0
2023-09-15 22:30:00,0.0,19.4130005,1.82850425,0.0,0.0,0.0
2023-09-15 23:00:00,0.0,19.213001,1.868154,0.0,0.0,0.0
2023-09-15 23:30:00,0.0,19.1130005,1.9538809,0.0,0.0,0.0
2023-09-16 00:00:00,0.0,19.013,2.0396078,0.0,0.0,0.0
2023-09-16 00:30:00,0.0,18.938,2.0886817000000004,0.0,0.0,0.0
2023-09-16 01:00:00,0.0,18.863,2.1377556,0.0,0.0,0.0
2023-09-16 01:30:00,0.0,18.7880005,2.1377556,0.0,0.0,0.0
2023-09-16 02:00:00,0.0,18.713001,2.1377556,0.0,0.0,0.0
2023-09-16 02:30:00,0.0,18.6880005,2.377503,0.0,0.0,0.0
2023-09-16 03:00:00,0.0,18.663,2.6172504,0.0,0.0,0.0
2023-09-16 03:30:00,0.0,18.513,2.4266592,0.0,0.0,0.0
2023-09-16 04:00:00,0.0,18.363,2.236068,0.0,0.0,0.0
2023-09-16 04:30:00,0.0,18.1630005,2.1378379,0.0,0.0,0.0
2023-09-16 05:00:00,0.0,17.963001,2.0396078,0.0,0.0,0.0
2023-09-16 05:30:00,0.0,17.8880015,2.06383455,0.0,0.0,0.0
2023-09-16 06:00:00,0.0,17.813002,2.0880613,0.0,0.0,0.0
2023-09-16 06:30:00,0.0,17.8880015,2.1406163,0.0,0.0,0.0
2023-09-16 07:00:00,2.1770000000000005,17.963001,2.1931713,0.0,0.0,0.0
2023-09-16 07:30:00,38.757000000000005,18.6380015,2.25955595,51.8332975,29.156229,115.82591
2023-09-16 08:00:00,87.82799999999999,19.313002,2.3259406,103.666595,58.312458,231.65182
2023-09-16 08:30:00,272.831,20.788001,2.48300815,202.1513475,84.854434,441.40751
2023-09-16 09:00:00,364.042,22.263,2.6400757,300.6361,111.39641,651.1632
2023-09-16 09:30:00,427.501,23.4880005,3.08142935,395.490275,134.671955,671.03253
2023-09-16 10:00:00,565.266,24.713001,3.522783,490.34445,157.9475,690.90186
2023-09-16 10:30:00,682.308,25.6380015,4.0202628,568.662795,176.13133,698.7337950000001
2023-09-16 11:00:00,756.514,26.563002,4.5177426,646.98114,194.31516,706.56573
2023-09-16 11:30:00,792.0360000000001,27.213001,4.83034945,720.7164700000001,166.355175,785.8213499999999
2023-09-16 12:00:00,830.824,27.863,5.1429563,794.4518,138.39519,865.07697
2023-09-16 12:30:00,856.961,28.213001,5.366563149999999,823.848,132.910575,871.770235
2023-09-16 13:00:00,870.6220000000001,28.563002,5.59017,853.2442,127.42596,878.4635
2023-09-16 13:30:00,864.309,28.713001,5.6128855,846.6169749999999,122.867185,869.015075
2023-09-16 14:00:00,843.888,28.863,5.635601,839.98975,118.30841,859.56665
2023-09-16 14:30:00,811.809,28.963001,5.41635775,799.5332249999999,116.703255,833.526175
2023-09-16 15:00:00,762.5479999999999,29.063002,5.1971145,759.0767,115.0981,807.4857
2023-09-16 15:30:00,692.985,28.3880015,5.23863325,692.0968,108.95968,775.291435
2023-09-16 16:00:00,615.452,27.713001,5.280152,625.1169,102.82126,743.09717
2023-09-16 16:30:00,524.294,27.213001,5.1939943500000005,535.6799,94.416865,691.989785
2023-09-16 17:00:00,419.184,26.713001,5.1078367,446.2429,86.01247,640.8824
2023-09-16 17:30:00,301.481,25.9880005,4.5965881,345.05461,73.95563,556.907815
2023-09-16 18:00:00,183.541,25.263,4.0853395,243.86632,61.89879,472.93323
2023-09-16 18:30:00,83.44000000000001,24.188,3.2520082500000003,148.588157,41.738322,323.17759
2023-09-16 19:00:00,21.097,23.113,2.418677,53.309994,21.577854,173.42195
2023-09-16 19:30:00,0.485,22.013,2.2401149,26.654997,10.788927,86.710975
2023-09-16 20:00:00,0.0,20.913,2.0615528,0.0,0.0,0.0
2023-09-16 20:30:00,0.0,20.463,2.02701935,0.0,0.0,0.0
2023-09-16 21:00:00,0.0,20.013,1.9924859,0.0,0.0,0.0
2023-09-16 21:30:00,0.0,19.713,2.05572395,0.0,0.0,0.0
2023-09-16 22:00:00,0.0,19.413,2.118962,0.0,0.0,0.0
2023-09-16 22:30:00,0.0,19.213,2.0251414,0.0,0.0,0.0
2023-09-16 23:00:00,0.0,19.013,1.9313208,0.0,0.0,0.0
2023-09-16 23:30:00,0.0,18.938,1.9854643,0.0,0.0,0.0
2023-09-17 00:00:00,0.0,18.863,2.0396078,0.0,0.0,0.0
2023-09-17 00:30:00,0.0,18.863,2.2218854,0.0,0.0,0.0
2023-09-17 01:00:00,0.0,18.863,2.404163,0.0,0.0,0.0
2023-09-17 01:30:00,0.0,18.888,2.5306145,0.0,0.0,0.0
2023-09-17 02:00:00,0.0,18.913,2.657066,0.0,0.0,0.0
2023-09-17 02:30:00,0.0,19.138,2.7603151500000003,0.0,0.0,0.0
2023-09-17 03:00:00,0.0,19.363,2.8635643,0.0,0.0,0.0
2023-09-17 03:30:00,0.0,19.2880005,2.60864235,0.0,0.0,0.0
2023-09-17 04:00:00,0.0,19.213001,2.3537204,0.0,0.0,0.0
2023-09-17 04:30:00,0.0,19.1880005,2.4137919,0.0,0.0,0.0
2023-09-17 05:00:00,0.0,19.163,2.4738634,0.0,0.0,0.0
2023-09-17 05:30:00,0.0,19.0630005,2.5224277,0.0,0.0,0.0
2023-09-17 06:00:00,0.0,18.963001,2.570992,0.0,0.0,0.0
2023-09-17 06:30:00,0.0,18.9380005,2.7560401,0.0,0.0,0.0
2023-09-17 07:00:00,1.396,18.913,2.9410882,0.0,0.0,0.0
2023-09-17 07:30:00,35.134,19.5630005,3.03659,51.887915,27.0249575,127.63372
2023-09-17 08:00:00,125.489,20.213001,3.1320918,103.77583,54.049915,255.26744
2023-09-17 08:30:00,241.277,21.6380015,3.2763089,205.902045,74.7760625,496.57032
2023-09-17 09:00:00,364.129,23.063002,3.420526,308.02826,95.50221,737.8732
2023-09-17 09:30:00,478.775,23.8880015,4.2778495,409.97993,104.37027,785.6089
2023-09-17 10:00:00,582.899,24.713001,5.135173,511.9316,113.23833,833.3446
2023-09-17 10:30:00,679.7669999999999,25.1880005,5.3893767,585.6173,135.028735,810.5865
2023-09-17 11:00:00,756.2,25.663,5.6435804,659.303,156.81914,787.8284
2023-09-17 11:30:00,815.672,25.9380005,5.7987854500000005,701.54035,194.09659,733.12163
2023-09-17 12:00:00,868.1510000000001,26.213001,5.9539905,743.7777,231.37404,678.41486
2023-09-17 12:30:00,914.716,26.4130005,6.10948625,782.156365,209.462455,723.83011
2023-09-17 13:00:00,586.936,26.613,6.264982,820.53503,187.55087,769.24536
2023-09-17 13:30:00,799.114,26.588001,6.5621413,827.6879650000001,158.82797,806.16858
2023-09-17 14:00:00,868.054,26.563002,6.8593006,834.8409,130.10507,843.0918
2023-09-17 14:30:00,785.4110000000001,26.588001,6.6273058,796.3032000000001,128.27889,819.355225
2023-09-17 15:00:00,802.2919999999999,26.613,6.395311,757.7655,126.45271,795.61865
2023-09-17 15:30:00,728.7919999999999,26.063,6.603532850000001,657.0826500000001,139.14037000000002,687.401625
2023-09-17 16:00:00,443.55,25.513,6.8117547,556.3998,151.82803,579.1846
2023-09-17 16:30:00,513.486,24.888,6.6074395,464.38319,150.72739,489.37433
2023-09-17 17:00:00,253.272,24.263,6.4031243,372.36658,149.62675,399.56406
2023-09-17 17:30:00,298.928,23.563,5.913111649999999,278.596325,134.19523999999998,286.728145
2023-09-17 18:00:00,94.265,22.863,5.423099,184.82607,118.76373,173.89223
2023-09-17 18:30:00,144.03900000000002,22.113,5.080621,112.535527,73.00011699999999,123.43182000000002
2023-09-17 19:00:00,24.295,21.363,4.738143,40.244984,27.236504,72.97141
2023-09-17 19:30:00,0.871,20.763,4.6212925,20.122492,13.618251999999998,36.485705
2023-09-17 20:00:00,0.0,20.163,4.504442,0.0,0.0,0.0
2023-09-17 20:30:00,0.0,19.963,4.6543035,0.0,0.0,0.0
2023-09-17 21:00:00,0.0,19.763,4.804165,0.0,0.0,0.0
2023-09-17 21:30:00,0.0,19.763,4.9025825,0.0,0.0,0.0
2023-09-17 22:00:00,0.0,19.763,5.001,0.0,0.0,0.0
2023-09-17 22:30:00,0.0,19.7380005,4.9025825,0.0,0.0,0.0
2023-09-17 23:00:00,0.0,19.713001,4.804165,0.0,0.0,0.0
2023-09-17 23:30:00,0.0,19.7630015,4.8020825,0.0,0.0,0.0
2023-09-18 00:00:00,0.0,19.813002,4.8,0.0,0.0,0.0
2023-09-18 00:30:00,0.0,19.788001,4.55058135,0.0,0.0,0.0
2023-09-18 01:00:00,0.0,19.763,4.3011627,0.0,0.0,0.0
2023-09-18 01:30:00,0.0,19.763,4.05649315,0.0,0.0,0.0
2023-09-18 02:00:00,0.0,19.763,3.8118236,0.0,0.0,0.0
2023-09-18 02:30:00,0.0,19.588,3.7396238,0.0,0.0,0.0
2023-09-18 03:00:00,0.0,19.413,3.667424,0.0,0.0,0.0
2023-09-18 03:30:00,0.0,19.238001,3.44771325,0.0,0.0,0.0
2023-09-18 04:00:00,0.0,19.063002,3.2280025,0.0,0.0,0.0
2023-09-18 04:30:00,0.0,18.988001,3.24265095,0.0,0.0,0.0
2023-09-18 05:00:00,0.0,18.913,3.2572994,0.0,0.0,0.0
2023-09-18 05:30:00,0.0,18.863001,3.3643052,0.0,0.0,0.0
2023-09-18 06:00:00,0.0,18.813002,3.471311,0.0,0.0,0.0
2023-09-18 06:30:00,0.0,18.813002,3.77526325,0.0,0.0,0.0
2023-09-18 07:00:00,0.26,18.813002,4.0792155,0.0,0.0,0.0
2023-09-18 07:30:00,15.076,19.238001,4.21791005,46.533595,24.890065,111.668695
2023-09-18 08:00:00,60.617,19.663,4.3566046,93.06719,49.78013,223.33739
2023-09-18 08:30:00,54.59,20.613001,4.759484049999999,186.739865,78.14148,416.33053
2023-09-18 09:00:00,245.194,21.563002,5.1623635,280.41254,106.50283,609.32367
2023-09-18 09:30:00,192.805,22.213001,5.99914905,373.93127,119.945675,655.7761849999999
2023-09-18 10:00:00,642.623,22.863,6.8359346,467.45,133.38852,702.2287
2023-09-18 10:30:00,682.5690000000001,23.1630005,6.8359346,518.17455,170.53216,635.5773300000001
2023-09-18 11:00:00,400.809,23.463001,6.8359346,568.8991,207.6758,568.92596
2023-09-18 11:30:00,884.771,23.7630015,6.831177,643.1487500000001,208.96476,621.5870649999999
2023-09-18 12:00:00,219.518,24.063002,6.8264194,717.3984,210.25372,674.24817
2023-09-18 12:30:00,301.926,24.313002,6.96883895,762.80615,184.62331,733.263285
2023-09-18 13:00:00,961.791,24.563002,7.1112585,808.2139,158.9929,792.2784
2023-09-18 13:30:00,382.978,24.5130015,7.2569804,800.72235,157.34145999999998,779.2121
2023-09-18 14:00:00,718.437,24.463001,7.4027023,793.2308,155.69002,766.1458
2023-09-18 14:30:00,982.363,24.2630015,7.46764915,755.83308,153.39476000000002,742.41975
2023-09-18 15:00:00,787.213,24.063002,7.532596,718.43536,151.0995,718.6937
2023-09-18 15:30:00,718.315,23.613001,7.59285,646.71378,147.310225,670.15462
2023-09-18 16:00:00,655.159,23.163,7.653104,574.9922,143.52095,621.61554
2023-09-18 16:30:00,644.0129999999999,22.638,7.597825,490.75015,128.620685,575.64552
2023-09-18 17:00:00,176.41400000000002,22.113,7.542546,406.5081,113.72042,529.6755
2023-09-18 17:30:00,322.102,21.563,7.2009233,311.83686,94.901125,452.95475
2023-09-18 18:00:00,179.709,21.013,6.8593006,217.16562,76.08183,376.234
2023-09-18 18:30:00,54.354,20.388,6.08718655,129.968565,48.5393765,249.17782
2023-09-18 19:00:00,27.012,19.763,5.3150725,42.77151,20.996923,122.12164
2023-09-18 19:30:00,0.093,19.263,5.26617575,21.385755,10.4984615,61.06081999999999
2023-09-18 20:00:00,0.0,18.763,5.217279,0.0,0.0,0.0
2023-09-18 20:30:00,0.0,18.513,5.14043715,0.0,0.0,0.0
2023-09-18 21:00:00,0.0,18.263,5.0635953,0.0,0.0,0.0
2023-09-18 21:30:00,0.0,18.263,5.10570505,0.0,0.0,0.0
2023-09-18 22:00:00,0.0,18.263,5.1478148,0.0,0.0,0.0
2023-09-18 22:30:00,0.0,18.3630005,5.15508915,0.0,0.0,0.0
2023-09-18 23:00:00,0.0,18.463001,5.1623635,0.0,0.0,0.0
2023-09-18 23:30:00,0.0,18.5130015,5.0991175,0.0,0.0,0.0
2023-09-19 00:00:00,0.0,18.563002,5.0358715,0.0,0.0,0.0
2023-09-19 00:30:00,0.0,18.488001,5.03040455,0.0,0.0,0.0
2023-09-19 01:00:00,0.0,18.413,5.0249376,0.0,0.0,0.0
2023-09-19 01:30:00,0.0,18.4380005,5.1359205,0.0,0.0,0.0
2023-09-19 02:00:00,0.0,18.463001,5.2469034,0.0,0.0,0.0
2023-09-19 02:30:00,0.0,18.588001,5.0754914,0.0,0.0,0.0
2023-09-19 03:00:00,0.0,18.713001,4.9040794,0.0,0.0,0.0
2023-09-19 03:30:00,0.0,18.6630005,4.9520397,0.0,0.0,0.0
2023-09-19 04:00:00,0.0,18.613,5.0,0.0,0.0,0.0
2023-09-19 04:30:00,0.0,18.563,5.0622255,0.0,0.0,0.0
2023-09-19 05:00:00,0.0,18.513,5.124451,0.0,0.0,0.0
2023-09-19 05:30:00,0.0,18.388,5.139530349999999,0.0,0.0,0.0
2023-09-19 06:00:00,0.0,18.263,5.1546097,0.0,0.0,0.0
2023-09-19 06:30:00,0.0,18.088,5.1546097,0.0,0.0,0.0
2023-09-19 07:00:00,0.131,17.913,5.1546097,0.0,0.0,0.0
2023-09-19 07:30:00,8.291,18.138,5.04712275,44.41966,26.00175,95.50621
2023-09-19 08:00:00,28.482,18.363,4.9396358,88.83932,52.0035,191.01242
2023-09-19 08:30:00,224.021,19.063,5.3818617,183.59645,79.375373,398.927625
2023-09-19 09:00:00,174.257,19.763,5.8240876,278.35358,106.747246,606.84283
2023-09-19 09:30:00,111.015,20.438,6.1500988,371.30264,123.070448,646.83923
2023-09-19 10:00:00,719.433,21.113,6.47611,464.2517,139.39365,686.83563
2023-09-19 10:30:00,301.294,21.5380005,6.552417500000001,539.3044,144.83402999999998,710.574795
2023-09-19 11:00:00,789.468,21.963001,6.628725,614.3571,150.27441,734.31396
2023-09-19 11:30:00,283.978,22.4130005,6.6598818,672.2336499999999,162.30666,738.17443
2023-09-19 12:00:00,251.156,22.863,6.6910386,730.1102,174.33891,742.0349
2023-09-19 12:30:00,1004.971,23.113,6.73262715,761.47325,166.14736,760.06
2023-09-19 13:00:00,827.508,23.363,6.7742157,792.8363,157.95581,778.0851
2023-09-19 13:30:00,1025.317,23.5380005,6.8663320500000005,798.83575,151.876075,786.85595
2023-09-19 14:00:00,252.925,23.713001,6.9584484,804.8352,145.79634,795.6268
2023-09-19 14:30:00,285.141,23.3880015,6.685858,763.83255,139.862045,772.79103
2023-09-19 15:00:00,874.488,23.063002,6.4132676,722.8299,133.92775,749.95526
2023-09-19 15:30:00,650.653,22.938002,6.2872181000000005,660.45432,124.593615,725.026
2023-09-19 16:00:00,762.6490000000001,22.813002,6.1611686,598.07874,115.25948,700.09674
2023-09-19 16:30:00,521.5500000000001,22.538001,5.979290949999999,513.787155,102.104135,660.75267
2023-09-19 17:00:00,409.0369999999999,22.263,5.7974133,429.49557,88.94879,621.4086
2023-09-19 17:30:00,294.471,21.688,5.60286995,330.130835,74.973737,540.103575
2023-09-19 18:00:00,181.772,21.113,5.4083266,230.7661,60.998684,458.79855
2023-09-19 18:30:00,82.706,20.388,4.8065428,136.285795,39.563364,295.75515
2023-09-19 19:00:00,17.901,19.663,4.204759,41.80549,18.128044,132.71175
2023-09-19 19:30:00,0.0,18.913,3.9584506,20.902745,9.064022,66.355875
2023-09-19 20:00:00,0.0,18.163,3.7121422,0.0,0.0,0.0
2023-09-19 20:30:00,0.0,17.788,3.5560711,0.0,0.0,0.0
2023-09-19 21:00:00,0.0,17.413,3.4,0.0,0.0,0.0
2023-09-19 21:30:00,0.0,17.262999999999998,3.3552945,0.0,0.0,0.0
2023-09-19 22:00:00,0.0,17.113,3.310589,0.0,0.0,0.0
2023-09-19 22:30:00,0.0,16.963001,3.4670617,0.0,0.0,0.0
2023-09-19 23:00:00,0.0,16.813002,3.6235344,0.0,0.0,0.0
2023-09-19 23:30:00,0.0,16.688002,3.5610528,0.0,0.0,0.0
2023-09-20 00:00:00,0.0,16.563002,3.4985712,0.0,0.0,0.0
2023-09-20 00:30:00,0.0,16.438002,3.45589045,0.0,0.0,0.0
2023-09-20 01:00:00,0.0,16.313002,3.4132097,0.0,0.0,0.0
2023-09-20 01:30:00,0.0,16.088001,3.36265445,0.0,0.0,0.0
2023-09-20 02:00:00,0.0,15.863,3.3120992,0.0,0.0,0.0
2023-09-20 02:30:00,0.0,15.7130005,3.1137875,0.0,0.0,0.0
2023-09-20 03:00:00,0.0,15.563001,2.9154758,0.0,0.0,0.0
2023-09-20 03:30:00,0.0,15.5380005,2.7107344,0.0,0.0,0.0
2023-09-20 04:00:00,0.0,15.513,2.505993,0.0,0.0,0.0
2023-09-20 04:30:00,0.0,15.438,2.55010875,0.0,0.0,0.0
2023-09-20 05:00:00,0.0,15.363,2.5942245,0.0,0.0,0.0
2023-09-20 05:30:00,0.0,15.313,2.6180967500000003,0.0,0.0,0.0
2023-09-20 06:00:00,0.0,15.263,2.641969,0.0,0.0,0.0
2023-09-20 06:30:00,0.0,15.213,2.8050667,0.0,0.0,0.0
2023-09-20 07:00:00,1.031,15.163,2.9681644,0.0,0.0,0.0
2023-09-20 07:30:00,37.702,15.763,3.1759746,48.8111725,24.947933,124.366785
2023-09-20 08:00:00,135.811,16.363,3.3837848,97.622345,49.895866,248.73357
2023-09-20 08:30:00,255.422,17.9130005,3.3948309,204.5659925,74.38315800000001,503.894035
2023-09-20 09:00:00,382.345,19.463001,3.405877,311.50964,98.87045,759.0545
2023-09-20 09:30:00,487.6840000000001,20.838001,3.8737678,416.42694,105.589085,814.47825
2023-09-20 10:00:00,596.767,22.213001,4.3416586,521.34424,112.30772,869.902
2023-09-20 10:30:00,689.657,23.1380015,4.74230745,608.27702,115.838003,892.6731
2023-09-20 11:00:00,766.701,24.063002,5.1429563,695.2098,119.368286,915.4442
2023-09-20 11:30:00,821.336,24.6380015,5.232775,753.8857849999999,121.498008,919.625815
2023-09-20 12:00:00,865.0959999999999,25.213001,5.3225937,812.56177,123.62773,923.80743
2023-09-20 12:30:00,884.674,25.6630005,5.03669135,836.7878350000001,123.460425,915.93234
2023-09-20 13:00:00,898.8340000000001,26.113,4.750789,861.0139,123.29312,908.05725
2023-09-20 13:30:00,887.697,26.2880005,4.914095,853.4941,121.229152,894.809145
2023-09-20 14:00:00,871.6279999999999,26.463001,5.077401,845.9743,119.165184,881.56104
2023-09-20 14:30:00,837.0619999999999,26.463001,4.9661478,806.05585,116.069797,858.915105
2023-09-20 15:00:00,789.2339999999999,26.463001,4.8548946,766.1374,112.97441,836.26917
2023-09-20 15:30:00,721.7460000000001,26.0130015,4.7296203,693.17185,107.2643275,796.6433850000001
2023-09-20 16:00:00,644.596,25.563002,4.604346,620.2063,101.554245,757.0176
2023-09-20 16:30:00,540.712,25.213001,4.576485999999999,529.52795,93.0555025,704.60722
2023-09-20 17:00:00,430.462,24.863,4.548626,438.8496,84.55676,652.19684
2023-09-20 17:30:00,312.319,24.063,4.4794207,335.29909,72.252171,561.42923
2023-09-20 18:00:00,189.743,23.263,4.4102154,231.74858,59.947582,470.66162
2023-09-20 18:30:00,76.52199999999999,22.063,3.88513755,135.63784750000002,38.1940315,299.960435
2023-09-20 19:00:00,13.023,20.863,3.3600597,39.527115,16.440481,129.25925
2023-09-20 19:30:00,0.0,19.738,3.24527735,19.7635575,8.2202405,64.629625
2023-09-20 20:00:00,0.0,18.613,3.130495,0.0,0.0,0.0
2023-09-20 20:30:00,0.0,18.113,2.9115387,0.0,0.0,0.0
2023-09-20 21:00:00,0.0,17.613,2.6925824,0.0,0.0,0.0
2023-09-20 21:30:00,0.0,17.387999999999998,2.56694675,0.0,0.0,0.0
2023-09-20 22:00:00,0.0,17.163,2.4413111,0.0,0.0,0.0
2023-09-20 22:30:00,0.0,17.137999999999998,2.47365205,0.0,0.0,0.0
2023-09-20 23:00:00,0.0,17.113,2.505993,0.0,0.0,0.0
2023-09-20 23:30:00,0.0,17.063000000000002,2.50699015,0.0,0.0,0.0
2023-09-21 00:00:00,0.0,17.013,2.5079873,0.0,0.0,0.0
2023-09-21 00:30:00,0.0,16.9880005,2.64683235,0.0,0.0,0.0
2023-09-21 01:00:00,0.0,16.963001,2.7856774,0.0,0.0,0.0
2023-09-21 01:30:00,0.0,17.088001,2.80085155,0.0,0.0,0.0
2023-09-21 02:00:00,0.0,17.213001,2.8160257,0.0,0.0,0.0
2023-09-21 02:30:00,0.0,16.9880005,2.83103785,0.0,0.0,0.0
2023-09-21 03:00:00,0.0,16.763,2.84605,0.0,0.0,0.0
2023-09-21 03:30:00,0.0,16.663001,2.6977799,0.0,0.0,0.0
2023-09-21 04:00:00,0.0,16.563002,2.5495098,0.0,0.0,0.0
2023-09-21 04:30:00,0.0,16.563002,2.4840934,0.0,0.0,0.0
2023-09-21 05:00:00,0.0,16.563002,2.418677,0.0,0.0,0.0
2023-09-21 05:30:00,0.0,16.563002,2.2389015,0.0,0.0,0.0
2023-09-21 06:00:00,0.0,16.563002,2.059126,0.0,0.0,0.0
2023-09-21 06:30:00,0.0,16.563002,2.08431415,0.0,0.0,0.0
2023-09-21 07:00:00,0.451,16.563002,2.1095023,0.0,0.0,0.0
2023-09-21 07:30:00,28.105,17.1380015,2.13641655,45.613355,24.9787425,108.081605
2023-09-21 08:00:00,120.709,17.713001,2.1633308,91.22671,49.957485,216.16321
2023-09-21 08:30:00,239.99,19.213001,2.3544576,192.914535,71.8164425,470.15277
2023-09-21 09:00:00,353.048,20.713001,2.5455844,294.60236,93.6754,724.14233
2023-09-21 09:30:00,472.84,21.9880005,3.0341837,396.33998,101.851025,777.176845
2023-09-21 10:00:00,568.333,23.263,3.522783,498.0776,110.02665,830.21136
2023-09-21 10:30:00,663.6070000000001,24.188,4.19911585,581.2618200000001,113.6084,852.19348
2023-09-21 11:00:00,734.7900000000001,25.113,4.8754487,664.44604,117.19015,874.1756
2023-09-21 11:30:00,789.925,25.763,5.1589372,721.61517,118.826695,880.41278
2023-09-21 12:00:00,839.977,26.413,5.4424257,778.7843,120.46324,886.64996
2023-09-21 12:30:00,821.127,26.9380005,5.64738775,804.5659800000001,120.852092,881.6786500000001
2023-09-21 13:00:00,858.1659999999999,27.463001,5.8523498,830.34766,121.240944,876.70734
2023-09-21 13:30:00,861.5139999999999,27.5630005,5.9465224,822.78083,119.693952,863.1179500000001
2023-09-21 14:00:00,848.6080000000001,27.663,6.040695,815.214,118.14696,849.52856
2023-09-21 14:30:00,801.5889999999999,27.913,5.70362915,775.7725,115.05741,826.65353
2023-09-21 15:00:00,758.343,28.163,5.3665633,736.331,111.96786,803.7785
2023-09-21 15:30:00,647.387,27.463,5.43373615,668.924165,105.808412,770.6094
2023-09-21 16:00:00,518.922,26.763,5.500909,601.51733,99.648964,737.4403
2023-09-21 16:30:00,338.033,26.313,5.1886917,511.3291,91.600982,682.23505
2023-09-21 17:00:00,166.04000000000002,25.863,4.8764744,421.14087,83.553,627.0298
2023-09-21 17:30:00,226.168,25.088001,4.4212904,319.99721,70.8600285,536.70391
2023-09-21 18:00:00,96.433,24.313002,3.9661064,218.85355,58.167057,446.37802
2023-09-21 18:30:00,61.656,23.0130015,3.5386882,125.51043,37.617713,265.3893
2023-09-21 19:00:00,14.897,21.713001,3.11127,32.16731,17.068369,84.40058
2023-09-21 19:30:00,0.0,20.6880005,2.6958105000000003,16.083655,8.5341845,42.20029
2023-09-21 20:00:00,0.0,19.663,2.280351,0.0,0.0,0.0
2023-09-21 20:30:00,0.0,19.4380005,2.12632965,0.0,0.0,0.0
2023-09-21 21:00:00,0.0,19.213001,1.9723083,0.0,0.0,0.0
2023-09-21 21:30:00,0.0,19.1380015,1.92955225,0.0,0.0,0.0
2023-09-21 22:00:00,0.0,19.063002,1.8867962,0.0,0.0,0.0
2023-09-21 22:30:00,0.0,18.913001,1.77104535,0.0,0.0,0.0
2023-09-21 23:00:00,0.0,18.763,1.6552945,0.0,0.0,0.0
2023-09-21 23:30:00,0.0,18.588,1.7008597499999998,0.0,0.0,0.0
2023-09-22 00:00:00,0.0,18.413,1.746425,0.0,0.0,0.0
2023-09-22 00:30:00,0.0,18.413,1.8856353,0.0,0.0,0.0
2023-09-22 01:00:00,0.0,18.413,2.0248456,0.0,0.0,0.0
2023-09-22 01:30:00,0.0,18.463,2.0719038,0.0,0.0,0.0
2023-09-22 02:00:00,0.0,18.513,2.118962,0.0,0.0,0.0
2023-09-22 02:30:00,0.0,18.438,2.21382065,0.0,0.0,0.0
2023-09-22 03:00:00,0.0,18.363,2.3086793,0.0,0.0,0.0
2023-09-22 03:30:00,0.0,18.463001,2.29451515,0.0,0.0,0.0
2023-09-22 04:00:00,0.0,18.563002,2.280351,0.0,0.0,0.0
2023-09-22 04:30:00,0.0,18.463001,2.328662,0.0,0.0,0.0
2023-09-22 05:00:00,0.0,18.363,2.376973,0.0,0.0,0.0
2023-09-22 05:30:00,0.0,18.313,2.3165379,0.0,0.0,0.0
2023-09-22 06:00:00,0.0,18.263,2.2561028,0.0,0.0,0.0
2023-09-22 06:30:00,0.0,18.213,2.1478553,0.0,0.0,0.0
2023-09-22 07:00:00,0.0,18.163,2.0396078,0.0,0.0,0.0
2023-09-22 07:30:00,24.569,18.738001,2.0505803,43.497345,23.923538,103.040015
2023-09-22 08:00:00,116.364,19.313002,2.0615528,86.99469,47.847076,206.08003
2023-09-22 08:30:00,179.95499999999998,20.838001,2.2656852,187.754095,70.875028,457.160895
2023-09-22 09:00:00,333.048,22.363,2.4698176,288.5135,93.90298,708.24176
2023-09-22 09:30:00,446.231,23.588001,2.8727428,389.9351,102.00712,764.4294150000001
2023-09-22 10:00:00,544.162,24.813002,3.275668,491.3567,110.11126,820.61707
2023-09-22 10:30:00,629.505,25.588001,3.8972587,574.67685,114.220065,843.441635
2023-09-22 11:00:00,702.8960000000001,26.363,4.5188494,657.997,118.32887,866.2662
2023-09-22 11:30:00,758.118,26.863,4.7478982,714.7097,119.92716,872.7501
2023-09-22 12:00:00,795.523,27.363,4.976947,771.4224,121.52545,879.234
2023-09-22 12:30:00,821.837,27.7880005,5.15399415,796.7607,121.375972,874.8371850000001
2023-09-22 13:00:00,835.478,28.213001,5.3310413,822.099,121.226494,870.44037
2023-09-22 13:30:00,824.568,28.4130005,5.351130449999999,814.6028,119.669827,857.108
2023-09-22 14:00:00,805.04,28.613,5.3712196,807.1066,118.11316,843.77563
2023-09-22 14:30:00,769.433,28.7880005,5.16855165,764.4153,121.65025,808.0072299999999
2023-09-22 15:00:00,718.898,28.963001,4.9658837,721.724,125.18734,772.23883
2023-09-22 15:30:00,649.408,28.463001,4.83081315,657.2664,112.82403,750.3154
2023-09-22 16:00:00,574.105,27.963001,4.6957426,592.8088,100.46072,728.39197
2023-09-22 16:30:00,486.882,27.5380005,4.3201796,503.61996,91.926175,674.4400049999999
2023-09-22 17:00:00,325.885,27.113,3.9446166,414.43112,83.39163,620.48804
2023-09-22 17:30:00,313.128,26.388,3.4723083,314.940405,69.89225300000001,534.32674
2023-09-22 18:00:00,178.189,25.663,3.0,215.44969,56.392876,448.16544
2023-09-22 18:30:00,63.636,24.463,2.49247165,119.320685,37.351048500000005,237.698781
2023-09-22 19:00:00,14.097,23.263,1.9849433,23.19168,18.309221,27.232122
2023-09-22 19:30:00,0.0,22.188,1.89385945,11.59584,9.1546105,13.616060999999998
2023-09-22 20:00:00,0.0,21.113,1.8027756,0.0,0.0,0.0
2023-09-22 20:30:00,0.0,20.638,1.5338433,0.0,0.0,0.0
2023-09-22 21:00:00,0.0,20.163,1.264911,0.0,0.0,0.0
2023-09-22 21:30:00,0.0,19.988001,1.312529,0.0,0.0,0.0
2023-09-22 22:00:00,0.0,19.813002,1.360147,0.0,0.0,0.0
2023-09-22 22:30:00,0.0,19.713001,1.4367108,0.0,0.0,0.0
2023-09-22 23:00:00,0.0,19.613,1.5132746,0.0,0.0,0.0
2023-09-22 23:30:00,0.0,19.563,1.64263955,0.0,0.0,0.0
2023-09-23 00:00:00,0.0,19.513,1.7720045,0.0,0.0,0.0
2023-09-23 00:30:00,0.0,19.388,1.7720045,0.0,0.0,0.0
2023-09-23 01:00:00,0.0,19.263,1.7720045,0.0,0.0,0.0
2023-09-23 01:30:00,0.0,19.2380005,1.8079567,0.0,0.0,0.0
2023-09-23 02:00:00,0.0,19.213001,1.8439089,0.0,0.0,0.0
2023-09-23 02:30:00,0.0,18.7880005,1.8732693,0.0,0.0,0.0
2023-09-23 03:00:00,0.0,18.363,1.9026297,0.0,0.0,0.0
2023-09-23 03:30:00,0.0,18.588001,1.85270265,0.0,0.0,0.0
2023-09-23 04:00:00,0.0,18.813002,1.8027756,0.0,0.0,0.0
2023-09-23 04:30:00,0.0,18.838001,1.7746003,0.0,0.0,0.0
2023-09-23 05:00:00,0.0,18.863,1.746425,0.0,0.0,0.0
2023-09-23 05:30:00,0.0,18.763,1.68715355,0.0,0.0,0.0
2023-09-23 06:00:00,0.0,18.663,1.6278821,0.0,0.0,0.0
2023-09-23 06:30:00,0.0,18.5630005,1.61550205,0.0,0.0,0.0
2023-09-23 07:00:00,0.0,18.463001,1.603122,0.0,0.0,0.0
2023-09-23 07:30:00,22.533,19.1880005,1.603122,42.46703,22.8668615,103.69424999999998
2023-09-23 08:00:00,106.511,19.913,1.603122,84.93406,45.733723,207.3885
2023-09-23 08:30:00,213.883,21.5630005,1.87160765,187.76319,69.93463349999999,464.73447
2023-09-23 09:00:00,329.51699999999994,23.213001,2.1400933,290.59232,94.135544,722.08044
2023-09-23 09:30:00,441.57,24.463001,2.3603954,392.35097,101.573872,778.06017
2023-09-23 10:00:00,544.0450000000001,25.713001,2.5806975,494.10962,109.0122,834.0399
2023-09-23 10:30:00,631.557,26.6880005,3.08269355,577.80596,113.13423,855.998465
2023-09-23 11:00:00,704.9870000000001,27.663,3.5846896,661.5023,117.25626,877.95703
2023-09-23 11:30:00,758.408,28.3130005,4.02225495,718.06542,118.865275,883.497895
2023-09-23 12:00:00,797.626,28.963001,4.4598203,774.62854,120.47429,889.03876
2023-09-23 12:30:00,0.0,29.4880005,4.71838365,799.332945,120.333815,883.593505
2023-09-23 13:00:00,833.2760000000001,30.013,4.976947,824.03735,120.19334,878.14825
2023-09-23 13:30:00,833.0400000000001,30.213,5.08847365,815.947325,118.644185,864.138525
2023-09-23 14:00:00,813.6210000000001,30.413,5.2000003,807.8573,117.09503,850.1288
2023-09-23 14:30:00,772.477,30.913,5.1714783,767.4451300000001,113.525235,826.74308
2023-09-23 15:00:00,720.4170000000001,31.413,5.1429563,727.03296,109.95544,803.35736
2023-09-23 15:30:00,654.9179999999999,30.613001,5.031153,659.63901,104.256125,769.39933
2023-09-23 16:00:00,574.319,29.813002,4.9193497,592.24506,98.55681,735.4413
2023-09-23 16:30:00,481.85,29.213001,4.42944635,502.50868,90.8919075,679.4329
2023-09-23 17:00:00,375.797,28.613,3.939543,412.7723,83.227005,623.4245
2023-09-23 17:30:00,262.535,27.863,3.17807615,311.3249,70.7232245,528.48407
2023-09-23 18:00:00,149.518,27.113,2.4166093,209.8775,58.219444,433.54364
2023-09-23 18:30:00,61.628,25.6630005,1.998874,118.538675,35.138555,258.879865
2023-09-23 19:00:00,12.652,24.213001,1.5811387,27.19985,12.057666,84.21609
2023-09-23 19:30:00,0.0,23.0130015,1.4090352,13.599925000000002,6.028832999999999,42.108045
2023-09-23 20:00:00,0.0,21.813002,1.2369317,0.0,0.0,0.0
2023-09-23 20:30:00,0.0,21.313002,1.27038605,0.0,0.0,0.0
2023-09-23 21:00:00,0.0,20.813002,1.3038404,0.0,0.0,0.0
2023-09-23 21:30:00,0.0,20.6380015,1.30956745,0.0,0.0,0.0
2023-09-23 22:00:00,0.0,20.463001,1.3152945,0.0,0.0,0.0
2023-09-23 22:30:00,0.0,20.338001,1.4225002,0.0,0.0,0.0
2023-09-23 23:00:00,0.0,20.213001,1.5297059,0.0,0.0,0.0
2023-09-23 23:30:00,0.0,19.9880005,1.5214902499999998,0.0,0.0,0.0
2023-09-24 00:00:00,0.0,19.763,1.5132746,0.0,0.0,0.0
2023-09-24 00:30:00,0.0,19.463,1.5132746,0.0,0.0,0.0
2023-09-24 01:00:00,0.0,19.163,1.5132746,0.0,0.0,0.0
2023-09-24 01:30:00,0.0,19.0630005,1.6066373,0.0,0.0,0.0
2023-09-24 02:00:00,0.0,18.963001,1.7,0.0,0.0,0.0
2023-09-24 02:30:00,0.0,18.8630005,1.71313385,0.0,0.0,0.0
2023-09-24 03:00:00,0.0,18.763,1.7262677,0.0,0.0,0.0
2023-09-24 03:30:00,0.0,18.963,1.5631338499999998,0.0,0.0,0.0
2023-09-24 04:00:00,0.0,19.163,1.4,0.0,0.0,0.0
2023-09-24 04:30:00,0.0,18.888,1.5558621499999998,0.0,0.0,0.0
2023-09-24 05:00:00,0.0,18.613,1.7117243,0.0,0.0,0.0
2023-09-24 05:30:00,0.0,18.438,1.807177,0.0,0.0,0.0
2023-09-24 06:00:00,0.0,18.263,1.9026297,0.0,0.0,0.0
2023-09-24 06:30:00,0.0,18.438,1.95256405,0.0,0.0,0.0
2023-09-24 07:00:00,0.0,18.613,2.0024984,0.0,0.0,0.0
2023-09-24 07:30:00,20.165000000000003,19.463001,1.9012492,41.43637,22.899048,98.5602
2023-09-24 08:00:00,103.434,20.313002,1.8,82.87274,45.798096,197.1204
2023-09-24 08:30:00,212.433,22.288001,1.50207975,185.04846,69.40201300000001,459.106
2023-09-24 09:00:00,327.40200000000004,24.263,1.2041595,287.22418,93.00593,721.0916
2023-09-24 09:30:00,437.662,25.763,1.13358705,389.08379,101.05223,776.64705
2023-09-24 10:00:00,532.9499999999999,27.263,1.0630146,490.9434,109.09853,832.2025
2023-09-24 10:30:00,616.567,28.388,1.51639305,574.1052500000001,112.641055,854.7362
2023-09-24 11:00:00,683.335,29.513,1.9697715,657.2671,116.18358,877.2699
2023-09-24 11:30:00,741.5939999999999,30.263,2.5541213,714.3813,118.33185,883.0785000000001
2023-09-24 12:00:00,776.838,31.013,3.1384711,771.4955,120.48012,888.8871
2023-09-24 12:30:00,803.64,31.563,3.58480005,796.6982499999999,120.329475,884.2399
2023-09-24 13:00:00,809.3950000000001,32.113,4.031129,821.901,120.17883,879.5927
2023-09-24 13:30:00,803.672,32.488,4.011811,813.7776799999999,118.61986,865.65728
2023-09-24 14:00:00,787.3340000000001,32.863,3.992493,805.65436,117.06089,851.72186
2023-09-24 14:30:00,748.011,33.388,3.7203405,763.78241,113.952705,825.91516
2023-09-24 15:00:00,702.9950000000001,33.913,3.448188,721.91046,110.84452,800.10846
2023-09-24 15:30:00,643.005,32.738001,3.29332955,638.2739549999999,112.331315,730.70678
2023-09-24 16:00:00,565.408,31.563002,3.1384711,554.63745,113.81811,661.3051
2023-09-24 16:30:00,473.391,30.563002,3.09239015,464.83136,102.21412,602.213
2023-09-24 17:00:00,367.454,29.563002,3.0463092,375.02527,90.61013,543.1209
2023-09-24 17:30:00,256.165,28.6380015,2.6633301,282.17158,76.024572,457.055
2023-09-24 18:00:00,96.3,27.713001,2.280351,189.31789,61.439014,370.9891
2023-09-24 18:30:00,49.604000000000006,26.1880005,1.850809,106.2094335,36.0505015,219.962695
2023-09-24 19:00:00,6.287,24.663,1.421267,23.100977,10.661989,68.93629
2023-09-24 19:30:00,0.0,23.713,1.31890975,11.5504885,5.3309945,34.468145
2023-09-24 20:00:00,0.0,22.763,1.2165525,0.0,0.0,0.0
2023-09-24 20:30:00,0.0,22.563,1.1467927,0.0,0.0,0.0
2023-09-24 21:00:00,0.0,22.363,1.0770329,0.0,0.0,0.0
2023-09-24 21:30:00,0.0,23.063,1.1086042,0.0,0.0,0.0
2023-09-24 22:00:00,0.0,23.763,1.1401755,0.0,0.0,0.0
2023-09-24 22:30:00,0.0,23.9880005,0.874225875,0.0,0.0,0.0
2023-09-24 23:00:00,0.0,24.213001,0.60827625,0.0,0.0,0.0
2023-09-24 23:30:00,0.0,24.0630005,0.4622520049999999,0.0,0.0,0.0
2023-09-25 00:00:00,0.0,23.913,0.31622776,0.0,0.0,0.0
2023-09-25 00:30:00,0.0,23.5630005,0.4273721099999999,0.0,0.0,0.0
2023-09-25 01:00:00,0.0,23.213001,0.53851646,0.0,0.0,0.0
2023-09-25 01:30:00,0.0,21.6380015,0.82827523,0.0,0.0,0.0
2023-09-25 02:00:00,0.0,20.063002,1.118034,0.0,0.0,0.0
2023-09-25 02:30:00,0.0,19.863001,0.91957215,0.0,0.0,0.0
2023-09-25 03:00:00,0.0,19.663,0.7211103,0.0,0.0,0.0
2023-09-25 03:30:00,0.0,19.288,0.62981338,0.0,0.0,0.0
2023-09-25 04:00:00,0.0,18.913,0.53851646,0.0,0.0,0.0
2023-09-25 04:30:00,0.0,18.788,0.730235455,0.0,0.0,0.0
2023-09-25 05:00:00,0.0,18.663,0.92195445,0.0,0.0,0.0
2023-09-25 05:30:00,0.0,18.713,0.8640901249999999,0.0,0.0,0.0
2023-09-25 06:00:00,0.0,18.763,0.8062258,0.0,0.0,0.0
2023-09-25 06:30:00,0.0,18.563,0.8774545300000001,0.0,0.0,0.0
2023-09-25 07:00:00,0.0,18.363,0.94868326,0.0,0.0,0.0
2023-09-25 07:30:00,17.467000000000002,18.688,0.98424358,38.22129,22.9327735,81.68889
2023-09-25 08:00:00,36.373000000000005,19.013,1.0198039,76.44258,45.865547,163.37778
2023-09-25 08:30:00,246.217,20.8630005,1.40012665,180.147775,70.9272335,434.04076
2023-09-25 09:00:00,347.08900000000006,22.713001,1.7804494,283.85297,95.98892,704.70374
2023-09-25 09:30:00,470.299,24.5630005,1.54214495,386.409195,103.181095,767.55107
2023-09-25 10:00:00,532.508,26.413,1.3038405,488.96542,110.37327,830.3984
2023-09-25 10:30:00,600.441,27.513,1.55330805,572.6591599999999,113.29545,855.31773
2023-09-25 11:00:00,670.6059999999999,28.613,1.8027756,656.3529,116.21763,880.23706
2023-09-25 11:30:00,714.272,29.313,1.9013878,711.30105,120.46565,880.161255
2023-09-25 12:00:00,754.9879999999999,30.013,2.0,766.2492,124.71367,880.08545
2023-09-25 12:30:00,782.2739999999999,30.263,2.0259142,790.46145,124.475705,874.8209750000001
2023-09-25 13:00:00,798.303,30.513,2.0518284,814.6737,124.23774,869.5565
2023-09-25 13:30:00,789.77,30.413001,1.8164836,806.60397,121.61557,857.18645
2023-09-25 14:00:00,766.736,30.313002,1.5811388,798.53424,118.9934,844.8164
2023-09-25 14:30:00,733.752,30.313002,1.3428374,759.555695,114.41585,824.5818750000001
2023-09-25 15:00:00,688.4229999999999,30.313002,1.104536,720.57715,109.8383,804.34735
2023-09-25 15:30:00,633.402,29.738001,1.2041882,646.811575,105.004275,759.40164
2023-09-25 16:00:00,553.357,29.163,1.3038404,573.046,100.17025,714.45593
2023-09-25 16:30:00,462.531,28.538,1.4424896,484.53485,91.529465,659.0681649999999
2023-09-25 17:00:00,361.981,27.913,1.5811388,396.0237,82.88868,603.6804
2023-09-25 17:30:00,247.636,26.963,1.6637819,295.98234,69.48661849999999,507.77027
2023-09-25 18:00:00,134.51000000000002,26.013,1.746425,195.94098,56.084557,411.86014
2023-09-25 18:30:00,60.017,24.763,1.5402957,107.771748,32.66126225,234.525425
2023-09-25 19:00:00,10.21,23.513,1.3341664,19.602516,9.2379675,57.19071
2023-09-25 19:30:00,0.0,22.513,1.04787185,9.801258,4.61898375,28.595355
2023-09-25 20:00:00,0.0,21.513,0.7615773,0.0,0.0,0.0
2023-09-25 20:30:00,0.0,21.138,0.7009448650000001,0.0,0.0,0.0
2023-09-25 21:00:00,0.0,20.763,0.64031243,0.0,0.0,0.0
2023-09-25 21:30:00,0.0,20.388,0.723269115,0.0,0.0,0.0
2023-09-25 22:00:00,0.0,20.013,0.8062258,0.0,0.0,0.0
2023-09-25 22:30:00,0.0,19.688,0.9056067,0.0,0.0,0.0
2023-09-25 23:00:00,0.0,19.363,1.0049876,0.0,0.0,0.0
2023-09-25 23:30:00,0.0,18.988,1.154414,0.0,0.0,0.0
2023-09-26 00:00:00,0.0,18.613,1.3038404,0.0,0.0,0.0
2023-09-26 00:30:00,0.0,18.363,1.403585,0.0,0.0,0.0
2023-09-26 01:00:00,0.0,18.113,1.5033296,0.0,0.0,0.0
2023-09-26 01:30:00,0.0,18.263,1.37013065,0.0,0.0,0.0
2023-09-26 02:00:00,0.0,18.413,1.2369317,0.0,0.0,0.0
2023-09-26 02:30:00,0.0,18.388,1.3255726,0.0,0.0,0.0
2023-09-26 03:00:00,0.0,18.363,1.4142135,0.0,0.0,0.0
2023-09-26 03:30:00,0.0,18.263,1.1788058,0.0,0.0,0.0
2023-09-26 04:00:00,0.0,18.163,0.9433981,0.0,0.0,0.0
2023-09-26 04:30:00,0.0,18.038,0.901815315,0.0,0.0,0.0
2023-09-26 05:00:00,0.0,17.913,0.86023253,0.0,0.0,0.0
2023-09-26 05:30:00,0.0,17.538,0.721663865,0.0,0.0,0.0
2023-09-26 06:00:00,0.0,17.163,0.5830952,0.0,0.0,0.0
2023-09-26 06:30:00,0.0,17.0630005,0.5830952,0.0,0.0,0.0
2023-09-26 07:00:00,0.41,16.963001,0.5830952,0.0,0.0,0.0
2023-09-26 07:30:00,19.311,17.3130005,0.721663865,32.811565,25.155535,41.108925
2023-09-26 08:00:00,63.528,17.663,0.86023253,65.62313,50.31107,82.21785
2023-09-26 08:30:00,225.766,19.1880005,0.699374495,161.364415,85.65100000000001,299.088145
2023-09-26 09:00:00,328.985,20.713001,0.53851646,257.1057,120.99093,515.95844
2023-09-26 09:30:00,481.5609999999999,22.0630005,0.4754135149999999,363.14,122.260182,639.5147400000001
2023-09-26 10:00:00,530.1610000000001,23.413,0.41231057,469.1743,123.529434,763.07104
2023-09-26 10:30:00,603.784,24.4380005,0.5263115,551.79015,122.105255,802.32392
2023-09-26 11:00:00,663.54,25.463001,0.64031243,634.406,120.681076,841.5768
2023-09-26 11:30:00,720.982,26.1130005,1.712994915,667.58215,125.343003,814.1617
2023-09-26 12:00:00,783.716,26.763,2.7856774,700.7583,130.00493,786.7466
2023-09-26 12:30:00,793.114,26.763,3.5005627,714.3928,139.33252,759.969675
2023-09-26 13:00:00,807.6519999999999,26.763,4.215448,728.0273,148.66011,733.19275
2023-09-26 13:30:00,0.0,26.788001,4.373226000000001,726.29585,152.48863,721.653175
2023-09-26 14:00:00,798.152,26.813002,4.531004,724.5644,156.31715,710.1136
2023-09-26 14:30:00,763.685,26.538001,4.6534927,713.85905,135.4140225,744.97242
2023-09-26 15:00:00,714.534,26.263,4.7759814,703.1537,114.510895,779.83124
2023-09-26 15:30:00,665.599,26.1130005,4.6083512,619.3347249999999,114.5033425,710.26717
2023-09-26 16:00:00,595.3100000000001,25.963001,4.440721,535.51575,114.49579,640.7031
2023-09-26 16:30:00,145.25,25.7380005,4.34168075,446.974175,103.20079,579.7517
2023-09-26 17:00:00,123.581,25.513,4.2426405,358.4326,91.90579,518.8003
2023-09-26 17:30:00,279.233,24.763,3.88838005,261.034575,76.6347475,412.3001
2023-09-26 18:00:00,113.5,24.013,3.5341196,163.63655,61.363705,305.7999
2023-09-26 18:30:00,19.985,23.213,2.7327202,89.115599,34.476461,172.1273325
2023-09-26 19:00:00,3.611,22.413,1.9313208,14.594648,7.589217,38.454765
2023-09-26 19:30:00,0.0,21.713,1.4971677,7.297324,3.7946085,19.2273825
2023-09-26 20:00:00,0.0,21.013,1.0630146,0.0,0.0,0.0
2023-09-26 20:30:00,0.0,20.513,1.0905243,0.0,0.0,0.0
2023-09-26 21:00:00,0.0,20.013,1.118034,0.0,0.0,0.0
2023-09-26 21:30:00,0.0,19.638,1.059017,0.0,0.0,0.0
2023-09-26 22:00:00,0.0,19.263,1.0,0.0,0.0,0.0
2023-09-26 22:30:00,0.0,18.9880005,1.0408327000000002,0.0,0.0,0.0
2023-09-26 23:00:00,0.0,18.713001,1.0816654,0.0,0.0,0.0
2023-09-26 23:30:00,0.0,18.5630005,1.33140205,0.0,0.0,0.0
2023-09-27 00:00:00,0.0,18.413,1.5811387,0.0,0.0,0.0
2023-09-27 00:30:00,0.0,18.138,1.4976761,0.0,0.0,0.0
2023-09-27 01:00:00,0.0,17.863,1.4142135,0.0,0.0,0.0
2023-09-27 01:30:00,0.0,17.738,1.48813175,0.0,0.0,0.0
2023-09-27 02:00:00,0.0,17.613,1.56205,0.0,0.0,0.0
2023-09-27 02:30:00,0.0,17.113,1.4969160499999998,0.0,0.0,0.0
2023-09-27 03:00:00,0.0,16.613,1.4317821,0.0,0.0,0.0
2023-09-27 03:30:00,0.0,16.688000000000002,1.5405122,0.0,0.0,0.0
2023-09-27 04:00:00,0.0,16.763,1.6492423,0.0,0.0,0.0
2023-09-27 04:30:00,0.0,16.688000000000002,1.54051215,0.0,0.0,0.0
2023-09-27 05:00:00,0.0,16.613,1.431782,0.0,0.0,0.0
2023-09-27 05:30:00,0.0,16.463001,1.2989862,0.0,0.0,0.0
2023-09-27 06:00:00,0.0,16.313002,1.1661904,0.0,0.0,0.0
2023-09-27 06:30:00,0.0,16.188002,1.0102954,0.0,0.0,0.0
2023-09-27 07:00:00,0.0,16.063002,0.8544004,0.0,0.0,0.0
2023-09-27 07:30:00,15.796,16.488001,1.0980206,32.864565,19.71874,70.92971
2023-09-27 08:00:00,115.584,16.913,1.3416408,65.72913,39.43748,141.85942
2023-09-27 08:30:00,224.372,18.5630005,1.4785951,158.31866,74.17409,342.94451
2023-09-27 09:00:00,343.999,20.213001,1.6155494,250.90819,108.9107,544.0296
2023-09-27 09:30:00,452.504,21.2630015,1.9962612,344.782895,126.37618,599.599335
2023-09-27 10:00:00,549.898,22.313002,2.376973,438.6576,143.84166,655.16907
2023-09-27 10:30:00,627.751,22.538001,3.1198073,459.103365,187.654975,531.8662850000001
2023-09-27 11:00:00,721.007,22.763,3.8626416,479.54913,231.46829,408.5635
2023-09-27 11:30:00,551.881,23.163001,3.6777458,564.805065,206.636975,528.58755
2023-09-27 12:00:00,209.57,23.563002,3.49285,650.061,181.80566,648.6116
2023-09-27 12:30:00,857.539,23.938002,4.0659078,686.45567,168.27835499999998,685.5319999999999
2023-09-27 13:00:00,891.135,24.313002,4.6389656,722.85034,154.75105,722.4524
2023-09-27 13:30:00,440.398,23.688002,4.3119687,666.10452,170.74500999999998,626.6772000000001
2023-09-27 14:00:00,142.444,23.063002,3.9849718,609.3587,186.73897,530.902
2023-09-27 14:30:00,91.658,24.313002,4.0912949,617.7581,174.71320500000002,574.2903249999999
2023-09-27 15:00:00,25.839,25.563002,4.197618,626.1575,162.68744,617.67865
2023-09-27 15:30:00,40.077,22.8880015,3.9542065,431.062545,180.864405,337.14153
2023-09-27 16:00:00,203.599,20.213001,3.710795,235.96759,199.04137,56.60441
2023-09-27 16:30:00,435.672,20.9130005,2.7097979,268.88878,176.22377,174.15247
2023-09-27 17:00:00,309.773,21.613,1.7088008,301.80997,153.40617,291.70053
2023-09-27 17:30:00,218.274,21.388,2.35773005,240.93249000000003,104.37691,335.192505
2023-09-27 18:00:00,153.859,21.163,3.0066593,180.05501,55.34765,378.68448
2023-09-27 18:30:00,26.847999999999995,20.338,2.7543292,96.0021295,31.307042800000005,202.116059
2023-09-27 19:00:00,4.3500000000000005,19.513,2.5019991,11.949249,7.2664356,25.547638
2023-09-27 19:30:00,0.0,18.8630005,2.3611798,5.9746245,3.6332178,12.773819
2023-09-27 20:00:00,0.0,18.213001,2.2203605,0.0,0.0,0.0
2023-09-27 20:30:00,0.0,17.8630005,1.71226,0.0,0.0,0.0
2023-09-27 21:00:00,0.0,17.513,1.2041595,0.0,0.0,0.0
2023-09-27 21:30:00,0.0,17.263,0.78235732,0.0,0.0,0.0
2023-09-27 22:00:00,0.0,17.013,0.36055514,0.0,0.0,0.0
2023-09-27 22:30:00,0.0,16.713,0.5610662200000001,0.0,0.0,0.0
2023-09-27 23:00:00,0.0,16.413,0.7615773,0.0,0.0,0.0
2023-09-27 23:30:00,0.0,16.1130005,1.2653789,0.0,0.0,0.0
2023-09-28 00:00:00,0.0,15.813001,1.7691805,0.0,0.0,0.0
2023-09-28 00:30:00,0.0,15.863,2.21594295,0.0,0.0,0.0
2023-09-28 01:00:00,0.0,15.912999,2.6627054,0.0,0.0,0.0
2023-09-28 01:30:00,0.0,15.9629995,2.7214965500000003,0.0,0.0,0.0
2023-09-28 02:00:00,0.0,16.013,2.7802877,0.0,0.0,0.0
2023-09-28 02:30:00,0.0,16.688000000000002,2.444895,0.0,0.0,0.0
2023-09-28 03:00:00,0.0,17.363,2.1095023,0.0,0.0,0.0
2023-09-28 03:30:00,0.0,17.2880005,2.36337635,0.0,0.0,0.0
2023-09-28 04:00:00,0.0,17.213001,2.6172504,0.0,0.0,0.0
2023-09-28 04:30:00,0.0,17.1380015,2.4488007,0.0,0.0,0.0
2023-09-28 05:00:00,0.0,17.063002,2.280351,0.0,0.0,0.0
2023-09-28 05:30:00,0.0,16.8880015,1.9017528,0.0,0.0,0.0
2023-09-28 06:00:00,0.0,16.713001,1.5231546,0.0,0.0,0.0
2023-09-28 06:30:00,0.0,16.3630005,1.23591893,0.0,0.0,0.0
2023-09-28 07:00:00,0.0,16.013,0.94868326,0.0,0.0,0.0
2023-09-28 07:30:00,19.589,16.338,1.03335863,31.8228225,19.752096,65.44319
2023-09-28 08:00:00,77.831,16.663,1.118034,63.645645,39.504192,130.88638
2023-09-28 08:30:00,276.784,18.0630005,0.809017,151.4035925,74.358343,317.09871
2023-09-28 09:00:00,348.693,19.463001,0.5,239.16154,109.212494,503.31104
2023-09-28 09:30:00,430.32499999999993,20.6630005,0.809017,334.93201,124.80361200000002,576.40407
2023-09-28 10:00:00,544.2059999999999,21.863,1.118034,430.70248,140.39473,649.4971
2023-09-28 10:30:00,616.679,22.763,1.8714575,505.60762,152.178175,669.61045
2023-09-28 11:00:00,752.1279999999999,23.663,2.624881,580.51276,163.96162,689.7238
2023-09-28 11:30:00,796.6490000000001,24.1880005,3.053848,612.13478,178.702895,658.2871
2023-09-28 12:00:00,863.25,24.713001,3.482815,643.7568,193.44417,626.8504
2023-09-28 12:30:00,956.639,24.6130005,3.932868,631.8533,205.136955,571.0216
2023-09-28 13:00:00,756.6260000000001,24.513,4.382921,619.9498,216.82974,515.1928
2023-09-28 13:30:00,934.938,24.3630005,4.3009628,642.07573,190.457525,573.3936
2023-09-28 14:00:00,988.292,24.213001,4.2190046,664.20166,164.08531,631.5944
2023-09-28 14:30:00,847.388,24.963001,3.8335962,627.5198800000001,162.396635,604.1551999999999
2023-09-28 15:00:00,757.3299999999999,25.713001,3.4481878,590.8381,160.70796,576.716
2023-09-28 15:30:00,671.2860000000001,25.213001,3.41080665,546.89378,144.68472000000003,577.3496
2023-09-28 16:00:00,595.592,24.713001,3.3734255,502.94946,128.66148,577.9832
2023-09-28 16:30:00,530.4369999999999,23.9130005,2.87519925,395.397995,116.7421,470.64645
2023-09-28 17:00:00,132.962,23.113,2.376973,287.84653,104.82272,363.3097
2023-09-28 17:30:00,78.75,22.438,1.6156867,217.325435,84.76397,308.273375
2023-09-28 18:00:00,65.646,21.763,0.8544004,146.80434,64.70522,253.23705
2023-09-28 18:30:00,18.37,20.963,0.9587075,77.1106277,34.426832,135.47038600000002
2023-09-28 19:00:00,4.139,20.163,1.0630146,7.4169154,4.148444,17.703722
2023-09-28 19:30:00,0.0,19.488001,1.3220767,3.7084577,2.074222,8.851861
2023-09-28 20:00:00,0.0,18.813002,1.5811388,0.0,0.0,0.0
2023-09-28 20:30:00,0.0,18.488001,1.3495864,0.0,0.0,0.0
2023-09-28 21:00:00,0.0,18.163,1.118034,0.0,0.0,0.0
2023-09-28 21:30:00,0.0,17.9380005,1.3106818,0.0,0.0,0.0
2023-09-28 22:00:00,0.0,17.713001,1.5033296,0.0,0.0,0.0
2023-09-28 22:30:00,0.0,17.463001,1.4317383,0.0,0.0,0.0
2023-09-28 23:00:00,0.0,17.213001,1.360147,0.0,0.0,0.0
2023-09-28 23:30:00,0.0,17.0130015,1.110189765,0.0,0.0,0.0
2023-09-29 00:00:00,0.0,16.813002,0.86023253,0.0,0.0,0.0
2023-09-29 00:30:00,0.0,16.563002,1.000204015,0.0,0.0,0.0
2023-09-29 01:00:00,0.0,16.313002,1.1401755,0.0,0.0,0.0
2023-09-29 01:30:00,0.0,16.5130015,1.2200878,0.0,0.0,0.0
2023-09-29 02:00:00,0.0,16.713001,1.3000001,0.0,0.0,0.0
2023-09-29 02:30:00,0.0,16.713001,0.8081139300000001,0.0,0.0,0.0
2023-09-29 03:00:00,0.0,16.713001,0.31622776,0.0,0.0,0.0
2023-09-29 03:30:00,0.0,16.6630005,0.31622776,0.0,0.0,0.0
2023-09-29 04:00:00,0.0,16.613,0.31622776,0.0,0.0,0.0
2023-09-29 04:30:00,0.0,16.438000000000002,0.4622520049999999,0.0,0.0,0.0
2023-09-29 05:00:00,0.0,16.263,0.60827625,0.0,0.0,0.0
2023-09-29 05:30:00,0.0,16.188000000000002,0.731338325,0.0,0.0,0.0
2023-09-29 06:00:00,0.0,16.113,0.8544004,0.0,0.0,0.0
2023-09-29 06:30:00,0.0,16.038,0.9862172,0.0,0.0,0.0
2023-09-29 07:00:00,0.0,15.963,1.118034,0.0,0.0,0.0
2023-09-29 07:30:00,6.643,16.188,1.26612375,30.780308,19.78734,59.88508999999999
2023-09-29 08:00:00,67.203,16.413,1.4142135,61.560616,39.57468,119.77018
2023-09-29 08:30:00,216.88,17.3130005,1.2923417499999998,140.995908,74.5485475,277.06104
2023-09-29 09:00:00,504.37,18.213001,1.17047,220.4312,109.522415,434.3519
2023-09-29 09:30:00,475.953,19.1880005,1.0124352,301.34208,144.6680525,445.18326
2023-09-29 10:00:00,382.236,20.163,0.8544004,382.25296,179.81369,456.01462
2023-09-29 10:30:00,678.4359999999999,21.113001,0.8303130999999999,468.731245,168.589235,559.19051
2023-09-29 11:00:00,754.444,22.063002,0.8062258,555.20953,157.36478,662.3664
2023-09-29 11:30:00,650.9150000000001,22.663001,0.756666285,602.1463,147.924965,688.3558499999999
2023-09-29 12:00:00,171.36900000000003,23.263,0.70710677,649.08307,138.48515,714.3453
2023-09-29 12:30:00,945.989,22.8630005,1.358540985,652.802535,158.81456500000002,663.75485
2023-09-29 13:00:00,345.60200000000003,22.463001,2.0099752,656.522,179.14398,613.1644
2023-09-29 13:30:00,961.651,22.3630005,1.86084975,649.9503,175.519515,605.9005999999999
2023-09-29 14:00:00,287.814,22.263,1.7117243,643.3786,171.89505,598.6368
2023-09-29 14:30:00,186.639,22.088,2.02312385,614.58465,156.809305,598.8404499999999
2023-09-29 15:00:00,188.358,21.913,2.3345234,585.7907,141.72356,599.0441
2023-09-29 15:30:00,875.252,21.263,2.6854844,496.47697,140.51995499999998,507.86995
2023-09-29 16:00:00,764.2330000000001,20.613,3.0364454,407.16324,139.31635,416.6958
2023-09-29 16:30:00,568.552,20.563,2.7998233,359.640245,129.8403575,400.567565
2023-09-29 17:00:00,292.198,20.513,2.5632012,312.11725,120.364365,384.43933
2023-09-29 17:30:00,93.689,20.4880005,2.53559425,225.137,91.958235,309.119925
2023-09-29 18:00:00,68.297,20.463001,2.5079873,138.15675,63.552105,233.80052
2023-09-29 18:30:00,24.296,19.9130005,2.5520691,71.51482499999999,33.124801649999995,122.7429575
2023-09-29 19:00:00,5.569,19.363,2.5961509,4.8729,2.6974983,11.685395
2023-09-29 19:30:00,0.0,18.7880005,2.58357145,2.43645,1.34874915,5.8426975
2023-09-29 20:00:00,0.0,18.213001,2.570992,0.0,0.0,0.0
2023-09-29 20:30:00,0.0,18.0130015,2.58357145,0.0,0.0,0.0
2023-09-29 21:00:00,0.0,17.813002,2.5961509,0.0,0.0,0.0
2023-09-29 21:30:00,0.0,17.613001,2.5600183000000003,0.0,0.0,0.0
2023-09-29 22:00:00,0.0,17.413,2.5238857,0.0,0.0,0.0
2023-09-29 22:30:00,0.0,17.288,2.31313265,0.0,0.0,0.0
2023-09-29 23:00:00,0.0,17.163,2.1023796,0.0,0.0,0.0
2023-09-29 23:30:00,0.0,17.012999999999998,2.0574204,0.0,0.0,0.0
2023-09-30 00:00:00,0.0,16.863,2.0124612,0.0,0.0,0.0
2023-09-30 00:30:00,0.0,16.713001,1.90065785,0.0,0.0,0.0
2023-09-30 01:00:00,0.0,16.563002,1.7888545,0.0,0.0,0.0
2023-09-30 01:30:00,0.0,16.413001,1.63773065,0.0,0.0,0.0
2023-09-30 02:00:00,0.0,16.263,1.4866068,0.0,0.0,0.0
2023-09-30 02:30:00,0.0,16.087999500000002,1.34538315,0.0,0.0,0.0
2023-09-30 03:00:00,0.0,15.912999,1.2041595,0.0,0.0,0.0
2023-09-30 03:30:00,0.0,16.087999500000002,1.35871705,0.0,0.0,0.0
2023-09-30 04:00:00,0.0,16.263,1.5132746,0.0,0.0,0.0
2023-09-30 04:30:00,0.0,16.2380005,1.64263955,0.0,0.0,0.0
2023-09-30 05:00:00,0.0,16.213001,1.7720045,0.0,0.0,0.0
2023-09-30 05:30:00,0.0,16.213001,1.96535375,0.0,0.0,0.0
2023-09-30 06:00:00,0.0,16.213001,2.158703,0.0,0.0,0.0
2023-09-30 06:30:00,0.0,16.1630005,2.04112065,0.0,0.0,0.0
2023-09-30 07:00:00,0.0,16.113,1.9235383,0.0,0.0,0.0
2023-09-30 07:30:00,11.476,16.313000000000002,1.9170178,28.634943,18.722847,54.250635
2023-09-30 08:00:00,102.177,16.513,1.9104973,57.269886,37.445694,108.50127
2023-09-30 08:30:00,224.837,17.838,1.98602505,155.16119300000005,69.47238899999999,354.3884350000001
2023-09-30 09:00:00,347.944,19.163,2.0615528,253.0525,101.499084,600.2756
2023-09-30 09:30:00,465.971,20.088,2.6800187,353.578235,109.747299,681.333875
2023-09-30 10:00:00,576.917,21.013,3.2984846,454.10397,117.995514,762.39215
2023-09-30 10:30:00,228.663,21.688,3.4692698,531.907605,122.7402995,784.860225
2023-09-30 11:00:00,771.749,22.363,3.640055,609.71124,127.485085,807.3283
2023-09-30 11:30:00,805.4209999999999,22.713001,3.7021804,660.60677,129.81816750000002,810.9986
2023-09-30 12:00:00,178.032,23.063002,3.7643058,711.5023,132.15125,814.6689
2023-09-30 12:30:00,901.576,23.2630015,3.8601569,693.1351999999999,146.47786000000002,739.09395
2023-09-30 13:00:00,923.008,23.463001,3.956008,674.7681,160.80447,663.519
2023-09-30 13:30:00,978.202,23.2630015,4.2418505,674.1997,165.83361000000002,652.6741999999999
2023-09-30 14:00:00,855.4000000000001,23.063002,4.527693,673.6313,170.86275,641.8294
2023-09-30 14:30:00,814.241,23.338001,3.3918979,621.05165,157.1986,609.3028850000001
2023-09-30 15:00:00,791.309,23.613,2.2561028,568.472,143.53445,576.77637
2023-09-30 15:30:00,138.241,23.263,3.0806139,507.8116,138.66033,533.97327
2023-09-30 16:00:00,173.106,22.913,3.905125,447.1512,133.78621,491.17017
2023-09-30 16:30:00,188.611,22.488001,3.9255045,366.03486,115.345818,435.95392
2023-09-30 17:00:00,433.852,22.063002,3.945884,284.91852,96.905426,380.73767
2023-09-30 17:30:00,86.08099999999999,21.688002,4.0235515,218.57099,76.2232115,344.314775
2023-09-30 18:00:00,33.474999999999994,21.313002,4.101219,152.22346,55.540997,307.89188
2023-09-30 18:30:00,56.538,20.413001,4.0006095,77.5540606,28.4916638,157.78285250000002
2023-09-30 19:00:00,7.241,19.513,3.9,2.8846612,1.4423306,7.673825
2023-09-30 19:30:00,0.0,18.838,3.40086195,1.4423306,0.7211653,3.8369125
2023-09-30 20:00:00,0.0,18.163,2.9017239,0.0,0.0,0.0
2023-09-30 20:30:00,0.0,17.863001,2.71577295,0.0,0.0,0.0
2023-09-30 21:00:00,0.0,17.563002,2.529822,0.0,0.0,0.0
2023-09-30 21:30:00,0.0,17.363001,2.4947484,0.0,0.0,0.0
2023-09-30 22:00:00,0.0,17.163,2.4596748,0.0,0.0,0.0
2023-09-30 22:30:00,0.0,16.838,2.0376121,0.0,0.0,0.0
2023-09-30 23:00:00,0.0,16.513,1.6155494,0.0,0.0,0.0
2023-09-30 23:30:00,0.0,16.313000000000002,1.52366575,0.0,0.0,0.0
2023-10-01 00:00:00,0.0,16.113,1.4317821,0.0,0.0,0.0
2023-10-01 00:30:00,0.0,15.938,1.61589105,0.0,0.0,0.0
2023-10-01 01:00:00,0.0,15.763,1.8,0.0,0.0,0.0
2023-10-01 01:30:00,0.0,15.563,1.85524865,0.0,0.0,0.0
2023-10-01 02:00:00,0.0,15.363,1.9104973,0.0,0.0,0.0
2023-10-01 02:30:00,0.0,15.963001,2.17180115,0.0,0.0,0.0
2023-10-01 03:00:00,0.0,16.563002,2.433105,0.0,0.0,0.0
2023-10-01 03:30:00,0.0,16.363001,2.35891845,0.0,0.0,0.0
2023-10-01 04:00:00,0.0,16.163,2.2847319,0.0,0.0,0.0
2023-10-01 04:30:00,0.0,16.163,2.5316104,0.0,0.0,0.0
2023-10-01 05:00:00,0.0,16.163,2.7784889,0.0,0.0,0.0
2023-10-01 05:30:00,0.0,16.213,2.8808877500000003,0.0,0.0,0.0
2023-10-01 06:00:00,0.0,16.263,2.9832866,0.0,0.0,0.0
2023-10-01 06:30:00,0.0,16.087999500000002,2.8645963,0.0,0.0,0.0
2023-10-01 07:00:00,0.0,15.912999,2.745906,0.0,0.0,0.0
2023-10-01 07:30:00,9.55,16.313,2.8056078500000003,29.794813000000005,17.656185,66.74495
2023-10-01 08:00:00,32.087,16.713001,2.8653097,59.589626,35.31237,133.4899
2023-10-01 08:30:00,28.564,18.6380015,3.3490317000000003,158.791113,65.071045,393.62075
2023-10-01 09:00:00,318.993,20.563002,3.8327537,257.9926,94.82972,653.7516
2023-10-01 09:30:00,443.401,21.313002,4.63896755,352.67522499999995,107.062575,701.5821000000001
2023-10-01 10:00:00,100.105,22.063002,5.4451814,447.35785,119.29543,749.4126
2023-10-01 10:30:00,697.049,22.6380015,5.76397205,532.518275,124.520615,785.4593
2023-10-01 11:00:00,200.069,23.213001,6.0827627,617.6787,129.7458,821.506
2023-10-01 11:30:00,823.283,23.4130005,6.09138135,643.470665,139.411635,778.38005
2023-10-01 12:00:00,850.7520000000001,23.613,6.1,669.26263,149.07747,735.2541
2023-10-01 12:30:00,876.2049999999999,23.7880005,6.133018,694.875665,146.79113,741.335975
2023-10-01 13:00:00,878.128,23.963001,6.166036,720.4887,144.50479,747.41785
2023-10-01 13:30:00,845.148,23.9880005,6.1591355,720.03165,140.97029500000002,747.325325
2023-10-01 14:00:00,851.25,24.013,6.152235,719.5746,137.4358,747.2328
2023-10-01 14:30:00,808.555,23.913001,5.9915935000000005,689.6412,127.70465,743.5575
2023-10-01 15:00:00,734.1030000000001,23.813002,5.830952,659.7078,117.9735,739.8822
2023-10-01 15:30:00,210.348,23.363001,6.22908415,594.0116,113.253445,701.41327
2023-10-01 16:00:00,611.183,22.913,6.6272163,528.3154,108.53339,662.94434
2023-10-01 16:30:00,466.8490000000001,22.663,6.56975615,437.28531,95.585935,601.0988199999999
2023-10-01 17:00:00,363.217,22.413,6.512296,346.25522,82.63848,539.2533
2023-10-01 17:30:00,248.65000000000003,21.963,6.206148000000001,253.764575,68.1982285,443.6222
2023-10-01 18:00:00,130.418,21.513,5.9,161.27393,53.757977,347.9911
2023-10-01 18:30:00,43.212,20.813,5.15,80.636965,26.8789885,173.99555
2023-10-01 19:00:00,3.825,20.113,4.4,0.0,0.0,0.0
2023-10-01 19:30:00,0.0,19.588001,3.9951323,0.0,0.0,0.0
2023-10-01 20:00:00,0.0,19.063002,3.5902646,0.0,0.0,0.0
2023-10-01 20:30:00,0.0,18.7630015,3.42991055,0.0,0.0,0.0
2023-10-01 21:00:00,0.0,18.463001,3.2695565,0.0,0.0,0.0
2023-10-01 21:30:00,0.0,18.2880005,3.2695565,0.0,0.0,0.0
2023-10-01 22:00:00,0.0,18.113,3.2695565,0.0,0.0,0.0
2023-10-01 22:30:00,0.0,17.887999999999998,3.2908278500000003,0.0,0.0,0.0
2023-10-01 23:00:00,0.0,17.663,3.3120992,0.0,0.0,0.0
2023-10-01 23:30:00,0.0,17.387999999999998,3.2371883500000003,0.0,0.0,0.0
2023-10-02 00:00:00,0.0,17.113,3.1622775,0.0,0.0,0.0
2023-10-02 00:30:00,0.0,16.813000000000002,3.09276045,0.0,0.0,0.0
2023-10-02 01:00:00,0.0,16.513,3.0232434,0.0,0.0,0.0
2023-10-02 01:30:00,0.0,16.438000000000002,3.1217458,0.0,0.0,0.0
2023-10-02 02:00:00,0.0,16.363,3.2202482,0.0,0.0,0.0
2023-10-02 02:30:00,0.0,17.5380005,3.9366021,0.0,0.0,0.0
2023-10-02 03:00:00,0.0,18.713001,4.652956,0.0,0.0,0.0
2023-10-02 03:30:00,0.0,18.588001,4.5859027,0.0,0.0,0.0
2023-10-02 04:00:00,0.0,18.463001,4.5188494,0.0,0.0,0.0
2023-10-02 04:30:00,0.0,18.3130005,4.38662935,0.0,0.0,0.0
2023-10-02 05:00:00,0.0,18.163,4.2544093,0.0,0.0,0.0
2023-10-02 05:30:00,0.0,18.113001,4.43209065,0.0,0.0,0.0
2023-10-02 06:00:00,0.0,18.063002,4.609772,0.0,0.0,0.0
2023-10-02 06:30:00,0.0,18.0130015,4.6081445,0.0,0.0,0.0
2023-10-02 07:00:00,0.0,17.963001,4.606517,0.0,0.0,0.0
2023-10-02 07:30:00,9.62,18.1880005,4.6975222500000005,29.8563135,17.69263,67.185815
2023-10-02 08:00:00,84.92299999999999,18.413,4.7885275,59.712627,35.38526,134.37163
2023-10-02 08:30:00,204.323,19.588,4.7250362500000005,160.6470835,64.553495,407.448665
2023-10-02 09:00:00,323.666,20.763,4.661545,261.58154,93.72173,680.5257
2023-10-02 09:30:00,439.857,20.538001,6.281089,353.48294,105.966825,716.64355
2023-10-02 10:00:00,549.442,20.313002,7.900633,445.38434,118.21192,752.7614
2023-10-02 10:30:00,652.044,21.113001,8.1366035,490.03872,139.53179500000002,692.89648
2023-10-02 11:00:00,750.2410000000001,21.913,8.372574,534.6931,160.85167,633.03156
2023-10-02 11:30:00,797.797,22.363001,8.4221455,592.4879,155.499125,671.82548
2023-10-02 12:00:00,832.796,22.813002,8.471717,650.2827,150.14658,710.6194
2023-10-02 12:30:00,876.477,22.938002,8.4290075,688.90955,145.791865,737.5627
2023-10-02 13:00:00,601.639,23.063002,8.386298,727.5364,141.43715,764.506
2023-10-02 13:30:00,205.175,23.1380015,8.419554,729.831065,136.96319499999998,769.2311
2023-10-02 14:00:00,290.479,23.213001,8.45281,732.12573,132.48924,773.9562
2023-10-02 14:30:00,189.947,22.963001,8.1154922,690.07678,127.08566,748.6629499999999
2023-10-02 15:00:00,746.847,22.713001,7.7781744,648.02783,121.68208,723.3697
2023-10-02 15:30:00,706.944,22.4130005,7.7623932,558.7770849999999,124.90809,633.308
2023-10-02 16:00:00,615.414,22.113,7.746612,469.52634,128.1341,543.2463
2023-10-02 16:30:00,275.75300000000004,21.638,7.6710025,386.471405,113.124877,483.745875
2023-10-02 17:00:00,187.672,21.163,7.595393,303.41647,98.115654,424.24545
2023-10-02 17:30:00,136.046,20.838,7.376104,223.949865,76.73920050000001,358.72926
2023-10-02 18:00:00,37.701,20.513,7.156815,144.48326,55.362747,293.21307
2023-10-02 18:30:00,16.452,19.888,6.8172345,72.24163,27.6813735,146.606535
2023-10-02 19:00:00,1.029,19.263,6.477654,0.0,0.0,0.0
2023-10-02 19:30:00,0.0,19.063,6.41412235,0.0,0.0,0.0
2023-10-02 20:00:00,0.0,18.863,6.3505907,0.0,0.0,0.0
2023-10-02 20:30:00,0.0,18.863,6.431059599999999,0.0,0.0,0.0
2023-10-02 21:00:00,0.0,18.863,6.5115285,0.0,0.0,0.0
2023-10-02 21:30:00,0.0,18.938,6.57012675,0.0,0.0,0.0
2023-10-02 22:00:00,0.0,19.013,6.628725,0.0,0.0,0.0
2023-10-02 22:30:00,0.0,18.963,6.6497785,0.0,0.0,0.0
2023-10-02 23:00:00,0.0,18.913,6.670832,0.0,0.0,0.0
2023-10-02 23:30:00,0.0,18.738001,6.59808365,0.0,0.0,0.0
2023-10-03 00:00:00,0.0,18.563002,6.5253353,0.0,0.0,0.0
2023-10-03 00:30:00,0.0,18.563002,6.62607365,0.0,0.0,0.0
2023-10-03 01:00:00,0.0,18.563002,6.726812,0.0,0.0,0.0
2023-10-03 01:30:00,0.0,18.563002,6.9418135,0.0,0.0,0.0
2023-10-03 02:00:00,0.0,18.563002,7.156815,0.0,0.0,0.0
2023-10-03 02:30:00,0.0,18.163001,6.1284075,0.0,0.0,0.0
2023-10-03 03:00:00,0.0,17.763,5.1,0.0,0.0,0.0
2023-10-03 03:30:00,0.0,17.763,4.84455875,0.0,0.0,0.0
2023-10-03 04:00:00,0.0,17.763,4.5891175,0.0,0.0,0.0
2023-10-03 04:30:00,0.0,17.288001,4.39515375,0.0,0.0,0.0
2023-10-03 05:00:00,0.0,16.813002,4.20119,0.0,0.0,0.0
2023-10-03 05:30:00,0.0,17.188002,5.07759025,0.0,0.0,0.0
2023-10-03 06:00:00,0.0,17.563002,5.9539905,0.0,0.0,0.0
2023-10-03 06:30:00,0.0,17.663001,6.27737375,0.0,0.0,0.0
2023-10-03 07:00:00,0.0,17.763,6.600757,0.0,0.0,0.0
2023-10-03 07:30:00,8.82,17.7380005,6.1521322000000005,23.2723465,15.514898499999996,43.03825
2023-10-03 08:00:00,23.231,17.713001,5.7035074,46.544693,31.029797,86.0765
2023-10-03 08:30:00,215.275,18.1380015,5.752184850000001,129.9190465,68.83824849999999,261.828075
2023-10-03 09:00:00,48.358,18.563002,5.8008623,213.2934,106.6467,437.57965
2023-10-03 09:30:00,76.001,18.963001,6.551800650000001,298.47496,126.230045,494.408205
2023-10-03 10:00:00,151.629,19.363,7.302739,383.65652,145.81339,551.23676
2023-10-03 10:30:00,774.9499999999999,19.588001,7.302739,447.61798,157.80003,566.686005
2023-10-03 11:00:00,196.66900000000004,19.813002,7.302739,511.57944,169.78667,582.13525
2023-10-03 11:30:00,975.269,20.363001,7.5526515,579.9012700000001,166.8465,636.963425
2023-10-03 12:00:00,816.731,20.913,7.802564,648.2231,163.90633,691.7916
2023-10-03 12:30:00,894.464,21.288,7.75160665,690.3871,155.208275,730.12212
2023-10-03 13:00:00,358.55999999999995,21.663,7.7006493,732.5511,146.51022,768.45264
2023-10-03 13:30:00,897.652,21.713,7.75064515,735.66825,139.480885,777.7112199999999
2023-10-03 14:00:00,256.223,21.763,7.800641,738.7854,132.45155,786.9698
2023-10-03 14:30:00,917.311,21.513,7.501709,697.944,129.390585,760.511085
2023-10-03 15:00:00,169.254,21.263,7.202777,657.1026,126.32962,734.05237
2023-10-03 15:30:00,731.1469999999999,20.913001,7.2544695,586.34442,124.03263,682.780765
2023-10-03 16:00:00,124.776,20.563002,7.306162,515.58624,121.73564,631.50916
2023-10-03 16:30:00,178.904,20.088001,7.211872899999999,418.61197,113.1031,542.436055
2023-10-03 17:00:00,318.646,19.613,7.1175838,321.6377,104.47056,453.36295
2023-10-03 17:30:00,76.563,19.0380005,6.9388804,232.81361,82.03776,367.80724
2023-10-03 18:00:00,137.661,18.463001,6.760177,143.98952,59.60496,282.25153
2023-10-03 18:30:00,40.525,17.8630005,6.117331699999999,71.99476,29.80248,141.125765
2023-10-03 19:00:00,2.556,17.263,5.4744864,0.0,0.0,0.0
2023-10-03 19:30:00,0.0,16.963,4.9733112,0.0,0.0,0.0
2023-10-03 20:00:00,0.0,16.663,4.472136,0.0,0.0,0.0
2023-10-03 20:30:00,0.0,16.512999999999998,4.226671,0.0,0.0,0.0
2023-10-03 21:00:00,0.0,16.363,3.981206,0.0,0.0,0.0
2023-10-03 21:30:00,0.0,16.313000000000002,3.8945463,0.0,0.0,0.0
2023-10-03 22:00:00,0.0,16.263,3.8078866,0.0,0.0,0.0
2023-10-03 22:30:00,0.0,16.188000000000002,3.8078866,0.0,0.0,0.0
2023-10-03 23:00:00,0.0,16.113,3.8078866,0.0,0.0,0.0
2023-10-03 23:30:00,0.0,16.113,3.83591115,0.0,0.0,0.0
2023-10-04 00:00:00,0.0,16.113,3.8639357,0.0,0.0,0.0
2023-10-04 00:30:00,0.0,16.113,3.84246515,0.0,0.0,0.0
2023-10-04 01:00:00,0.0,16.113,3.8209946,0.0,0.0,0.0
2023-10-04 01:30:00,0.0,16.038,3.6633521,0.0,0.0,0.0
2023-10-04 02:00:00,0.0,15.963,3.5057096,0.0,0.0,0.0
2023-10-04 02:30:00,0.0,16.238,3.8083353,0.0,0.0,0.0
2023-10-04 03:00:00,0.0,16.513,4.110961,0.0,0.0,0.0
2023-10-04 03:30:00,0.0,16.4880005,4.1649825,0.0,0.0,0.0
2023-10-04 04:00:00,0.0,16.463001,4.219004,0.0,0.0,0.0
2023-10-04 04:30:00,0.0,16.588001,4.3683733,0.0,0.0,0.0
2023-10-04 05:00:00,0.0,16.713001,4.5177426,0.0,0.0,0.0
2023-10-04 05:30:00,0.0,16.6380015,4.528783300000001,0.0,0.0,0.0
2023-10-04 06:00:00,0.0,16.563002,4.539824,0.0,0.0,0.0
2023-10-04 06:30:00,0.0,16.538001,4.28299425,0.0,0.0,0.0
2023-10-04 07:00:00,0.0,16.513,4.0261645,0.0,0.0,0.0
2023-10-04 07:30:00,10.877,16.6130005,3.84747585,25.5473175,17.772047,43.323745
2023-10-04 08:00:00,101.368,16.713001,3.6687872,51.094635,35.544094,86.64749
2023-10-04 08:30:00,214.004,17.5130015,3.7869561,145.91384749999995,69.860487,326.925215
2023-10-04 09:00:00,338.41200000000003,18.313002,3.905125,240.73306,104.17688,567.20294
2023-10-04 09:30:00,576.27,19.0130015,3.953812,338.70062,117.28958,641.149445
2023-10-04 10:00:00,577.58,19.713001,4.002499,436.66818,130.40228,715.09595
2023-10-04 10:30:00,663.5,20.3880015,3.93127545,518.0676100000001,136.804145,748.391055
2023-10-04 11:00:00,199.298,21.063002,3.8600519,599.46704,143.20601,781.68616
2023-10-04 11:30:00,792.526,21.563002,3.9726957,662.475645,137.171555,817.59923
2023-10-04 12:00:00,836.8620000000001,22.063002,4.0853395,725.48425,131.1371,853.5123
2023-10-04 12:30:00,858.7349999999999,22.338001,4.32356855,750.347275,127.626068,855.901475
2023-10-04 13:00:00,863.303,22.613,4.5617976,775.2103,124.115036,858.29065
2023-10-04 13:30:00,862.591,22.588001,4.8112148,764.2508499999999,123.850956,840.094175
2023-10-04 14:00:00,838.147,22.563002,5.060632,753.2914,123.586876,821.8977
2023-10-04 14:30:00,794.853,22.3880015,5.0690165,709.2591,122.097288,789.9347
2023-10-04 15:00:00,744.771,22.213001,5.077401,665.2268,120.6077,757.9717
2023-10-04 15:30:00,674.011,21.6380015,5.3117854,590.1396500000001,119.320285,699.72062
2023-10-04 16:00:00,584.747,21.063002,5.5461698,515.0525,118.03287,641.46954
2023-10-04 16:30:00,481.751,20.6380015,5.4131609,429.872015,102.102875,593.351895
2023-10-04 17:00:00,358.134,20.213001,5.280152,344.69153,86.17288,545.23425
2023-10-04 17:30:00,237.201,19.6130005,5.234782,247.72969,69.321375,439.76614
2023-10-04 18:00:00,121.65,19.013,5.189412,150.76785,52.46987,334.29803
2023-10-04 18:30:00,34.909,18.313,4.38495735,75.383925,26.234935,167.149015
2023-10-04 19:00:00,2.2390000000000003,17.613,3.5805027,0.0,0.0,0.0
2023-10-04 19:30:00,0.0,17.113,2.97029375,0.0,0.0,0.0
2023-10-04 20:00:00,0.0,16.613,2.3600848,0.0,0.0,0.0
2023-10-04 20:30:00,0.0,16.338001,2.16619655,0.0,0.0,0.0
2023-10-04 21:00:00,0.0,16.063002,1.9723083,0.0,0.0,0.0
2023-10-04 21:30:00,0.0,15.8630005,1.88754195,0.0,0.0,0.0
2023-10-04 22:00:00,0.0,15.662999,1.8027756,0.0,0.0,0.0
2023-10-04 22:30:00,0.0,15.5129995,1.7746003,0.0,0.0,0.0
2023-10-04 23:00:00,0.0,15.363,1.746425,0.0,0.0,0.0
2023-10-04 23:30:00,0.0,15.188,1.75921475,0.0,0.0,0.0
2023-10-05 00:00:00,0.0,15.013,1.7720045,0.0,0.0,0.0
2023-10-05 00:30:00,0.0,14.813,1.91677865,0.0,0.0,0.0
2023-10-05 01:00:00,0.0,14.613,2.0615528,0.0,0.0,0.0
2023-10-05 01:30:00,0.0,14.463,2.1375735,0.0,0.0,0.0
2023-10-05 02:00:00,0.0,14.313,2.2135942,0.0,0.0,0.0
2023-10-05 02:30:00,0.0,14.188,2.4306172000000004,0.0,0.0,0.0
2023-10-05 03:00:00,0.0,14.063,2.6476402,0.0,0.0,0.0
2023-10-05 03:30:00,0.0,14.088,2.5279796,0.0,0.0,0.0
2023-10-05 04:00:00,0.0,14.113,2.408319,0.0,0.0,0.0
2023-10-05 04:30:00,0.0,13.988,2.3810197,0.0,0.0,0.0
2023-10-05 05:00:00,0.0,13.863,2.3537204,0.0,0.0,0.0
2023-10-05 05:30:00,0.0,13.688,2.3049116,0.0,0.0,0.0
2023-10-05 06:00:00,0.0,13.513,2.2561028,0.0,0.0,0.0
2023-10-05 06:30:00,0.0,13.413,2.3049116,0.0,0.0,0.0
2023-10-05 07:00:00,0.0,13.313,2.3537204,0.0,0.0,0.0
2023-10-05 07:30:00,10.592,13.638,2.4026253,26.722852499999995,16.701782,56.07053499999999
2023-10-05 08:00:00,102.352,13.963,2.4515302,53.445705,33.403564,112.14107
2023-10-05 08:30:00,217.462,15.513001,2.5542981,153.8471825,64.726527,388.752635
2023-10-05 09:00:00,340.862,17.063002,2.657066,254.24866,96.04949,665.3642
2023-10-05 09:30:00,460.767,18.038001,3.10194775,355.25551,103.710307,738.36545
2023-10-05 10:00:00,567.8979999999999,19.013,3.5468295,456.26236,111.371124,811.3667
2023-10-05 10:30:00,654.8220000000001,19.663001,3.7640176,538.52803,115.6548995,837.2960800000001
2023-10-05 11:00:00,729.7099999999998,20.313002,3.9812057,620.7937,119.938675,863.22546
2023-10-05 11:30:00,784.7559999999999,20.8880015,3.9818336,674.76145,122.9002325,866.83578
2023-10-05 12:00:00,824.2900000000001,21.463001,3.9824615,728.7292,125.86179,870.4461
2023-10-05 12:30:00,846.523,21.8880015,3.878027,751.4266749999999,125.49152,865.2822
2023-10-05 13:00:00,857.3489999999999,22.313002,3.7735925,774.12415,125.12125,860.1183
2023-10-05 13:30:00,848.213,22.5130015,3.787454,762.1331250000001,125.8078975,839.3594499999999
2023-10-05 14:00:00,823.103,22.713001,3.8013155,750.1421,126.494545,818.6006
2023-10-05 14:30:00,791.379,22.7630015,3.76076525,694.7917500000001,127.2855875,767.4110000000001
2023-10-05 15:00:00,730.5939999999999,22.813002,3.720215,639.4414,128.07663,716.2214
2023-10-05 15:30:00,653.338,22.438002,4.00020085,580.5529,116.74071,696.9763
2023-10-05 16:00:00,569.665,22.063002,4.2801867,521.6644,105.40479,677.7312
2023-10-05 16:30:00,461.078,21.463001,4.34520105,432.36461,95.27846,613.6504
2023-10-05 17:00:00,354.051,20.863,4.4102154,343.06482,85.15213,549.5696
2023-10-05 17:30:00,235.109,19.963001,4.3834097,246.60264,67.928732,446.7249000000001
2023-10-05 18:00:00,120.318,19.063002,4.356604,150.14046,50.705334,343.8802
2023-10-05 18:30:00,34.72,18.238001,3.5096547,75.07023,25.352667,171.9401
2023-10-05 19:00:00,1.632,17.413,2.6627054,0.0,0.0,0.0
2023-10-05 19:30:00,0.0,17.038,2.3021771,0.0,0.0,0.0
2023-10-05 20:00:00,0.0,16.663,1.9416488,0.0,0.0,0.0
2023-10-05 20:30:00,0.0,16.262999999999998,1.9708244,0.0,0.0,0.0
2023-10-05 21:00:00,0.0,15.863,2.0,0.0,0.0,0.0
2023-10-05 21:30:00,0.0,15.6379995,1.6800735,0.0,0.0,0.0
2023-10-05 22:00:00,0.0,15.412999,1.360147,0.0,0.0,0.0
2023-10-05 22:30:00,0.0,15.2879995,1.4317383,0.0,0.0,0.0
2023-10-05 23:00:00,0.0,15.163,1.5033296,0.0,0.0,0.0
2023-10-05 23:30:00,0.0,14.713,1.4516648,0.0,0.0,0.0
2023-10-06 00:00:00,0.0,14.263,1.4,0.0,0.0,0.0
2023-10-06 00:30:00,0.0,13.763,1.6013878,0.0,0.0,0.0
2023-10-06 01:00:00,0.0,13.263,1.8027756,0.0,0.0,0.0
2023-10-06 01:30:00,0.0,13.038,1.7572499499999998,0.0,0.0,0.0
2023-10-06 02:00:00,0.0,12.813,1.7117243,0.0,0.0,0.0
2023-10-06 02:30:00,0.0,12.863,1.90586215,0.0,0.0,0.0
2023-10-06 03:00:00,0.0,12.913,2.1,0.0,0.0,0.0
2023-10-06 03:30:00,0.0,12.763,2.0512492,0.0,0.0,0.0
2023-10-06 04:00:00,0.0,12.613,2.0024984,0.0,0.0,0.0
2023-10-06 04:30:00,0.0,12.663,1.70835595,0.0,0.0,0.0
2023-10-06 05:00:00,0.0,12.713,1.4142135,0.0,0.0,0.0
2023-10-06 05:30:00,0.0,12.863,1.73788315,0.0,0.0,0.0
2023-10-06 06:00:00,0.0,13.013,2.0615528,0.0,0.0,0.0
2023-10-06 06:30:00,0.0,12.988,2.1588278,0.0,0.0,0.0
2023-10-06 07:00:00,0.0,12.963,2.2561028,0.0,0.0,0.0
2023-10-06 07:30:00,12.779,13.413,2.2953131,24.558795000000003,15.628324499999998,50.16880999999999
2023-10-06 08:00:00,77.252,13.863,2.3345234,49.11759,31.256649,100.33762
2023-10-06 08:30:00,148.003,15.488,2.2740588,147.867595,65.2353145,364.13118
2023-10-06 09:00:00,298.445,17.113,2.2135942,246.6176,99.21398,627.92474
2023-10-06 09:30:00,421.773,18.1630005,2.7223466,348.07554000000005,107.746655,708.97272
2023-10-06 10:00:00,539.509,19.213001,3.231099,449.53348,116.27933,790.0207
2023-10-06 10:30:00,634.248,19.963001,3.631114,531.95061,122.020578,816.89725
2023-10-06 11:00:00,745.6580000000001,20.713001,4.031129,614.36774,127.761826,843.7738
2023-10-06 11:30:00,246.349,21.1880005,4.2544258,662.59487,132.107133,838.8233
2023-10-06 12:00:00,862.268,21.663,4.4777226,710.822,136.45244,833.8728
2023-10-06 12:30:00,890.2170000000001,22.0630005,4.5437473,728.19885,137.901435,820.83575
2023-10-06 13:00:00,858.254,22.463001,4.609772,745.5757,139.35043,807.7987
2023-10-06 13:30:00,884.3969999999999,22.6880005,4.719943000000001,729.6193000000001,145.64893999999998,774.6715650000001
2023-10-06 14:00:00,835.8910000000001,22.913,4.830114,713.6629,151.94745,741.54443
2023-10-06 14:30:00,795.3199999999999,22.863001,4.8160985,666.96582,155.50743,695.8388950000001
2023-10-06 15:00:00,740.003,22.813002,4.802083,620.26874,159.06741,650.13336
2023-10-06 15:30:00,672.016,22.3880015,4.95055125,560.8763,138.872988,639.12991
2023-10-06 16:00:00,597.701,21.963001,5.0990195,501.48386,118.678566,628.12646
2023-10-06 16:30:00,479.2840000000001,21.4130005,5.04850925,417.37073,104.6721155,575.232295
2023-10-06 17:00:00,332.524,20.863,4.997999,333.2576,90.665665,522.33813
2023-10-06 17:30:00,220.984,20.213001,4.76008335,238.420525,70.4599365,425.333015
2023-10-06 18:00:00,112.22,19.563002,4.5221677,143.58345,50.254208,328.3279
2023-10-06 18:30:00,33.152,18.6380015,3.9676887,71.791725,25.127104,164.16395
2023-10-06 19:00:00,1.1030000000000002,17.713001,3.4132097,0.0,0.0,0.0
2023-10-06 19:30:00,0.0,16.9130005,3.0266427,0.0,0.0,0.0
2023-10-06 20:00:00,0.0,16.113,2.6400757,0.0,0.0,0.0
2023-10-06 20:30:00,0.0,15.613,2.32626845,0.0,0.0,0.0
2023-10-06 21:00:00,0.0,15.113,2.0124612,0.0,0.0,0.0
2023-10-06 21:30:00,0.0,14.838,1.9076184,0.0,0.0,0.0
2023-10-06 22:00:00,0.0,14.563,1.8027756,0.0,0.0,0.0
2023-10-06 22:30:00,0.0,14.438,2.1107263,0.0,0.0,0.0
2023-10-06 23:00:00,0.0,14.313,2.418677,0.0,0.0,0.0
2023-10-06 23:30:00,0.0,14.363,2.6021772,0.0,0.0,0.0
2023-10-07 00:00:00,0.0,14.413,2.7856774,0.0,0.0,0.0
2023-10-07 00:30:00,0.0,14.563,2.87944555,0.0,0.0,0.0
2023-10-07 01:00:00,0.0,14.713,2.9732137,0.0,0.0,0.0
2023-10-07 01:30:00,0.0,14.763,3.05265275,0.0,0.0,0.0
2023-10-07 02:00:00,0.0,14.813,3.1320918,0.0,0.0,0.0
2023-10-07 02:30:00,0.0,15.338,3.2190734,0.0,0.0,0.0
2023-10-07 03:00:00,0.0,15.863,3.306055,0.0,0.0,0.0
2023-10-07 03:30:00,0.0,15.538,2.6580151,0.0,0.0,0.0
2023-10-07 04:00:00,0.0,15.213,2.0099752,0.0,0.0,0.0
2023-10-07 04:30:00,0.0,14.788,1.97581195,0.0,0.0,0.0
2023-10-07 05:00:00,0.0,14.363,1.9416487,0.0,0.0,0.0
2023-10-07 05:30:00,0.0,14.313,2.24557925,0.0,0.0,0.0
2023-10-07 06:00:00,0.0,14.263,2.5495098,0.0,0.0,0.0
2023-10-07 06:30:00,0.0,14.288,2.5602509,0.0,0.0,0.0
2023-10-07 07:00:00,0.0,14.313,2.570992,0.0,0.0,0.0
2023-10-07 07:30:00,8.917,14.638,2.5979365,22.38686,14.5514595,44.18803
2023-10-07 08:00:00,37.69,14.963,2.624881,44.77372,29.102919,88.37606
2023-10-07 08:30:00,164.57,16.563,2.79904735,140.44119,62.9110645,344.97614500000003
2023-10-07 09:00:00,157.199,18.163,2.9732137,236.10866,96.71921,601.57623
2023-10-07 09:30:00,436.507,19.338,3.63427985,328.65429,113.75959,647.698315
2023-10-07 10:00:00,415.774,20.513,4.295346,421.19992,130.79997,693.8204
2023-10-07 10:30:00,175.555,21.088,4.74623025,497.89936,137.641615,722.12968
2023-10-07 11:00:00,303.159,21.663,5.1971145,574.5988,144.48326,750.43896
2023-10-07 11:30:00,796.1320000000001,22.0630005,5.31563305,627.9376500000001,149.46707,759.78778
2023-10-07 12:00:00,868.822,22.463001,5.4341516,681.2765,154.45088,769.1366
2023-10-07 12:30:00,851.144,22.713001,5.40965795,704.2399,148.9287,775.6761
2023-10-07 13:00:00,873.924,22.963001,5.3851643,727.2033,143.40652,782.2156
2023-10-07 13:30:00,875.9509999999999,23.088001,5.4818473,723.76345,141.775555,776.30168
2023-10-07 14:00:00,830.345,23.213001,5.5785303,720.3236,140.14459,770.38776
2023-10-07 14:30:00,819.819,22.7380005,5.524680849999999,686.11745,128.39625,764.9339299999999
2023-10-07 15:00:00,449.191,22.263,5.4708314,651.9113,116.64791,759.4801
2023-10-07 15:30:00,679.348,21.938,5.647888699999999,577.766335,114.925647,702.5849499999999
2023-10-07 16:00:00,580.8589999999999,21.613,5.824946,503.62137,113.203384,645.6898
2023-10-07 16:30:00,479.668,21.188,5.71693375,417.623185,99.786272,589.690025
2023-10-07 17:00:00,347.788,20.763,5.6089215,331.625,86.36916,533.69025
2023-10-07 17:30:00,125.712,20.163001,5.25650045,235.64399,68.4015065,426.557925
2023-10-07 18:00:00,104.788,19.563002,4.9040794,139.66298,50.433853,319.4256
2023-10-07 18:30:00,28.137,18.6380015,4.1520397,69.83149,25.2169265,159.7128
2023-10-07 19:00:00,0.163,17.713001,3.4,0.0,0.0,0.0
2023-10-07 19:30:00,0.0,16.9880005,2.88532695,0.0,0.0,0.0
2023-10-07 20:00:00,0.0,16.263,2.3706539,0.0,0.0,0.0
2023-10-07 20:30:00,0.0,15.813,2.26467845,0.0,0.0,0.0
2023-10-07 21:00:00,0.0,15.363,2.158703,0.0,0.0,0.0
2023-10-07 21:30:00,0.0,15.113,2.04112065,0.0,0.0,0.0
2023-10-07 22:00:00,0.0,14.863,1.9235383,0.0,0.0,0.0
2023-10-07 22:30:00,0.0,14.713,2.0057998,0.0,0.0,0.0
2023-10-07 23:00:00,0.0,14.563,2.0880613,0.0,0.0,0.0
2023-10-07 23:30:00,0.0,14.438,2.05645345,0.0,0.0,0.0
2023-10-08 00:00:00,0.0,14.313,2.0248456,0.0,0.0,0.0
2023-10-08 00:30:00,0.0,14.213,2.0719038,0.0,0.0,0.0
2023-10-08 01:00:00,0.0,14.113,2.118962,0.0,0.0,0.0
2023-10-08 01:30:00,0.0,14.063,2.1662781,0.0,0.0,0.0
2023-10-08 02:00:00,0.0,14.013,2.2135942,0.0,0.0,0.0
2023-10-08 02:30:00,0.0,14.038,2.1674572000000003,0.0,0.0,0.0
2023-10-08 03:00:00,0.0,14.063,2.1213202,0.0,0.0,0.0
2023-10-08 03:30:00,0.0,14.288,2.2975918,0.0,0.0,0.0
2023-10-08 04:00:00,0.0,14.513,2.4738634,0.0,0.0,0.0
2023-10-08 04:30:00,0.0,14.788,2.6599567,0.0,0.0,0.0
2023-10-08 05:00:00,0.0,15.063,2.84605,0.0,0.0,0.0
2023-10-08 05:30:00,0.0,15.063,2.8935691,0.0,0.0,0.0
2023-10-08 06:00:00,0.0,15.063,2.9410882,0.0,0.0,0.0
2023-10-08 06:30:00,0.0,15.013,2.8651767,0.0,0.0,0.0
2023-10-08 07:00:00,0.0,14.963,2.7892652,0.0,0.0,0.0
2023-10-08 07:30:00,6.181000000000001,15.163,2.7775643,20.205955,13.4706375,38.12198
2023-10-08 08:00:00,61.104,15.363,2.7658634,40.41191,26.941275,76.24396
2023-10-08 08:30:00,197.81500000000003,16.563000000000002,2.8225498,126.55464,60.5781075,297.22113
2023-10-08 09:00:00,315.26,17.763,2.8792362,212.69737,94.21494,518.1983
2023-10-08 09:30:00,445.884,18.7380005,3.2780957,306.359975,113.777905,580.21408
2023-10-08 10:00:00,196.274,19.713001,3.6769552,400.02258,133.34087,642.22986
2023-10-08 10:30:00,630.176,20.3880015,3.7859118,470.19249,158.39862499999998,634.42983
2023-10-08 11:00:00,706.6,21.063002,3.8948684,540.3624,183.45638,626.6298
2023-10-08 11:30:00,768.194,21.588001,3.88908305,590.225815,199.11507,625.5528
2023-10-08 12:00:00,803.605,22.113,3.8832977,640.08923,214.77376,624.4758
2023-10-08 12:30:00,830.7259999999999,22.588001,3.91205485,688.699715,178.066965,713.7304
2023-10-08 13:00:00,840.624,23.063002,3.940812,737.3102,141.36017,802.985
2023-10-08 13:30:00,828.0699999999999,23.113001,4.12098735,695.8938499999999,145.141595,739.12835
2023-10-08 14:00:00,802.277,23.163,4.3011627,654.4775,148.92302,675.2717
2023-10-08 14:30:00,769.45,23.363001,4.3011627,615.8755,151.08658,640.4557649999999
2023-10-08 15:00:00,612.164,23.563002,4.3011627,577.2735,153.25014,605.63983
2023-10-08 15:30:00,514.116,23.0130015,4.365304849999999,516.57843,142.959655,572.237065
2023-10-08 16:00:00,542.145,22.463001,4.429447,455.88336,132.66917,538.8343
2023-10-08 16:30:00,519.3290000000001,21.8130005,4.16023115,374.2386,112.661947,489.303485
2023-10-08 17:00:00,340.734,21.163,3.8910153,292.59384,92.654724,439.77267
2023-10-08 17:30:00,205.833,20.5630005,3.5802859,198.162535,70.339222,321.386075
2023-10-08 18:00:00,107.008,19.963001,3.2695565,103.73123,48.02372,202.99948
2023-10-08 18:30:00,27.483,19.2630015,2.79774855,51.865615000000005,24.01186,101.49974
2023-10-08 19:00:00,0.6010000000000001,18.563002,2.3259406,0.0,0.0,0.0
2023-10-08 19:30:00,0.0,18.063002,2.2697674,0.0,0.0,0.0
2023-10-08 20:00:00,0.0,17.563002,2.2135942,0.0,0.0,0.0
2023-10-08 20:30:00,0.0,17.213001,2.0081849,0.0,0.0,0.0
2023-10-08 21:00:00,0.0,16.863,1.8027756,0.0,0.0,0.0
2023-10-08 21:30:00,0.0,16.5380005,1.54170025,0.0,0.0,0.0
2023-10-08 22:00:00,0.0,16.213001,1.2806249,0.0,0.0,0.0
2023-10-08 22:30:00,0.0,15.6630005,1.43088185,0.0,0.0,0.0
2023-10-08 23:00:00,0.0,15.113,1.5811388,0.0,0.0,0.0
2023-10-08 23:30:00,0.0,14.763,1.4576526,0.0,0.0,0.0
2023-10-09 00:00:00,0.0,14.413,1.3341664,0.0,0.0,0.0
2023-10-09 00:30:00,0.0,14.263,1.2995386999999998,0.0,0.0,0.0
2023-10-09 01:00:00,0.0,14.113,1.264911,0.0,0.0,0.0
2023-10-09 01:30:00,0.0,13.988,1.25092135,0.0,0.0,0.0
2023-10-09 02:00:00,0.0,13.863,1.2369317,0.0,0.0,0.0
2023-10-09 02:30:00,0.0,13.813,1.2369317,0.0,0.0,0.0
2023-10-09 03:00:00,0.0,13.763,1.2369317,0.0,0.0,0.0
2023-10-09 03:30:00,0.0,13.963,1.37510315,0.0,0.0,0.0
2023-10-09 04:00:00,0.0,14.163,1.5132746,0.0,0.0,0.0
2023-10-09 04:30:00,0.0,14.063,1.5328460499999998,0.0,0.0,0.0
2023-10-09 05:00:00,0.0,13.963,1.5524175,0.0,0.0,0.0
2023-10-09 05:30:00,0.0,13.663,1.6143615,0.0,0.0,0.0
2023-10-09 06:00:00,0.0,13.363,1.6763055,0.0,0.0,0.0
2023-10-09 06:30:00,0.0,13.138,1.8204969,0.0,0.0,0.0
2023-10-09 07:00:00,0.0,12.913,1.9646883,0.0,0.0,0.0
2023-10-09 07:30:00,8.893,13.538,1.73400895,22.519445,14.63764,44.76367
2023-10-09 08:00:00,98.894,14.163,1.5033296,45.03889,29.27528,89.52734
2023-10-09 08:30:00,222.162,15.8130005,1.7956954500000002,145.742835,59.7717875,390.97392
2023-10-09 09:00:00,347.10900000000004,17.463001,2.0880613,246.44678,90.268295,692.4205
2023-10-09 09:30:00,465.275,18.9380005,2.27386805,346.90099999999995,99.8509825,756.4048
2023-10-09 10:00:00,569.1610000000001,20.413,2.4596748,447.35522,109.43367,820.3891
2023-10-09 10:30:00,653.6379999999999,21.4380005,2.9968972000000003,529.00761,113.6694375,845.5349
2023-10-09 11:00:00,723.601,22.463001,3.5341196,610.66,117.905205,870.6807
2023-10-09 11:30:00,780.621,23.1130005,3.7368313,665.09035,119.7944275,876.77145
2023-10-09 12:00:00,811.6759999999999,23.763,3.939543,719.5207,121.68365,882.8622
2023-10-09 12:30:00,836.407,24.313,4.12383735,741.60365,121.346952,876.87075
2023-10-09 13:00:00,852.217,24.863,4.3081317,763.6866,121.010254,870.8793
2023-10-09 13:30:00,835.4380000000001,25.113,4.2812705,752.57655,119.273942,854.6327
2023-10-09 14:00:00,819.0799999999999,25.363,4.2544093,741.4665,117.53763,838.3861
2023-10-09 14:30:00,773.734,25.363,4.4081034500000005,698.203615,113.268905,811.7048500000001
2023-10-09 15:00:00,729.224,25.363,4.5617976,654.94073,109.00018,785.0236
2023-10-09 15:30:00,656.802,24.613,4.85237695,584.06729,102.9733375,742.29585
2023-10-09 16:00:00,563.688,23.863,5.1429563,513.19385,96.946495,699.5681
2023-10-09 16:30:00,479.472,23.088001,4.95946885,420.35419,87.7912075,626.484365
2023-10-09 17:00:00,359.6,22.313002,4.7759814,327.51453,78.63592,553.40063
2023-10-09 17:30:00,248.126,21.688002,4.52399155,229.992975,62.45292,436.628715
2023-10-09 18:00:00,112.517,21.063002,4.2720017,132.47142,46.26992,319.8568
2023-10-09 18:30:00,23.711,19.963001,3.87525355,66.23571,23.13496,159.9284
2023-10-09 19:00:00,0.245,18.863,3.4785054,0.0,0.0,0.0
2023-10-09 19:30:00,0.0,18.088001,3.14726555,0.0,0.0,0.0
2023-10-09 20:00:00,0.0,17.313002,2.8160257,0.0,0.0,0.0
2023-10-09 20:30:00,0.0,16.988001,2.6163175,0.0,0.0,0.0
2023-10-09 21:00:00,0.0,16.663,2.4166093,0.0,0.0,0.0
2023-10-09 21:30:00,0.0,16.413,2.49380065,0.0,0.0,0.0
2023-10-09 22:00:00,0.0,16.163,2.570992,0.0,0.0,0.0
2023-10-09 22:30:00,0.0,16.137999999999998,2.5112611,0.0,0.0,0.0
2023-10-09 23:00:00,0.0,16.113,2.4515302,0.0,0.0,0.0
2023-10-09 23:30:00,0.0,16.0129995,2.5495852,0.0,0.0,0.0
2023-10-10 00:00:00,0.0,15.912999,2.6476402,0.0,0.0,0.0
2023-10-10 00:30:00,0.0,15.9379995,2.7247127,0.0,0.0,0.0
2023-10-10 01:00:00,0.0,15.963,2.8017852,0.0,0.0,0.0
2023-10-10 01:30:00,0.0,15.9379995,2.7518183,0.0,0.0,0.0
2023-10-10 02:00:00,0.0,15.912999,2.7018514,0.0,0.0,0.0
2023-10-10 02:30:00,0.0,16.063,2.8146539,0.0,0.0,0.0
2023-10-10 03:00:00,0.0,16.213001,2.9274564,0.0,0.0,0.0
2023-10-10 03:30:00,0.0,16.213001,2.97120955,0.0,0.0,0.0
2023-10-10 04:00:00,0.0,16.213001,3.0149627,0.0,0.0,0.0
2023-10-10 04:30:00,0.0,16.3130005,3.02075585,0.0,0.0,0.0
2023-10-10 05:00:00,0.0,16.413,3.026549,0.0,0.0,0.0
2023-10-10 05:30:00,0.0,16.413,3.2162132000000003,0.0,0.0,0.0
2023-10-10 06:00:00,0.0,16.413,3.4058774,0.0,0.0,0.0
2023-10-10 06:30:00,0.0,16.488001,3.50363295,0.0,0.0,0.0
2023-10-10 07:00:00,0.0,16.563002,3.6013885,0.0,0.0,0.0
2023-10-10 07:30:00,6.037000000000001,16.6380015,3.50069425,18.0735415,12.42556,32.17879
2023-10-10 08:00:00,21.847,16.713001,3.4,36.147083,24.85112,64.35758
2023-10-10 08:30:00,222.805,17.7380005,3.85522625,127.3870465,59.890635,310.22004
2023-10-10 09:00:00,370.139,18.763,4.3104525,218.62701,94.93015,556.0825
2023-10-10 09:30:00,592.942,19.413001,5.31947975,316.985535,106.45597,641.9783
2023-10-10 10:00:00,189.753,20.063002,6.328507,415.34406,117.98179,727.8741
2023-10-10 10:30:00,401.105,20.563002,6.587702,499.22063,123.532185,767.6595
2023-10-10 11:00:00,862.688,21.063002,6.846897,583.0972,129.08258,807.4449
2023-10-10 11:30:00,813.847,21.5130015,6.92915815,639.710435,129.62321500000002,824.2184199999999
2023-10-10 12:00:00,852.7860000000001,21.963001,7.0114193,696.32367,130.16385,840.99194
2023-10-10 12:30:00,884.185,22.3130005,6.95607185,723.8724050000001,125.582,850.10037
2023-10-10 13:00:00,860.3709999999999,22.663,6.9007244,751.42114,121.00015,859.2088
2023-10-10 13:30:00,847.899,22.788,6.9007244,740.953335,119.252265,843.944975
2023-10-10 14:00:00,818.096,22.913,6.9007244,730.48553,117.50438,828.68115
2023-10-10 14:30:00,789.8899999999999,23.088,6.7191542,689.2408399999999,113.221432,804.5426749999999
2023-10-10 15:00:00,729.911,23.263,6.537584,647.99615,108.938484,780.4042
2023-10-10 15:30:00,656.15,22.938,6.478543,576.755355,102.444262,737.19785
2023-10-10 16:00:00,571.4449999999999,22.613,6.419502,505.51456,95.95004,693.9915
2023-10-10 16:30:00,472.533,22.263,6.216410249999999,414.8738100000001,86.381682,625.11712
2023-10-10 17:00:00,340.523,21.913,6.0133185,324.23306,76.813324,556.24274
2023-10-10 17:30:00,226.582,21.3130005,5.5111551,226.71177,60.3565005,439.299835
2023-10-10 18:00:00,103.685,20.713001,5.0089917,129.19048,43.899677,322.35693
2023-10-10 18:30:00,25.263,19.7880005,4.32932445,64.59524,21.9498385,161.178465
2023-10-10 19:00:00,0.086,18.863,3.6496572,0.0,0.0,0.0
2023-10-10 19:30:00,0.0,18.1630005,3.31647205,0.0,0.0,0.0
2023-10-10 20:00:00,0.0,17.463001,2.9832869,0.0,0.0,0.0
2023-10-10 20:30:00,0.0,17.0380005,2.76639835,0.0,0.0,0.0
2023-10-10 21:00:00,0.0,16.613,2.5495098,0.0,0.0,0.0
2023-10-10 21:30:00,0.0,16.338001,2.38493515,0.0,0.0,0.0
2023-10-10 22:00:00,0.0,16.063002,2.2203605,0.0,0.0,0.0
2023-10-10 22:30:00,0.0,15.913001,2.2113161,0.0,0.0,0.0
2023-10-10 23:00:00,0.0,15.763,2.2022717,0.0,0.0,0.0
2023-10-10 23:30:00,0.0,15.5879995,2.2113161,0.0,0.0,0.0
2023-10-11 00:00:00,0.0,15.412999,2.2203605,0.0,0.0,0.0
2023-10-11 00:30:00,0.0,15.3129995,2.38493515,0.0,0.0,0.0
2023-10-11 01:00:00,0.0,15.213,2.5495098,0.0,0.0,0.0
2023-10-11 01:30:00,0.0,15.363,2.8376048000000003,0.0,0.0,0.0
2023-10-11 02:00:00,0.0,15.513,3.1256998,0.0,0.0,0.0
2023-10-11 02:30:00,0.0,15.763000000000002,3.4296654,0.0,0.0,0.0
2023-10-11 03:00:00,0.0,16.013,3.733631,0.0,0.0,0.0
2023-10-11 03:30:00,0.0,16.263,4.01739685,0.0,0.0,0.0
2023-10-11 04:00:00,0.0,16.513,4.3011627,0.0,0.0,0.0
2023-10-11 04:30:00,0.0,16.6130005,4.3058076,0.0,0.0,0.0
2023-10-11 05:00:00,0.0,16.713001,4.3104525,0.0,0.0,0.0
2023-10-11 05:30:00,0.0,16.6630005,4.18562025,0.0,0.0,0.0
2023-10-11 06:00:00,0.0,16.613,4.060788,0.0,0.0,0.0
2023-10-11 06:30:00,0.0,16.6630005,4.16814965,0.0,0.0,0.0
2023-10-11 07:00:00,0.0,16.713001,4.2755113,0.0,0.0,0.0
2023-10-11 07:30:00,5.964,16.9130005,4.19323615,15.86871,11.334792,25.905355
2023-10-11 08:00:00,29.818,17.113,4.110961,31.73742,22.669584,51.81071
2023-10-11 08:30:00,233.155,18.088001,4.275841,120.560575,59.7096545,282.696855
2023-10-11 09:00:00,430.64,19.063002,4.440721,209.38373,96.749725,513.583
2023-10-11 09:30:00,491.177,19.613001,5.4738202000000005,299.94324,114.0612775,576.596
2023-10-11 10:00:00,610.196,20.163,6.5069194,390.50275,131.37283,639.609
2023-10-11 10:30:00,680.019,20.588,6.6549302,459.093775,145.284435,649.63835
2023-10-11 11:00:00,462.913,21.013,6.802941,527.6848,159.19604,659.6677
2023-10-11 11:30:00,794.302,21.313,7.1018085,592.467035,156.859205,705.440965
2023-10-11 12:00:00,847.538,21.613,7.400676,657.24927,154.52237,751.21423
2023-10-11 12:30:00,869.6389999999999,21.638,7.553258749999999,692.104005,147.923605,777.0271
2023-10-11 13:00:00,864.067,21.663,7.7058415,726.95874,141.32484,802.83997
2023-10-11 13:30:00,858.293,21.588,7.71459125,720.7875200000001,132.33478,803.543765
2023-10-11 14:00:00,208.116,21.513,7.723341,714.6163,123.34472,804.24756
2023-10-11 14:30:00,912.87,21.313,7.562008499999999,671.2666,119.8649525,774.94933
2023-10-11 15:00:00,749.4380000000001,21.113,7.400676,627.9169,116.385185,745.6511
2023-10-11 15:30:00,661.4979999999999,20.613,7.553258749999999,558.00041,109.6632625,701.83825
2023-10-11 16:00:00,569.154,20.113,7.7058415,488.08392,102.94134,658.0254
2023-10-11 16:30:00,466.852,19.513,7.6611354,394.43716,93.8071225,574.6646000000001
2023-10-11 17:00:00,354.584,18.913,7.6164293,300.7904,84.672905,491.3038
2023-10-11 17:30:00,218.814,18.363001,7.33099765,208.38642,65.28484900000001,380.5974
2023-10-11 18:00:00,107.897,17.813002,7.045566,115.98244,45.896793,269.891
2023-10-11 18:30:00,23.236,17.238001,6.3445732,57.99122,22.9483965,134.9455
2023-10-11 19:00:00,0.0,16.663,5.6435804,0.0,0.0,0.0
2023-10-11 19:30:00,0.0,16.363001,5.3840157,0.0,0.0,0.0
2023-10-11 20:00:00,0.0,16.063002,5.124451,0.0,0.0,0.0
2023-10-11 20:30:00,0.0,15.9880005,5.179475999999999,0.0,0.0,0.0
2023-10-11 21:00:00,0.0,15.912999,5.234501,0.0,0.0,0.0
2023-10-11 21:30:00,0.0,15.738,5.0590735,0.0,0.0,0.0
2023-10-11 22:00:00,0.0,15.563001,4.883646,0.0,0.0,0.0
2023-10-11 22:30:00,0.0,15.488,4.718882499999999,0.0,0.0,0.0
2023-10-11 23:00:00,0.0,15.412999,4.554119,0.0,0.0,0.0
2023-10-11 23:30:00,0.0,15.3629995,4.307453499999999,0.0,0.0,0.0
2023-10-12 00:00:00,0.0,15.313,4.060788,0.0,0.0,0.0
2023-10-12 00:30:00,0.0,15.238,3.841471,0.0,0.0,0.0
2023-10-12 01:00:00,0.0,15.163,3.622154,0.0,0.0,0.0
2023-10-12 01:30:00,0.0,15.088,3.5639318,0.0,0.0,0.0
2023-10-12 02:00:00,0.0,15.013,3.5057096,0.0,0.0,0.0
2023-10-12 02:30:00,0.0,15.238,3.9051793,0.0,0.0,0.0
2023-10-12 03:00:00,0.0,15.463,4.304649,0.0,0.0,0.0
2023-10-12 03:30:00,0.0,15.338,4.1029655,0.0,0.0,0.0
2023-10-12 04:00:00,0.0,15.213,3.901282,0.0,0.0,0.0
2023-10-12 04:30:00,0.0,15.088,3.7070578,0.0,0.0,0.0
2023-10-12 05:00:00,0.0,14.963,3.5128336,0.0,0.0,0.0
2023-10-12 05:30:00,0.0,14.938,3.44312955,0.0,0.0,0.0
2023-10-12 06:00:00,0.0,14.913,3.3734255,0.0,0.0,0.0
2023-10-12 06:30:00,0.0,14.688,3.21641865,0.0,0.0,0.0
2023-10-12 07:00:00,0.0,14.463,3.0594118,0.0,0.0,0.0
2023-10-12 07:30:00,6.684000000000001,14.438,2.9126376,17.064018,12.5136135,26.065575000000003
2023-10-12 08:00:00,90.123,14.413,2.7658634,34.128036,25.027227,52.13115
2023-10-12 08:30:00,214.298,15.588,2.79094455,121.457703,60.3607205,287.66695500000003
2023-10-12 09:00:00,350.97,16.763,2.8160257,208.78737,95.694214,523.20276
2023-10-12 09:30:00,448.782,17.6130005,3.1947697,305.903735,110.5927545,607.03208
2023-10-12 10:00:00,619.114,18.463001,3.5735137,403.0201,125.491295,690.8614
2023-10-12 10:30:00,702.258,19.1630005,3.68412335,488.85722,127.8999475,745.86465
2023-10-12 11:00:00,746.292,19.863,3.794733,574.69434,130.3086,800.8679
2023-10-12 11:30:00,234.10200000000003,20.438,3.7554569,627.128145,135.0158,806.203635
2023-10-12 12:00:00,1049.29,21.013,3.7161808,679.56195,139.723,811.53937
2023-10-12 12:30:00,925.622,21.563,3.8411436,667.140925,167.967815,721.91336
2023-10-12 13:00:00,987.582,22.113,3.9661064,654.7199,196.21263,632.28735
2023-10-12 13:30:00,587.616,21.813,4.5350132,606.2753,200.8646,557.241955
2023-10-12 14:00:00,220.966,21.513,5.10392,557.8307,205.51657,482.19656
2023-10-12 14:30:00,445.638,21.038001,4.790821299999999,540.63225,185.776,503.39508
2023-10-12 15:00:00,735.242,20.563002,4.4777226,523.4338,166.03543,524.5936
2023-10-12 15:30:00,837.4269999999999,20.163001,4.6740205,463.376535,147.72608,498.240785
2023-10-12 16:00:00,160.57,19.763,4.8703184,403.31927,129.41673,471.88797
2023-10-12 16:30:00,477.783,19.2380005,4.8703184,325.911975,122.210257,389.402605
2023-10-12 17:00:00,417.836,18.713001,4.8703184,248.50468,115.003784,306.91724
2023-10-12 17:30:00,217.11900000000003,18.2380005,4.509406200000001,174.219877,81.1061895,256.926515
2023-10-12 18:00:00,96.004,17.763,4.148494,99.935074,47.208595,206.93579
2023-10-12 18:30:00,14.982,17.338,3.6402929,49.96753699999999,23.6042975,103.467895
2023-10-12 19:00:00,0.0,16.913,3.1320918,0.0,0.0,0.0
2023-10-12 19:30:00,0.0,16.613001,3.0867366,0.0,0.0,0.0
2023-10-12 20:00:00,0.0,16.313002,3.0413814,0.0,0.0,0.0
2023-10-12 20:30:00,0.0,15.913001,2.6911607,0.0,0.0,0.0
2023-10-12 21:00:00,0.0,15.513,2.34094,0.0,0.0,0.0
2023-10-12 21:30:00,0.0,15.388,2.29408015,0.0,0.0,0.0
2023-10-12 22:00:00,0.0,15.263,2.2472203,0.0,0.0,0.0
2023-10-12 22:30:00,0.0,15.088,1.99682265,0.0,0.0,0.0
2023-10-12 23:00:00,0.0,14.913,1.746425,0.0,0.0,0.0
2023-10-12 23:30:00,0.0,14.688,1.6809872,0.0,0.0,0.0
2023-10-13 00:00:00,0.0,14.463,1.6155494,0.0,0.0,0.0
2023-10-13 00:30:00,0.0,14.288,1.50419405,0.0,0.0,0.0
2023-10-13 01:00:00,0.0,14.113,1.3928387,0.0,0.0,0.0
2023-10-13 01:30:00,0.0,13.938,1.50419405,0.0,0.0,0.0
2023-10-13 02:00:00,0.0,13.763,1.6155494,0.0,0.0,0.0
2023-10-13 02:30:00,0.0,14.338,1.9479502,0.0,0.0,0.0
2023-10-13 03:00:00,0.0,14.913,2.280351,0.0,0.0,0.0
2023-10-13 03:30:00,0.0,15.013,2.2090533,0.0,0.0,0.0
2023-10-13 04:00:00,0.0,15.113,2.1377556,0.0,0.0,0.0
2023-10-13 04:30:00,0.0,14.988,2.11290845,0.0,0.0,0.0
2023-10-13 05:00:00,0.0,14.863,2.0880613,0.0,0.0,0.0
2023-10-13 05:30:00,0.0,14.713,1.97810765,0.0,0.0,0.0
2023-10-13 06:00:00,0.0,14.563,1.868154,0.0,0.0,0.0
2023-10-13 06:30:00,0.0,14.388,1.7246464,0.0,0.0,0.0
2023-10-13 07:00:00,0.0,14.213,1.5811388,0.0,0.0,0.0
2023-10-13 07:30:00,7.141,14.263,1.7098082,14.84637,10.2782565,26.222313
2023-10-13 08:00:00,38.323,14.313,1.8384776,29.69274,20.556513,52.444626
2023-10-13 08:30:00,59.563,15.288,1.9787198,116.76684,57.5984765,282.58611300000007
2023-10-13 09:00:00,348.746,16.263,2.118962,203.84094,94.64044,512.7276
2023-10-13 09:30:00,445.258,17.088,2.5777037,293.399795,110.74397,577.89755
2023-10-13 10:00:00,559.69,17.913,3.0364454,382.95865,126.8475,643.0675
2023-10-13 10:30:00,544.875,18.713,3.29163745,449.985475,137.52141999999998,656.1314
2023-10-13 11:00:00,499.134,19.513,3.5468295,517.0123,148.19534,669.1953
2023-10-13 11:30:00,934.593,19.788001,3.65290925,490.8796,199.01825,497.11892
2023-10-13 12:00:00,650.468,20.063002,3.758989,464.7469,249.84116,325.04254
2023-10-13 12:30:00,890.54,20.1380015,3.6912617,461.10154,262.66571,288.739715
2023-10-13 13:00:00,861.899,20.213001,3.6235344,457.45618,275.49026,252.43689
2023-10-13 13:30:00,683.748,20.2880005,3.42189145,431.74104,262.48803,234.01568
2023-10-13 14:00:00,819.905,20.363,3.2202485,406.0259,249.4858,215.59447
2023-10-13 14:30:00,830.2189999999999,21.063,2.61635485,378.797115,242.4011,193.71328
2023-10-13 15:00:00,668.0820000000001,21.763,2.0124612,351.56833,235.3164,171.83209
2023-10-13 15:30:00,649.285,21.688,2.01741805,363.045975,190.260885,285.121705
2023-10-13 16:00:00,542.199,21.613,2.0223749,374.52362,145.20537,398.41132
2023-10-13 16:30:00,435.388,21.013,2.4646317,304.755555,116.31196,370.76746
2023-10-13 17:00:00,312.644,20.413,2.9068885,234.98749,87.41855,343.1236
2023-10-13 17:30:00,192.851,19.763,2.8117521,153.83890250000002,67.636504,221.246255
2023-10-13 18:00:00,44.43900000000001,19.113,2.7166157,72.690315,47.854458,99.36891
2023-10-13 18:30:00,14.472,18.588001,2.20830785,36.3451575,23.927229,49.684455
2023-10-13 19:00:00,0.0,18.063002,1.7,0.0,0.0,0.0
2023-10-13 19:30:00,0.0,17.738001,1.73459025,0.0,0.0,0.0
2023-10-13 20:00:00,0.0,17.413,1.7691805,0.0,0.0,0.0
2023-10-13 20:30:00,0.0,16.963,1.6478071,0.0,0.0,0.0
2023-10-13 21:00:00,0.0,16.513,1.5264337,0.0,0.0,0.0
2023-10-13 21:30:00,0.0,16.3630005,1.38971505,0.0,0.0,0.0
2023-10-13 22:00:00,0.0,16.213001,1.2529964,0.0,0.0,0.0
2023-10-13 22:30:00,0.0,15.888001,1.1580055,0.0,0.0,0.0
2023-10-13 23:00:00,0.0,15.563001,1.0630146,0.0,0.0,0.0
2023-10-13 23:30:00,0.0,15.0380005,1.2815073,0.0,0.0,0.0
2023-10-14 00:00:00,0.0,14.513,1.5,0.0,0.0,0.0
2023-10-14 00:30:00,0.0,14.663,1.44641935,0.0,0.0,0.0
2023-10-14 01:00:00,0.0,14.813,1.3928387,0.0,0.0,0.0
2023-10-14 01:30:00,0.0,14.988,1.24868735,0.0,0.0,0.0
2023-10-14 02:00:00,0.0,15.163,1.104536,0.0,0.0,0.0
2023-10-14 02:30:00,0.0,13.788,1.40813015,0.0,0.0,0.0
2023-10-14 03:00:00,0.0,12.413,1.7117243,0.0,0.0,0.0
2023-10-14 03:30:00,0.0,12.613,1.4579419,0.0,0.0,0.0
2023-10-14 04:00:00,0.0,12.813,1.2041595,0.0,0.0,0.0
2023-10-14 04:30:00,0.0,12.713,1.30207975,0.0,0.0,0.0
2023-10-14 05:00:00,0.0,12.613,1.4,0.0,0.0,0.0
2023-10-14 05:30:00,0.0,12.638,1.41589105,0.0,0.0,0.0
2023-10-14 06:00:00,0.0,12.663,1.4317821,0.0,0.0,0.0
2023-10-14 06:30:00,0.0,12.588,1.443902,0.0,0.0,0.0
2023-10-14 07:00:00,0.0,12.513,1.4560219,0.0,0.0,0.0
2023-10-14 07:30:00,6.952,12.838,1.37993115,16.054867,11.467762,26.378147
2023-10-14 08:00:00,74.86,13.163,1.3038404,32.109734,22.935524,52.756294
2023-10-14 08:30:00,182.168,14.438,1.49007295,124.265902,56.799412,326.11084700000004
2023-10-14 09:00:00,311.553,15.713,1.6763055,216.42207,90.6633,599.4654
2023-10-14 09:30:00,499.341,16.813,2.05573235,313.831455,101.5748825,678.10288
2023-10-14 10:00:00,555.172,17.913,2.4351592,411.24084,112.486465,756.74036
2023-10-14 10:30:00,634.3109999999999,18.763,2.5638708,493.22987,115.8831745,794.85558
2023-10-14 11:00:00,705.0409999999999,19.613,2.6925824,575.2189,119.279884,832.9708
2023-10-14 11:30:00,761.1189999999999,20.363,2.5092615,629.0713499999999,121.050147,842.681
2023-10-14 12:00:00,796.854,21.113,2.3259406,682.9238,122.82041,852.3912
2023-10-14 12:30:00,816.447,21.713001,2.1286307,701.81,123.924758,841.8745
2023-10-14 13:00:00,823.917,22.313002,1.9313208,720.6962,125.029106,831.3578
2023-10-14 13:30:00,814.274,22.613001,1.9964368,675.29735,134.894193,751.87325
2023-10-14 14:00:00,799.806,22.913,2.0615528,629.8985,144.75928,672.3887
2023-10-14 14:30:00,770.804,23.113001,2.0431992,587.1411499999999,141.71596,638.1529499999999
2023-10-14 15:00:00,704.008,23.313002,2.0248456,544.3838,138.67264,603.9172
2023-10-14 15:30:00,629.465,22.713001,2.0636126,479.13596,126.8207825,563.8322499999999
2023-10-14 16:00:00,538.438,22.113,2.1023796,413.88812,114.968925,523.7473
2023-10-14 16:30:00,432.978,21.488,2.27184535,341.303695,100.6714895,476.29818
2023-10-14 17:00:00,325.37,20.863,2.4413111,268.71927,86.374054,428.84906
2023-10-14 17:30:00,207.497,20.138,2.2836702,186.102982,64.123642,340.111365
2023-10-14 18:00:00,89.21900000000001,19.413,2.1260293,103.486694,41.87323,251.37367
2023-10-14 18:30:00,15.103000000000002,18.213,1.80631805,51.743347,20.936615,125.686835
2023-10-14 19:00:00,0.0,17.013,1.4866068,0.0,0.0,0.0
2023-10-14 19:30:00,0.0,16.288000500000003,1.31339115,0.0,0.0,0.0
2023-10-14 20:00:00,0.0,15.563001,1.1401755,0.0,0.0,0.0
2023-10-14 20:30:00,0.0,15.1130005,1.1401755,0.0,0.0,0.0
2023-10-14 21:00:00,0.0,14.663,1.1401755,0.0,0.0,0.0
2023-10-14 21:30:00,0.0,14.788,1.1553227499999998,0.0,0.0,0.0
2023-10-14 22:00:00,0.0,14.913,1.17047,0.0,0.0,0.0
2023-10-14 22:30:00,0.0,15.313,1.1442519999999998,0.0,0.0,0.0
2023-10-14 23:00:00,0.0,15.713,1.118034,0.0,0.0,0.0
2023-10-14 23:30:00,0.0,15.663,1.00623062,0.0,0.0,0.0
2023-10-15 00:00:00,0.0,15.613,0.89442724,0.0,0.0,0.0
2023-10-15 00:30:00,0.0,15.438,0.653368905,0.0,0.0,0.0
2023-10-15 01:00:00,0.0,15.263,0.41231057,0.0,0.0,0.0
2023-10-15 01:30:00,0.0,14.888,0.306155285,0.0,0.0,0.0
2023-10-15 02:00:00,0.0,14.513,0.2,0.0,0.0,0.0
2023-10-15 02:30:00,0.0,14.863,0.32360681,0.0,0.0,0.0
2023-10-15 03:00:00,0.0,15.213,0.44721362,0.0,0.0,0.0
2023-10-15 03:30:00,0.0,15.338,0.42360681,0.0,0.0,0.0
2023-10-15 04:00:00,0.0,15.463,0.4,0.0,0.0,0.0
2023-10-15 04:30:00,0.0,15.138,0.35811388,0.0,0.0,0.0
2023-10-15 05:00:00,0.0,14.813,0.31622776,0.0,0.0,0.0
2023-10-15 05:30:00,0.0,13.813,0.30811388,0.0,0.0,0.0
2023-10-15 06:00:00,0.0,12.813,0.3,0.0,0.0,0.0
2023-10-15 06:30:00,0.0,12.113,0.4,0.0,0.0,0.0
2023-10-15 07:00:00,0.0,11.413,0.5,0.0,0.0,0.0
2023-10-15 07:30:00,5.368,11.663,0.45,16.1258775,11.518484,26.526255
2023-10-15 08:00:00,94.292,11.913,0.4,32.251755,23.036968,53.05251
2023-10-15 08:30:00,214.767,13.688,0.5354102000000001,127.0238175,55.583889,350.059955
2023-10-15 09:00:00,338.40000000000003,15.463,0.6708204,221.79588,88.13081,647.0674
2023-10-15 09:30:00,451.103,17.5880005,0.639548325,319.800115,97.956115,719.683175
2023-10-15 10:00:00,552.762,19.713001,0.60827625,417.80435,107.78142,792.29895
2023-10-15 10:30:00,636.537,20.6880005,0.7041381250000001,496.647825,113.00125,816.7656549999999
2023-10-15 11:00:00,704.7460000000001,21.663,0.8,575.4913,118.22108,841.23236
2023-10-15 11:30:00,755.6669999999999,22.338,0.8272002,627.66905,120.52972,847.10848
2023-10-15 12:00:00,783.953,23.013,0.8544004,679.8468,122.83836,852.9846
2023-10-15 12:30:00,806.1669999999999,23.538001,1.20982395,686.0173,145.27453,794.7293999999999
2023-10-15 13:00:00,806.886,24.063002,1.5652475,692.1878,167.7107,736.4742
2023-10-15 13:30:00,801.571,24.063002,1.9249897,636.51035,161.104165,665.5672
2023-10-15 14:00:00,755.3679999999999,24.063002,2.2847319,580.8329,154.49763,594.6602
2023-10-15 14:30:00,176.54000000000002,23.838001,2.66879965,545.12805,151.22755,568.2703750000001
2023-10-15 15:00:00,713.651,23.613,3.0528674,509.4232,147.95747,541.88055
2023-10-15 15:30:00,622.998,23.138,2.91657755,446.84017,123.888,522.25726
2023-10-15 16:00:00,538.023,22.663,2.7802877,384.25714,99.81853,502.63397
2023-10-15 16:30:00,419.368,22.263,2.46717675,318.53066,91.37872,453.372025
2023-10-15 17:00:00,302.70500000000004,21.863,2.1540658,252.80418,82.93891,404.11008
2023-10-15 17:30:00,188.147,21.313,1.3319838700000002,175.11066,61.248086,322.43784
2023-10-15 18:00:00,28.55,20.763,0.50990194,97.41714,39.557262,240.7656
2023-10-15 18:30:00,7.239000000000001,20.038001,0.685067235,48.70857,19.778631,120.3828
2023-10-15 19:00:00,0.0,19.313002,0.86023253,0.0,0.0,0.0
2023-10-15 19:30:00,0.0,18.663001,0.653723075,0.0,0.0,0.0
2023-10-15 20:00:00,0.0,18.013,0.44721362,0.0,0.0,0.0
2023-10-15 20:30:00,0.0,17.188000000000002,0.38172069,0.0,0.0,0.0
2023-10-15 21:00:00,0.0,16.363,0.31622776,0.0,0.0,0.0
2023-10-15 21:30:00,0.0,15.9630005,0.269917285,0.0,0.0,0.0
2023-10-15 22:00:00,0.0,15.563001,0.22360681,0.0,0.0,0.0
2023-10-15 22:30:00,0.0,15.3880005,0.511803405,0.0,0.0,0.0
2023-10-15 23:00:00,0.0,15.213,0.8,0.0,0.0,0.0
2023-10-15 23:30:00,0.0,14.763,0.9024938,0.0,0.0,0.0
2023-10-16 00:00:00,0.0,14.313,1.0049876,0.0,0.0,0.0
2023-10-16 00:30:00,0.0,14.113,1.11077005,0.0,0.0,0.0
2023-10-16 01:00:00,0.0,13.913,1.2165525,0.0,0.0,0.0
2023-10-16 01:30:00,0.0,13.838,1.2753594499999998,0.0,0.0,0.0
2023-10-16 02:00:00,0.0,13.763,1.3341664,0.0,0.0,0.0
2023-10-16 02:30:00,0.0,14.013,1.37418995,0.0,0.0,0.0
2023-10-16 03:00:00,0.0,14.263,1.4142135,0.0,0.0,0.0
2023-10-16 03:30:00,0.0,14.088,1.35902695,0.0,0.0,0.0
2023-10-16 04:00:00,0.0,13.913,1.3038404,0.0,0.0,0.0
2023-10-16 04:30:00,0.0,13.588,0.956058325,0.0,0.0,0.0
2023-10-16 05:00:00,0.0,13.263,0.60827625,0.0,0.0,0.0
2023-10-16 05:30:00,0.0,13.013,0.65769151,0.0,0.0,0.0
2023-10-16 06:00:00,0.0,12.763,0.70710677,0.0,0.0,0.0
2023-10-16 06:30:00,0.0,12.513,0.8035533850000001,0.0,0.0,0.0
2023-10-16 07:00:00,0.0,12.263,0.9,0.0,0.0,0.0
2023-10-16 07:30:00,5.399,12.338,1.05,15.045294,10.4159725,26.6722375
2023-10-16 08:00:00,80.231,12.413,1.2,30.090588,20.831945,53.344475
2023-10-16 08:30:00,203.498,14.363001,1.30710675,124.241044,53.9467125,349.6062875
2023-10-16 09:00:00,331.009,16.313002,1.4142135,218.3915,87.06148,645.8681
2023-10-16 09:30:00,448.209,18.5130015,1.131370825,316.54330000000004,97.4896025,718.49063
2023-10-16 10:00:00,544.0509999999999,20.713001,0.84852815,414.6951,107.917725,791.11316
2023-10-16 10:30:00,630.774,21.6630005,0.7158116750000001,495.7909,111.9822845,822.4514300000001
2023-10-16 11:00:00,684.156,22.613,0.5830952,576.8867,116.046844,853.7897
2023-10-16 11:30:00,754.0269999999999,23.2880005,0.5830952,630.5371299999999,117.863352,861.86215
2023-10-16 12:00:00,796.181,23.963001,0.5830952,684.18756,119.67986,869.9346
2023-10-16 12:30:00,808.951,24.5130015,0.6269578,704.93623,119.297305,863.6092000000001
2023-10-16 13:00:00,806.905,25.063002,0.6708204,725.6849,118.91475,857.2838
2023-10-16 13:30:00,807.472,25.3880015,0.59036117,705.9684,123.976785,819.7452350000001
2023-10-16 14:00:00,772.246,25.713001,0.50990194,686.2519,129.03882,782.20667
2023-10-16 14:30:00,181.738,25.963001,0.50990194,632.788275,128.16089,732.356935
2023-10-16 15:00:00,738.0490000000001,26.213001,0.50990194,579.32465,127.28296,682.5072
2023-10-16 15:30:00,608.8,25.6880005,0.6357396200000001,517.300775,114.816015,655.76045
2023-10-16 16:00:00,519.4499999999999,25.163,0.7615773,455.2769,102.34907,629.0137
2023-10-16 16:30:00,411.487,24.463,0.8524877,372.36408,88.15114,573.8154999999999
2023-10-16 17:00:00,308.536,23.763,0.9433981,289.45126,73.95321,518.6173
2023-10-16 17:30:00,185.43,22.888,0.98648055,193.93921,56.487315,385.39824
2023-10-16 18:00:00,63.34,22.013,1.029563,98.42716,39.02142,252.17918
2023-10-16 18:30:00,10.423,20.813,1.2306725,49.21358000000001,19.51071,126.08959000000002
2023-10-16 19:00:00,0.0,19.613,1.431782,0.0,0.0,0.0
2023-10-16 19:30:00,0.0,18.738,1.42299775,0.0,0.0,0.0
2023-10-16 20:00:00,0.0,17.863,1.4142135,0.0,0.0,0.0
2023-10-16 20:30:00,0.0,17.387999999999998,1.364754,0.0,0.0,0.0
2023-10-16 21:00:00,0.0,16.913,1.3152945,0.0,0.0,0.0
2023-10-16 21:30:00,0.0,16.738001,1.2659235,0.0,0.0,0.0
2023-10-16 22:00:00,0.0,16.563002,1.2165525,0.0,0.0,0.0
2023-10-16 22:30:00,0.0,16.488001,1.2601965,0.0,0.0,0.0
2023-10-16 23:00:00,0.0,16.413,1.3038405,0.0,0.0,0.0
2023-10-16 23:30:00,0.0,16.1130005,1.3319938,0.0,0.0,0.0
2023-10-17 00:00:00,0.0,15.813001,1.3601471,0.0,0.0,0.0
2023-10-17 00:30:00,0.0,15.738,1.3300736,0.0,0.0,0.0
2023-10-17 01:00:00,0.0,15.662999,1.3000001,0.0,0.0,0.0
2023-10-17 01:30:00,0.0,15.6879995,1.378011,0.0,0.0,0.0
2023-10-17 02:00:00,0.0,15.713,1.4560219,0.0,0.0,0.0
2023-10-17 02:30:00,0.0,15.863,1.62939875,0.0,0.0,0.0
2023-10-17 03:00:00,0.0,16.013,1.8027756,0.0,0.0,0.0
2023-10-17 03:30:00,0.0,16.1130005,1.7513877999999998,0.0,0.0,0.0
2023-10-17 04:00:00,0.0,16.213001,1.7,0.0,0.0,0.0
2023-10-17 04:30:00,0.0,16.0880005,1.80131485,0.0,0.0,0.0
2023-10-17 05:00:00,0.0,15.963,1.9026297,0.0,0.0,0.0
2023-10-17 05:30:00,0.0,15.963,2.12817505,0.0,0.0,0.0
2023-10-17 06:00:00,0.0,15.963,2.3537204,0.0,0.0,0.0
2023-10-17 06:30:00,0.0,15.963,2.4516151,0.0,0.0,0.0
2023-10-17 07:00:00,0.0,15.963,2.5495098,0.0,0.0,0.0
2023-10-17 07:30:00,4.377,16.063,2.6089213,11.632244,9.3057955,13.4057615
2023-10-17 08:00:00,66.888,16.163,2.6683328,23.264488,18.611591,26.811523
2023-10-17 08:30:00,184.538,16.788,3.03195905,83.540424,58.23301049999999,128.25891149999998
2023-10-17 09:00:00,454.582,17.413,3.3955853,143.81636,97.85443,229.7063
2023-10-17 09:30:00,122.633,18.138,3.4563433000000003,244.31473,116.918535,386.59543
2023-10-17 10:00:00,545.9000000000001,18.863,3.5171013,344.8131,135.98264,543.48456
2023-10-17 10:30:00,360.367,19.6630005,3.66249395,435.87495,134.97481,638.36888
2023-10-17 11:00:00,705.8969999999999,20.463001,3.8078866,526.9368,133.96698,733.2532
2023-10-17 11:30:00,754.28,20.9880005,3.73969935,573.8387,139.544465,735.442365
2023-10-17 12:00:00,801.367,21.513,3.6715121,620.7406,145.12195,737.63153
2023-10-17 12:30:00,813.1689999999999,21.663001,3.6715121,610.18112,154.37375500000002,678.7310150000001
2023-10-17 13:00:00,810.1199999999999,21.813002,3.6715121,599.62164,163.62556,619.8305
2023-10-17 13:30:00,814.537,21.663001,3.75929455,560.75119,163.41773,563.291
2023-10-17 14:00:00,789.827,21.513,3.847077,521.88074,163.2099,506.7515
2023-10-17 14:30:00,748.2320000000001,21.888,3.4218710000000003,520.03817,154.5639,536.43075
2023-10-17 15:00:00,690.3799999999999,22.263,2.996665,518.1956,145.9179,566.11
2023-10-17 15:30:00,620.355,21.913001,3.06358,438.44005,131.5646475,500.0926500000001
2023-10-17 16:00:00,519.7829999999999,21.563002,3.130495,358.6845,117.211395,434.0753
2023-10-17 16:30:00,416.532,21.163001,2.97414775,301.44608,100.6284445,412.003715
2023-10-17 17:00:00,304.94100000000003,20.763,2.8178005,244.20766,84.045494,389.93213
2023-10-17 17:30:00,188.699,20.188,2.348315,166.604405,61.258480000000006,304.397565
2023-10-17 18:00:00,74.952,19.613,1.8788295,89.00115,38.471466,218.863
2023-10-17 18:30:00,12.873,18.613,1.57581085,44.500575,19.235733,109.4315
2023-10-17 19:00:00,0.0,17.613,1.2727922,0.0,0.0,0.0
2023-10-17 19:30:00,0.0,16.9130005,1.14629805,0.0,0.0,0.0
2023-10-17 20:00:00,0.0,16.213001,1.0198039,0.0,0.0,0.0
2023-10-17 20:30:00,0.0,16.1630005,0.5599019500000001,0.0,0.0,0.0
2023-10-17 21:00:00,0.0,16.113,0.1,0.0,0.0,0.0
2023-10-17 21:30:00,0.0,15.588,0.3662277499999999,0.0,0.0,0.0
2023-10-17 22:00:00,0.0,15.063,0.6324555,0.0,0.0,0.0
2023-10-17 22:30:00,0.0,14.813,0.98331095,0.0,0.0,0.0
2023-10-17 23:00:00,0.0,14.563,1.3341664,0.0,0.0,0.0
2023-10-17 23:30:00,0.0,14.563,1.50523595,0.0,0.0,0.0
2023-10-18 00:00:00,0.0,14.563,1.6763055,0.0,0.0,0.0
2023-10-18 00:30:00,0.0,14.763,1.84438335,0.0,0.0,0.0
2023-10-18 01:00:00,0.0,14.963,2.0124612,0.0,0.0,0.0
2023-10-18 01:30:00,0.0,14.913,1.72212165,0.0,0.0,0.0
2023-10-18 02:00:00,0.0,14.863,1.4317821,0.0,0.0,0.0
2023-10-18 02:30:00,0.0,14.413,1.443902,0.0,0.0,0.0
2023-10-18 03:00:00,0.0,13.963,1.4560219,0.0,0.0,0.0
2023-10-18 03:30:00,0.0,14.113,1.443902,0.0,0.0,0.0
2023-10-18 04:00:00,0.0,14.263,1.4317821,0.0,0.0,0.0
2023-10-18 04:30:00,0.0,14.138,1.50646045,0.0,0.0,0.0
2023-10-18 05:00:00,0.0,14.013,1.5811388,0.0,0.0,0.0
2023-10-18 05:30:00,0.0,13.863,1.73925265,0.0,0.0,0.0
2023-10-18 06:00:00,0.0,13.713,1.8973665,0.0,0.0,0.0
2023-10-18 06:30:00,0.0,13.963,1.933569,0.0,0.0,0.0
2023-10-18 07:00:00,0.0,14.213,1.9697715,0.0,0.0,0.0
2023-10-18 07:30:00,2.839,14.8880005,1.85809825,5.8480575,4.678446,6.735644499999999
2023-10-18 08:00:00,37.088,15.563001,1.746425,11.696115,9.356892,13.471289
2023-10-18 08:30:00,216.725,16.513001,1.9912465,61.7205245,45.651586,82.43391949999999
2023-10-18 09:00:00,326.191,17.463001,2.236068,111.744934,81.94628,151.39655
2023-10-18 09:30:00,432.101,18.7880005,2.22821415,197.506452,112.094065,260.922395
2023-10-18 10:00:00,525.3499999999999,20.113,2.2203603,283.26797,142.24185,370.44824
2023-10-18 10:30:00,598.805,21.4130005,2.277442,387.365825,154.89314000000002,489.614045
2023-10-18 11:00:00,692.038,22.713001,2.3345237,491.46368,167.54443,608.77985
2023-10-18 11:30:00,720.717,23.5380005,2.5885288500000003,543.97076,173.82659,629.340675
2023-10-18 12:00:00,769.8149999999999,24.363,2.842534,596.47784,180.10875,649.9015
2023-10-18 12:30:00,939.495,24.7880005,3.2549791,637.1603700000001,161.70044,707.297675
2023-10-18 13:00:00,428.705,25.213001,3.6674242,677.8429,143.29213,764.69385
2023-10-18 13:30:00,867.0219999999999,25.0380005,3.8418206,637.89792,133.68857,719.275695
2023-10-18 14:00:00,486.492,24.863,4.016217,597.95294,124.08501,673.85754
2023-10-18 14:30:00,791.017,24.5380005,4.021190750000001,545.77469,125.144323,618.279845
2023-10-18 15:00:00,701.1189999999999,24.213001,4.0261645,493.59644,126.203636,562.70215
2023-10-18 15:30:00,645.8520000000001,24.2380005,3.3283767500000003,452.77875,115.037078,560.6527249999999
2023-10-18 16:00:00,155.863,24.263,2.630589,411.96106,103.87052,558.6033
2023-10-18 16:30:00,70.379,23.913001,2.1168555,326.144465,89.881765,481.803375
2023-10-18 17:00:00,42.514,23.563002,1.603122,240.32787,75.89301,405.00345
2023-10-18 17:30:00,23.828,22.613001,0.95967488,160.334597,56.617376500000006,297.534715
2023-10-18 18:00:00,22.615,21.663,0.31622776,80.341324,37.341743,190.06598
2023-10-18 18:30:00,6.815,20.488001,0.76639013,40.170662,18.6708715,95.03299
2023-10-18 19:00:00,0.0,19.313002,1.2165525,0.0,0.0,0.0
2023-10-18 19:30:00,0.0,18.288001,1.77981365,0.0,0.0,0.0
2023-10-18 20:00:00,0.0,17.263,2.3430748,0.0,0.0,0.0
2023-10-18 20:30:00,0.0,16.888,1.93475425,0.0,0.0,0.0
2023-10-18 21:00:00,0.0,16.513,1.5264337,0.0,0.0,0.0
2023-10-18 21:30:00,0.0,16.538001,1.4132169,0.0,0.0,0.0
2023-10-18 22:00:00,0.0,16.563002,1.3000001,0.0,0.0,0.0
2023-10-18 22:30:00,0.0,16.563002,1.5360023,0.0,0.0,0.0
2023-10-18 23:00:00,0.0,16.563002,1.7720045,0.0,0.0,0.0
2023-10-18 23:30:00,0.0,16.563002,1.7491361,0.0,0.0,0.0
2023-10-19 00:00:00,0.0,16.563002,1.7262677,0.0,0.0,0.0
2023-10-19 00:30:00,0.0,16.5130015,1.86936445,0.0,0.0,0.0
2023-10-19 01:00:00,0.0,16.463001,2.0124612,0.0,0.0,0.0
2023-10-19 01:30:00,0.0,16.3630005,1.9679998,0.0,0.0,0.0
2023-10-19 02:00:00,0.0,16.263,1.9235384,0.0,0.0,0.0
2023-10-19 02:30:00,0.0,16.138,1.6724027,0.0,0.0,0.0
2023-10-19 03:00:00,0.0,16.013,1.421267,0.0,0.0,0.0
2023-10-19 03:30:00,0.0,16.013,1.3606335500000002,0.0,0.0,0.0
2023-10-19 04:00:00,0.0,16.013,1.3000001,0.0,0.0,0.0
2023-10-19 04:30:00,0.0,15.938,1.3300736,0.0,0.0,0.0
2023-10-19 05:00:00,0.0,15.863,1.3601471,0.0,0.0,0.0
2023-10-19 05:30:00,0.0,15.588,1.110189815,0.0,0.0,0.0
2023-10-19 06:00:00,0.0,15.313,0.86023253,0.0,0.0,0.0
2023-10-19 06:30:00,0.0,14.988,0.940018215,0.0,0.0,0.0
2023-10-19 07:00:00,0.0,14.663,1.0198039,0.0,0.0,0.0
2023-10-19 07:30:00,2.446,14.813,1.0799897,9.412218,8.235691,6.766178499999999
2023-10-19 08:00:00,62.811,14.963,1.1401755,18.824436,16.471382,13.532357
2023-10-19 08:30:00,0.0,15.638001,1.07008775,94.020878,63.643131,157.6409185
2023-10-19 09:00:00,314.894,16.313002,1.0,169.21732,110.81488,301.74948
2023-10-19 09:30:00,352.871,17.438002,1.2,262.34813,129.059755,426.87822000000006
2023-10-19 10:00:00,572.136,18.563002,1.4,355.47894,147.30463,552.00696
2023-10-19 10:30:00,595.761,19.5130015,1.252268,411.3074,164.73263,545.754
2023-10-19 11:00:00,788.079,20.463001,1.104536,467.13586,182.16063,539.50104
2023-10-19 11:30:00,892.093,21.1630005,0.9553809,512.78598,173.733095,578.5573449999999
2023-10-19 12:00:00,414.586,21.863,0.8062258,558.4361,165.30556,617.61365
2023-10-19 12:30:00,886.7080000000001,22.063,0.9862081,555.627475,169.538835,581.632525
2023-10-19 13:00:00,862.065,22.263,1.1661904,552.81885,173.77211,545.6514
2023-10-19 13:30:00,0.0,22.513,0.83804617,561.633775,166.49490500000002,567.1246
2023-10-19 14:00:00,301.731,22.763,0.50990194,570.4487,159.2177,588.5978
2023-10-19 14:30:00,664.017,22.7380005,0.7292926,536.55574,153.419925,568.15043
2023-10-19 15:00:00,145.674,22.713001,0.94868326,502.66278,147.62215,547.70306
2023-10-19 15:30:00,56.07000000000001,22.3130005,0.86485413,428.05678,136.236465,482.87796
2023-10-19 16:00:00,33.276,21.913,0.781025,353.45078,124.85078,418.05286
2023-10-19 16:30:00,74.257,21.338,0.80282307,277.222275,109.718042,341.5979
2023-10-19 17:00:00,235.754,20.763,0.82462114,200.99377,94.585304,265.14294
2023-10-19 17:30:00,148.227,20.3630005,0.7658639549999999,136.4340875,69.30070699999999,195.411558
2023-10-19 18:00:00,20.098000000000003,19.963001,0.70710677,71.874405,44.01611,125.680176
2023-10-19 18:30:00,5.2,19.088001,0.81453061,35.9372025,22.008055,62.84008800000001
2023-10-19 19:00:00,0.0,18.213001,0.92195445,0.0,0.0,0.0
2023-10-19 19:30:00,0.0,18.213001,0.8640901249999999,0.0,0.0,0.0
2023-10-19 20:00:00,0.0,18.213001,0.8062258,0.0,0.0,0.0
2023-10-19 20:30:00,0.0,18.088001,0.7636680499999999,0.0,0.0,0.0
2023-10-19 21:00:00,0.0,17.963001,0.7211103,0.0,0.0,0.0
2023-10-19 21:30:00,0.0,17.7380005,0.8605551499999999,0.0,0.0,0.0
2023-10-19 22:00:00,0.0,17.513,1.0,0.0,0.0,0.0
2023-10-19 22:30:00,0.0,17.3630005,0.94721362,0.0,0.0,0.0
2023-10-19 23:00:00,0.0,17.213001,0.89442724,0.0,0.0,0.0
2023-10-19 23:30:00,0.0,16.4130005,0.94721362,0.0,0.0,0.0
2023-10-20 00:00:00,0.0,15.613,1.0,0.0,0.0,0.0
2023-10-20 00:30:00,0.0,15.6379995,0.88078865,0.0,0.0,0.0
2023-10-20 01:00:00,0.0,15.662999,0.7615773,0.0,0.0,0.0
2023-10-20 01:30:00,0.0,15.4129995,0.873231525,0.0,0.0,0.0
2023-10-20 02:00:00,0.0,15.163,0.98488575,0.0,0.0,0.0
2023-10-20 02:30:00,0.0,14.963,0.939656495,0.0,0.0,0.0
2023-10-20 03:00:00,0.0,14.763,0.89442724,0.0,0.0,0.0
2023-10-20 03:30:00,0.0,14.838,1.03030882,0.0,0.0,0.0
2023-10-20 04:00:00,0.0,14.913,1.1661904,0.0,0.0,0.0
2023-10-20 04:30:00,0.0,14.713,1.1239279,0.0,0.0,0.0
2023-10-20 05:00:00,0.0,14.513,1.0816654,0.0,0.0,0.0
2023-10-20 05:30:00,0.0,14.338,1.0816654,0.0,0.0,0.0
2023-10-20 06:00:00,0.0,14.163,1.0816654,0.0,0.0,0.0
2023-10-20 06:30:00,0.0,14.063,1.1511605,0.0,0.0,0.0
2023-10-20 07:00:00,0.0,13.963,1.2206556,0.0,0.0,0.0
2023-10-20 07:30:00,3.5410000000000004,14.113,1.3536312,10.656405,8.288316,13.589363
2023-10-20 08:00:00,73.229,14.263,1.4866068,21.31281,16.576632,27.178726
2023-10-20 08:30:00,197.995,15.313,1.6625422,107.75217,52.69645799999999,290.523688
2023-10-20 09:00:00,323.629,16.363,1.8384776,194.19153,88.816284,553.86865
2023-10-20 09:30:00,442.555,17.688000000000002,1.96326945,291.54019,96.8288995,657.143095
2023-10-20 10:00:00,547.182,19.013,2.0880613,388.88885,104.841515,760.41754
2023-10-20 10:30:00,634.644,20.188,2.32563125,460.564775,115.0373125,768.315
2023-10-20 11:00:00,697.836,21.363,2.5632012,532.2407,125.23311,776.21246
2023-10-20 11:30:00,760.682,22.238,2.6572821,582.4852,127.267325,786.13916
2023-10-20 12:00:00,800.806,23.113,2.751363,632.7297,129.30154,796.06586
2023-10-20 12:30:00,813.7080000000001,23.613,2.9417274,651.194135,136.29102999999998,779.29813
2023-10-20 13:00:00,820.24,24.113,3.1320918,669.65857,143.28052,762.5304
2023-10-20 13:30:00,812.686,24.338001,3.2152882,658.067485,142.92843499999998,744.2397
2023-10-20 14:00:00,779.8919999999999,24.563002,3.2984846,646.4764,142.57635,725.949
2023-10-20 14:30:00,736.694,24.463001,3.4829543000000003,602.4440500000001,136.18719,695.95863
2023-10-20 15:00:00,680.472,24.363,3.667424,558.4117,129.79803,665.96826
2023-10-20 15:30:00,613.78,23.838001,3.85608685,496.123225,113.2004525,643.997865
2023-10-20 16:00:00,335.204,23.313002,4.0447497,433.83475,96.602875,622.02747
2023-10-20 16:30:00,458.388,22.813002,3.88919035,344.619545,89.1661325,529.913035
2023-10-20 17:00:00,238.266,22.313002,3.733631,255.40434,81.72939,437.7986
2023-10-20 17:30:00,190.438,21.613001,3.3168155,163.07103,61.702162,285.81625
2023-10-20 18:00:00,48.351,20.913,2.9,70.73772,41.674934,133.8339
2023-10-20 18:30:00,6.681,19.9380005,2.504751,35.36886,20.837467,66.91695
2023-10-20 19:00:00,0.0,18.963001,2.109502,0.0,0.0,0.0
2023-10-20 19:30:00,0.0,18.463001,1.9671653,0.0,0.0,0.0
2023-10-20 20:00:00,0.0,17.963001,1.8248286,0.0,0.0,0.0
2023-10-20 20:30:00,0.0,17.6880005,1.80684155,0.0,0.0,0.0
2023-10-20 21:00:00,0.0,17.413,1.7888545,0.0,0.0,0.0
2023-10-20 21:30:00,0.0,17.213,1.6849965999999998,0.0,0.0,0.0
2023-10-20 22:00:00,0.0,17.013,1.5811387,0.0,0.0,0.0
2023-10-20 22:30:00,0.0,16.713,1.29056935,0.0,0.0,0.0
2023-10-20 23:00:00,0.0,16.413,1.0,0.0,0.0,0.0
2023-10-20 23:30:00,0.0,16.063,1.059017,0.0,0.0,0.0
2023-10-21 00:00:00,0.0,15.713,1.118034,0.0,0.0,0.0
2023-10-21 00:30:00,0.0,15.5629995,1.1693448,0.0,0.0,0.0
2023-10-21 01:00:00,0.0,15.412999,1.2206556,0.0,0.0,0.0
2023-10-21 01:30:00,0.0,15.4629995,1.1511605,0.0,0.0,0.0
2023-10-21 02:00:00,0.0,15.513,1.0816654,0.0,0.0,0.0
2023-10-21 02:30:00,0.0,15.788001,1.1772288,0.0,0.0,0.0
2023-10-21 03:00:00,0.0,16.063002,1.2727922,0.0,0.0,0.0
2023-10-21 03:30:00,0.0,16.038001,1.39961295,0.0,0.0,0.0
2023-10-21 04:00:00,0.0,16.013,1.5264337,0.0,0.0,0.0
2023-10-21 04:30:00,0.0,15.9130005,1.6851713,0.0,0.0,0.0
2023-10-21 05:00:00,0.0,15.813001,1.8439089,0.0,0.0,0.0
2023-10-21 05:30:00,0.0,15.738,1.9849691,0.0,0.0,0.0
2023-10-21 06:00:00,0.0,15.662999,2.1260293,0.0,0.0,0.0
2023-10-21 06:30:00,0.0,15.5129995,2.1260293,0.0,0.0,0.0
2023-10-21 07:00:00,0.0,15.363,2.1260293,0.0,0.0,0.0
2023-10-21 07:30:00,2.14,15.413,2.25570065,10.7303255,8.345808,13.640608
2023-10-21 08:00:00,52.345,15.463,2.385372,21.460651,16.691616,27.281216
2023-10-21 08:30:00,167.44400000000002,16.3380005,2.4742866,109.8664405,49.96784,321.287338
2023-10-21 09:00:00,296.083,17.213001,2.5632012,198.27223,83.244064,615.29346
2023-10-21 09:30:00,419.022,18.4380005,2.6417476,291.416515,95.338462,682.19688
2023-10-21 10:00:00,527.7,19.663,2.720294,384.5608,107.43286,749.1003
2023-10-21 10:30:00,618.995,20.638,2.8898529,451.83585,118.045905,749.64283
2023-10-21 11:00:00,701.644,21.613,3.0594118,519.1109,128.65895,750.18536
2023-10-21 11:30:00,747.751,22.388,3.2559736,560.0814,143.833695,726.89288
2023-10-21 12:00:00,791.519,23.163,3.4525354,601.0519,159.00844,703.6004
2023-10-21 12:30:00,807.0319999999999,23.4380005,3.64980605,612.9902,164.352235,683.62573
2023-10-21 13:00:00,813.078,23.713001,3.8470767,624.9285,169.69603,663.65106
2023-10-21 13:30:00,798.732,23.7380005,3.8162878,619.02635,169.78719999999998,653.1981800000001
2023-10-21 14:00:00,768.6840000000001,23.763,3.7854989,613.1242,169.87837,642.7453
2023-10-21 14:30:00,728.1870000000001,23.7380005,3.75956495,580.94885,152.60258499999998,644.88788
2023-10-21 15:00:00,668.446,23.713001,3.733631,548.7735,135.3268,647.03046
2023-10-21 15:30:00,595.1300000000001,23.5380005,3.53564735,484.912765,120.294905,617.2561949999999
2023-10-21 16:00:00,505.559,23.363,3.3376637,421.05203,105.26301,587.48193
2023-10-21 16:30:00,403.898,22.963001,3.0768446,340.979535,88.280965,535.5010950000001
2023-10-21 17:00:00,288.617,22.563002,2.8160255,260.90704,71.29892,483.52026
2023-10-21 17:30:00,165.001,21.8880015,2.5091486,171.444835,52.0999225,357.12278000000003
2023-10-21 18:00:00,54.119,21.213001,2.2022717,81.98263,32.900925,230.7253
2023-10-21 18:30:00,4.215,20.1630005,1.75305605,40.991315,16.4504625,115.36265
2023-10-21 19:00:00,0.0,19.113,1.3038404,0.0,0.0,0.0
2023-10-21 19:30:00,0.0,18.813,1.1519202,0.0,0.0,0.0
2023-10-21 20:00:00,0.0,18.513,1.0,0.0,0.0,0.0
2023-10-21 20:30:00,0.0,17.688000000000002,1.052268,0.0,0.0,0.0
2023-10-21 21:00:00,0.0,16.863,1.104536,0.0,0.0,0.0
2023-10-21 21:30:00,0.0,16.988,0.916273475,0.0,0.0,0.0
2023-10-21 22:00:00,0.0,17.113,0.72801095,0.0,0.0,0.0
2023-10-21 22:30:00,0.0,16.887999999999998,0.79412174,0.0,0.0,0.0
2023-10-21 23:00:00,0.0,16.663,0.86023253,0.0,0.0,0.0
2023-10-21 23:30:00,0.0,16.788,0.89109349,0.0,0.0,0.0
2023-10-22 00:00:00,0.0,16.913,0.92195445,0.0,0.0,0.0
2023-10-22 00:30:00,0.0,16.9380005,1.453448875,0.0,0.0,0.0
2023-10-22 01:00:00,0.0,16.963001,1.9849433,0.0,0.0,0.0
2023-10-22 01:30:00,0.0,16.7380005,2.05313175,0.0,0.0,0.0
2023-10-22 02:00:00,0.0,16.513,2.1213202,0.0,0.0,0.0
2023-10-22 02:30:00,0.0,15.9629995,1.74073365,0.0,0.0,0.0
2023-10-22 03:00:00,0.0,15.412999,1.3601471,0.0,0.0,0.0
2023-10-22 03:30:00,0.0,15.5879995,1.81144445,0.0,0.0,0.0
2023-10-22 04:00:00,0.0,15.763,2.2627418,0.0,0.0,0.0
2023-10-22 04:30:00,0.0,15.688,2.22795655,0.0,0.0,0.0
2023-10-22 05:00:00,0.0,15.613,2.1931713,0.0,0.0,0.0
2023-10-22 05:30:00,0.0,15.563,2.15724575,0.0,0.0,0.0
2023-10-22 06:00:00,0.0,15.513,2.1213202,0.0,0.0,0.0
2023-10-22 06:30:00,0.0,15.438,2.29860195,0.0,0.0,0.0
2023-10-22 07:00:00,0.0,15.363,2.4758837,0.0,0.0,0.0
2023-10-22 07:30:00,0.8019999999999999,15.438,2.4758837,9.609745,7.207309,13.6833885
2023-10-22 08:00:00,49.495000000000005,15.513,2.4758837,19.21949,14.414618,27.366777
2023-10-22 08:30:00,122.536,16.463,2.61089485,107.780485,49.8240615,316.21208850000005
2023-10-22 09:00:00,110.888,17.413,2.745906,196.34148,85.233505,605.0574
2023-10-22 09:30:00,228.497,19.038,2.5822915,289.509425,100.0794905,667.9653000000001
2023-10-22 10:00:00,368.556,20.663,2.418677,382.67737,114.925476,730.8732
2023-10-22 10:30:00,634.3130000000001,22.0630005,2.2605283,451.042085,138.060348,712.1423500000001
2023-10-22 11:00:00,609.215,23.463001,2.1023796,519.4068,161.19522,693.4115
2023-10-22 11:30:00,743.2139999999999,24.713001,2.2396763,577.78583,153.75657,739.1308
2023-10-22 12:00:00,769.0889999999999,25.963001,2.376973,636.16486,146.31792,784.8501
2023-10-22 12:30:00,789.518,26.6880005,2.5170195,663.56418,134.63439,809.09205
2023-10-22 13:00:00,803.4879999999999,27.413,2.657066,690.9635,122.95086,833.334
2023-10-22 13:30:00,782.974,27.6880005,2.1363077,678.3259,120.040383,816.9983
2023-10-22 14:00:00,759.676,27.963001,1.6155494,665.6883,117.129906,800.6626
2023-10-22 14:30:00,711.8680000000002,28.0380005,1.3600427,619.675725,112.200128,767.8989
2023-10-22 15:00:00,655.443,28.113,1.104536,573.66315,107.27035,735.1352
2023-10-22 15:30:00,577.086,27.563,0.802268,499.30606,106.20618,667.5918300000001
2023-10-22 16:00:00,508.682,27.013,0.5,424.94897,105.14201,600.04846
2023-10-22 16:30:00,412.886,26.188,0.9446222,336.677555,92.01915,518.6604150000001
2023-10-22 17:00:00,136.48999999999998,25.363,1.3892444,248.40614,78.89629,437.27237
2023-10-22 17:30:00,210.10700000000003,24.188,1.48519155,163.172185,55.3539075,329.313555
2023-10-22 18:00:00,33.623,23.013,1.5811387,77.93823,31.811525,221.35474
2023-10-22 18:30:00,5.034,21.588,1.3606571,38.969115,15.905762500000002,110.67737
2023-10-22 19:00:00,0.0,20.163,1.1401755,0.0,0.0,0.0
2023-10-22 19:30:00,0.0,19.3130005,1.23717095,0.0,0.0,0.0
2023-10-22 20:00:00,0.0,18.463001,1.3341664,0.0,0.0,0.0
2023-10-22 20:30:00,0.0,18.9130005,1.14142483,0.0,0.0,0.0
2023-10-22 21:00:00,0.0,19.363,0.94868326,0.0,0.0,0.0
2023-10-22 21:30:00,0.0,19.213001,0.67434163,0.0,0.0,0.0
2023-10-22 22:00:00,0.0,19.063002,0.4,0.0,0.0,0.0
2023-10-22 22:30:00,0.0,18.588001,0.5354102000000001,0.0,0.0,0.0
2023-10-22 23:00:00,0.0,18.113,0.6708204,0.0,0.0,0.0
2023-10-22 23:30:00,0.0,17.463001,0.84531215,0.0,0.0,0.0
2023-10-23 00:00:00,0.0,16.813002,1.0198039,0.0,0.0,0.0
2023-10-23 00:30:00,0.0,16.813002,1.1283678,0.0,0.0,0.0
2023-10-23 01:00:00,0.0,16.813002,1.2369317,0.0,0.0,0.0
2023-10-23 01:30:00,0.0,16.663001,1.3148852,0.0,0.0,0.0
2023-10-23 02:00:00,0.0,16.513,1.3928387,0.0,0.0,0.0
2023-10-23 02:30:00,0.0,15.863,1.6183738,0.0,0.0,0.0
2023-10-23 03:00:00,0.0,15.213,1.8439089,0.0,0.0,0.0
2023-10-23 03:30:00,0.0,15.913,1.6851713,0.0,0.0,0.0
2023-10-23 04:00:00,0.0,16.613,1.5264337,0.0,0.0,0.0
2023-10-23 04:30:00,0.0,16.5380005,1.7481026,0.0,0.0,0.0
2023-10-23 05:00:00,0.0,16.463001,1.9697715,0.0,0.0,0.0
2023-10-23 05:30:00,0.0,16.3130005,1.91896275,0.0,0.0,0.0
2023-10-23 06:00:00,0.0,16.163,1.868154,0.0,0.0,0.0
2023-10-23 06:30:00,0.0,16.413,1.7480180500000002,0.0,0.0,0.0
2023-10-23 07:00:00,0.0,16.663,1.6278821,0.0,0.0,0.0
2023-10-23 07:30:00,1.73,16.8130005,1.41394105,8.477598,7.266513,6.859018
2023-10-23 08:00:00,30.865,16.963001,1.2,16.955196,14.533026,13.718036
2023-10-23 08:30:00,82.773,18.3880015,1.1024938,103.391398,50.130813,295.531898
2023-10-23 09:00:00,276.081,19.813002,1.0049876,189.8276,85.7286,577.34576
2023-10-23 09:30:00,398.40100000000007,21.988001,0.866499275,285.31455,94.90309,670.11325
2023-10-23 10:00:00,499.764,24.163,0.72801095,380.8015,104.07758,762.88074
2023-10-23 10:30:00,584.0500000000001,25.238001,0.680233225,460.33697,107.4821225,799.79059
2023-10-23 11:00:00,651.833,26.313002,0.6324555,539.87244,110.886665,836.70044
2023-10-23 11:30:00,704.325,27.063002,0.4662277499999999,592.85987,112.7105775,846.8248699999999
2023-10-23 12:00:00,741.778,27.813002,0.3,645.8473,114.53449,856.9493
2023-10-23 12:30:00,763.592,28.338001,0.6216990499999999,666.369085,114.1694475,851.54258
2023-10-23 13:00:00,771.833,28.863,0.9433981,686.89087,113.804405,846.13586
2023-10-23 13:30:00,763.533,29.0380005,1.4017528,675.238385,111.5504525,830.22523
2023-10-23 14:00:00,739.054,29.213001,1.8601075,663.5859,109.2965,814.3146
2023-10-23 14:30:00,705.879,29.3880015,1.63005375,620.8036999999999,104.992057,786.0410300000001
2023-10-23 15:00:00,647.043,29.563002,1.4,578.0215,100.687614,757.76746
2023-10-23 15:30:00,580.52,29.0130015,1.31846585,503.431585,95.8535345,698.50568
2023-10-23 16:00:00,496.76700000000005,28.463001,1.2369317,428.84167,91.019455,639.2439
2023-10-23 16:30:00,396.757,27.6380015,1.06567947,344.870465,78.6088875,573.639665
2023-10-23 17:00:00,284.00600000000003,26.813002,0.89442724,260.89926,66.19832,508.03543
2023-10-23 17:30:00,165.17000000000002,25.238001,1.00623062,169.51487500000002,48.2043895,371.394495
2023-10-23 18:00:00,56.319,23.663,1.118034,78.13049,30.210459,234.75356
2023-10-23 18:30:00,5.958,22.088,1.0905243,39.065245,15.1052295,117.37678
2023-10-23 19:00:00,0.0,20.513,1.0630146,0.0,0.0,0.0
2023-10-23 19:30:00,0.0,19.763,0.992484525,0.0,0.0,0.0
2023-10-23 20:00:00,0.0,19.013,0.92195445,0.0,0.0,0.0
2023-10-23 20:30:00,0.0,18.4880005,1.071305025,0.0,0.0,0.0
2023-10-23 21:00:00,0.0,17.963001,1.2206556,0.0,0.0,0.0
2023-10-23 21:30:00,0.0,17.4880005,1.2830089999999998,0.0,0.0,0.0
2023-10-23 22:00:00,0.0,17.013,1.3453624,0.0,0.0,0.0
2023-10-23 22:30:00,0.0,16.663001,1.3833147,0.0,0.0,0.0
2023-10-23 23:00:00,0.0,16.313002,1.421267,0.0,0.0,0.0
2023-10-23 23:30:00,0.0,16.038001,1.35094595,0.0,0.0,0.0
2023-10-24 00:00:00,0.0,15.763,1.2806249,0.0,0.0,0.0
2023-10-24 00:30:00,0.0,15.563,1.3474192,0.0,0.0,0.0
2023-10-24 01:00:00,0.0,15.363,1.4142135,0.0,0.0,0.0
2023-10-24 01:30:00,0.0,15.238,1.4703236,0.0,0.0,0.0
2023-10-24 02:00:00,0.0,15.113,1.5264337,0.0,0.0,0.0
2023-10-24 02:30:00,0.0,14.463,1.4791078999999998,0.0,0.0,0.0
2023-10-24 03:00:00,0.0,13.813,1.4317821,0.0,0.0,0.0
2023-10-24 03:30:00,0.0,13.988,1.74666745,0.0,0.0,0.0
2023-10-24 04:00:00,0.0,14.163,2.0615528,0.0,0.0,0.0
2023-10-24 04:30:00,0.0,14.713,1.9648534,0.0,0.0,0.0
2023-10-24 05:00:00,0.0,15.263,1.868154,0.0,0.0,0.0
2023-10-24 05:30:00,0.0,15.688,1.89584615,0.0,0.0,0.0
2023-10-24 06:00:00,0.0,16.113,1.9235383,0.0,0.0,0.0
2023-10-24 06:30:00,0.0,16.238,1.87418345,0.0,0.0,0.0
2023-10-24 07:00:00,0.0,16.363,1.8248286,0.0,0.0,0.0
2023-10-24 07:30:00,0.7939999999999999,16.463001,1.89475845,6.109856499999999,4.887885,6.871948999999999
2023-10-24 08:00:00,61.228,16.563002,1.9646883,12.219713,9.77577,13.743898
2023-10-24 08:30:00,173.415,16.913001,2.05122195,84.65375649999999,50.32014,193.973724
2023-10-24 09:00:00,308.91,17.263,2.1377556,157.0878,90.86451,374.20355
2023-10-24 09:30:00,431.848,18.213,1.9702656,255.747225,107.974605,506.3844
2023-10-24 10:00:00,537.37,19.163,1.8027756,354.40665,125.0847,638.56525
2023-10-24 10:30:00,627.075,20.4380005,1.9807393,442.819175,129.226495,710.240575
2023-10-24 11:00:00,694.926,21.713001,2.158703,531.2317,133.36829,781.9159
2023-10-24 11:30:00,0.0,22.9130005,2.267838,591.79523,123.964425,827.5572500000001
2023-10-24 12:00:00,775.4080000000001,24.113,2.376973,652.35876,114.56056,873.1986
2023-10-24 12:30:00,790.787,24.988,2.32975775,673.688415,114.18234,868.4026
2023-10-24 13:00:00,784.2779999999999,25.863,2.2825425,695.01807,113.80412,863.6066
2023-10-24 13:30:00,778.892,26.188,2.14127125,681.669315,111.538485,845.1324999999999
2023-10-24 14:00:00,765.8100000000001,26.513,2.0,668.32056,109.27285,826.6584
2023-10-24 14:30:00,715.9870000000001,26.288001,2.0816654000000003,622.55588,104.954235,793.969275
2023-10-24 15:00:00,660.829,26.063002,2.1633308,576.7912,100.63562,761.28015
2023-10-24 15:30:00,592.2330000000001,26.113001,1.90172635,504.323885,94.46509,708.437805
2023-10-24 16:00:00,503.534,26.163,1.6401219,431.85657,88.29456,655.59546
2023-10-24 16:30:00,397.887,25.213,1.53069445,344.433395,77.14708,579.84498
2023-10-24 17:00:00,280.917,24.263,1.421267,257.01022,65.9996,504.0945
2023-10-24 17:30:00,156.197,23.088,1.2106335,165.83795750000002,47.5749525,365.85239
2023-10-24 18:00:00,49.669,21.913,1.0,74.665695,29.150305,227.61028
2023-10-24 18:30:00,4.699,20.663,1.3732125,37.3328475,14.575152500000002,113.80514
2023-10-24 19:00:00,0.0,19.413,1.746425,0.0,0.0,0.0
2023-10-24 19:30:00,0.0,18.613001,1.6794383,0.0,0.0,0.0
2023-10-24 20:00:00,0.0,17.813002,1.6124516,0.0,0.0,0.0
2023-10-24 20:30:00,0.0,17.163001,1.3210073,0.0,0.0,0.0
2023-10-24 21:00:00,0.0,16.513,1.029563,0.0,0.0,0.0
2023-10-24 21:30:00,0.0,15.9629995,1.1874627,0.0,0.0,0.0
2023-10-24 22:00:00,0.0,15.412999,1.3453624,0.0,0.0,0.0
2023-10-24 22:30:00,0.0,15.1629995,1.2768335,0.0,0.0,0.0
2023-10-24 23:00:00,0.0,14.913,1.2083046,0.0,0.0,0.0
2023-10-24 23:30:00,0.0,14.888,1.2144800999999998,0.0,0.0,0.0
2023-10-25 00:00:00,0.0,14.863,1.2206556,0.0,0.0,0.0
2023-10-25 00:30:00,0.0,14.913,1.3913528,0.0,0.0,0.0
2023-10-25 01:00:00,0.0,14.963,1.56205,0.0,0.0,0.0
2023-10-25 01:30:00,0.0,15.513001,1.48813175,0.0,0.0,0.0
2023-10-25 02:00:00,0.0,16.063002,1.4142135,0.0,0.0,0.0
2023-10-25 02:30:00,0.0,16.038001,1.11941732,0.0,0.0,0.0
2023-10-25 03:00:00,0.0,16.013,0.82462114,0.0,0.0,0.0
2023-10-25 03:30:00,0.0,14.438,0.91480437,0.0,0.0,0.0
2023-10-25 04:00:00,0.0,12.863,1.0049876,0.0,0.0,0.0
2023-10-25 04:30:00,0.0,12.888,0.963471025,0.0,0.0,0.0
2023-10-25 05:00:00,0.0,12.913,0.92195445,0.0,0.0,0.0
2023-10-25 05:30:00,0.0,12.938,0.982992575,0.0,0.0,0.0
2023-10-25 06:00:00,0.0,12.963,1.0440307,0.0,0.0,0.0
2023-10-25 06:30:00,0.0,12.988,1.15447085,0.0,0.0,0.0
2023-10-25 07:00:00,0.0,13.013,1.264911,0.0,0.0,0.0
2023-10-25 07:30:00,3.968,13.163,1.4150792499999998,8.638259,6.170185,13.765675
2023-10-25 08:00:00,69.18599999999999,13.313,1.5652475,17.276518,12.34037,27.53135
2023-10-25 08:30:00,247.625,14.963,1.8792094,107.041914,46.461445000000005,348.4576
2023-10-25 09:00:00,261.044,16.613,2.1931713,196.80731,80.58252,669.38385
2023-10-25 09:30:00,203.772,18.688,2.2378569,281.412765,109.07321,656.004545
2023-10-25 10:00:00,564.634,20.763,2.2825425,366.01822,137.5639,642.62524
2023-10-25 10:30:00,676.001,21.913001,2.58088935,447.10721,141.675275,699.96992
2023-10-25 11:00:00,644.485,23.063002,2.8792362,528.1962,145.78665,757.3146
2023-10-25 11:30:00,776.259,23.788001,3.1498811,585.0501999999999,140.26674,793.1386
2023-10-25 12:00:00,533.934,24.513,3.420526,641.9042,134.74683,828.9626
2023-10-25 12:30:00,922.58,24.938,3.67113015,659.3187,140.025705,811.81535
2023-10-25 13:00:00,258.031,25.363,3.9217343,676.7332,145.30458,794.6681
2023-10-25 13:30:00,463.904,25.563,4.07982915,645.6331,172.14810999999997,706.5599500000001
2023-10-25 14:00:00,309.149,25.763,4.237924,614.533,198.99164,618.4518
2023-10-25 14:30:00,684.842,25.688,4.1744425,551.2778000000001,216.3791,513.91894
2023-10-25 15:00:00,407.037,25.613,4.110961,488.0226,233.76656,409.38608
2023-10-25 15:30:00,425.781,24.7880005,3.9718572,405.12292,219.48824,317.27359
2023-10-25 16:00:00,364.675,23.963001,3.8327534,322.22324,205.20992,225.1611
2023-10-25 16:30:00,380.7960000000001,23.5380005,3.49514195,278.78084,151.76282500000002,295.43736
2023-10-25 17:00:00,264.887,23.113,3.1575305,235.33844,98.31573,365.71362
2023-10-25 17:30:00,94.333,22.013,2.7331049,152.5439225,65.967973,275.06966
2023-10-25 18:00:00,28.517,20.913,2.3086793,69.749405,33.620216,184.4257
2023-10-25 18:30:00,0.524,19.5630005,2.08841665,34.8747025,16.810108,92.21285
2023-10-25 19:00:00,0.0,18.213001,1.868154,0.0,0.0,0.0
2023-10-25 19:30:00,0.0,17.7630015,1.92023115,0.0,0.0,0.0
2023-10-25 20:00:00,0.0,17.313002,1.9723083,0.0,0.0,0.0
2023-10-25 20:30:00,0.0,17.088001,2.0491688,0.0,0.0,0.0
2023-10-25 21:00:00,0.0,16.863,2.1260293,0.0,0.0,0.0
2023-10-25 21:30:00,0.0,16.688000000000002,2.0889288500000003,0.0,0.0,0.0
2023-10-25 22:00:00,0.0,16.513,2.0518284,0.0,0.0,0.0
2023-10-25 22:30:00,0.0,16.388,1.98638285,0.0,0.0,0.0
2023-10-25 23:00:00,0.0,16.263,1.9209373,0.0,0.0,0.0
2023-10-25 23:30:00,0.0,16.038000500000003,1.58696685,0.0,0.0,0.0
2023-10-26 00:00:00,0.0,15.813001,1.2529964,0.0,0.0,0.0
2023-10-26 00:30:00,0.0,15.5380005,1.1580055,0.0,0.0,0.0
2023-10-26 01:00:00,0.0,15.263,1.0630146,0.0,0.0,0.0
2023-10-26 01:30:00,0.0,15.163,1.07234,0.0,0.0,0.0
2023-10-26 02:00:00,0.0,15.063,1.0816654,0.0,0.0,0.0
2023-10-26 02:30:00,0.0,15.113,1.261943,0.0,0.0,0.0
2023-10-26 03:00:00,0.0,15.163,1.4422206,0.0,0.0,0.0
2023-10-26 03:30:00,0.0,15.313,1.48432715,0.0,0.0,0.0
2023-10-26 04:00:00,0.0,15.463,1.5264337,0.0,0.0,0.0
2023-10-26 04:30:00,0.0,15.388,1.65344155,0.0,0.0,0.0
2023-10-26 05:00:00,0.0,15.313,1.7804494,0.0,0.0,0.0
2023-10-26 05:30:00,0.0,15.288,1.8610491,0.0,0.0,0.0
2023-10-26 06:00:00,0.0,15.263,1.9416488,0.0,0.0,0.0
2023-10-26 06:30:00,0.0,15.388,2.0016008,0.0,0.0,0.0
2023-10-26 07:00:00,0.0,15.513,2.0615528,0.0,0.0,0.0
2023-10-26 07:30:00,0.0,15.638,2.1078093,6.237917000000001,6.237917000000001,0.0
2023-10-26 08:00:00,16.694,15.763,2.1540658,12.475834,12.475834,0.0
2023-10-26 08:30:00,81.87299999999999,16.4880005,2.5070679,67.066244,62.387144,27.3180315
2023-10-26 09:00:00,149.08,17.213001,2.86007,121.656654,112.298454,54.636063
2023-10-26 09:30:00,200.885,18.0380005,3.07472335,163.552937,147.801727,58.7853465
2023-10-26 10:00:00,350.642,18.863,3.2893767,205.44922,183.305,62.93463
2023-10-26 10:30:00,404.569,19.5380005,3.2234536,242.99336,218.455455,58.3420135
2023-10-26 11:00:00,415.266,20.213001,3.1575305,280.5375,253.60591,53.749397
2023-10-26 11:30:00,623.292,21.213001,2.7640922000000003,350.92951500000004,277.50234,125.5463285
2023-10-26 12:00:00,365.04,22.213001,2.3706539,421.32153,301.39877,197.34326
2023-10-26 12:30:00,428.258,22.6880005,2.37381345,440.814465,302.610985,216.4226
2023-10-26 13:00:00,381.222,23.163,2.376973,460.3074,303.8232,235.50194
2023-10-26 13:30:00,398.288,23.013,2.48656195,378.39224,262.602885,173.998258
2023-10-26 14:00:00,265.807,22.863,2.5961509,296.47708,221.38257,112.494576
2023-10-26 14:30:00,161.96800000000002,22.713001,2.1612093,254.358255,207.50225,71.342275
2023-10-26 15:00:00,180.991,22.563002,1.7262677,212.23943,193.62193,30.189974
2023-10-26 15:30:00,154.34799999999998,22.0130015,1.78237265,165.869735,155.68872299999998,16.7875484
2023-10-26 16:00:00,191.047,21.463001,1.8384776,119.50004,117.755516,3.3851228
2023-10-26 16:30:00,288.598,21.588001,2.5316903,149.66387,107.886598,112.10967639999998
2023-10-26 17:00:00,314.044,21.713001,3.224903,179.8277,98.01768,220.83423
2023-10-26 17:30:00,141.012,20.8130005,3.4461635,119.920146,65.241754,182.20102
2023-10-26 18:00:00,62.166,19.913,3.667424,60.012592,32.465828,143.56781
2023-10-26 18:30:00,2.03,18.9380005,3.4313666,30.006296,16.232914,71.783905
2023-10-26 19:00:00,0.0,17.963001,3.1953092,0.0,0.0,0.0
2023-10-26 19:30:00,0.0,17.588001,2.9922872,0.0,0.0,0.0
2023-10-26 20:00:00,0.0,17.213001,2.7892652,0.0,0.0,0.0
2023-10-26 20:30:00,0.0,17.1630005,2.5126666,0.0,0.0,0.0
2023-10-26 21:00:00,0.0,17.113,2.236068,0.0,0.0,0.0
2023-10-26 21:30:00,0.0,16.9130005,2.4937155,0.0,0.0,0.0
2023-10-26 22:00:00,0.0,16.713001,2.751363,0.0,0.0,0.0
2023-10-26 22:30:00,0.0,16.588001,2.8074635,0.0,0.0,0.0
2023-10-26 23:00:00,0.0,16.463001,2.863564,0.0,0.0,0.0
2023-10-26 23:30:00,0.0,16.2630015,2.932615,0.0,0.0,0.0
2023-10-27 00:00:00,0.0,16.063002,3.001666,0.0,0.0,0.0
2023-10-27 00:30:00,0.0,15.9380015,2.94305355,0.0,0.0,0.0
2023-10-27 01:00:00,0.0,15.813001,2.8844411,0.0,0.0,0.0
2023-10-27 01:30:00,0.0,15.7630005,2.77075355,0.0,0.0,0.0
2023-10-27 02:00:00,0.0,15.713,2.657066,0.0,0.0,0.0
2023-10-27 02:30:00,0.0,15.6380005,2.5815295000000003,0.0,0.0,0.0
2023-10-27 03:00:00,0.0,15.563001,2.505993,0.0,0.0,0.0
2023-10-27 03:30:00,0.0,15.9630005,2.5768166,0.0,0.0,0.0
2023-10-27 04:00:00,0.0,16.363,2.6476402,0.0,0.0,0.0
2023-10-27 04:30:00,0.0,16.262999999999998,2.6054207,0.0,0.0,0.0
2023-10-27 05:00:00,0.0,16.163,2.5632012,0.0,0.0,0.0
2023-10-27 05:30:00,0.0,16.063,2.72382115,0.0,0.0,0.0
2023-10-27 06:00:00,0.0,15.963,2.8844411,0.0,0.0,0.0
2023-10-27 06:30:00,0.0,15.8129995,2.87225555,0.0,0.0,0.0
2023-10-27 07:00:00,0.0,15.662999,2.86007,0.0,0.0,0.0
2023-10-27 07:30:00,0.921,15.613,2.7047899,6.314092,5.051274,6.871686
2023-10-27 08:00:00,34.788,15.563001,2.5495098,12.628184,10.102548,13.743372
2023-10-27 08:30:00,146.863,16.7380005,2.3724798,97.386617,44.306672,309.761436
2023-10-27 09:00:00,284.375,17.913,2.1954498,182.14505,78.510796,605.7795
2023-10-27 09:30:00,401.888,19.338,2.2649866000000003,265.44029,103.334013,619.6358749999999
2023-10-27 10:00:00,472.451,20.763,2.3345234,348.73553,128.15723,633.49225
2023-10-27 10:30:00,620.949,21.688,2.6232836,421.402515,140.99625500000002,658.93814
2023-10-27 11:00:00,685.9709999999999,22.613,2.9120438,494.0695,153.83528,684.38403
2023-10-27 11:30:00,792.135,23.138,3.1180989,550.63475,148.57149,726.49139
2023-10-27 12:00:00,685.261,23.663,3.324154,607.2,143.3077,768.59875
2023-10-27 12:30:00,793.473,23.963,3.4745338500000003,631.3095000000001,140.752285,776.02301
2023-10-27 13:00:00,800.221,24.263,3.6249137,655.419,138.19687,783.44727
2023-10-27 13:30:00,788.136,24.4880005,3.82802135,648.0177,127.11468,787.235735
2023-10-27 14:00:00,730.9069999999999,24.713001,4.031129,640.6164,116.03249,791.0242
2023-10-27 14:30:00,735.864,24.6880005,3.88772885,592.453525,111.049695,753.3638
2023-10-27 15:00:00,607.696,24.663,3.7443287,544.29065,106.0669,715.7034
2023-10-27 15:30:00,581.791,24.4380005,3.50999835,471.235765,104.87538,645.99015
2023-10-27 16:00:00,496.955,24.213001,3.275668,398.18088,103.68386,576.2769
2023-10-27 16:30:00,264.66099999999994,23.6630005,3.0538142,317.582175,84.9272875,521.3131149999999
2023-10-27 17:00:00,70.986,23.113,2.8319604,236.98347,66.170715,466.34933
2023-10-27 17:30:00,185.965,22.263,1.98606795,149.3225875,46.573855,325.477325
2023-10-27 18:00:00,54.901,21.413,1.1401755,61.661705,26.976995,184.60532
2023-10-27 18:30:00,1.349,20.238001,1.0799897,30.8308525,13.488497499999998,92.30266
2023-10-27 19:00:00,0.0,19.063002,1.0198039,0.0,0.0,0.0
2023-10-27 19:30:00,0.0,18.488001,0.970879175,0.0,0.0,0.0
2023-10-27 20:00:00,0.0,17.913,0.92195445,0.0,0.0,0.0
2023-10-27 20:30:00,0.0,17.963,0.610977225,0.0,0.0,0.0
2023-10-27 21:00:00,0.0,18.013,0.3,0.0,0.0,0.0
2023-10-27 21:30:00,0.0,17.063000000000002,0.6216990499999999,0.0,0.0,0.0
2023-10-27 22:00:00,0.0,16.113,0.9433981,0.0,0.0,0.0
2023-10-27 22:30:00,0.0,15.638,1.0417868,0.0,0.0,0.0
2023-10-27 23:00:00,0.0,15.163,1.1401755,0.0,0.0,0.0
2023-10-27 23:30:00,0.0,14.988,1.4920422,0.0,0.0,0.0
2023-10-28 00:00:00,0.0,14.813,1.8439089,0.0,0.0,0.0
2023-10-28 00:30:00,0.0,14.763,2.05332535,0.0,0.0,0.0
2023-10-28 01:00:00,0.0,14.713,2.2627418,0.0,0.0,0.0
2023-10-28 01:30:00,0.0,14.713,2.18612205,0.0,0.0,0.0
2023-10-28 02:00:00,0.0,14.713,2.1095023,0.0,0.0,0.0
2023-10-28 02:30:00,0.0,14.738,1.7511705,0.0,0.0,0.0
2023-10-28 03:00:00,0.0,14.763,1.3928387,0.0,0.0,0.0
2023-10-28 03:30:00,0.0,14.988,1.3046956,0.0,0.0,0.0
2023-10-28 04:00:00,0.0,15.213,1.2165525,0.0,0.0,0.0
2023-10-28 04:30:00,0.0,15.188,1.08261788,0.0,0.0,0.0
2023-10-28 05:00:00,0.0,15.163,0.94868326,0.0,0.0,0.0
2023-10-28 05:30:00,0.0,14.738,0.94604068,0.0,0.0,0.0
2023-10-28 06:00:00,0.0,14.313,0.9433981,0.0,0.0,0.0
2023-10-28 06:30:00,0.0,14.188,0.825252435,0.0,0.0,0.0
2023-10-28 07:00:00,0.0,14.063,0.70710677,0.0,0.0,0.0
2023-10-28 07:30:00,0.15,14.138,1.033626885,5.120424,3.84031775,6.860879000000001
2023-10-28 08:00:00,36.362,14.213,1.360147,10.240848,7.6806355,13.721758
2023-10-28 08:30:00,175.496,15.488,1.4610985,84.973154,48.11509775,215.041314
2023-10-28 09:00:00,309.446,16.763,1.56205,159.70546,88.54956,416.36087
2023-10-28 09:30:00,425.374,18.438,1.38310475,252.666895,97.97061,553.9463049999999
2023-10-28 10:00:00,524.269,20.113,1.2041595,345.62833,107.39166,691.53174
2023-10-28 10:30:00,605.068,21.138,1.72011375,405.408015,115.49613,692.06287
2023-10-28 11:00:00,683.526,22.163,2.236068,465.1877,123.6006,692.594
2023-10-28 11:30:00,779.8810000000001,22.888,2.5189266,499.64283,136.128045,667.8145
2023-10-28 12:00:00,477.651,23.613,2.8017852,534.09796,148.65549,643.035
2023-10-28 12:30:00,437.844,23.638,3.3153116,505.85185,182.043085,521.37732
2023-10-28 13:00:00,672.088,23.663,3.828838,477.60574,215.43068,399.71964
2023-10-28 13:30:00,267.986,23.513,4.1555125,467.89912,207.152865,396.6688850000001
2023-10-28 14:00:00,827.758,23.363,4.482187,458.1925,198.87505,393.61813
2023-10-28 14:30:00,181.829,23.113,4.01450825,394.1627,210.566765,285.53154500000005
2023-10-28 15:00:00,169.518,22.863,3.5468295,330.1329,222.25848,177.44496
2023-10-28 15:30:00,183.94,23.2880005,2.44049795,354.36155,165.959545,354.07372999999995
2023-10-28 16:00:00,109.198,23.713001,1.3341664,378.5902,109.66061,530.7025
2023-10-28 16:30:00,92.474,23.2630015,1.3341664,292.84598,95.483615,439.0393
2023-10-28 17:00:00,54.70900000000001,22.813002,1.3341664,207.10176,81.30662,347.3761
2023-10-28 17:30:00,48.109,22.0130015,1.0670832,130.88467350000002,53.377662,253.11114
2023-10-28 18:00:00,40.213,21.213001,0.8,54.667587,25.448704,158.84618
2023-10-28 18:30:00,1.806,20.213001,0.87434163,27.3337935,12.724352,79.42309
2023-10-28 19:00:00,0.0,19.213001,0.94868326,0.0,0.0,0.0
2023-10-28 19:30:00,0.0,18.838001,0.92155525,0.0,0.0,0.0
2023-10-28 20:00:00,0.0,18.463001,0.89442724,0.0,0.0,0.0
2023-10-28 20:30:00,0.0,18.0630005,0.89998287,0.0,0.0,0.0
2023-10-28 21:00:00,0.0,17.663,0.9055385,0.0,0.0,0.0
2023-10-28 21:30:00,0.0,17.512999999999998,0.92711088,0.0,0.0,0.0
2023-10-28 22:00:00,0.0,17.363,0.94868326,0.0,0.0,0.0
2023-10-28 22:30:00,0.0,17.137999999999998,0.92155525,0.0,0.0,0.0
2023-10-28 23:00:00,0.0,16.913,0.89442724,0.0,0.0,0.0
2023-10-28 23:30:00,0.0,16.213,1.09721367,0.0,0.0,0.0
2023-10-29 00:00:00,0.0,15.513,1.3000001,0.0,0.0,0.0
2023-10-29 00:30:00,0.0,15.263,1.28245555,0.0,0.0,0.0
2023-10-29 01:00:00,0.0,15.013,1.264911,0.0,0.0,0.0
2023-10-29 01:30:00,0.0,14.863,1.312529,0.0,0.0,0.0
2023-10-29 02:00:00,0.0,14.713,1.360147,0.0,0.0,0.0
2023-10-29 02:30:00,0.0,14.588,1.2653085,0.0,0.0,0.0
2023-10-29 03:00:00,0.0,14.463,1.17047,0.0,0.0,0.0
2023-10-29 03:30:00,0.0,14.138,1.24288225,0.0,0.0,0.0
2023-10-29 04:00:00,0.0,13.813,1.3152945,0.0,0.0,0.0
2023-10-29 04:30:00,0.0,13.763,1.32473045,0.0,0.0,0.0
2023-10-29 05:00:00,0.0,13.713,1.3341664,0.0,0.0,0.0
2023-10-29 05:30:00,0.0,13.563,1.1170832,0.0,0.0,0.0
2023-10-29 06:00:00,0.0,13.413,0.9,0.0,0.0,0.0
2023-10-29 06:30:00,0.0,13.538,0.8035533850000001,5.1995705,5.1995705,0.0
2023-10-29 07:00:00,0.0,13.663,0.70710677,10.399141,10.399141,0.0
2023-10-29 07:30:00,0.0,14.863001,0.8035533850000001,67.318963,50.5945105,97.943475
2023-10-29 08:00:00,16.694,16.063002,0.9,124.238785,90.78988,195.88695
2023-10-29 08:30:00,81.87299999999999,17.663001,0.75,183.3017925,123.91619,223.123625
2023-10-29 09:00:00,149.08,19.263,0.6,242.3648,157.0425,250.3603
2023-10-29 09:30:00,200.885,20.188,0.66055515,338.75738,153.857285,415.9119
2023-10-29 10:00:00,350.642,21.113,0.7211103,435.14996,150.67207,581.4635
2023-10-29 10:30:00,404.569,21.9130005,0.77286572,488.41613000000007,177.29976499999998,574.4369999999999
2023-10-29 11:00:00,415.266,22.713001,0.82462114,541.6823,203.92746,567.4105
2023-10-29 11:30:00,623.292,23.2630015,0.873287795,533.0257,220.861365,503.60361
2023-10-29 12:00:00,365.04,23.813002,0.92195445,524.3691,237.79527,439.79672
2023-10-29 12:30:00,428.258,24.213001,0.715928195,510.24522,253.405985,393.40736
2023-10-29 13:00:00,381.222,24.613,0.50990194,496.12134,269.0167,347.018
2023-10-29 13:30:00,398.288,24.4130005,0.65806387,466.492555,241.40055,358.30465
2023-10-29 14:00:00,265.807,24.213001,0.8062258,436.86377,213.7844,369.5913
2023-10-29 14:30:00,161.96800000000002,23.5380005,1.4578639,378.827925,170.3551325,377.70489
2023-10-29 15:00:00,180.991,22.863,2.109502,320.79208,126.925865,385.81848
2023-10-29 15:30:00,154.34799999999998,22.063,2.45831785,231.89041,112.7825825,254.845705
2023-10-29 16:00:00,191.047,21.263,2.8071337,142.98874,98.6393,123.87293
2023-10-29 16:30:00,288.598,20.6130005,2.68906285,89.2247775,62.444757,87.513815
2023-10-29 17:00:00,314.044,19.963001,2.570992,35.460815,26.250214,51.1547
2023-10-29 17:30:00,141.012,19.5130015,2.3775125,17.7304075,13.125107,25.57735
2023-10-29 18:00:00,62.166,19.063002,2.184033,0.0,0.0,0.0
2023-10-29 18:30:00,2.03,18.813002,2.2688767,0.0,0.0,0.0
2023-10-29 19:00:00,0.0,18.563002,2.3537204,0.0,0.0,0.0
2023-10-29 19:30:00,0.0,18.338001,2.2076366,0.0,0.0,0.0
2023-10-29 20:00:00,0.0,18.113,2.0615528,0.0,0.0,0.0
2023-10-29 20:30:00,0.0,17.9130005,1.8851768,0.0,0.0,0.0
2023-10-29 21:00:00,0.0,17.713001,1.7088008,0.0,0.0,0.0
2023-10-29 21:30:00,0.0,17.5630005,1.5252208,0.0,0.0,0.0
2023-10-29 22:00:00,0.0,17.413,1.3416408,0.0,0.0,0.0
2023-10-29 22:30:00,0.0,17.012999999999998,1.18072235,0.0,0.0,0.0
2023-10-29 23:00:00,0.0,16.613,1.0198039,0.0,0.0,0.0
2023-10-29 23:30:00,0.0,16.387999999999998,1.06891895,0.0,0.0,0.0
2023-10-30 00:00:00,0.0,16.163,1.118034,0.0,0.0,0.0
2023-10-30 00:30:00,0.0,16.063,1.111285,0.0,0.0,0.0
2023-10-30 01:00:00,0.0,15.963,1.104536,0.0,0.0,0.0
2023-10-30 01:30:00,0.0,16.188,1.111285,0.0,0.0,0.0
2023-10-30 02:00:00,0.0,16.413,1.118034,0.0,0.0,0.0
2023-10-30 02:30:00,0.0,16.188,0.989133265,0.0,0.0,0.0
2023-10-30 03:00:00,0.0,15.963,0.86023253,0.0,0.0,0.0
2023-10-30 03:30:00,0.0,15.463,0.968632715,0.0,0.0,0.0
2023-10-30 04:00:00,0.0,14.963,1.0770329,0.0,0.0,0.0
2023-10-30 04:30:00,0.0,14.838,1.0885164500000002,0.0,0.0,0.0
2023-10-30 05:00:00,0.0,14.713,1.1,0.0,0.0,0.0
2023-10-30 05:30:00,0.0,14.488,1.15207975,0.0,0.0,0.0
2023-10-30 06:00:00,0.0,14.263,1.2041595,0.0,0.0,0.0
2023-10-30 06:30:00,0.0,14.313,1.3091865,5.291006,3.968254500000001,6.801494999999999
2023-10-30 07:00:00,0.0,14.363,1.4142135,10.582012,7.936509,13.60299
2023-10-30 07:30:00,0.921,15.513,1.6779311,86.34004100000001,43.2890745,251.32568
2023-10-30 08:00:00,34.788,16.663,1.9416487,162.09807,78.64164,489.04837
2023-10-30 08:30:00,146.863,17.863001,2.14129435,250.143485,91.34988,591.822405
2023-10-30 09:00:00,284.375,19.063002,2.34094,338.1889,104.05812,694.59644
2023-10-30 09:30:00,401.888,19.863001,2.7860195,408.203,112.228153,715.97272
2023-10-30 10:00:00,472.451,20.663,3.231099,478.2171,120.398186,737.349
2023-10-30 10:30:00,620.949,21.213,3.4183251,516.93402,130.319483,720.063965
2023-10-30 11:00:00,685.9709999999999,21.763,3.6055512,555.65094,140.24078,702.77893
2023-10-30 11:30:00,792.135,22.188,3.76364275,577.11517,148.37270999999998,692.85724
2023-10-30 12:00:00,685.261,22.613,3.9217343,598.5794,156.50464,682.93555
2023-10-30 12:30:00,793.473,22.9130005,3.81086715,589.210875,147.44359500000002,680.9994750000001
2023-10-30 13:00:00,800.221,23.213001,3.7,579.84235,138.38255,679.0634
2023-10-30 13:30:00,788.136,23.1630005,3.512077,530.54474,132.366575,635.644065
2023-10-30 14:00:00,730.9069999999999,23.113,3.324154,481.24713,126.3506,592.22473
2023-10-30 14:30:00,735.864,22.1630005,2.9707022,375.224065,123.094235,445.998815
2023-10-30 15:00:00,607.696,21.213001,2.6172504,269.201,119.83787,299.7729
2023-10-30 15:30:00,581.791,20.8130005,2.7316502,202.43945,93.83841,245.713845
2023-10-30 16:00:00,496.955,20.413,2.84605,135.6779,67.83895,191.65479
2023-10-30 16:30:00,264.66099999999994,19.913,2.63132965,88.2915735,44.932427,149.39521
2023-10-30 17:00:00,70.986,19.413,2.4166093,40.905247,22.025904,107.13563
2023-10-30 17:30:00,185.965,18.613001,2.35939115,20.4526235,11.012952,53.567815
2023-10-30 18:00:00,54.901,17.813002,2.302173,0.0,0.0,0.0
2023-10-30 18:30:00,1.349,17.313002,2.0944846,0.0,0.0,0.0
2023-10-30 19:00:00,0.0,16.813002,1.8867962,0.0,0.0,0.0
2023-10-30 19:30:00,0.0,16.5130015,1.8447859,0.0,0.0,0.0
2023-10-30 20:00:00,0.0,16.213001,1.8027756,0.0,0.0,0.0
2023-10-30 20:30:00,0.0,15.9630005,1.7091625,0.0,0.0,0.0
2023-10-30 21:00:00,0.0,15.713,1.6155494,0.0,0.0,0.0
2023-10-30 21:30:00,0.0,15.388,1.4402301999999998,0.0,0.0,0.0
2023-10-30 22:00:00,0.0,15.063,1.264911,0.0,0.0,0.0
2023-10-30 22:30:00,0.0,14.788,1.23453525,0.0,0.0,0.0
2023-10-30 23:00:00,0.0,14.513,1.2041595,0.0,0.0,0.0
2023-10-30 23:30:00,0.0,14.413,1.2205456,0.0,0.0,0.0
2023-10-31 00:00:00,0.0,14.313,1.2369317,0.0,0.0,0.0
2023-10-31 00:30:00,0.0,14.088,1.1404812,0.0,0.0,0.0
2023-10-31 01:00:00,0.0,13.863,1.0440307,0.0,0.0,0.0
2023-10-31 01:30:00,0.0,13.713,1.1404812,0.0,0.0,0.0
2023-10-31 02:00:00,0.0,13.563,1.2369317,0.0,0.0,0.0
2023-10-31 02:30:00,0.0,13.638,1.13324735,0.0,0.0,0.0
2023-10-31 03:00:00,0.0,13.713,1.029563,0.0,0.0,0.0
2023-10-31 03:30:00,0.0,13.588,1.0737985,0.0,0.0,0.0
2023-10-31 04:00:00,0.0,13.463,1.118034,0.0,0.0,0.0
2023-10-31 04:30:00,0.0,13.438,1.27490805,0.0,0.0,0.0
2023-10-31 05:00:00,0.0,13.413,1.4317821,0.0,0.0,0.0
2023-10-31 05:30:00,0.0,13.313,1.46589105,0.0,0.0,0.0
2023-10-31 06:00:00,0.0,13.213,1.5,0.0,0.0,0.0
2023-10-31 06:30:00,0.0,13.313,1.56394105,4.048027,4.048027,0.0
2023-10-31 07:00:00,0.0,13.413,1.6278821,8.096054,8.096054,0.0
2023-10-31 07:30:00,0.15,14.463,2.00242755,86.54873699999999,44.489552,246.55983
2023-10-31 08:00:00,36.362,15.513,2.376973,165.00142,80.88305,493.11966
2023-10-31 08:30:00,175.496,16.713,2.5541365000000003,255.01063,91.946282,609.567705
2023-10-31 09:00:00,309.446,17.913,2.7313,345.01984,103.009514,726.01575
2023-10-31 09:30:00,425.374,18.763,3.2041276,424.178955,108.932592,766.58185
2023-10-31 10:00:00,524.269,19.613,3.6769552,503.33807,114.85567,807.14795
2023-10-31 10:30:00,605.068,20.188,3.78847755,556.67831,115.87909,823.651625
2023-10-31 11:00:00,683.526,20.763,3.8999999,610.01855,116.90251,840.1553
2023-10-31 11:30:00,779.8810000000001,21.263,3.98592725,631.754925,115.36496,839.70115
2023-10-31 12:00:00,477.651,21.763,4.0718546,653.4913,113.82741,839.247
2023-10-31 12:30:00,437.844,22.1130005,4.0483885,643.412275,110.503442,827.00622
2023-10-31 13:00:00,672.088,22.463001,4.0249224,633.33325,107.179474,814.76544
2023-10-31 13:30:00,267.986,22.588001,4.04777435,589.2124,102.341532,783.52917
2023-10-31 14:00:00,827.758,22.713001,4.0706263,545.09155,97.50359,752.2929
2023-10-31 14:30:00,181.829,22.588001,3.62355115,473.78996,92.123385,695.682765
2023-10-31 15:00:00,169.518,22.463001,3.176476,402.48837,86.74318,639.07263
2023-10-31 15:30:00,183.94,21.9130005,2.99979735,315.59703,75.66391999999999,554.024815
2023-10-31 16:00:00,109.198,21.363,2.8231187,228.70569,64.58466,468.977
2023-10-31 16:30:00,92.474,20.4130005,2.21933405,141.083987,43.466824,324.70121
2023-10-31 17:00:00,54.70900000000001,19.463001,1.6155494,53.462284,22.348988,180.42542
2023-10-31 17:30:00,48.109,18.1630005,1.5594395,26.731142,11.174494,90.21271
2023-10-31 18:00:00,40.213,16.863,1.5033296,0.0,0.0,0.0
2023-10-31 18:30:00,1.806,17.188000000000002,1.071821015,0.0,0.0,0.0
2023-10-31 19:00:00,0.0,17.513,0.64031243,0.0,0.0,0.0
2023-10-31 19:30:00,0.0,17.1130005,0.5263115,0.0,0.0,0.0
2023-10-31 20:00:00,0.0,16.713001,0.41231057,0.0,0.0,0.0
2023-10-31 20:30:00,0.0,15.4380005,0.618465855,0.0,0.0,0.0
2023-10-31 21:00:00,0.0,14.163,0.82462114,0.0,0.0,0.0
2023-10-31 21:30:00,0.0,13.863,0.99754557,0.0,0.0,0.0
2023-10-31 22:00:00,0.0,13.563,1.17047,0.0,0.0,0.0
2023-10-31 22:30:00,0.0,13.563,1.077677875,0.0,0.0,0.0
2023-10-31 23:00:00,0.0,13.563,0.98488575,0.0,0.0,0.0
2023-10-31 23:30:00,0.0,13.538,1.102770675,0.0,0.0,0.0
2023-11-01 00:00:00,0.0,13.513,1.2206556,0.0,0.0,0.0
2023-11-01 00:30:00,0.0,13.588,1.60027725,0.0,0.0,0.0
2023-11-01 01:00:00,0.0,13.663,1.9798989,0.0,0.0,0.0
2023-11-01 01:30:00,0.0,13.488,2.05060955,0.0,0.0,0.0
2023-11-01 02:00:00,0.0,13.313,2.1213202,0.0,0.0,0.0
2023-11-01 02:30:00,0.0,13.463,2.15724575,0.0,0.0,0.0
2023-11-01 03:00:00,0.0,13.613,2.1931713,0.0,0.0,0.0
2023-11-01 03:30:00,0.0,13.463,2.09658565,0.0,0.0,0.0
2023-11-01 04:00:00,0.0,13.313,2.0,0.0,0.0,0.0
2023-11-01 04:30:00,0.0,13.138,1.85,0.0,0.0,0.0
2023-11-01 05:00:00,0.0,12.963,1.7,0.0,0.0,0.0
2023-11-01 05:30:00,0.0,12.913,1.6562258,0.0,0.0,0.0
2023-11-01 06:00:00,0.0,12.863,1.6124516,0.0,0.0,0.0
2023-11-01 06:30:00,0.839,12.863,1.7614744,4.1423255,4.1423255,0.0
2023-11-01 07:00:00,13.857,12.863,1.9104972,8.284651,8.284651,0.0
2023-11-01 07:30:00,57.354,14.488,2.3641488500000003,86.5088955,40.02479050000001,272.537
2023-11-01 08:00:00,85.935,16.113,2.8178005,164.73314,71.76493,545.074
2023-11-01 08:30:00,0.0,17.762999999999998,2.9900391,254.582285,84.99813800000001,646.02342
2023-11-01 09:00:00,356.954,19.413,3.1622777,344.43143,98.231346,746.97284
2023-11-01 09:30:00,487.903,20.463,3.510517,413.930635,109.966983,752.39822
2023-11-01 10:00:00,658.0759999999999,21.513,3.8587563,483.42984,121.70262,757.8236
2023-11-01 10:30:00,729.7309999999999,22.338,4.0506984,524.49447,141.64547,725.50372
2023-11-01 11:00:00,785.0169999999999,23.163,4.2426405,565.5591,161.58832,693.18384
2023-11-01 11:30:00,692.982,23.5630005,4.21476245,591.758125,144.8259,730.062195
2023-11-01 12:00:00,460.332,23.963001,4.1868844,617.95715,128.06348,766.94055
2023-11-01 12:30:00,741.135,24.088001,4.2957137,602.699705,126.380505,744.161955
2023-11-01 13:00:00,642.965,24.213001,4.404543,587.44226,124.69753,721.38336
2023-11-01 13:30:00,0.0,24.1880005,4.365602300000001,551.28836,117.5748925,703.2339300000001
2023-11-01 14:00:00,0.0,24.163,4.3266616,515.13446,110.452255,685.0845
2023-11-01 14:30:00,541.487,23.663,3.9303906,447.7594,101.1495225,637.01205
2023-11-01 15:00:00,367.917,23.163,3.5341196,380.38434,91.84679,588.9396
2023-11-01 15:30:00,434.999,22.488001,3.31059465,298.12179000000003,78.87033,511.181515
2023-11-01 16:00:00,207.791,21.813002,3.0870697,215.85924,65.89387,433.42343
2023-11-01 16:30:00,159.7,20.963001,2.6446706,130.5425925,43.40010100000001,288.501665
2023-11-01 17:00:00,12.207,20.113,2.2022715,45.225945,20.906332,143.5799
2023-11-01 17:30:00,0.209,19.2880005,2.0311895,22.6129725,10.453166,71.78995
2023-11-01 18:00:00,0.0,18.463001,1.8601075,0.0,0.0,0.0
2023-11-01 18:30:00,0.0,18.0630005,1.87345185,0.0,0.0,0.0
2023-11-01 19:00:00,0.0,17.663,1.8867962,0.0,0.0,0.0
2023-11-01 19:30:00,0.0,17.363001,2.00641275,0.0,0.0,0.0
2023-11-01 20:00:00,0.0,17.063002,2.1260293,0.0,0.0,0.0
2023-11-01 20:30:00,0.0,16.963001,2.00641275,0.0,0.0,0.0
2023-11-01 21:00:00,0.0,16.863,1.8867962,0.0,0.0,0.0
2023-11-01 21:30:00,0.0,16.613,1.63981745,0.0,0.0,0.0
2023-11-01 22:00:00,0.0,16.363,1.3928387,0.0,0.0,0.0
2023-11-01 22:30:00,0.0,16.1379995,1.5566519,0.0,0.0,0.0
2023-11-01 23:00:00,0.0,15.912999,1.7204651,0.0,0.0,0.0
2023-11-01 23:30:00,0.0,15.9379995,1.7794713,0.0,0.0,0.0
2023-11-02 00:00:00,0.0,15.963,1.8384775,0.0,0.0,0.0
2023-11-02 00:30:00,0.0,15.9379995,1.59191995,0.0,0.0,0.0
2023-11-02 01:00:00,0.0,15.912999,1.3453624,0.0,0.0,0.0
2023-11-02 01:30:00,0.0,15.8129995,1.2830089999999998,0.0,0.0,0.0
2023-11-02 02:00:00,0.0,15.713,1.2206556,0.0,0.0,0.0
2023-11-02 02:30:00,0.0,15.888001,1.1251093,0.0,0.0,0.0
2023-11-02 03:00:00,0.0,16.063002,1.029563,0.0,0.0,0.0
2023-11-02 03:30:00,0.0,16.113001,1.22188825,0.0,0.0,0.0
2023-11-02 04:00:00,0.0,16.163,1.4142135,0.0,0.0,0.0
2023-11-02 04:30:00,0.0,16.012999999999998,1.26612375,0.0,0.0,0.0
2023-11-02 05:00:00,0.0,15.863,1.118034,0.0,0.0,0.0
2023-11-02 05:30:00,0.0,15.788,1.23909055,0.0,0.0,0.0
2023-11-02 06:00:00,0.0,15.713,1.3601471,0.0,0.0,0.0
2023-11-02 06:30:00,0.0,15.7630005,1.7059877500000002,2.836927,2.836927,0.0
2023-11-02 07:00:00,20.584,15.813001,2.0518284,5.673854,5.673854,0.0
2023-11-02 07:30:00,41.526,16.4880005,2.3712766,56.30091199999999,52.188297,24.108898000000003
2023-11-02 08:00:00,131.37,17.163,2.6907248,106.92797,98.70274,48.217796
2023-11-02 08:30:00,251.202,17.863001,2.91539415,163.72201,139.67574000000002,85.283278
2023-11-02 09:00:00,172.564,18.563002,3.1400635,220.51605,180.64874,122.34876
2023-11-02 09:30:00,243.511,19.438002,3.09400675,256.300065,202.53428,132.648905
2023-11-02 10:00:00,388.908,20.313002,3.04795,292.08408,224.41982,142.94905
2023-11-02 10:30:00,466.107,21.2630015,3.291742,367.765825,246.73296,222.177805
2023-11-02 11:00:00,597.009,22.213001,3.535534,443.44757,269.0461,301.40656
2023-11-02 11:30:00,588.237,22.8630005,3.6815329,451.948745,273.776115,294.07643
2023-11-02 12:00:00,651.86,23.513,3.8275318,460.44992,278.50613,286.7463
2023-11-02 12:30:00,760.006,24.013,3.80056215,483.964475,236.17085,389.48692
2023-11-02 13:00:00,721.8259999999999,24.513,3.7735925,507.47903,193.83557,492.22754
2023-11-02 13:30:00,674.2550000000001,24.388,4.31681705,517.6823850000001,144.696548,614.6907349999999
2023-11-02 14:00:00,603.602,24.263,4.8600416,527.88574,95.557526,737.15393
2023-11-02 14:30:00,549.775,24.188,4.55605005,455.65915000000007,87.16066000000001,682.12744
2023-11-02 15:00:00,462.233,24.113,4.2520585,383.43256,78.763794,627.10095
2023-11-02 15:30:00,351.625,23.113,4.32830075,302.32107,68.4486845,551.88864
2023-11-02 16:00:00,237.415,22.113,4.404543,221.20958,58.133575,476.67633
2023-11-02 16:30:00,119.638,21.188,3.97568625,133.421675,39.0232465,314.363035
2023-11-02 17:00:00,29.484,20.263,3.5468295,45.63377,19.912918,152.04974
2023-11-02 17:30:00,0.4599999999999999,19.3630005,3.17430735,22.816885,9.956459,76.02487
2023-11-02 18:00:00,0.0,18.463001,2.8017852,0.0,0.0,0.0
2023-11-02 18:30:00,0.0,17.838001,2.5935786,0.0,0.0,0.0
2023-11-02 19:00:00,0.0,17.213001,2.385372,0.0,0.0,0.0
2023-11-02 19:30:00,0.0,16.8880015,2.31629625,0.0,0.0,0.0
2023-11-02 20:00:00,0.0,16.563002,2.2472205,0.0,0.0,0.0
2023-11-02 20:30:00,0.0,16.413001,2.15317325,0.0,0.0,0.0
2023-11-02 21:00:00,0.0,16.263,2.059126,0.0,0.0,0.0
2023-11-02 21:30:00,0.0,16.113,2.09960965,0.0,0.0,0.0
2023-11-02 22:00:00,0.0,15.963,2.1400933,0.0,0.0,0.0
2023-11-02 22:30:00,0.0,15.838,2.3319895,0.0,0.0,0.0
2023-11-02 23:00:00,0.0,15.713,2.5238857,0.0,0.0,0.0
2023-11-02 23:30:00,0.0,15.6380005,2.5238857,0.0,0.0,0.0
2023-11-03 00:00:00,0.0,15.563001,2.5238857,0.0,0.0,0.0
2023-11-03 00:30:00,0.0,15.4130005,2.3630786,0.0,0.0,0.0
2023-11-03 01:00:00,0.0,15.263,2.2022715,0.0,0.0,0.0
2023-11-03 01:30:00,0.0,15.138,2.1977214,0.0,0.0,0.0
2023-11-03 02:00:00,0.0,15.013,2.1931713,0.0,0.0,0.0
2023-11-03 02:30:00,0.0,15.3379995,2.40902615,0.0,0.0,0.0
2023-11-03 03:00:00,0.0,15.662999,2.624881,0.0,0.0,0.0
2023-11-03 03:30:00,0.0,15.3379995,2.55038235,0.0,0.0,0.0
2023-11-03 04:00:00,0.0,15.013,2.4758837,0.0,0.0,0.0
2023-11-03 04:30:00,0.0,14.838,2.4758837,0.0,0.0,0.0
2023-11-03 05:00:00,0.0,14.663,2.4758837,0.0,0.0,0.0
2023-11-03 05:30:00,0.0,14.613,2.515635,0.0,0.0,0.0
2023-11-03 06:00:00,0.0,14.563,2.5553863,0.0,0.0,0.0
2023-11-03 06:30:00,0.065,14.838,2.62398435,2.9281785,2.9281785,0.0
2023-11-03 07:00:00,21.048,15.113,2.6925824,5.856357,5.856357,0.0
2023-11-03 07:30:00,119.92,16.213001,2.7780732,79.2780035,41.932981,218.82825000000005
2023-11-03 08:00:00,269.684,17.313002,2.863564,152.69965,78.009605,437.6565
2023-11-03 08:30:00,404.949,18.688002,2.9970295,230.51944,104.5425025,493.9963
2023-11-03 09:00:00,511.9430000000001,20.063002,3.130495,308.33923,131.0754,550.3361
2023-11-03 09:30:00,591.297,21.063002,3.130495,398.5157,121.968665,675.522725
2023-11-03 10:00:00,673.6869999999999,22.063002,3.130495,488.69217,112.86193,800.70935
2023-11-03 10:30:00,712.852,22.863001,3.5483007,539.012465,115.47062,810.506345
2023-11-03 11:00:00,761.7239999999999,23.663,3.9661064,589.33276,118.07931,820.30334
2023-11-03 11:30:00,785.44,23.9380005,4.3913722,610.296965,115.96498,820.61187
2023-11-03 12:00:00,775.061,24.213001,4.816638,631.26117,113.85065,820.9204
2023-11-03 12:30:00,779.404,24.2380005,4.918797,624.8453850000001,108.542285,817.44073
2023-11-03 13:00:00,744.0799999999999,24.263,5.020956,618.4296,103.23392,813.96106
2023-11-03 13:30:00,556.583,24.4880005,4.8110213,575.35698,99.8378425,781.2187799999999
2023-11-03 14:00:00,660.2620000000001,24.713001,4.6010866,532.28436,96.441765,748.4765
2023-11-03 14:30:00,602.947,24.4880005,4.2479775,455.05792,100.0970575,658.66895
2023-11-03 15:00:00,429.064,24.263,3.8948684,377.83148,103.75235,568.8614
2023-11-03 15:30:00,367.107,23.7380005,3.51666975,286.373495,96.27778,441.269565
2023-11-03 16:00:00,251.72000000000003,23.213001,3.1384711,194.91551,88.80321,313.67773
2023-11-03 16:30:00,131.562,22.1130005,2.75772205,117.195375,57.6942865,194.979825
2023-11-03 17:00:00,37.908,21.013,2.376973,39.47524,26.585363,76.28192
2023-11-03 17:30:00,2.285,19.7380005,2.3065205,19.73762,13.2926815,38.14096
2023-11-03 18:00:00,0.0,18.463001,2.236068,0.0,0.0,0.0
2023-11-03 18:30:00,0.0,17.9130005,2.4643252,0.0,0.0,0.0
2023-11-03 19:00:00,0.0,17.363,2.6925824,0.0,0.0,0.0
2023-11-03 19:30:00,0.0,17.113,2.8040291,0.0,0.0,0.0
2023-11-03 20:00:00,0.0,16.863,2.9154758,0.0,0.0,0.0
2023-11-03 20:30:00,0.0,16.688000000000002,2.911182,0.0,0.0,0.0
2023-11-03 21:00:00,0.0,16.513,2.9068882,0.0,0.0,0.0
2023-11-03 21:30:00,0.0,16.313000000000002,2.8181785,0.0,0.0,0.0
2023-11-03 22:00:00,0.0,16.113,2.7294688,0.0,0.0,0.0
2023-11-03 22:30:00,0.0,15.988,2.8488166,0.0,0.0,0.0
2023-11-03 23:00:00,0.0,15.863,2.9681644,0.0,0.0,0.0
2023-11-03 23:30:00,0.0,16.012999999999998,3.0942063,0.0,0.0,0.0
2023-11-04 00:00:00,0.0,16.163,3.2202482,0.0,0.0,0.0
2023-11-04 00:30:00,0.0,16.363001,3.09673095,0.0,0.0,0.0
2023-11-04 01:00:00,0.0,16.563002,2.9732137,0.0,0.0,0.0
2023-11-04 01:30:00,0.0,16.463001,2.69076635,0.0,0.0,0.0
2023-11-04 02:00:00,0.0,16.363,2.408319,0.0,0.0,0.0
2023-11-04 02:30:00,0.0,17.113,2.50415955,0.0,0.0,0.0
2023-11-04 03:00:00,0.0,17.863,2.6000001,0.0,0.0,0.0
2023-11-04 03:30:00,0.0,17.438000000000002,2.3547512,0.0,0.0,0.0
2023-11-04 04:00:00,0.0,17.013,2.1095023,0.0,0.0,0.0
2023-11-04 04:30:00,0.0,16.588,1.7618579,0.0,0.0,0.0
2023-11-04 05:00:00,0.0,16.163,1.4142135,0.0,0.0,0.0
2023-11-04 05:30:00,0.0,15.9880005,1.3091865,0.0,0.0,0.0
2023-11-04 06:00:00,0.0,15.813001,1.2041595,0.0,0.0,0.0
2023-11-04 06:30:00,0.0,15.9130005,1.31271325,3.0421407,3.0421407,0.0
2023-11-04 07:00:00,20.279,16.013,1.421267,6.0842814,6.0842814,0.0
2023-11-04 07:30:00,127.374,17.038001,1.8811035,82.6168307,37.3849027,264.84207
2023-11-04 08:00:00,243.81,18.063002,2.34094,159.14938,68.685524,529.68414
2023-11-04 08:30:00,359.95900000000006,19.988001,2.46854545,249.69529,80.625572,653.83545
2023-11-04 09:00:00,472.588,21.913,2.5961509,340.2412,92.56562,777.98676
2023-11-04 09:30:00,562.9749999999999,22.8130005,3.3036926,413.532635,99.935115,796.72253
2023-11-04 10:00:00,632.743,23.713001,4.0112343,486.82407,107.30461,815.4583
2023-11-04 10:30:00,695.337,24.2380005,4.49660085,533.923085,112.712245,813.5232000000001
2023-11-04 11:00:00,738.18,24.763,4.9819674,581.0221,118.11988,811.5881
2023-11-04 11:30:00,754.315,25.1130005,5.02574205,605.6602800000001,113.9569,821.4807000000001
2023-11-04 12:00:00,755.808,25.463001,5.0695167,630.29846,109.79392,831.3733
2023-11-04 12:30:00,707.4630000000002,25.6630005,4.7736196500000005,619.4524799999999,106.993675,816.8141
2023-11-04 13:00:00,788.7919999999999,25.863,4.4777226,608.6065,104.19343,802.2549
2023-11-04 13:30:00,466.579,25.4130005,4.8088808,510.54211,158.69208,573.46731
2023-11-04 14:00:00,256.625,24.963001,5.140039,412.47772,213.19073,344.67972
2023-11-04 14:30:00,620.376,24.7380005,5.3159255000000005,340.10956,180.00833,298.86539
2023-11-04 15:00:00,546.827,24.513,5.491812,267.7414,146.82593,253.05106
2023-11-04 15:30:00,280.197,24.138,5.286083,209.63759,116.54758,224.072145
2023-11-04 16:00:00,107.495,23.763,5.080354,151.53378,86.26923,195.09323
2023-11-04 16:30:00,142.57,23.1130005,5.051152999999999,89.82659500000001,54.265215,114.896377
2023-11-04 17:00:00,38.873000000000005,22.463001,5.021952,28.11941,22.2612,34.699524
2023-11-04 17:30:00,0.129,21.8130005,4.4345145,14.059705,11.1306,17.349762
2023-11-04 18:00:00,0.0,21.163,3.847077,0.0,0.0,0.0
2023-11-04 18:30:00,0.0,20.5630005,3.5305545,0.0,0.0,0.0
2023-11-04 19:00:00,0.0,19.963001,3.214032,0.0,0.0,0.0
2023-11-04 19:30:00,0.0,19.4880005,3.06046025,0.0,0.0,0.0
2023-11-04 20:00:00,0.0,19.013,2.9068885,0.0,0.0,0.0
2023-11-04 20:30:00,0.0,18.7380005,2.91118225,0.0,0.0,0.0
2023-11-04 21:00:00,0.0,18.463001,2.915476,0.0,0.0,0.0
2023-11-04 21:30:00,0.0,18.2880005,2.4627256,0.0,0.0,0.0
2023-11-04 22:00:00,0.0,18.113,2.0099752,0.0,0.0,0.0
2023-11-04 22:30:00,0.0,17.9130005,1.970648,0.0,0.0,0.0
2023-11-04 23:00:00,0.0,17.713001,1.9313208,0.0,0.0,0.0
2023-11-04 23:30:00,0.0,17.5630005,1.88353845,0.0,0.0,0.0
2023-11-05 00:00:00,0.0,17.413,1.8357561,0.0,0.0,0.0
2023-11-05 00:30:00,0.0,17.262999999999998,1.87312665,0.0,0.0,0.0
2023-11-05 01:00:00,0.0,17.113,1.9104972,0.0,0.0,0.0
2023-11-05 01:30:00,0.0,16.7880005,1.6223318,0.0,0.0,0.0
2023-11-05 02:00:00,0.0,16.463001,1.3341664,0.0,0.0,0.0
2023-11-05 02:30:00,0.0,17.088001,2.0463947,0.0,0.0,0.0
2023-11-05 03:00:00,0.0,17.713001,2.758623,0.0,0.0,0.0
2023-11-05 03:30:00,0.0,17.463001,2.65993635,0.0,0.0,0.0
2023-11-05 04:00:00,0.0,17.213001,2.5612497,0.0,0.0,0.0
2023-11-05 04:30:00,0.0,16.9880005,2.6006627,0.0,0.0,0.0
2023-11-05 05:00:00,0.0,16.763,2.6400757,0.0,0.0,0.0
2023-11-05 05:30:00,0.0,16.388,2.4211736000000004,0.0,0.0,0.0
2023-11-05 06:00:00,0.0,16.013,2.2022715,0.0,0.0,0.0
2023-11-05 06:30:00,0.0,15.663,1.90891045,1.59344755,1.59344755,0.0
2023-11-05 07:00:00,12.783,15.313,1.6155494,3.1868951,3.1868951,0.0
2023-11-05 07:30:00,73.784,16.113,1.3600427,75.17502255000001,36.26982255,227.54695
2023-11-05 08:00:00,169.86700000000002,16.913,1.104536,147.16315,69.35275,455.0939
2023-11-05 08:30:00,282.846,18.038,1.33489175,230.895825,82.936125,574.1758
2023-11-05 09:00:00,383.214,19.163,1.5652475,314.6285,96.5195,693.2577
2023-11-05 09:30:00,472.915,20.113001,2.69181215,390.18612,114.95606,706.74185
2023-11-05 10:00:00,618.248,21.063002,3.8183768,465.74374,133.39262,720.226
2023-11-05 10:30:00,636.958,21.488001,4.2782599,504.856795,130.567525,727.63183
2023-11-05 11:00:00,730.743,21.913,4.738143,543.96985,127.74243,735.03766
2023-11-05 11:30:00,754.139,22.088,5.026608,565.304725,127.923715,736.17038
2023-11-05 12:00:00,773.0900000000001,22.263,5.315073,586.6396,128.105,737.3031
2023-11-05 12:30:00,759.765,22.288001,5.461551500000001,566.9141,129.773555,701.4703999999999
2023-11-05 13:00:00,729.592,22.313002,5.60803,547.1886,131.44211,665.6377
2023-11-05 13:30:00,703.06,22.238001,5.5449090000000005,503.83426,122.238715,635.41295
2023-11-05 14:00:00,661.432,22.163,5.481788,460.47992,113.03532,605.1882
2023-11-05 14:30:00,565.792,22.238001,4.9819875,415.30541,96.636745,608.4368750000001
2023-11-05 15:00:00,482.44000000000005,22.313002,4.482187,370.1309,80.23817,611.68555
2023-11-05 15:30:00,370.969,21.663001,4.256658,287.88528,68.90863999999999,529.599155
2023-11-05 16:00:00,125.098,21.013,4.031129,205.63966,57.57911,447.51276
2023-11-05 16:30:00,111.577,20.163001,3.4861087,122.291319,37.296516,288.746155
2023-11-05 17:00:00,25.598000000000003,19.313002,2.9410884,38.942978,17.013922,129.97955
2023-11-05 17:30:00,0.183,18.613001,2.8534758,19.471489,8.506961,64.989775
2023-11-05 18:00:00,0.0,17.913,2.7658632,0.0,0.0,0.0
2023-11-05 18:30:00,0.0,17.538,2.62490585,0.0,0.0,0.0
2023-11-05 19:00:00,0.0,17.163,2.4839485,0.0,0.0,0.0
2023-11-05 19:30:00,0.0,16.963,2.3385599,0.0,0.0,0.0
2023-11-05 20:00:00,0.0,16.763,2.1931713,0.0,0.0,0.0
2023-11-05 20:30:00,0.0,16.438000000000002,2.0452689,0.0,0.0,0.0
2023-11-05 21:00:00,0.0,16.113,1.8973665,0.0,0.0,0.0
2023-11-05 21:30:00,0.0,15.738,1.66457425,0.0,0.0,0.0
2023-11-05 22:00:00,0.0,15.363,1.431782,0.0,0.0,0.0
2023-11-05 22:30:00,0.0,14.963,1.2567237000000002,0.0,0.0,0.0
2023-11-05 23:00:00,0.0,14.563,1.0816654,0.0,0.0,0.0
2023-11-05 23:30:00,0.0,14.288,1.03580743,0.0,0.0,0.0
2023-11-06 00:00:00,0.0,14.013,0.98994946,0.0,0.0,0.0
2023-11-06 00:30:00,0.0,14.088,0.99497473,0.0,0.0,0.0
2023-11-06 01:00:00,0.0,14.163,1.0,0.0,0.0,0.0
2023-11-06 01:30:00,0.0,14.063,1.0315073,0.0,0.0,0.0
2023-11-06 02:00:00,0.0,13.963,1.0630146,0.0,0.0,0.0
2023-11-06 02:30:00,0.0,14.013,1.0837753,0.0,0.0,0.0
2023-11-06 03:00:00,0.0,14.063,1.104536,0.0,0.0,0.0
2023-11-06 03:30:00,0.0,13.813,1.0837753,0.0,0.0,0.0
2023-11-06 04:00:00,0.0,13.563,1.0630146,0.0,0.0,0.0
2023-11-06 04:30:00,0.0,13.213,1.10159505,0.0,0.0,0.0
2023-11-06 05:00:00,0.0,12.863,1.1401755,0.0,0.0,0.0
2023-11-06 05:30:00,0.0,12.738,0.92008775,0.0,0.0,0.0
2023-11-06 06:00:00,0.0,12.613,0.7,0.0,0.0,0.0
2023-11-06 06:30:00,0.0,12.813,0.73078865,1.6887549,1.6887549,0.0
2023-11-06 07:00:00,14.657,13.013,0.7615773,3.3775098,3.3775098,0.0
2023-11-06 07:30:00,114.17600000000002,14.2880005,1.3870192500000005,77.7230549,35.0071549,249.464875
2023-11-06 08:00:00,251.751,15.563001,2.0124612,152.0686,66.6368,498.92975
2023-11-06 08:30:00,374.585,17.5880005,2.1242646,240.59343,79.79693499999999,629.285625
2023-11-06 09:00:00,125.495,19.613,2.236068,329.11826,92.95707,759.6415
2023-11-06 09:30:00,532.288,20.7880005,3.2499345,384.614505,102.482345,738.38847
2023-11-06 10:00:00,325.704,21.963001,4.263801,440.11075,112.00762,717.13544
2023-11-06 10:30:00,500.336,22.2880005,4.60171815,465.516845,121.4957,678.6875
2023-11-06 11:00:00,818.1240000000001,22.613,4.9396353,490.92294,130.98378,640.23956
2023-11-06 11:30:00,543.501,22.613,4.9136875,497.122405,140.22755999999998,606.5108
2023-11-06 12:00:00,414.137,22.613,4.8877397,503.32187,149.47134,572.78204
2023-11-06 12:30:00,287.666,22.888,4.844390649999999,502.344925,149.21071999999998,570.38247
2023-11-06 13:00:00,425.395,23.163,4.8010416,501.36798,148.9501,567.9829
2023-11-06 13:30:00,610.87,23.163,4.7822218,464.620865,144.86120499999998,535.7903249999999
2023-11-06 14:00:00,196.249,23.163,4.763402,427.87375,140.77231,503.59775
2023-11-06 14:30:00,154.31300000000002,23.113001,4.2585335,365.197925,127.701595,451.64461
2023-11-06 15:00:00,127.59300000000002,23.063002,3.753665,302.5221,114.63088,399.69147
2023-11-06 15:30:00,99.056,22.5130015,3.49933065,239.22017,96.449795,349.04047
2023-11-06 16:00:00,174.899,21.963001,3.2449963,175.91824,78.26871,298.38947
2023-11-06 16:30:00,78.522,21.213001,2.6086523,104.587431,47.5398745,197.956485
2023-11-06 17:00:00,14.942,20.463001,1.9723083,33.256622,16.811039,97.5235
2023-11-06 17:30:00,0.12,19.713001,2.0678195500000003,16.628311,8.4055195,48.761750000000006
2023-11-06 18:00:00,0.0,18.963001,2.1633308,0.0,0.0,0.0
2023-11-06 18:30:00,0.0,18.6630005,1.9830532,0.0,0.0,0.0
2023-11-06 19:00:00,0.0,18.363,1.8027756,0.0,0.0,0.0
2023-11-06 19:30:00,0.0,18.188,1.71532885,0.0,0.0,0.0
2023-11-06 20:00:00,0.0,18.013,1.6278821,0.0,0.0,0.0
2023-11-06 20:30:00,0.0,17.7380005,1.31394105,0.0,0.0,0.0
2023-11-06 21:00:00,0.0,17.463001,1.0,0.0,0.0,0.0
2023-11-06 21:30:00,0.0,17.0130015,0.97169905,0.0,0.0,0.0
2023-11-06 22:00:00,0.0,16.563002,0.9433981,0.0,0.0,0.0
2023-11-06 22:30:00,0.0,16.038001,1.0737788,0.0,0.0,0.0
2023-11-06 23:00:00,0.0,15.513,1.2041595,0.0,0.0,0.0
2023-11-06 23:30:00,0.0,15.013,1.054849,0.0,0.0,0.0
2023-11-07 00:00:00,0.0,14.513,0.9055385,0.0,0.0,0.0
2023-11-07 00:30:00,0.0,14.188,0.78817945,0.0,0.0,0.0
2023-11-07 01:00:00,0.0,13.863,0.6708204,0.0,0.0,0.0
2023-11-07 01:30:00,0.0,13.738,0.78262382,0.0,0.0,0.0
2023-11-07 02:00:00,0.0,13.613,0.89442724,0.0,0.0,0.0
2023-11-07 02:30:00,0.0,14.163,0.94721362,0.0,0.0,0.0
2023-11-07 03:00:00,0.0,14.713,1.0,0.0,0.0,0.0
2023-11-07 03:30:00,0.0,14.263,1.0,0.0,0.0,0.0
2023-11-07 04:00:00,0.0,13.813,1.0,0.0,0.0,0.0
2023-11-07 04:30:00,0.0,13.338,1.0099019500000002,0.0,0.0,0.0
2023-11-07 05:00:00,0.0,12.863,1.0198039,0.0,0.0,0.0
2023-11-07 05:30:00,0.0,13.238,0.69017952,0.0,0.0,0.0
2023-11-07 06:00:00,0.0,13.613,0.36055514,0.0,0.0,0.0
2023-11-07 06:30:00,0.0,14.138,0.40388438,1.8202,1.8202,0.0
2023-11-07 07:00:00,12.425,14.663,0.44721362,3.6404,3.6404,0.0
2023-11-07 07:30:00,141.849,15.063,0.3736068099999999,77.79223,35.489622,246.589265
2023-11-07 08:00:00,283.992,15.463,0.3,151.94406,67.338844,493.17853
2023-11-07 08:30:00,403.094,17.013001,0.261803405,244.037505,79.619907,644.138365
2023-11-07 09:00:00,501.643,18.563002,0.22360681,336.13095,91.90097,795.0982
2023-11-07 09:30:00,585.348,19.7630015,0.335410215,413.22009,95.207878,829.4158
2023-11-07 10:00:00,660.5390000000001,20.963001,0.44721362,490.30923,98.514786,863.7334
2023-11-07 10:30:00,708.703,21.8630005,0.6267197099999999,540.245285,100.924893,867.9888
2023-11-07 11:00:00,741.758,22.763,0.8062258,590.18134,103.335,872.2442
2023-11-07 11:30:00,751.8889999999999,23.288001,1.2093387,609.82962,102.513855,866.1347000000001
2023-11-07 12:00:00,759.659,23.813002,1.6124516,629.4779,101.69271,860.0252
2023-11-07 12:30:00,754.1410000000001,23.8880015,2.0062258,616.9874,100.004315,840.59625
2023-11-07 13:00:00,720.4279999999999,23.963001,2.4,604.4969,98.31592,821.1673
2023-11-07 13:30:00,680.5600000000001,23.8880015,2.35433965,560.5359,93.594505,788.30643
2023-11-07 14:00:00,620.4939999999999,23.813002,2.3086793,516.5749,88.87309,755.44556
2023-11-07 14:30:00,556.694,23.738001,1.82516005,447.71085,82.75173000000001,701.756655
2023-11-07 15:00:00,484.91,23.663,1.3416408,378.8468,76.63037,648.06775
2023-11-07 15:30:00,357.522,23.038,1.12358965,292.340025,65.809155,557.00299
2023-11-07 16:00:00,144.882,22.413,0.9055385,205.83325,54.98794,465.93823
2023-11-07 16:30:00,49.13,21.138,0.913746475,120.72721,35.2530365,292.592425
2023-11-07 17:00:00,15.759,19.863,0.92195445,35.62117,15.518133,119.24662
2023-11-07 17:30:00,0.1,18.888,1.602248475,17.810585,7.759066499999999,59.62331
2023-11-07 18:00:00,0.0,17.913,2.2825425,0.0,0.0,0.0
2023-11-07 18:30:00,0.0,17.288,2.20075225,0.0,0.0,0.0
2023-11-07 19:00:00,0.0,16.663,2.118962,0.0,0.0,0.0
2023-11-07 19:30:00,0.0,16.588,1.993558,0.0,0.0,0.0
2023-11-07 20:00:00,0.0,16.513,1.868154,0.0,0.0,0.0
2023-11-07 20:30:00,0.0,16.263,1.6956543000000002,0.0,0.0,0.0
2023-11-07 21:00:00,0.0,16.013,1.5231546,0.0,0.0,0.0
2023-11-07 21:30:00,0.0,15.538,1.3205943,0.0,0.0,0.0
2023-11-07 22:00:00,0.0,15.063,1.118034,0.0,0.0,0.0
2023-11-07 22:30:00,0.0,14.538,1.459017,0.0,0.0,0.0
2023-11-07 23:00:00,0.0,14.013,1.8,0.0,0.0,0.0
2023-11-07 23:30:00,0.0,13.638,1.6106335,0.0,0.0,0.0
2023-11-08 00:00:00,0.0,13.263,1.421267,0.0,0.0,0.0
2023-11-08 00:30:00,0.0,12.963,1.2421408,0.0,0.0,0.0
2023-11-08 01:00:00,0.0,12.663,1.0630146,0.0,0.0,0.0
2023-11-08 01:30:00,0.0,12.488,1.13358705,0.0,0.0,0.0
2023-11-08 02:00:00,0.0,12.313,1.2041595,0.0,0.0,0.0
2023-11-08 02:30:00,0.0,12.838,1.20623205,0.0,0.0,0.0
2023-11-08 03:00:00,0.0,13.363,1.2083046,0.0,0.0,0.0
2023-11-08 03:30:00,0.0,12.988,1.28422585,0.0,0.0,0.0
2023-11-08 04:00:00,0.0,12.613,1.3601471,0.0,0.0,0.0
2023-11-08 04:30:00,0.0,12.788,1.3871803,0.0,0.0,0.0
2023-11-08 05:00:00,0.0,12.963,1.4142135,0.0,0.0,0.0
2023-11-08 05:30:00,0.0,13.613,1.37978795,0.0,0.0,0.0
2023-11-08 06:00:00,0.0,14.263,1.3453624,0.0,0.0,0.0
2023-11-08 06:30:00,0.0,14.038,1.27476095,2.012208,2.012208,0.0
2023-11-08 07:00:00,4.475,13.813,1.2041595,4.024416,4.024416,0.0
2023-11-08 07:30:00,144.136,14.063,0.906217875,76.199363,35.178233,238.57005000000004
2023-11-08 08:00:00,345.722,14.313,0.60827625,148.37431,66.33205,477.1401
2023-11-08 08:30:00,404.961,16.063001,0.4622520049999999,239.47310500000003,78.5881175,633.546275
2023-11-08 09:00:00,505.495,17.813002,0.31622776,330.5719,90.844185,789.95245
2023-11-08 09:30:00,585.357,18.938002,0.90977868,408.95346,94.7222625,827.173725
2023-11-08 10:00:00,658.2400000000001,20.063002,1.5033296,487.33502,98.60034,864.395
2023-11-08 10:30:00,722.538,20.7630015,2.1462974,536.74081,102.053365,865.87142
2023-11-08 11:00:00,815.0010000000002,21.463001,2.7892652,586.1466,105.50639,867.34784
2023-11-08 11:30:00,771.5889999999999,21.6130005,3.1974082,604.29125,104.11433,859.917235
2023-11-08 12:00:00,779.523,21.763,3.6055512,622.4359,102.72227,852.48663
2023-11-08 12:30:00,770.093,21.713,3.7340964,605.163935,109.27433,811.6528149999999
2023-11-08 13:00:00,739.643,21.663,3.8626416,587.89197,115.82639,770.819
2023-11-08 13:30:00,719.3649999999999,21.538,3.88132075,533.625365,126.393015,689.8788
2023-11-08 14:00:00,544.2669999999999,21.413,3.8999999,479.35876,136.95964,608.9386
2023-11-08 14:30:00,365.023,21.213,3.85394315,397.089645,142.88412499999998,483.879015
2023-11-08 15:00:00,205.73,21.013,3.8078864,314.82053,148.80861,358.81943
2023-11-08 15:30:00,300.706,20.538001,3.56827485,240.007,121.8140875,289.25669
2023-11-08 16:00:00,256.312,20.063002,3.3286633,165.19347,94.819565,219.69395
2023-11-08 16:30:00,114.558,19.2630015,2.6261008500000003,98.567655,55.5651455,156.21094
2023-11-08 17:00:00,15.245,18.463001,1.9235384,31.94184,16.310726,92.72793
2023-11-08 17:30:00,0.249,17.4880005,1.53185695,15.97092,8.155363,46.363965
2023-11-08 18:00:00,0.0,16.513,1.1401755,0.0,0.0,0.0
2023-11-08 18:30:00,0.0,16.087999500000002,0.97320065,0.0,0.0,0.0
2023-11-08 19:00:00,0.0,15.662999,0.8062258,0.0,0.0,0.0
2023-11-08 19:30:00,0.0,15.2879995,0.833229165,0.0,0.0,0.0
2023-11-08 20:00:00,0.0,14.913,0.86023253,0.0,0.0,0.0
2023-11-08 20:30:00,0.0,14.463,0.765526465,0.0,0.0,0.0
2023-11-08 21:00:00,0.0,14.013,0.6708204,0.0,0.0,0.0
2023-11-08 21:30:00,0.0,13.763,0.6354101999999999,0.0,0.0,0.0
2023-11-08 22:00:00,0.0,13.513,0.6,0.0,0.0,0.0
2023-11-08 22:30:00,0.0,13.513,0.8590169999999999,0.0,0.0,0.0
2023-11-08 23:00:00,0.0,13.513,1.118034,0.0,0.0,0.0
2023-11-08 23:30:00,0.0,13.238,1.3667916999999998,0.0,0.0,0.0
2023-11-09 00:00:00,0.0,12.963,1.6155494,0.0,0.0,0.0
2023-11-09 00:30:00,0.0,12.888,1.5023969,0.0,0.0,0.0
2023-11-09 01:00:00,0.0,12.813,1.3892444,0.0,0.0,0.0
2023-11-09 01:30:00,0.0,12.863,1.43286335,0.0,0.0,0.0
2023-11-09 02:00:00,0.0,12.913,1.4764823,0.0,0.0,0.0
2023-11-09 02:30:00,0.0,13.113,1.70001035,0.0,0.0,0.0
2023-11-09 03:00:00,0.0,13.313,1.9235384,0.0,0.0,0.0
2023-11-09 03:30:00,0.0,13.238,1.836412,0.0,0.0,0.0
2023-11-09 04:00:00,0.0,13.163,1.7492856,0.0,0.0,0.0
2023-11-09 04:30:00,0.0,12.938,1.5246428500000002,0.0,0.0,0.0
2023-11-09 05:00:00,0.0,12.713,1.3000001,0.0,0.0,0.0
2023-11-09 05:30:00,0.0,12.338,1.1599020000000002,0.0,0.0,0.0
2023-11-09 06:00:00,0.0,11.963,1.0198039,0.0,0.0,0.0
2023-11-09 06:30:00,0.0,11.863,0.8140400750000001,2.31850765,2.31850765,0.0
2023-11-09 07:00:00,8.91,11.763,0.60827625,4.6370153,4.6370153,0.0
2023-11-09 07:30:00,69.509,13.113,0.573396355,73.82220265,34.09792665,230.393435
2023-11-09 08:00:00,258.07,14.463,0.53851646,143.00739,63.558838,460.78687
2023-11-09 08:30:00,366.35,16.388001,0.7692582299999999,228.945645,80.466289,593.158905
2023-11-09 09:00:00,494.836,18.313002,1.0,314.8839,97.37374,725.53094
2023-11-09 09:30:00,351.61,19.338001,1.3732125,386.01156,109.3740875,739.29982
2023-11-09 10:00:00,538.231,20.363,1.746425,457.13922,121.374435,753.0687
2023-11-09 10:30:00,488.27199999999993,21.088001,1.9027755,498.30423,135.3173425,731.1496
2023-11-09 11:00:00,569.992,21.813002,2.059126,539.46924,149.26025,709.2305
2023-11-09 11:30:00,581.632,22.5130015,2.0807528,571.83942,133.118425,756.8506500000001
2023-11-09 12:00:00,566.5899999999999,23.213001,2.1023796,604.2096,116.9766,804.4708
2023-11-09 12:30:00,747.855,23.6130005,2.1579869,596.9991,107.637345,806.09535
2023-11-09 13:00:00,702.338,24.013,2.2135942,589.7886,98.29809,807.7199
2023-11-09 13:30:00,650.03,24.013,2.23040725,546.9731899999999,92.626875,777.3649250000001
2023-11-09 14:00:00,603.873,24.013,2.2472203,504.15778,86.95566,747.00995
2023-11-09 14:30:00,529.6669999999999,24.013,1.87361015,419.22044,89.452495,637.4410399999999
2023-11-09 15:00:00,441.332,24.013,1.5,334.2831,91.94933,527.87213
2023-11-09 15:30:00,332.82899999999995,23.163001,1.8835784,251.33249,74.77683,438.66098
2023-11-09 16:00:00,226.957,22.313002,2.2671568,168.38188,57.60433,349.44983
2023-11-09 16:30:00,63.979000000000006,21.188002,2.41420325,98.4095115,35.829735,217.379795
2023-11-09 17:00:00,13.275,20.063002,2.5612497,28.437143,14.05514,85.30976
2023-11-09 17:30:00,0.0,19.088001,2.66355645,14.2185715,7.02757,42.65488
2023-11-09 18:00:00,0.0,18.113,2.7658632,0.0,0.0,0.0
2023-11-09 18:30:00,0.0,17.688000000000002,2.47951725,0.0,0.0,0.0
2023-11-09 19:00:00,0.0,17.263,2.1931713,0.0,0.0,0.0
2023-11-09 19:30:00,0.0,17.088,2.0185401,0.0,0.0,0.0
2023-11-09 20:00:00,0.0,16.913,1.8439089,0.0,0.0,0.0
2023-11-09 20:30:00,0.0,16.863001,1.69977195,0.0,0.0,0.0
2023-11-09 21:00:00,0.0,16.813002,1.555635,0.0,0.0,0.0
2023-11-09 21:30:00,0.0,16.738001,1.4142136,0.0,0.0,0.0
2023-11-09 22:00:00,0.0,16.663,1.2727922,0.0,0.0,0.0
2023-11-09 22:30:00,0.0,16.588,1.27670855,0.0,0.0,0.0
2023-11-09 23:00:00,0.0,16.513,1.2806249,0.0,0.0,0.0
2023-11-09 23:30:00,0.0,16.3630005,1.17181975,0.0,0.0,0.0
2023-11-10 00:00:00,0.0,16.213001,1.0630146,0.0,0.0,0.0
2023-11-10 00:30:00,0.0,15.813,1.3125323,0.0,0.0,0.0
2023-11-10 01:00:00,0.0,15.412999,1.56205,0.0,0.0,0.0
2023-11-10 01:30:00,0.0,15.1879995,1.50903595,0.0,0.0,0.0
2023-11-10 02:00:00,0.0,14.963,1.4560219,0.0,0.0,0.0
2023-11-10 02:30:00,0.0,14.513,0.99726918,0.0,0.0,0.0
2023-11-10 03:00:00,0.0,14.063,0.53851646,0.0,0.0,0.0
2023-11-10 03:30:00,0.0,13.888,0.7692582299999999,0.0,0.0,0.0
2023-11-10 04:00:00,0.0,13.713,1.0,0.0,0.0,0.0
2023-11-10 04:30:00,0.0,13.263,0.65,0.0,0.0,0.0
2023-11-10 05:00:00,0.0,12.813,0.3,0.0,0.0,0.0
2023-11-10 05:30:00,0.0,12.663,0.4,0.0,0.0,0.0
2023-11-10 06:00:00,0.0,12.513,0.5,0.0,0.0,0.0
2023-11-10 06:30:00,0.0,12.413,0.45,0.0,0.0,0.0
2023-11-10 07:00:00,16.432,12.313,0.4,0.0,0.0,0.0
2023-11-10 07:30:00,106.738,13.213,0.5,67.888185,33.050827,201.399185
2023-11-10 08:00:00,242.265,14.113,0.6,135.77637,66.101654,402.79837
2023-11-10 08:30:00,353.301,16.137999999999998,0.56925823,209.85132,97.694757,462.486835
2023-11-10 09:00:00,462.649,18.163,0.53851646,283.92627,129.28786,522.1753
2023-11-10 09:30:00,508.241,19.138,0.77175203,340.651655,157.74369000000002,499.9545
2023-11-10 10:00:00,613.497,20.113,1.0049876,397.37704,186.19952,477.7337
2023-11-10 10:30:00,575.025,20.738,1.6568334500000002,431.736205,206.69051,457.54435
2023-11-10 11:00:00,636.5020000000001,21.363,2.3086793,466.09537,227.1815,437.355
2023-11-10 11:30:00,497.85100000000006,21.713001,2.74336455,480.259845,234.144825,429.16827
2023-11-10 12:00:00,558.062,22.063002,3.1780498,494.42432,241.10815,420.98154
2023-11-10 12:30:00,545.8919999999999,22.238001,3.4685194,472.0163,244.634285,377.07762
2023-11-10 13:00:00,402.964,22.413,3.758989,449.60828,248.16042,333.1737
2023-11-10 13:30:00,433.189,22.363001,4.07494435,418.07349,226.72566,329.93574
2023-11-10 14:00:00,374.962,22.313002,4.3908997,386.5387,205.2909,326.69778
2023-11-10 14:30:00,503.932,21.913001,4.20666835,327.63063,184.206615,279.243765
2023-11-10 15:00:00,428.424,21.513,4.022437,268.72256,163.12233,231.78975
2023-11-10 15:30:00,307.023,21.163001,3.800073,204.67823,124.6349,202.715655
2023-11-10 16:00:00,209.657,20.813002,3.577709,140.6339,86.14747,173.64156
2023-11-10 16:30:00,91.306,19.988001,3.2602485000000003,83.029892,49.979531,121.257855
2023-11-10 17:00:00,23.699,19.163,2.942788,25.425884,13.811592,68.87415
2023-11-10 17:30:00,0.0,18.1880005,2.3257944,12.712942,6.905796,34.437075
2023-11-10 18:00:00,0.0,17.213001,1.7088008,0.0,0.0,0.0
2023-11-10 18:30:00,0.0,16.6380015,1.42448815,0.0,0.0,0.0
2023-11-10 19:00:00,0.0,16.063002,1.1401755,0.0,0.0,0.0
2023-11-10 19:30:00,0.0,15.513001,0.97320065,0.0,0.0,0.0
2023-11-10 20:00:00,0.0,14.963,0.8062258,0.0,0.0,0.0
2023-11-10 20:30:00,0.0,14.588,0.7636680499999999,0.0,0.0,0.0
2023-11-10 21:00:00,0.0,14.213,0.7211103,0.0,0.0,0.0
2023-11-10 21:30:00,0.0,14.238,1.4571408,0.0,0.0,0.0
2023-11-10 22:00:00,0.0,14.263,2.1931713,0.0,0.0,0.0
2023-11-10 22:30:00,0.0,14.288,2.33149445,0.0,0.0,0.0
2023-11-10 23:00:00,0.0,14.313,2.4698176,0.0,0.0,0.0
2023-11-10 23:30:00,0.0,14.363,2.5996432,0.0,0.0,0.0
2023-11-11 00:00:00,0.0,14.413,2.7294688,0.0,0.0,0.0
2023-11-11 00:30:00,0.0,14.413,2.7303844,0.0,0.0,0.0
2023-11-11 01:00:00,0.0,14.413,2.7313,0.0,0.0,0.0
2023-11-11 01:30:00,0.0,14.488,2.788675,0.0,0.0,0.0
2023-11-11 02:00:00,0.0,14.563,2.84605,0.0,0.0,0.0
2023-11-11 02:30:00,0.0,15.563001,3.2811154,0.0,0.0,0.0
2023-11-11 03:00:00,0.0,16.563002,3.7161808,0.0,0.0,0.0
2023-11-11 03:30:00,0.0,16.5130015,3.7620336,0.0,0.0,0.0
2023-11-11 04:00:00,0.0,16.463001,3.8078864,0.0,0.0,0.0
2023-11-11 04:30:00,0.0,16.3630005,3.8078864,0.0,0.0,0.0
2023-11-11 05:00:00,0.0,16.263,3.8078864,0.0,0.0,0.0
2023-11-11 05:30:00,0.0,16.213,3.63093485,0.0,0.0,0.0
2023-11-11 06:00:00,0.0,16.163,3.4539833,0.0,0.0,0.0
2023-11-11 06:30:00,0.0,16.037999499999998,3.15001665,0.0,0.0,0.0
2023-11-11 07:00:00,8.802,15.912999,2.84605,0.0,0.0,0.0
2023-11-11 07:30:00,40.073,16.4880005,2.9271859,58.781555,33.46027,145.838625
2023-11-11 08:00:00,244.274,17.063002,3.0083218,117.56311,66.92054,291.67725
2023-11-11 08:30:00,367.014,17.913001,3.3487475,187.73987,102.70389,349.977475
2023-11-11 09:00:00,369.555,18.763,3.6891732,257.91663,138.48724,408.2777
2023-11-11 09:30:00,718.375,19.563,4.31440425,324.98796500000003,160.72412500000002,442.695125
2023-11-11 10:00:00,191.921,20.363,4.9396353,392.0593,182.96101,477.11255
2023-11-11 10:30:00,589.9440000000001,20.688,5.39983465,385.4269000000001,217.38966,355.605585
2023-11-11 11:00:00,766.5339999999999,21.013,5.860034,378.7945,251.81831,234.09862
2023-11-11 11:30:00,345.113,21.088,5.5700927,397.47411,249.534275,258.305335
2023-11-11 12:00:00,463.6230000000001,21.163,5.2801514,416.15372,247.25024,282.51205
2023-11-11 12:30:00,857.081,21.213,5.1703917,390.53696,257.915755,221.42462
2023-11-11 13:00:00,356.19,21.263,5.060632,364.9202,268.58127,160.33719
2023-11-11 13:30:00,387.913,21.313,5.1403925,368.2695,239.675075,226.08591
2023-11-11 14:00:00,185.142,21.363,5.220153,371.6188,210.76888,291.83463
2023-11-11 14:30:00,396.603,21.613,5.094025,350.500515,158.565945,392.51343
2023-11-11 15:00:00,285.788,21.863,4.967897,329.38223,106.36301,493.19223
2023-11-11 15:30:00,146.833,21.4130005,4.9046922,253.52249,89.88868500000001,414.37294
2023-11-11 16:00:00,125.946,20.963001,4.8414874,177.66275,73.41436,335.55365
2023-11-11 16:30:00,70.042,20.2380005,4.4609642,101.472063,44.231399,198.105219
2023-11-11 17:00:00,17.749,19.513,4.080441,25.281376,15.048438,60.656788
2023-11-11 17:30:00,0.0,18.563,3.5740067,12.640688,7.524219,30.328394000000003
2023-11-11 18:00:00,0.0,17.613,3.0675724,0.0,0.0,0.0
2023-11-11 18:30:00,0.0,17.2880005,3.0379471,0.0,0.0,0.0
2023-11-11 19:00:00,0.0,16.963001,3.0083218,0.0,0.0,0.0
2023-11-11 19:30:00,0.0,16.8880015,3.0083219000000003,0.0,0.0,0.0
2023-11-11 20:00:00,0.0,16.813002,3.008322,0.0,0.0,0.0
2023-11-11 20:30:00,0.0,16.713001,2.8504522000000003,0.0,0.0,0.0
2023-11-11 21:00:00,0.0,16.613,2.6925824,0.0,0.0,0.0
2023-11-11 21:30:00,0.0,16.613,2.4383077,0.0,0.0,0.0
2023-11-11 22:00:00,0.0,16.613,2.184033,0.0,0.0,0.0
2023-11-11 22:30:00,0.0,16.5380005,2.3420165,0.0,0.0,0.0
2023-11-11 23:00:00,0.0,16.463001,2.5,0.0,0.0,0.0
2023-11-11 23:30:00,0.0,16.4380005,2.673025,0.0,0.0,0.0
2023-11-12 00:00:00,0.0,16.413,2.84605,0.0,0.0,0.0
2023-11-12 00:30:00,0.0,16.413,2.9213575,0.0,0.0,0.0
2023-11-12 01:00:00,0.0,16.413,2.996665,0.0,0.0,0.0
2023-11-12 01:30:00,0.0,16.413,2.88757695,0.0,0.0,0.0
2023-11-12 02:00:00,0.0,16.413,2.7784889,0.0,0.0,0.0
2023-11-12 02:30:00,0.0,16.713,2.81226945,0.0,0.0,0.0
2023-11-12 03:00:00,0.0,17.013,2.84605,0.0,0.0,0.0
2023-11-12 03:30:00,0.0,16.8630005,2.90963185,0.0,0.0,0.0
2023-11-12 04:00:00,0.0,16.713001,2.9732137,0.0,0.0,0.0
2023-11-12 04:30:00,0.0,16.4880005,2.90963185,0.0,0.0,0.0
2023-11-12 05:00:00,0.0,16.263,2.84605,0.0,0.0,0.0
2023-11-12 05:30:00,0.0,16.113,2.783172,0.0,0.0,0.0
2023-11-12 06:00:00,0.0,15.963,2.720294,0.0,0.0,0.0
2023-11-12 06:30:00,0.0,15.663,2.478181,0.0,0.0,0.0
2023-11-12 07:00:00,23.148000000000003,15.363,2.236068,0.0,0.0,0.0
2023-11-12 07:30:00,107.383,15.9130005,2.33868955,57.70792,29.31196,162.84761
2023-11-12 08:00:00,278.771,16.463001,2.4413111,115.41584,58.62392,325.69522
2023-11-12 08:30:00,409.789,17.4880005,2.0407165000000003,205.44341,73.88732,519.88896
2023-11-12 09:00:00,241.109,18.513,1.6401219,295.47098,89.15072,714.0827
2023-11-12 09:30:00,127.094,19.538001,1.71028565,371.24694,92.91753,760.17508
2023-11-12 10:00:00,166.39700000000002,20.563002,1.7804494,447.0229,96.68434,806.26746
2023-11-12 10:30:00,699.1529999999999,21.438002,2.3743069,482.910285,111.85752,766.82653
2023-11-12 11:00:00,672.788,22.313002,2.9681644,518.79767,127.0307,727.3856
2023-11-12 11:30:00,765.486,22.688002,2.7965227,510.76051500000005,172.40482500000002,603.517615
2023-11-12 12:00:00,783.1290000000001,23.063002,2.624881,502.72336,217.77895,479.64963
2023-11-12 12:30:00,559.172,22.938002,2.3136897,497.54999,210.08941,482.62375
2023-11-12 13:00:00,550.2909999999999,22.813002,2.0024984,492.37662,202.39987,485.59787
2023-11-12 13:30:00,656.061,22.363001,1.807475,454.580675,172.820375,492.545135
2023-11-12 14:00:00,252.00600000000003,21.913,1.6124516,416.78473,143.24088,499.4924
2023-11-12 14:30:00,296.995,21.713,2.1062258,367.799115,114.900233,508.4332
2023-11-12 15:00:00,489.448,21.513,2.6,318.8135,86.559586,517.374
2023-11-12 15:30:00,423.857,20.9880005,2.3307764,241.76219,78.784138,410.96062
2023-11-12 16:00:00,223.188,20.463001,2.0615528,164.71088,71.00869,304.54724
2023-11-12 16:30:00,57.812,19.5630005,1.50247545,94.16863,42.1312565,182.9982885
2023-11-12 17:00:00,16.052,18.663,0.9433981,23.62638,13.253823,61.449337
2023-11-12 17:30:00,0.011,17.8130005,1.0799753,11.81319,6.6269115,30.7246685
2023-11-12 18:00:00,0.0,16.963001,1.2165525,0.0,0.0,0.0
2023-11-12 18:30:00,0.0,16.713001,1.100719125,0.0,0.0,0.0
2023-11-12 19:00:00,0.0,16.463001,0.98488575,0.0,0.0,0.0
2023-11-12 19:30:00,0.0,16.0880005,1.273467875,0.0,0.0,0.0
2023-11-12 20:00:00,0.0,15.713,1.56205,0.0,0.0,0.0
2023-11-12 20:30:00,0.0,15.5629995,1.66561525,0.0,0.0,0.0
2023-11-12 21:00:00,0.0,15.412999,1.7691805,0.0,0.0,0.0
2023-11-12 21:30:00,0.0,15.1879995,1.6985313,0.0,0.0,0.0
2023-11-12 22:00:00,0.0,14.963,1.6278821,0.0,0.0,0.0
2023-11-12 22:30:00,0.0,14.763,1.52457455,0.0,0.0,0.0
2023-11-12 23:00:00,0.0,14.563,1.421267,0.0,0.0,0.0
2023-11-12 23:30:00,0.0,14.338,1.7922989,0.0,0.0,0.0
2023-11-13 00:00:00,0.0,14.113,2.1633308,0.0,0.0,0.0
2023-11-13 00:30:00,0.0,14.063,2.2327519,0.0,0.0,0.0
2023-11-13 01:00:00,0.0,14.013,2.302173,0.0,0.0,0.0
2023-11-13 01:30:00,0.0,13.963,2.224632,0.0,0.0,0.0
2023-11-13 02:00:00,0.0,13.913,2.147091,0.0,0.0,0.0
2023-11-13 02:30:00,0.0,14.638,2.385986,0.0,0.0,0.0
2023-11-13 03:00:00,0.0,15.363,2.624881,0.0,0.0,0.0
2023-11-13 03:30:00,0.0,15.238,2.6587317,0.0,0.0,0.0
2023-11-13 04:00:00,0.0,15.113,2.6925824,0.0,0.0,0.0
2023-11-13 04:30:00,0.0,14.938,2.48756245,0.0,0.0,0.0
2023-11-13 05:00:00,0.0,14.763,2.2825425,0.0,0.0,0.0
2023-11-13 05:30:00,0.0,14.638,2.41602615,0.0,0.0,0.0
2023-11-13 06:00:00,0.0,14.513,2.5495098,0.0,0.0,0.0
2023-11-13 06:30:00,0.0,14.738,2.6394893,0.0,0.0,0.0
2023-11-13 07:00:00,8.809999999999999,14.963,2.7294688,0.0,0.0,0.0
2023-11-13 07:30:00,69.294,16.013001,3.1061419,61.267925000000005,28.777356999999995,185.42676
2023-11-13 08:00:00,285.01,17.063002,3.482815,122.53585,57.554714,370.85352
2023-11-13 08:30:00,58.719,17.7630015,4.11258875,197.23625,77.291877,491.875885
2023-11-13 09:00:00,65.336,18.463001,4.7423625,271.93665,97.02904,612.89825
2023-11-13 09:30:00,273.9,19.1630005,5.40844975,340.33606,104.30293,651.317575
2023-11-13 10:00:00,562.009,19.863,6.074537,408.73547,111.57682,689.7369
2023-11-13 10:30:00,762.871,18.988,6.3239842500000005,384.852035,141.224765,522.57844
2023-11-13 11:00:00,806.034,18.113,6.5734315,360.9686,170.87271,355.41998
2023-11-13 11:30:00,906.877,18.2880005,6.1559491,370.311065,190.273655,321.67504
2023-11-13 12:00:00,177.352,18.463001,5.7384667,379.65353,209.6746,287.9301
2023-11-13 12:30:00,216.32,18.1880005,6.35097135,336.756725,216.251075,203.802505
2023-11-13 13:00:00,32.484,17.913,6.963476,293.85992,222.82755,119.67491
2023-11-13 13:30:00,10.106000000000002,17.3130005,6.42664875,239.31645,199.18094,68.325433
2023-11-13 14:00:00,31.431,16.713001,5.8898215,184.77298,175.53433,16.975956
2023-11-13 14:30:00,89.497,17.1380015,5.3203052500000005,187.009615,158.84155,61.31935800000001
2023-11-13 15:00:00,223.384,17.563002,4.750789,189.24625,142.14877,105.66276
2023-11-13 15:30:00,240.814,17.463001,3.78340735,159.23035,105.020552,153.42671
2023-11-13 16:00:00,245.069,17.363,2.8160257,129.21445,67.892334,201.19066
2023-11-13 16:30:00,48.08800000000001,17.213001,1.65801285,74.24754,39.3171995,125.87026
2023-11-13 17:00:00,10.928,17.063002,0.5,19.28063,10.742065,50.54986
2023-11-13 17:30:00,0.0,16.088001,0.8330952,9.640315,5.3710325,25.27493
2023-11-13 18:00:00,0.0,15.113,1.1661904,0.0,0.0,0.0
2023-11-13 18:30:00,0.0,15.013,2.0052415000000003,0.0,0.0,0.0
2023-11-13 19:00:00,0.0,14.913,2.8442926,0.0,0.0,0.0
2023-11-13 19:30:00,0.0,14.788,3.22838545,0.0,0.0,0.0
2023-11-13 20:00:00,0.0,14.663,3.6124783,0.0,0.0,0.0
2023-11-13 20:30:00,0.0,14.663,4.210922,0.0,0.0,0.0
2023-11-13 21:00:00,0.0,14.663,4.8093657,0.0,0.0,0.0
2023-11-13 21:30:00,0.0,14.663,4.65967735,0.0,0.0,0.0
2023-11-13 22:00:00,0.0,14.663,4.509989,0.0,0.0,0.0
2023-11-13 22:30:00,0.0,14.863,4.357374,0.0,0.0,0.0
2023-11-13 23:00:00,0.0,15.063,4.204759,0.0,0.0,0.0
2023-11-13 23:30:00,0.0,15.088,3.969195,0.0,0.0,0.0
2023-11-14 00:00:00,0.0,15.113,3.733631,0.0,0.0,0.0
2023-11-14 00:30:00,0.0,14.813,3.6619478,0.0,0.0,0.0
2023-11-14 01:00:00,0.0,14.513,3.5902646,0.0,0.0,0.0
2023-11-14 01:30:00,0.0,14.313,3.49292495,0.0,0.0,0.0
2023-11-14 02:00:00,0.0,14.113,3.3955853,0.0,0.0,0.0
2023-11-14 02:30:00,0.0,13.938,3.07347415,0.0,0.0,0.0
2023-11-14 03:00:00,0.0,13.763,2.751363,0.0,0.0,0.0
2023-11-14 03:30:00,0.0,13.463,2.61059045,0.0,0.0,0.0
2023-11-14 04:00:00,0.0,13.163,2.4698179,0.0,0.0,0.0
2023-11-14 04:30:00,0.0,12.763,2.3892486,0.0,0.0,0.0
2023-11-14 05:00:00,0.0,12.363,2.3086793,0.0,0.0,0.0
2023-11-14 05:30:00,0.0,12.188,2.4053392,0.0,0.0,0.0
2023-11-14 06:00:00,0.0,12.013,2.5019991,0.0,0.0,0.0
2023-11-14 06:30:00,0.0,12.038,2.56629405,0.0,0.0,0.0
2023-11-14 07:00:00,5.04,12.063,2.630589,0.0,0.0,0.0
2023-11-14 07:30:00,31.754999999999995,12.913,2.7099271,62.12507,29.179958500000005,186.99768
2023-11-14 08:00:00,270.43,13.763,2.7892652,124.25014,58.359917,373.99536
2023-11-14 08:30:00,372.884,15.263000000000002,2.7955252,213.15062,73.9756685,563.882355
2023-11-14 09:00:00,547.993,16.763,2.8017852,302.0511,89.59142,753.76935
2023-11-14 09:30:00,634.2730000000001,17.688000000000002,3.3971391,377.242575,94.93953,789.052175
2023-11-14 10:00:00,154.53300000000002,18.613,3.992493,452.43405,100.28764,824.335
2023-11-14 10:30:00,806.9939999999999,19.013,4.30817215,506.68135,100.89451,844.640035
2023-11-14 11:00:00,125.006,19.413,4.6238513,560.92865,101.50138,864.94507
2023-11-14 11:30:00,784.9590000000001,19.6880005,4.5966575,581.80084,99.107055,863.66156
2023-11-14 12:00:00,792.0920000000001,19.963001,4.5694637,602.67303,96.71273,862.37805
2023-11-14 12:30:00,783.959,20.0630005,4.5694637,591.299435,94.57529,844.2983750000001
2023-11-14 13:00:00,780.518,20.163,4.5694637,579.92584,92.43785,826.2187
2023-11-14 13:30:00,722.8320000000001,20.213,4.32065915,537.95381,88.243455,793.8971300000001
2023-11-14 14:00:00,652.272,20.263,4.0718546,495.98178,84.04906,761.57556
2023-11-14 14:30:00,587.6800000000001,20.138,4.0056988,428.10437,77.533838,707.45328
2023-11-14 15:00:00,498.103,20.013,3.939543,360.22696,71.018616,653.331
2023-11-14 15:30:00,390.562,19.263,3.849266,275.12732,60.627908,558.08318
2023-11-14 16:00:00,241.10400000000004,18.513,3.758989,190.02768,50.2372,462.83536
2023-11-14 16:30:00,104.307,17.388,3.132491,106.5829585,30.1143555,270.30198
2023-11-14 17:00:00,13.871,16.263,2.505993,23.138237,9.991511,77.7686
2023-11-14 17:30:00,0.0,15.338,2.4029965,11.5691185,4.9957555,38.8843
2023-11-14 18:00:00,0.0,14.413,2.3,0.0,0.0,0.0
2023-11-14 18:30:00,0.0,14.013,2.2011898,0.0,0.0,0.0
2023-11-14 19:00:00,0.0,13.613,2.1023796,0.0,0.0,0.0
2023-11-14 19:30:00,0.0,13.288,1.8078271,0.0,0.0,0.0
2023-11-14 20:00:00,0.0,12.963,1.5132746,0.0,0.0,0.0
2023-11-14 20:30:00,0.0,12.513,1.5132746,0.0,0.0,0.0
2023-11-14 21:00:00,0.0,12.063,1.5132746,0.0,0.0,0.0
2023-11-14 21:30:00,0.0,12.938,1.58428455,0.0,0.0,0.0
2023-11-14 22:00:00,0.0,13.813,1.6552945,0.0,0.0,0.0
2023-11-14 22:30:00,0.0,14.063,1.22764725,0.0,0.0,0.0
2023-11-14 23:00:00,0.0,14.313,0.8,0.0,0.0,0.0
2023-11-14 23:30:00,0.0,14.213,0.6692582300000001,0.0,0.0,0.0
2023-11-15 00:00:00,0.0,14.113,0.53851646,0.0,0.0,0.0
2023-11-15 00:30:00,0.0,13.738,0.5192582299999999,0.0,0.0,0.0
2023-11-15 01:00:00,0.0,13.363,0.5,0.0,0.0,0.0
2023-11-15 01:30:00,0.0,12.338,0.6,0.0,0.0,0.0
2023-11-15 02:00:00,0.0,11.313,0.7,0.0,0.0,0.0
2023-11-15 02:30:00,0.0,11.263,1.1405694,0.0,0.0,0.0
2023-11-15 03:00:00,0.0,11.213,1.5811388,0.0,0.0,0.0
2023-11-15 03:30:00,0.0,10.863,1.50646045,0.0,0.0,0.0
2023-11-15 04:00:00,0.0,10.513,1.4317821,0.0,0.0,0.0
2023-11-15 04:30:00,0.0,10.313,1.34834655,0.0,0.0,0.0
2023-11-15 05:00:00,0.0,10.113,1.264911,0.0,0.0,0.0
2023-11-15 05:30:00,0.0,9.963,1.32887485,0.0,0.0,0.0
2023-11-15 06:00:00,0.0,9.813,1.3928387,0.0,0.0,0.0
2023-11-15 06:30:00,0.0,9.738,1.3464194,0.0,0.0,0.0
2023-11-15 07:00:00,6.058,9.663,1.3000001,0.0,0.0,0.0
2023-11-15 07:30:00,120.352,11.038,1.50146935,63.995215,28.654575,199.363375
2023-11-15 08:00:00,271.252,12.413,1.7029386,127.99043,57.30915,398.72675
2023-11-15 08:30:00,394.765,14.6880005,1.8222937,214.765325,70.356945,591.196725
2023-11-15 09:00:00,494.414,16.963001,1.9416488,301.54022,83.40474,783.6667
2023-11-15 09:30:00,580.328,18.088001,2.3501359,377.21008,87.90297000000001,817.36645
2023-11-15 10:00:00,648.491,19.213001,2.758623,452.87994,92.4012,851.0662
2023-11-15 10:30:00,706.0029999999999,19.9130005,3.07784025,500.621245,94.837048,853.10285
2023-11-15 11:00:00,751.472,20.613,3.3970575,548.36255,97.272896,855.1395
2023-11-15 11:30:00,764.794,20.988,3.86935805,563.3595,96.493408,841.43047
2023-11-15 12:00:00,772.8539999999999,21.363,4.3416586,578.35645,95.71392,827.72144
2023-11-15 12:30:00,757.506,21.563,4.4908509500000005,563.572325,98.454455,795.4054900000001
2023-11-15 13:00:00,727.434,21.763,4.6400433,548.7882,101.19499,763.08954
2023-11-15 13:30:00,680.89,21.813,4.52229315,509.39558,96.76674,732.7712200000001
2023-11-15 14:00:00,640.9660000000001,21.863,4.404543,470.00296,92.33849,702.4529
2023-11-15 14:30:00,555.725,21.563,4.4299383500000005,401.726945,85.499355,640.9732
2023-11-15 15:00:00,465.759,21.263,4.4553337,333.45093,78.66022,579.4935
2023-11-15 15:30:00,361.155,20.688,4.13816405,249.51021000000003,65.835752,477.7499
2023-11-15 16:00:00,210.696,20.113,3.8209944,165.56949,53.011284,376.0063
2023-11-15 16:30:00,41.781000000000006,19.313,3.2558596,92.3044355,31.014969,217.615255
2023-11-15 17:00:00,13.81,18.513,2.6907248,19.039381,9.018654,59.22421
2023-11-15 17:30:00,0.0,17.663001,2.7055095,9.5196905,4.509327,29.612105
2023-11-15 18:00:00,0.0,16.813002,2.7202942,0.0,0.0,0.0
2023-11-15 18:30:00,0.0,16.388001,2.5401895000000003,0.0,0.0,0.0
2023-11-15 19:00:00,0.0,15.963,2.3600848,0.0,0.0,0.0
2023-11-15 19:30:00,0.0,15.588,2.36536935,0.0,0.0,0.0
2023-11-15 20:00:00,0.0,15.213,2.3706539,0.0,0.0,0.0
2023-11-15 20:30:00,0.0,15.163,2.4756757,0.0,0.0,0.0
2023-11-15 21:00:00,0.0,15.113,2.5806975,0.0,0.0,0.0
2023-11-15 21:30:00,0.0,15.088,2.5806975,0.0,0.0,0.0
2023-11-15 22:00:00,0.0,15.063,2.5806975,0.0,0.0,0.0
2023-11-15 22:30:00,0.0,15.038,2.5806975,0.0,0.0,0.0
2023-11-15 23:00:00,0.0,15.013,2.5806975,0.0,0.0,0.0
2023-11-15 23:30:00,0.0,14.938,2.5709736,0.0,0.0,0.0
2023-11-16 00:00:00,0.0,14.863,2.5612497,0.0,0.0,0.0
2023-11-16 00:30:00,0.0,14.788,2.4909967,0.0,0.0,0.0
2023-11-16 01:00:00,0.0,14.713,2.4207437,0.0,0.0,0.0
2023-11-16 01:30:00,0.0,14.663,2.3505473500000003,0.0,0.0,0.0
2023-11-16 02:00:00,0.0,14.613,2.280351,0.0,0.0,0.0
2023-11-16 02:30:00,0.0,14.113,1.71026325,0.0,0.0,0.0
2023-11-16 03:00:00,0.0,13.613,1.1401755,0.0,0.0,0.0
2023-11-16 03:30:00,0.0,13.413,1.20648385,0.0,0.0,0.0
2023-11-16 04:00:00,0.0,13.213,1.2727922,0.0,0.0,0.0
2023-11-16 04:30:00,0.0,13.188,1.3090773,0.0,0.0,0.0
2023-11-16 05:00:00,0.0,13.163,1.3453624,0.0,0.0,0.0
2023-11-16 05:30:00,0.0,12.963,1.50032845,0.0,0.0,0.0
2023-11-16 06:00:00,0.0,12.763,1.6552945,0.0,0.0,0.0
2023-11-16 06:30:00,0.0,12.463,1.16305745,0.0,0.0,0.0
2023-11-16 07:00:00,5.5280000000000005,12.163,0.6708204,0.0,0.0,0.0
2023-11-16 07:30:00,106.001,13.213,0.541565485,63.05136,28.130607500000004,195.629365
2023-11-16 08:00:00,250.653,14.263,0.41231057,126.10272,56.261215,391.25873
2023-11-16 08:30:00,391.34,15.963,0.814431535,214.218335,68.6562225,598.1993150000001
2023-11-16 09:00:00,494.306,17.663,1.2165525,302.33395,81.05123,805.1399
2023-11-16 09:30:00,467.8130000000001,18.663,1.74845175,377.83615,85.63107,834.92542
2023-11-16 10:00:00,192.634,19.663,2.280351,453.33835,90.21091,864.71094
2023-11-16 10:30:00,489.319,20.638,2.8401755,497.77431,96.43897,851.87592
2023-11-16 11:00:00,795.721,21.613,3.4,542.21027,102.66703,839.0409
2023-11-16 11:30:00,240.099,21.738,4.6120438,557.290165,104.802245,821.0839
2023-11-16 12:00:00,906.02,21.863,5.8240876,572.37006,106.93746,803.1269
2023-11-16 12:30:00,167.189,21.563,6.13888455,552.798465,107.95907,765.3279749999999
2023-11-16 13:00:00,187.992,21.263,6.4536815,533.22687,108.98068,727.52905
2023-11-16 13:30:00,285.84000000000003,20.6130005,6.70857875,479.866385,116.80451,646.18866
2023-11-16 14:00:00,322.072,19.963001,6.963476,426.5059,124.62834,564.84827
2023-11-16 14:30:00,601.6370000000001,20.1630005,6.3457388,371.741765,108.023883,540.63956
2023-11-16 15:00:00,493.31299999999993,20.363,5.7280016,316.97763,91.419426,516.43085
2023-11-16 15:30:00,377.232,19.638,5.5755501,239.978025,74.32148000000001,436.399525
2023-11-16 16:00:00,129.666,18.913,5.4230986,162.97842,57.223534,356.3682
2023-11-16 16:30:00,55.567,18.113001,4.906999150000001,89.70760250000001,33.2569455,199.2817525
2023-11-16 17:00:00,6.946,17.313002,4.3908997,16.436785,9.290357,42.195305
2023-11-16 17:30:00,0.0,16.7630015,3.85149945,8.2183925,4.6451785,21.0976525
2023-11-16 18:00:00,0.0,16.213001,3.3120992,0.0,0.0,0.0
2023-11-16 18:30:00,0.0,16.1630005,3.3007379500000003,0.0,0.0,0.0
2023-11-16 19:00:00,0.0,16.113,3.2893767,0.0,0.0,0.0
2023-11-16 19:30:00,0.0,15.9630005,3.2893767,0.0,0.0,0.0
2023-11-16 20:00:00,0.0,15.813001,3.2893767,0.0,0.0,0.0
2023-11-16 20:30:00,0.0,15.6630005,3.2641018500000003,0.0,0.0,0.0
2023-11-16 21:00:00,0.0,15.513,3.238827,0.0,0.0,0.0
2023-11-16 21:30:00,0.0,15.313,3.1726359,0.0,0.0,0.0
2023-11-16 22:00:00,0.0,15.113,3.1064448,0.0,0.0,0.0
2023-11-16 22:30:00,0.0,14.813,2.7542636,0.0,0.0,0.0
2023-11-16 23:00:00,0.0,14.513,2.4020824,0.0,0.0,0.0
2023-11-16 23:30:00,0.0,14.138,2.17186555,0.0,0.0,0.0
2023-11-17 00:00:00,0.0,13.763,1.9416487,0.0,0.0,0.0
2023-11-17 00:30:00,0.0,13.688,1.76139375,0.0,0.0,0.0
2023-11-17 01:00:00,0.0,13.613,1.5811388,0.0,0.0,0.0
2023-11-17 01:30:00,0.0,13.513,1.3495864,0.0,0.0,0.0
2023-11-17 02:00:00,0.0,13.413,1.118034,0.0,0.0,0.0
2023-11-17 02:30:00,0.0,13.313,0.9495295,0.0,0.0,0.0
2023-11-17 03:00:00,0.0,13.213,0.781025,0.0,0.0,0.0
2023-11-17 03:30:00,0.0,12.463,0.61411931,0.0,0.0,0.0
2023-11-17 04:00:00,0.0,11.713,0.44721362,0.0,0.0,0.0
2023-11-17 04:30:00,0.0,11.238,0.4297620949999999,0.0,0.0,0.0
2023-11-17 05:00:00,0.0,10.763,0.41231057,0.0,0.0,0.0
2023-11-17 05:30:00,0.0,10.388,0.306155285,0.0,0.0,0.0
2023-11-17 06:00:00,0.0,10.013,0.2,0.0,0.0,0.0
2023-11-17 06:30:00,0.0,9.788,0.5527692500000001,0.0,0.0,0.0
2023-11-17 07:00:00,5.04,9.563,0.9055385,0.0,0.0,0.0
2023-11-17 07:30:00,21.42,10.663,1.2159860999999998,57.186882,28.593441,158.94043
2023-11-17 08:00:00,238.48600000000005,11.763,1.5264337,114.373764,57.186882,317.88086
2023-11-17 08:30:00,373.89,14.038001,1.4151371,192.637762,75.678749,484.62293
2023-11-17 09:00:00,448.5940000000001,16.313002,1.3038405,270.90176,94.170616,651.365
2023-11-17 09:30:00,445.441,17.213001,1.99728265,305.772015,117.957193,564.5526
2023-11-17 10:00:00,671.65,18.113,2.6907248,340.64227,141.74377,477.7402
2023-11-17 10:30:00,740.964,18.7880005,3.0781347500000003,388.06215,144.16554000000002,516.52098
2023-11-17 11:00:00,468.238,19.463001,3.4655447,435.48203,146.58731,555.30176
2023-11-17 11:30:00,657.336,19.6630005,3.78520985,445.926255,151.73234000000002,537.6314299999999
2023-11-17 12:00:00,275.12300000000005,19.863,4.104875,456.37048,156.87737,519.9611
2023-11-17 12:30:00,756.696,20.0380005,4.1625323000000005,434.475965,148.499685,494.95496
2023-11-17 13:00:00,245.66000000000005,20.213001,4.2201896,412.58145,140.122,469.94882
2023-11-17 13:30:00,151.173,20.338001,4.43011645,406.57715,131.900585,495.551435
2023-11-17 14:00:00,610.3230000000001,20.463001,4.6400433,400.57285,123.67917,521.15405
2023-11-17 14:30:00,618.294,20.2630015,4.83049965,368.05835,98.979935,561.622775
2023-11-17 15:00:00,474.1039999999999,20.063002,5.020956,335.54385,74.2807,602.0915
2023-11-17 15:30:00,364.373,19.488001,4.815364000000001,255.564775,61.707897,515.91527
2023-11-17 16:00:00,210.905,18.913,4.609772,175.5857,49.135094,429.73904
2023-11-17 16:30:00,85.50699999999999,18.1880005,3.7898101,96.496034,28.5235397,242.869285
2023-11-17 17:00:00,12.184,17.463001,2.9698482,17.406368,7.9119854,55.99953
2023-11-17 17:30:00,0.0,16.7630015,2.6564615,8.703184,3.9559927,27.999765000000004
2023-11-17 18:00:00,0.0,16.063002,2.3430748,0.0,0.0,0.0
2023-11-17 18:30:00,0.0,15.7380005,2.1777680000000004,0.0,0.0,0.0
2023-11-17 19:00:00,0.0,15.412999,2.0124612,0.0,0.0,0.0
2023-11-17 19:30:00,0.0,15.0879995,1.7273409000000002,0.0,0.0,0.0
2023-11-17 20:00:00,0.0,14.763,1.4422206,0.0,0.0,0.0
2023-11-17 20:30:00,0.0,14.388,1.3937914999999998,0.0,0.0,0.0
2023-11-17 21:00:00,0.0,14.013,1.3453624,0.0,0.0,0.0
2023-11-17 21:30:00,0.0,13.813,1.56710845,0.0,0.0,0.0
2023-11-17 22:00:00,0.0,13.613,1.7888545,0.0,0.0,0.0
2023-11-17 22:30:00,0.0,13.663,2.08291375,0.0,0.0,0.0
2023-11-17 23:00:00,0.0,13.713,2.376973,0.0,0.0,0.0
2023-11-17 23:30:00,0.0,13.888,2.63070705,0.0,0.0,0.0
2023-11-18 00:00:00,0.0,14.063,2.8844411,0.0,0.0,0.0
2023-11-18 00:30:00,0.0,14.213,2.61375795,0.0,0.0,0.0
2023-11-18 01:00:00,0.0,14.363,2.3430748,0.0,0.0,0.0
2023-11-18 01:30:00,0.0,14.588,2.6698699,0.0,0.0,0.0
2023-11-18 02:00:00,0.0,14.813,2.996665,0.0,0.0,0.0
2023-11-18 02:30:00,0.0,15.988,4.091593,0.0,0.0,0.0
2023-11-18 03:00:00,0.0,17.163,5.186521,0.0,0.0,0.0
2023-11-18 03:30:00,0.0,17.088,5.217188800000001,0.0,0.0,0.0
2023-11-18 04:00:00,0.0,17.013,5.2478566,0.0,0.0,0.0
2023-11-18 04:30:00,0.0,16.913001,5.0093003,0.0,0.0,0.0
2023-11-18 05:00:00,0.0,16.813002,4.770744,0.0,0.0,0.0
2023-11-18 05:30:00,0.0,16.563002,4.74545675,0.0,0.0,0.0
2023-11-18 06:00:00,0.0,16.313002,4.7201695,0.0,0.0,0.0
2023-11-18 06:30:00,0.0,16.2630015,4.78082845,0.0,0.0,0.0
2023-11-18 07:00:00,5.303,16.213001,4.8414874,0.0,0.0,0.0
2023-11-18 07:30:00,24.171,16.713001,4.8666587,53.165835,28.087612,138.19095
2023-11-18 08:00:00,43.216,17.213001,4.89183,106.33167,56.175224,276.3819
2023-11-18 08:30:00,380.573,17.838001,5.45631365,183.818735,76.597352,444.90448
2023-11-18 09:00:00,126.747,18.463001,6.0207973,261.3058,97.01948,613.42706
2023-11-18 09:30:00,86.25000000000001,18.6130005,6.422875899999999,309.164985,113.16315,582.5737300000001
2023-11-18 10:00:00,172.925,18.763,6.8249545,357.02417,129.30682,551.7204
2023-11-18 10:30:00,96.503,18.4880005,7.27123355,417.775135,136.91406,599.0937200000001
2023-11-18 11:00:00,230.383,18.213001,7.7175126,478.5261,144.5213,646.46704
2023-11-18 11:30:00,126.616,18.338001,7.1549661,424.7082,161.41697,491.42354
2023-11-18 12:00:00,698.6120000000001,18.463001,6.5924196,370.8903,178.31264,336.38004
2023-11-18 12:30:00,299.516,18.8880015,5.6205378,395.150535,167.49174,396.08423
2023-11-18 13:00:00,808.344,19.313002,4.648656,419.41077,156.67084,455.78842
2023-11-18 13:30:00,279.037,18.963001,3.52640955,376.2715,141.0860875,424.422835
2023-11-18 14:00:00,349.297,18.613,2.4041631,333.13223,125.501335,393.05725
2023-11-18 14:30:00,49.797,18.188,2.52211955,260.423185,112.2389425,299.432435
2023-11-18 15:00:00,179.03199999999998,17.763,2.640076,187.71414,98.97655,205.80762
2023-11-18 15:30:00,141.525,17.438000000000002,2.2214258,135.667275,83.36896,130.075485
2023-11-18 16:00:00,101.03900000000002,17.113,1.8027756,83.62041,67.76137,54.34335
2023-11-18 16:30:00,50.55,16.188,2.2252079,50.480824000000005,37.7342935,55.55181
2023-11-18 17:00:00,13.271,15.263,2.6476402,17.341238,7.707217,56.76027
2023-11-18 17:30:00,0.0,14.288,2.6523531,8.670619,3.8536085,28.380135000000003
2023-11-18 18:00:00,0.0,13.313,2.657066,0.0,0.0,0.0
2023-11-18 18:30:00,0.0,13.038,2.6868408500000003,0.0,0.0,0.0
2023-11-18 19:00:00,0.0,12.763,2.7166157,0.0,0.0,0.0
2023-11-18 19:30:00,0.0,12.563,3.10902205,0.0,0.0,0.0
2023-11-18 20:00:00,0.0,12.363,3.5014284,0.0,0.0,0.0
2023-11-18 20:30:00,0.0,11.963,3.45731905,0.0,0.0,0.0
2023-11-18 21:00:00,0.0,11.563,3.4132097,0.0,0.0,0.0
2023-11-18 21:30:00,0.0,11.188,3.2099345,0.0,0.0,0.0
2023-11-18 22:00:00,0.0,10.813,3.0066593,0.0,0.0,0.0
2023-11-18 22:30:00,0.0,10.338,2.85425535,0.0,0.0,0.0
2023-11-18 23:00:00,0.0,9.863,2.7018514,0.0,0.0,0.0
2023-11-18 23:30:00,0.0,9.638,2.6098936,0.0,0.0,0.0
2023-11-19 00:00:00,0.0,9.413,2.5179358,0.0,0.0,0.0
2023-11-19 00:30:00,0.0,9.313,2.75980105,0.0,0.0,0.0
2023-11-19 01:00:00,0.0,9.213,3.0016663,0.0,0.0,0.0
2023-11-19 01:30:00,0.0,9.213,2.9645613500000003,0.0,0.0,0.0
2023-11-19 02:00:00,0.0,9.213,2.9274564,0.0,0.0,0.0
2023-11-19 02:30:00,0.0,9.913,3.6659999,0.0,0.0,0.0
2023-11-19 03:00:00,0.0,10.613,4.4045434,0.0,0.0,0.0
2023-11-19 03:30:00,0.0,10.313,4.3312385,0.0,0.0,0.0
2023-11-19 04:00:00,0.0,10.013,4.2579336,0.0,0.0,0.0
2023-11-19 04:30:00,0.0,9.863,3.9537954,0.0,0.0,0.0
2023-11-19 05:00:00,0.0,9.713,3.6496572,0.0,0.0,0.0
2023-11-19 05:30:00,0.0,9.338,4.0299363,0.0,0.0,0.0
2023-11-19 06:00:00,0.0,8.963,4.4102154,0.0,0.0,0.0
2023-11-19 06:30:00,0.0,9.188,5.2587941,0.0,0.0,0.0
2023-11-19 07:00:00,0.302,9.413,6.1073728,0.0,0.0,0.0
2023-11-19 07:30:00,20.796000000000003,9.538,6.404059200000001,37.797905,24.517560000000003,72.474825
2023-11-19 08:00:00,23.23,9.663,6.7007456,75.59581,49.03512,144.94965
2023-11-19 08:30:00,332.475,10.288,7.20167115,174.660425,71.219465,413.57544
2023-11-19 09:00:00,118.47199999999998,10.913,7.7025967,273.72504,93.40381,682.20123
2023-11-19 09:30:00,642.0930000000001,11.313,8.20847585,347.64362,103.979375,716.258165
2023-11-19 10:00:00,205.734,11.713,8.714355,421.5622,114.55494,750.3151
2023-11-19 10:30:00,256.954,11.963,9.2236445,469.4496,118.865205,759.24822
2023-11-19 11:00:00,813.436,12.213,9.732934,517.337,123.17547,768.18134
2023-11-19 11:30:00,827.2090000000001,12.038,9.1658855,478.30331,147.19945,619.60875
2023-11-19 12:00:00,443.393,11.863,8.598837,439.26962,171.22343,471.03616
2023-11-19 12:30:00,1033.605,11.988,8.30254225,396.75106,183.9015,373.038315
2023-11-19 13:00:00,165.247,12.113,8.0062475,354.2325,196.57957,275.04047
2023-11-19 13:30:00,900.847,12.213,7.63768005,346.422035,191.015835,283.315385
2023-11-19 14:00:00,823.839,12.313,7.2691126,338.61157,185.4521,291.5903
2023-11-19 14:30:00,134.885,12.238,7.1206,279.733205,146.447497,278.133575
2023-11-19 15:00:00,110.484,12.163,6.9720874,220.85484,107.442894,264.67685
2023-11-19 15:30:00,58.819,12.088,6.52742505,179.47303,86.446187,257.79873
2023-11-19 16:00:00,131.082,12.013,6.0827627,138.09122,65.44948,250.92061
2023-11-19 16:30:00,80.965,11.513,5.24194955,75.419658,36.1647025,142.726962
2023-11-19 17:00:00,17.203,11.013,4.4011364,12.748096,6.879925,34.533314
2023-11-19 17:30:00,0.0,10.613,4.16079785,6.374048,3.4399625,17.266657
2023-11-19 18:00:00,0.0,10.213,3.9204593,0.0,0.0,0.0
2023-11-19 18:30:00,0.0,10.213,3.6668345,0.0,0.0,0.0
2023-11-19 19:00:00,0.0,10.213,3.4132097,0.0,0.0,0.0
2023-11-19 19:30:00,0.0,10.088,3.2198793500000003,0.0,0.0,0.0
2023-11-19 20:00:00,0.0,9.963,3.026549,0.0,0.0,0.0
2023-11-19 20:30:00,0.0,9.788,2.7017610000000003,0.0,0.0,0.0
2023-11-19 21:00:00,0.0,9.613,2.376973,0.0,0.0,0.0
2023-11-19 21:30:00,0.0,9.388,2.2192629,0.0,0.0,0.0
2023-11-19 22:00:00,0.0,9.163,2.0615528,0.0,0.0,0.0
2023-11-19 22:30:00,0.0,8.838000000000001,1.94865445,0.0,0.0,0.0
2023-11-19 23:00:00,0.0,8.513,1.8357561,0.0,0.0,0.0
2023-11-19 23:30:00,0.0,8.213000000000001,1.79252085,0.0,0.0,0.0
2023-11-20 00:00:00,0.0,7.913,1.7492856,0.0,0.0,0.0
2023-11-20 00:30:00,0.0,7.563000000000001,1.547324,0.0,0.0,0.0
2023-11-20 01:00:00,0.0,7.213,1.3453624,0.0,0.0,0.0
2023-11-20 01:30:00,0.0,6.863,1.2041885,0.0,0.0,0.0
2023-11-20 02:00:00,0.0,6.513,1.0630146,0.0,0.0,0.0
2023-11-20 02:30:00,0.0,6.263,0.91229595,0.0,0.0,0.0
2023-11-20 03:00:00,0.0,6.013,0.7615773,0.0,0.0,0.0
2023-11-20 03:30:00,0.0,5.813000000000001,0.65004688,0.0,0.0,0.0
2023-11-20 04:00:00,0.0,5.613,0.53851646,0.0,0.0,0.0
2023-11-20 04:30:00,0.0,5.538,0.36925823,0.0,0.0,0.0
2023-11-20 05:00:00,0.0,5.463,0.2,0.0,0.0,0.0
2023-11-20 05:30:00,0.0,5.338,0.4354101999999999,0.0,0.0,0.0
2023-11-20 06:00:00,0.0,5.213,0.6708204,0.0,0.0,0.0
2023-11-20 06:30:00,0.0,5.238,1.11803395,0.0,0.0,0.0
2023-11-20 07:00:00,4.19,5.263,1.5652475,0.0,0.0,0.0
2023-11-20 07:30:00,98.395,6.638,1.4985148,57.277225,26.035103,168.67615
2023-11-20 08:00:00,244.563,8.013,1.4317821,114.55445,52.070206,337.3523
2023-11-20 08:30:00,384.475,9.888,1.1686603,200.39331500000003,67.018345,560.22195
2023-11-20 09:00:00,495.89,11.763,0.9055385,286.23218,81.966484,783.0916
2023-11-20 09:30:00,587.901,12.838,1.2804164999999998,363.30466,86.282452,822.700615
2023-11-20 10:00:00,663.4340000000001,13.913,1.6552945,440.37714,90.59842,862.30963
2023-11-20 10:30:00,721.366,14.638,1.9242329,491.8566,92.452635,871.7270149999999
2023-11-20 11:00:00,753.8969999999999,15.363,2.1931713,543.33606,94.30685,881.1444
2023-11-20 11:30:00,759.359,15.9130005,2.1931713,563.74263,93.538745,874.909635
2023-11-20 12:00:00,780.606,16.463001,2.1931713,584.1492,92.77064,868.67487
2023-11-20 12:30:00,770.8220000000001,16.8630005,2.05183425,573.3396,90.6675275,850.088685
2023-11-20 13:00:00,750.7759999999998,17.263,1.9104972,562.53,88.564415,831.5025
2023-11-20 13:30:00,710.68,17.438000000000002,1.9676715,521.11743,84.8726195,797.230225
2023-11-20 14:00:00,650.506,17.613,2.0248458,479.70486,81.180824,762.95795
2023-11-20 14:30:00,575.097,17.5380005,1.94247665,412.42863,75.10565199999999,705.64081
2023-11-20 15:00:00,481.858,17.463001,1.8601075,345.1524,69.03048,648.32367
2023-11-20 15:30:00,366.749,16.9130005,1.37726737,261.20708,58.197985,550.255485
2023-11-20 16:00:00,212.833,16.363,0.89442724,177.26176,47.36549,452.1873
2023-11-20 16:30:00,81.33,15.538,0.89442724,96.0756415,26.8324515,251.33944
2023-11-20 17:00:00,7.901,14.713,0.89442724,14.889523,6.299413,50.49158
2023-11-20 17:30:00,0.0,13.113,0.97872092,7.4447615,3.1497065,25.24579
2023-11-20 18:00:00,0.0,11.513,1.0630146,0.0,0.0,0.0
2023-11-20 18:30:00,0.0,11.163,1.10159505,0.0,0.0,0.0
2023-11-20 19:00:00,0.0,10.813,1.1401755,0.0,0.0,0.0
2023-11-20 19:30:00,0.0,11.413,0.7700877500000001,0.0,0.0,0.0
2023-11-20 20:00:00,0.0,12.013,0.4,0.0,0.0,0.0
2023-11-20 20:30:00,0.0,10.763,0.64721362,0.0,0.0,0.0
2023-11-20 21:00:00,0.0,9.513,0.89442724,0.0,0.0,0.0
2023-11-20 21:30:00,0.0,9.663,0.8377261199999999,0.0,0.0,0.0
2023-11-20 22:00:00,0.0,9.813,0.781025,0.0,0.0,0.0
2023-11-20 22:30:00,0.0,8.738,0.86221155,0.0,0.0,0.0
2023-11-20 23:00:00,0.0,7.663,0.9433981,0.0,0.0,0.0
2023-11-20 23:30:00,0.0,7.58799975,1.1120115,0.0,0.0,0.0
2023-11-21 00:00:00,0.0,7.5129995,1.2806249,0.0,0.0,0.0
2023-11-21 00:30:00,0.0,7.23799975,1.1502144,0.0,0.0,0.0
2023-11-21 01:00:00,0.0,6.963,1.0198039,0.0,0.0,0.0
2023-11-21 01:30:00,0.0,6.988,0.8140400750000001,0.0,0.0,0.0
2023-11-21 02:00:00,0.0,7.013,0.60827625,0.0,0.0,0.0
2023-11-21 02:30:00,0.0,8.963000000000001,1.110363925,0.0,0.0,0.0
2023-11-21 03:00:00,0.0,10.913,1.6124516,0.0,0.0,0.0
2023-11-21 03:30:00,0.0,10.088,1.7076136,0.0,0.0,0.0
2023-11-21 04:00:00,0.0,9.263,1.8027756,0.0,0.0,0.0
2023-11-21 04:30:00,0.0,9.338,1.6824127999999998,0.0,0.0,0.0
2023-11-21 05:00:00,0.0,9.413,1.56205,0.0,0.0,0.0
2023-11-21 05:30:00,0.0,9.338,1.51926615,0.0,0.0,0.0
2023-11-21 06:00:00,0.0,9.263,1.4764823,0.0,0.0,0.0
2023-11-21 06:30:00,0.0,9.413,1.3882412,0.0,0.0,0.0
2023-11-21 07:00:00,4.292,9.563,1.3000001,0.0,0.0,0.0
2023-11-21 07:30:00,64.339,10.463,1.33007355,54.201957500000006,27.63237,141.758635
2023-11-21 08:00:00,58.38,11.363,1.360147,108.403915,55.26474,283.51727
2023-11-21 08:30:00,356.516,13.088,1.3746957,189.9145425,69.39009,506.786685
2023-11-21 09:00:00,470.962,14.813,1.3892444,271.42517,83.51544,730.0561
2023-11-21 09:30:00,568.371,15.838,1.8347977,342.945685,89.97816,760.4619
2023-11-21 10:00:00,675.182,16.863,2.280351,414.4662,96.44088,790.8677
2023-11-21 10:30:00,517.864,17.4130005,2.87294785,427.58236,119.525675,689.9114
2023-11-21 11:00:00,331.84000000000003,17.963001,3.4655447,440.69852,142.61047,588.9551
2023-11-21 11:30:00,248.049,18.213001,3.6228782,446.22146,161.042275,536.56898
2023-11-21 12:00:00,781.6189999999999,18.463001,3.7802117,451.7444,179.47408,484.18286
2023-11-21 12:30:00,87.17599999999999,18.4880005,3.7907636,412.74925,194.85538,386.314345
2023-11-21 13:00:00,112.751,18.513,3.8013155,373.7541,210.23668,288.44583
2023-11-21 13:30:00,230.334,18.663001,3.8306837,355.674625,192.7455,300.468675
2023-11-21 14:00:00,133.446,18.813002,3.8600519,337.59515,175.25432,312.49152
2023-11-21 14:30:00,291.452,18.713001,4.05252445,282.93457,160.87926,252.809525
2023-11-21 15:00:00,159.574,18.613,4.244997,228.27399,146.5042,193.12753
2023-11-21 15:30:00,121.707,18.213001,4.208762999999999,168.9237,116.222063,138.00884000000002
2023-11-21 16:00:00,114.999,17.813002,4.172529,109.57341,85.939926,82.89015
2023-11-21 16:30:00,141.58,16.988001,3.5180465,60.1792955,47.194159,48.304647
2023-11-21 17:00:00,7.071,16.163,2.863564,10.785181,8.448392,13.719144
2023-11-21 17:30:00,0.0,15.163,2.602252,5.3925905,4.224196,6.859572
2023-11-21 18:00:00,0.0,14.163,2.34094,0.0,0.0,0.0
2023-11-21 18:30:00,0.0,13.838,2.229951,0.0,0.0,0.0
2023-11-21 19:00:00,0.0,13.513,2.118962,0.0,0.0,0.0
2023-11-21 19:30:00,0.0,13.638,2.2615625,0.0,0.0,0.0
2023-11-21 20:00:00,0.0,13.763,2.404163,0.0,0.0,0.0
2023-11-21 20:30:00,0.0,13.688,2.50015695,0.0,0.0,0.0
2023-11-21 21:00:00,0.0,13.613,2.5961509,0.0,0.0,0.0
2023-11-21 21:30:00,0.0,13.738,2.5728303500000003,0.0,0.0,0.0
2023-11-21 22:00:00,0.0,13.863,2.5495098,0.0,0.0,0.0
2023-11-21 22:30:00,0.0,13.863,2.5116866,0.0,0.0,0.0
2023-11-21 23:00:00,0.0,13.863,2.4738634,0.0,0.0,0.0
2023-11-21 23:30:00,0.0,13.913,2.5522262,0.0,0.0,0.0
2023-11-22 00:00:00,0.0,13.963,2.630589,0.0,0.0,0.0
2023-11-22 00:30:00,0.0,13.988,2.6007905,0.0,0.0,0.0
2023-11-22 01:00:00,0.0,14.013,2.570992,0.0,0.0,0.0
2023-11-22 01:30:00,0.0,13.963,2.5602509,0.0,0.0,0.0
2023-11-22 02:00:00,0.0,13.913,2.5495098,0.0,0.0,0.0
2023-11-22 02:30:00,0.0,14.013,2.6032879,0.0,0.0,0.0
2023-11-22 03:00:00,0.0,14.113,2.657066,0.0,0.0,0.0
2023-11-22 03:30:00,0.0,13.938,2.58252665,0.0,0.0,0.0
2023-11-22 04:00:00,0.0,13.763,2.5079873,0.0,0.0,0.0
2023-11-22 04:30:00,0.0,13.813,2.6049192,0.0,0.0,0.0
2023-11-22 05:00:00,0.0,13.863,2.7018511,0.0,0.0,0.0
2023-11-22 05:30:00,0.0,13.713,2.68227825,0.0,0.0,0.0
2023-11-22 06:00:00,0.0,13.563,2.6627054,0.0,0.0,0.0
2023-11-22 06:30:00,0.0,13.413,2.5334342000000003,0.0,0.0,0.0
2023-11-22 07:00:00,0.666,13.263,2.404163,0.0,0.0,0.0
2023-11-22 07:30:00,2.482,13.663,2.6598194,43.950225,28.942833,80.05397
2023-11-22 08:00:00,54.793,14.063,2.9154758,87.90045,57.885666,160.10794
2023-11-22 08:30:00,418.19,15.113,3.2247977,156.51496,77.3718455,332.591905
2023-11-22 09:00:00,261.918,16.163,3.5341196,225.12947,96.858025,505.07587
2023-11-22 09:30:00,27.221000000000004,16.838,4.3598383,285.552175,112.2217275,526.447585
2023-11-22 10:00:00,26.894,17.513,5.185557,345.97488,127.58543,547.8193
2023-11-22 10:30:00,247.407,18.088,5.50568085,378.44049,128.164425,554.5496350000001
2023-11-22 11:00:00,223.794,18.663,5.8258047,410.9061,128.74342,561.27997
2023-11-22 11:30:00,309.573,19.0630005,5.89493185,449.24071,126.593665,605.411885
2023-11-22 12:00:00,780.2099999999999,19.463001,5.964059,487.57532,124.44391,649.5438
2023-11-22 12:30:00,776.4149999999998,19.3880015,5.8390385,468.15958,129.38752,603.58367
2023-11-22 13:00:00,286.441,19.313002,5.714018,448.74384,134.33113,557.62354
2023-11-22 13:30:00,233.90600000000003,19.188002,5.5197145,399.14621,136.33745,483.1702
2023-11-22 14:00:00,499.582,19.063002,5.325411,349.54858,138.34377,408.71686
2023-11-22 14:30:00,684.3380000000001,19.363001,5.1451435,322.907775,113.015995,452.08565
2023-11-22 15:00:00,549.706,19.663,4.964876,296.26697,87.68822,495.45444
2023-11-22 15:30:00,295.09599999999995,19.213,4.57049935,222.82541,72.076942,411.85393
2023-11-22 16:00:00,111.718,18.763,4.1761227,149.38385,56.465664,328.25342
2023-11-22 16:30:00,32.153000000000006,17.9880005,3.4969616,80.09955049999999,30.93664485,179.981763
2023-11-22 17:00:00,7.590999999999999,17.213001,2.8178005,10.815251,5.4076257,31.710106
2023-11-22 17:30:00,0.0,16.4130005,2.52693425,5.4076255,2.70381285,15.855053
2023-11-22 18:00:00,0.0,15.613,2.236068,0.0,0.0,0.0
2023-11-22 18:30:00,0.0,15.263,2.18104865,0.0,0.0,0.0
2023-11-22 19:00:00,0.0,14.913,2.1260293,0.0,0.0,0.0
2023-11-22 19:30:00,0.0,14.763,2.24305705,0.0,0.0,0.0
2023-11-22 20:00:00,0.0,14.613,2.3600848,0.0,0.0,0.0
2023-11-22 20:30:00,0.0,14.638,2.34730425,0.0,0.0,0.0
2023-11-22 21:00:00,0.0,14.663,2.3345237,0.0,0.0,0.0
2023-11-22 21:30:00,0.0,14.638,2.3693434,0.0,0.0,0.0
2023-11-22 22:00:00,0.0,14.613,2.4041631,0.0,0.0,0.0
2023-11-22 22:30:00,0.0,14.438,2.4827064,0.0,0.0,0.0
2023-11-22 23:00:00,0.0,14.263,2.5612497,0.0,0.0,0.0
2023-11-22 23:30:00,0.0,14.213,2.55341705,0.0,0.0,0.0
2023-11-23 00:00:00,0.0,14.163,2.5455844,0.0,0.0,0.0
2023-11-23 00:30:00,0.0,14.013,2.48316405,0.0,0.0,0.0
2023-11-23 01:00:00,0.0,13.863,2.4207437,0.0,0.0,0.0
2023-11-23 01:30:00,0.0,13.838,2.3339821,0.0,0.0,0.0
2023-11-23 02:00:00,0.0,13.813,2.2472205,0.0,0.0,0.0
2023-11-23 02:30:00,0.0,14.388,2.57705435,0.0,0.0,0.0
2023-11-23 03:00:00,0.0,14.963,2.9068882,0.0,0.0,0.0
2023-11-23 03:30:00,0.0,14.863,2.69541835,0.0,0.0,0.0
2023-11-23 04:00:00,0.0,14.763,2.4839485,0.0,0.0,0.0
2023-11-23 04:30:00,0.0,14.638,1.98527765,0.0,0.0,0.0
2023-11-23 05:00:00,0.0,14.513,1.4866068,0.0,0.0,0.0
2023-11-23 05:30:00,0.0,14.113,1.3023204,0.0,0.0,0.0
2023-11-23 06:00:00,0.0,13.713,1.118034,0.0,0.0,0.0
2023-11-23 06:30:00,0.0,13.288,1.25543635,0.0,0.0,0.0
2023-11-23 07:00:00,0.16,12.863,1.3928387,0.0,0.0,0.0
2023-11-23 07:30:00,5.187,14.038,1.34833955,44.041375,25.7803175,98.020415
2023-11-23 08:00:00,24.77,15.213,1.3038404,88.08275,51.560635,196.04083
2023-11-23 08:30:00,38.388000000000005,15.688,1.49007295,149.076545,73.7026175,325.949875
2023-11-23 09:00:00,18.472,16.163,1.6763055,210.07034,95.8446,455.85892
2023-11-23 09:30:00,44.699,16.6880005,1.6381527500000002,264.41397,112.93964,466.6819
2023-11-23 10:00:00,55.962,17.213001,1.6,318.7576,130.03468,477.50488
2023-11-23 10:30:00,276.63800000000003,17.7880005,2.1462910500000003,366.0229000000001,144.99129,492.42229
2023-11-23 11:00:00,817.2140000000002,18.363,2.6925821,413.2882,159.9479,507.3397
2023-11-23 11:30:00,85.00999999999999,18.813,2.9123369500000003,447.95352,143.74494,573.0704499999999
2023-11-23 12:00:00,151.79,19.263,3.1320918,482.61884,127.54198,638.8012
2023-11-23 12:30:00,136.08300000000003,19.388,3.3017014,473.9814,123.15589,628.35983
2023-11-23 13:00:00,140.237,19.513,3.471311,465.34396,118.7698,617.91846
2023-11-23 13:30:00,31.703,18.713,3.4820805,370.08158,144.68952000000002,410.31441
2023-11-23 14:00:00,100.246,17.913,3.49285,274.8192,170.60924,202.71036
2023-11-23 14:30:00,78.75699999999999,17.113001,2.6210678,219.10081,132.53235,183.672875
2023-11-23 15:00:00,57.357,16.313002,1.7492856,163.38242,94.45546,164.63539
2023-11-23 15:30:00,24.863,16.3880015,1.9246428,153.39046000000002,76.47816850000001,233.31812
2023-11-23 16:00:00,16.136,16.463001,2.1,143.3985,58.500877,302.00085
2023-11-23 16:30:00,12.414,16.063,1.9044004,76.0620325,31.550815,163.080304
2023-11-23 17:00:00,1.2140000000000002,15.662999,1.7088008,8.725565,4.600753,24.159758
2023-11-23 17:30:00,0.0,15.1129995,1.5270815999999998,4.3627825,2.3003765,12.079878999999998
2023-11-23 18:00:00,0.0,14.563,1.3453624,0.0,0.0,0.0
2023-11-23 18:30:00,0.0,14.363,1.1726812,0.0,0.0,0.0
2023-11-23 19:00:00,0.0,14.163,1.0,0.0,0.0,0.0
2023-11-23 19:30:00,0.0,14.138,0.97169905,0.0,0.0,0.0
2023-11-23 20:00:00,0.0,14.113,0.9433981,0.0,0.0,0.0
2023-11-23 20:30:00,0.0,13.838,0.91891267,0.0,0.0,0.0
2023-11-23 21:00:00,0.0,13.563,0.89442724,0.0,0.0,0.0
2023-11-23 21:30:00,0.0,13.363,0.87441382,0.0,0.0,0.0
2023-11-23 22:00:00,0.0,13.163,0.8544004,0.0,0.0,0.0
2023-11-23 22:30:00,0.0,12.938,0.8544004,0.0,0.0,0.0
2023-11-23 23:00:00,0.0,12.713,0.8544004,0.0,0.0,0.0
2023-11-23 23:30:00,0.0,12.488,0.87441382,0.0,0.0,0.0
2023-11-24 00:00:00,0.0,12.263,0.89442724,0.0,0.0,0.0
2023-11-24 00:30:00,0.0,11.913,0.95711557,0.0,0.0,0.0
2023-11-24 01:00:00,0.0,11.563,1.0198039,0.0,0.0,0.0
2023-11-24 01:30:00,0.0,11.438,1.0198039,0.0,0.0,0.0
2023-11-24 02:00:00,0.0,11.313,1.0198039,0.0,0.0,0.0
2023-11-24 02:30:00,0.0,12.613,0.91301485,0.0,0.0,0.0
2023-11-24 03:00:00,0.0,13.913,0.8062258,0.0,0.0,0.0
2023-11-24 03:30:00,0.0,13.438,1.04342535,0.0,0.0,0.0
2023-11-24 04:00:00,0.0,12.963,1.2806249,0.0,0.0,0.0
2023-11-24 04:30:00,0.0,13.338,0.852444485,0.0,0.0,0.0
2023-11-24 05:00:00,0.0,13.713,0.42426407,0.0,0.0,0.0
2023-11-24 05:30:00,0.0,13.413,0.392409605,0.0,0.0,0.0
2023-11-24 06:00:00,0.0,13.113,0.36055514,0.0,0.0,0.0
2023-11-24 06:30:00,0.0,13.088,0.43027757,0.0,0.0,0.0
2023-11-24 07:00:00,0.525,13.063,0.5,0.0,0.0,0.0
2023-11-24 07:30:00,35.12,12.963,0.462132035,47.3647425,22.6059,133.7096
2023-11-24 08:00:00,124.295,12.863,0.42426407,94.729485,45.2118,267.4192
2023-11-24 08:30:00,345.354,13.863,0.714625835,177.0960675,63.4350475,493.3185
2023-11-24 09:00:00,0.0,14.863,1.0049876,259.46265,81.658295,719.2178
2023-11-24 09:30:00,532.6880000000001,15.738,1.5572448,333.076905,89.7933825,753.5889500000001
2023-11-24 10:00:00,461.282,16.613,2.109502,406.69116,97.92847,787.9601
2023-11-24 10:30:00,301.288,17.387999999999998,2.4277040000000003,436.42534,132.207,696.0414000000001
2023-11-24 11:00:00,344.747,18.163,2.745906,466.15952,166.48553,604.1227
2023-11-24 11:30:00,813.0490000000001,18.4380005,2.9854045,469.36008,180.20445,554.124765
2023-11-24 12:00:00,530.449,18.713001,3.224903,472.56064,193.92337,504.12683
2023-11-24 12:30:00,255.103,18.8130005,3.3241758,466.547395,196.760315,485.884415
2023-11-24 13:00:00,492.269,18.913,3.4234486,460.53415,199.59726,467.642
2023-11-24 13:30:00,795.449,18.838,3.4581493,420.230375,183.25339,442.047165
2023-11-24 14:00:00,480.18,18.763,3.49285,379.9266,166.90952,416.45233
2023-11-24 14:30:00,582.158,18.463,3.6045154,336.265485,125.13387,459.458725
2023-11-24 15:00:00,0.0,18.163,3.7161808,292.60437,83.35822,502.46512
2023-11-24 15:30:00,0.0,17.588,3.50277875,218.232775,68.029921,414.4462
2023-11-24 16:00:00,42.069,17.013,3.2893767,143.86118,52.701622,326.42728
2023-11-24 16:30:00,63.554,16.188000000000002,2.8795973,76.542824,28.656928,176.705897
2023-11-24 17:00:00,5.77,15.363,2.4698179,9.224468,4.612234,26.984514
2023-11-24 17:30:00,0.0,14.663,2.31194185,4.612234,2.306117,13.492257000000002
2023-11-24 18:00:00,0.0,13.963,2.1540658,0.0,0.0,0.0
2023-11-24 18:30:00,0.0,13.738,1.8832587,0.0,0.0,0.0
2023-11-24 19:00:00,0.0,13.513,1.6124516,0.0,0.0,0.0
2023-11-24 19:30:00,0.0,13.338,1.5495291999999998,0.0,0.0,0.0
2023-11-24 20:00:00,0.0,13.163,1.4866068,0.0,0.0,0.0
2023-11-24 20:30:00,0.0,13.088,1.7141278,0.0,0.0,0.0
2023-11-24 21:00:00,0.0,13.013,1.9416488,0.0,0.0,0.0
2023-11-24 21:30:00,0.0,12.888,2.02557555,0.0,0.0,0.0
2023-11-24 22:00:00,0.0,12.763,2.1095023,0.0,0.0,0.0
2023-11-24 22:30:00,0.0,12.763,2.22094155,0.0,0.0,0.0
2023-11-24 23:00:00,0.0,12.763,2.3323808,0.0,0.0,0.0
2023-11-24 23:30:00,0.0,12.813,2.5115528,0.0,0.0,0.0
2023-11-25 00:00:00,0.0,12.863,2.6907248,0.0,0.0,0.0
2023-11-25 00:30:00,0.0,12.938,2.6181546,0.0,0.0,0.0
2023-11-25 01:00:00,0.0,13.013,2.5455844,0.0,0.0,0.0
2023-11-25 01:30:00,0.0,12.813,2.23326085,0.0,0.0,0.0
2023-11-25 02:00:00,0.0,12.613,1.9209373,0.0,0.0,0.0
2023-11-25 02:30:00,0.0,12.963,1.98638285,0.0,0.0,0.0
2023-11-25 03:00:00,0.0,13.313,2.0518284,0.0,0.0,0.0
2023-11-25 03:30:00,0.0,13.163,2.0383370000000003,0.0,0.0,0.0
2023-11-25 04:00:00,0.0,13.013,2.0248456,0.0,0.0,0.0
2023-11-25 04:30:00,0.0,13.038,2.5165838000000003,0.0,0.0,0.0
2023-11-25 05:00:00,0.0,13.063,3.008322,0.0,0.0,0.0
2023-11-25 05:30:00,0.0,13.613,3.52653585,0.0,0.0,0.0
2023-11-25 06:00:00,0.0,14.163,4.0447497,0.0,0.0,0.0
2023-11-25 06:30:00,0.0,14.213,4.02362435,0.0,0.0,0.0
2023-11-25 07:00:00,0.785,14.263,4.002499,0.0,0.0,0.0
2023-11-25 07:30:00,20.108,14.588,4.153574000000001,37.759255,23.7343885,76.18982
2023-11-25 08:00:00,150.67899999999997,14.913,4.304649,75.51851,47.468777,152.37964
2023-11-25 08:30:00,305.46000000000004,14.863,4.031154,91.93143,66.6757485,122.234665
2023-11-25 09:00:00,185.383,14.813,3.757659,108.34435,85.88272,92.08969
2023-11-25 09:30:00,115.542,15.738,4.01073,216.233775,117.339745,271.673035
2023-11-25 10:00:00,377.454,16.663,4.263801,324.1232,148.79677,451.25638
2023-11-25 10:30:00,660.209,16.988001,5.115187000000001,371.634535,146.405495,504.77324
2023-11-25 11:00:00,737.316,17.313002,5.966573,419.14587,144.01422,558.2901
2023-11-25 11:30:00,737.111,17.113001,5.5837673,397.43182,157.258295,465.82257
2023-11-25 12:00:00,732.101,16.913,5.2009616,375.71777,170.50237,373.35504
2023-11-25 12:30:00,733.3030000000001,16.913,5.6108794500000005,409.393795,167.048695,438.37503
2023-11-25 13:00:00,707.721,16.913,6.0207973,443.06982,163.59502,503.39502
2023-11-25 13:30:00,680.768,15.738,6.27880815,412.87297,145.884235,501.69106
2023-11-25 14:00:00,635.455,14.563,6.536819,382.67612,128.17345,499.9871
2023-11-25 14:30:00,433.019,15.088,6.38168765,335.03435,102.34905,504.4728
2023-11-25 15:00:00,473.63,15.613,6.2265563,287.39258,76.52465,508.9585
2023-11-25 15:30:00,83.97399999999999,15.288,6.04968765,214.444125,63.14849649999999,419.7384
2023-11-25 16:00:00,58.878,14.963,5.872819,141.49567,49.772343,330.5183
2023-11-25 16:30:00,37.739,13.988,6.1539395,74.58270535,27.3265435,173.409288
2023-11-25 17:00:00,10.078,13.013,6.43506,7.6697407,4.880744,16.300276
2023-11-25 17:30:00,0.0,12.888,6.5209372000000005,3.83487035,2.440372,8.150138
2023-11-25 18:00:00,0.0,12.763,6.6068144,0.0,0.0,0.0
2023-11-25 18:30:00,0.0,13.263,6.991225,0.0,0.0,0.0
2023-11-25 19:00:00,0.0,13.763,7.3756356,0.0,0.0,0.0
2023-11-25 19:30:00,0.0,13.588,7.4080328,0.0,0.0,0.0
2023-11-25 20:00:00,0.0,13.413,7.44043,0.0,0.0,0.0
2023-11-25 20:30:00,0.0,13.363,7.673062,0.0,0.0,0.0
2023-11-25 21:00:00,0.0,13.313,7.905694,0.0,0.0,0.0
2023-11-25 21:30:00,0.0,13.463,9.1147265,0.0,0.0,0.0
2023-11-25 22:00:00,0.0,13.613,10.323759,0.0,0.0,0.0
2023-11-25 22:30:00,0.0,13.488,10.238542,0.0,0.0,0.0
2023-11-25 23:00:00,0.0,13.363,10.153325,0.0,0.0,0.0
2023-11-25 23:30:00,0.0,13.388,10.02843,0.0,0.0,0.0
2023-11-26 00:00:00,0.0,13.413,9.903535,0.0,0.0,0.0
2023-11-26 00:30:00,0.0,13.563,9.8336215,0.0,0.0,0.0
2023-11-26 01:00:00,0.0,13.713,9.763708,0.0,0.0,0.0
2023-11-26 01:30:00,0.0,13.538,8.95248025,0.0,0.0,0.0
2023-11-26 02:00:00,0.0,13.363,8.1412525,0.0,0.0,0.0
2023-11-26 02:30:00,0.0,13.788,8.147696,0.0,0.0,0.0
2023-11-26 03:00:00,0.0,14.213,8.1541395,0.0,0.0,0.0
2023-11-26 03:30:00,0.0,13.788,7.8003075,0.0,0.0,0.0
2023-11-26 04:00:00,0.0,13.363,7.4464755,0.0,0.0,0.0
2023-11-26 04:30:00,0.0,13.163,7.30269315,0.0,0.0,0.0
2023-11-26 05:00:00,0.0,12.963,7.1589108,0.0,0.0,0.0
2023-11-26 05:30:00,0.0,12.863,6.3107554,0.0,0.0,0.0
2023-11-26 06:00:00,0.0,12.763,5.4626,0.0,0.0,0.0
2023-11-26 06:30:00,0.0,12.288,4.0551201,0.0,0.0,0.0
2023-11-26 07:00:00,0.0,11.813,2.6476402,0.0,0.0,0.0
2023-11-26 07:30:00,7.619,11.788,1.8646528,35.682022,21.62547,76.79885
2023-11-26 08:00:00,45.363,11.763,1.0816654,71.364044,43.25094,153.5977
2023-11-26 08:30:00,148.887,12.138,1.0816654,119.854122,68.682313,231.027135
2023-11-26 09:00:00,479.883,12.513,1.0816654,168.3442,94.113686,308.45657
2023-11-26 09:30:00,416.961,12.738,1.30404955,250.469235,122.121518,391.030865
2023-11-26 10:00:00,712.17,12.963,1.5264337,332.59427,150.12935,473.60516
2023-11-26 10:30:00,334.80499999999995,13.163,2.04091,378.145935,149.80320999999998,516.82251
2023-11-26 11:00:00,758.008,13.363,2.5553863,423.6976,149.47707,560.03986
2023-11-26 11:30:00,742.7400000000001,13.638,2.558318,434.4931,139.08069999999998,569.59421
2023-11-26 12:00:00,839.6759999999999,13.913,2.5612497,445.2886,128.68433,579.14856
2023-11-26 12:30:00,196.33,14.063,2.44788655,453.46501,130.5692,587.50038
2023-11-26 13:00:00,899.044,14.213,2.3345234,461.64142,132.45407,595.8522
2023-11-26 13:30:00,691.3310000000001,14.238,2.1722493,422.615435,126.62393,557.28315
2023-11-26 14:00:00,690.9100000000001,14.263,2.0099752,383.58945,120.79379,518.7141
2023-11-26 14:30:00,672.635,13.813,1.96675675,331.618135,104.596395,491.29212500000006
2023-11-26 15:00:00,589.435,13.363,1.9235383,279.64682,88.399,463.87015
2023-11-26 15:30:00,409.1700000000001,13.088,1.9325935,210.466085,72.953555,383.779225
2023-11-26 16:00:00,101.986,12.813,1.9416487,141.28535,57.50811,303.6883
2023-11-26 16:30:00,68.872,11.813,1.47082435,75.021125,30.714554900000003,165.962127
2023-11-26 17:00:00,6.916,10.813,1.0,8.7569,3.9209998,28.235954
2023-11-26 17:30:00,0.0,9.963,0.97169905,4.37845,1.9604999000000003,14.117977
2023-11-26 18:00:00,0.0,9.113,0.9433981,0.0,0.0,0.0
2023-11-26 18:30:00,0.0,8.713000000000001,0.94604068,0.0,0.0,0.0
2023-11-26 19:00:00,0.0,8.313,0.94868326,0.0,0.0,0.0
2023-11-26 19:30:00,0.0,8.163,0.99635698,0.0,0.0,0.0
2023-11-26 20:00:00,0.0,8.013,1.0440307,0.0,0.0,0.0
2023-11-26 20:30:00,0.0,7.738000149999999,1.07428335,0.0,0.0,0.0
2023-11-26 21:00:00,0.0,7.4630003,1.104536,0.0,0.0,0.0
2023-11-26 21:30:00,0.0,6.888,1.111285,0.0,0.0,0.0
2023-11-26 22:00:00,0.0,6.3129997,1.118034,0.0,0.0,0.0
2023-11-26 22:30:00,0.0,6.23799985,1.06891895,0.0,0.0,0.0
2023-11-26 23:00:00,0.0,6.163,1.0198039,0.0,0.0,0.0
2023-11-26 23:30:00,0.0,5.913,1.3345231000000002,0.0,0.0,0.0
2023-11-27 00:00:00,0.0,5.663,1.6492423,0.0,0.0,0.0
2023-11-27 00:30:00,0.0,5.438000000000001,1.9482313,0.0,0.0,0.0
2023-11-27 01:00:00,0.0,5.213,2.2472203,0.0,0.0,0.0
2023-11-27 01:30:00,0.0,5.213,2.44364815,0.0,0.0,0.0
2023-11-27 02:00:00,0.0,5.213,2.640076,0.0,0.0,0.0
2023-11-27 02:30:00,0.0,6.038,2.8732604,0.0,0.0,0.0
2023-11-27 03:00:00,0.0,6.863,3.1064448,0.0,0.0,0.0
2023-11-27 03:30:00,0.0,6.738,2.91153025,0.0,0.0,0.0
2023-11-27 04:00:00,0.0,6.613,2.7166157,0.0,0.0,0.0
2023-11-27 04:30:00,0.0,6.21299985,2.5666125,0.0,0.0,0.0
2023-11-27 05:00:00,0.0,5.8129997,2.4166093,0.0,0.0,0.0
2023-11-27 05:30:00,0.0,5.3129997,2.2783513,0.0,0.0,0.0
2023-11-27 06:00:00,0.0,4.8129997,2.1400933,0.0,0.0,0.0
2023-11-27 06:30:00,0.0,4.4379997,1.9920011,0.0,0.0,0.0
2023-11-27 07:00:00,1.02,4.0629997,1.8439089,0.0,0.0,0.0
2023-11-27 07:30:00,63.993,4.53799985,1.79516695,43.35102,23.8430615,107.172065
2023-11-27 08:00:00,235.966,5.013,1.746425,86.70204,47.686123,214.34413
2023-11-27 08:30:00,365.056,7.338,1.2732125,169.68968999999998,71.7187665,437.616115
2023-11-27 09:00:00,471.162,9.663,0.8,252.67734,95.75141,660.8881
2023-11-27 09:30:00,570.496,10.663,0.764005475,324.05408,101.062305,708.7211
2023-11-27 10:00:00,660.194,11.663,0.72801095,395.43082,106.3732,756.5541
2023-11-27 10:30:00,714.284,12.388,1.170231275,447.35246,114.51984,765.2921249999999
2023-11-27 11:00:00,768.1569999999999,13.113,1.6124516,499.2741,122.66648,774.03015
2023-11-27 11:30:00,802.116,13.413,1.76669445,492.78837,131.31587000000002,705.470305
2023-11-27 12:00:00,486.962,13.713,1.9209373,486.30264,139.96526,636.91046
2023-11-27 12:30:00,275.99999999999994,13.813,1.8450589,446.248305,147.422485,546.98784
2023-11-27 13:00:00,782.247,13.913,1.7691805,406.19397,154.87971,457.06522
2023-11-27 13:30:00,727.013,13.813,1.7448228,334.033635,143.830265,356.51426000000004
2023-11-27 14:00:00,682.632,13.713,1.7204651,261.8733,132.78082,255.9633
2023-11-27 14:30:00,506.379,13.613,2.13498745,268.17049999999995,113.1264,348.511315
2023-11-27 15:00:00,513.741,13.513,2.5495098,274.4677,93.47198,441.05933
2023-11-27 15:30:00,361.146,13.113,2.1871692,219.125375,70.4880765,432.46709
2023-11-27 16:00:00,200.91,12.713,1.8248286,163.78305,47.504173,423.87485
2023-11-27 16:30:00,72.95599999999999,11.363,1.53088015,86.24336,25.5908899,226.597751
2023-11-27 17:00:00,6.8580000000000005,10.013,1.2369317,8.70367,3.6776068,29.320652
2023-11-27 17:30:00,0.0,9.088,1.3202492499999998,4.351835,1.8388034,14.660325999999998
2023-11-27 18:00:00,0.0,8.163,1.4035668,0.0,0.0,0.0
2023-11-27 18:30:00,0.0,7.538,1.2017834,0.0,0.0,0.0
2023-11-27 19:00:00,0.0,6.913,1.0,0.0,0.0,0.0
2023-11-27 19:30:00,0.0,6.713,0.65,0.0,0.0,0.0
2023-11-27 20:00:00,0.0,6.513,0.3,0.0,0.0,0.0
2023-11-27 20:30:00,0.0,6.213,0.8208203999999999,0.0,0.0,0.0
2023-11-27 21:00:00,0.0,5.913,1.3416408,0.0,0.0,0.0
2023-11-27 21:30:00,0.0,5.388,1.28928625,0.0,0.0,0.0
2023-11-27 22:00:00,0.0,4.863,1.2369317,0.0,0.0,0.0
2023-11-27 22:30:00,0.0,4.46299985,1.03077642,0.0,0.0,0.0
2023-11-27 23:00:00,0.0,4.0629997,0.82462114,0.0,0.0,0.0
2023-11-27 23:30:00,0.0,3.71299985,0.99540577,0.0,0.0,0.0
2023-11-28 00:00:00,0.0,3.363,1.1661904,0.0,0.0,0.0
2023-11-28 00:30:00,0.0,3.513,1.3641202,0.0,0.0,0.0
2023-11-28 01:00:00,0.0,3.663,1.56205,0.0,0.0,0.0
2023-11-28 01:30:00,0.0,4.038,1.9212005,0.0,0.0,0.0
2023-11-28 02:00:00,0.0,4.413,2.280351,0.0,0.0,0.0
2023-11-28 02:30:00,0.0,4.938000000000001,1.96023645,0.0,0.0,0.0
2023-11-28 03:00:00,0.0,5.463,1.6401219,0.0,0.0,0.0
2023-11-28 03:30:00,0.0,5.588,2.16542335,0.0,0.0,0.0
2023-11-28 04:00:00,0.0,5.713,2.6907248,0.0,0.0,0.0
2023-11-28 04:30:00,0.0,6.063000000000001,2.55573425,0.0,0.0,0.0
2023-11-28 05:00:00,0.0,6.413,2.4207437,0.0,0.0,0.0
2023-11-28 05:30:00,0.0,6.438000000000001,2.1323263,0.0,0.0,0.0
2023-11-28 06:00:00,0.0,6.463,1.8439089,0.0,0.0,0.0
2023-11-28 06:30:00,0.0,6.788,2.3084969,0.0,0.0,0.0
2023-11-28 07:00:00,0.615,7.113,2.7730849,0.0,0.0,0.0
2023-11-28 07:30:00,12.638,7.913,2.89070345,32.59029,20.640518,65.996115
2023-11-28 08:00:00,28.599,8.713,3.008322,65.18058,41.281036,131.99223
2023-11-28 08:30:00,299.708,10.588,3.7250842,105.307995,70.67564,162.804865
2023-11-28 09:00:00,97.149,12.463,4.4418464,145.43541,100.070244,193.6175
2023-11-28 09:30:00,46.19,13.013,5.20504785,169.379405,117.177382,174.707585
2023-11-28 10:00:00,69.48599999999999,13.563,5.9682493,193.3234,134.28452,155.79767
2023-11-28 10:30:00,100.867,13.038,6.20437315,200.02247,152.7379,114.63825
2023-11-28 11:00:00,134.029,12.513,6.440497,206.72154,171.19128,73.47883
2023-11-28 11:30:00,159.691,12.463,6.485597,255.63758,183.195875,137.810275
2023-11-28 12:00:00,762.739,12.413,6.530697,304.55362,195.20047,202.14172
2023-11-28 12:30:00,157.376,12.888,6.597765,235.08869,180.412115,101.07086
2023-11-28 13:00:00,120.724,13.363,6.664833,165.62376,165.62376,0.0
2023-11-28 13:30:00,226.327,13.838,7.0215897,193.00385,155.19740000000002,75.28863
2023-11-28 14:00:00,76.349,14.313,7.3783464,220.38394,144.77104,150.57726
2023-11-28 14:30:00,67.434,14.013,6.9575827,154.79275,109.765225,92.963473
2023-11-28 15:00:00,11.525,13.713,6.536819,89.20156,74.75941,35.349686
2023-11-28 15:30:00,22.642000000000003,13.738,6.31020165,69.386465,61.4572275,20.26990765
2023-11-28 16:00:00,43.907,13.763,6.0835843,49.57137,48.155045,5.1901293
2023-11-28 16:30:00,67.812,13.663,6.09670615,25.5918367,24.8836742,2.59506465
2023-11-28 17:00:00,11.07,13.563,6.109828,1.6123034,1.6123034,0.0
2023-11-28 17:30:00,0.0,13.338,6.253742,0.8061517,0.8061517,0.0
2023-11-28 18:00:00,0.0,13.113,6.397656,0.0,0.0,0.0
2023-11-28 18:30:00,0.0,13.038,6.5312445,0.0,0.0,0.0
2023-11-28 19:00:00,0.0,12.963,6.664833,0.0,0.0,0.0
2023-11-28 19:30:00,0.0,13.038,6.8488065,0.0,0.0,0.0
2023-11-28 20:00:00,0.0,13.113,7.03278,0.0,0.0,0.0
2023-11-28 20:30:00,0.0,13.213,6.903498,0.0,0.0,0.0
2023-11-28 21:00:00,0.0,13.313,6.774216,0.0,0.0,0.0
2023-11-28 21:30:00,0.0,13.288,6.519599,0.0,0.0,0.0
2023-11-28 22:00:00,0.0,13.263,6.264982,0.0,0.0,0.0
2023-11-28 22:30:00,0.0,13.438,6.03937925,0.0,0.0,0.0
2023-11-28 23:00:00,0.0,13.613,5.8137765,0.0,0.0,0.0
2023-11-28 23:30:00,0.0,13.788,5.704208400000001,0.0,0.0,0.0
2023-11-29 00:00:00,0.0,13.963,5.5946403,0.0,0.0,0.0
2023-11-29 00:30:00,0.0,13.738,5.3958774,0.0,0.0,0.0
2023-11-29 01:00:00,0.0,13.513,5.1971145,0.0,0.0,0.0
2023-11-29 01:30:00,0.0,13.513,5.10455025,0.0,0.0,0.0
2023-11-29 02:00:00,0.0,13.513,5.011986,0.0,0.0,0.0
2023-11-29 02:30:00,0.0,13.863,4.86448825,0.0,0.0,0.0
2023-11-29 03:00:00,0.0,14.213,4.7169905,0.0,0.0,0.0
2023-11-29 03:30:00,0.0,14.063,4.57321875,0.0,0.0,0.0
2023-11-29 04:00:00,0.0,13.913,4.429447,0.0,0.0,0.0
2023-11-29 04:30:00,0.0,13.738,4.1460443,0.0,0.0,0.0
2023-11-29 05:00:00,0.0,13.563,3.8626416,0.0,0.0,0.0
2023-11-29 05:30:00,0.0,13.438,3.9394293,0.0,0.0,0.0
2023-11-29 06:00:00,0.0,13.313,4.016217,0.0,0.0,0.0
2023-11-29 06:30:00,0.0,13.213,3.93229665,0.0,0.0,0.0
2023-11-29 07:00:00,2.1100000000000003,13.113,3.8483763,0.0,0.0,0.0
2023-11-29 07:30:00,10.352,13.363,3.93975265,27.2243825,17.423605,54.40089
2023-11-29 08:00:00,135.64600000000002,13.613,4.031129,54.448765,34.84721,108.80178
2023-11-29 08:30:00,69.28699999999999,14.313,4.6923163500000005,113.5707625,71.64110500000001,193.35174
2023-11-29 09:00:00,95.079,15.013,5.3535037,172.69276,108.435,277.9017
2023-11-29 09:30:00,98.731,15.438,5.7283907,226.588355,111.009705,360.95288
2023-11-29 10:00:00,143.969,15.863,6.1032777,280.48395,113.58441,444.00406
2023-11-29 10:30:00,146.93200000000002,16.0380005,6.34177565,317.463,120.35476,458.48483
2023-11-29 11:00:00,215.285,16.213001,6.5802736,354.44205,127.12511,472.9656
2023-11-29 11:30:00,117.22,16.5130015,6.8047493,382.20145,144.83908000000002,466.30335
2023-11-29 12:00:00,145.409,16.813002,7.029225,409.96085,162.55305,459.6411
2023-11-29 12:30:00,165.38,16.938002,7.0565045,429.101655,143.153475,527.572075
2023-11-29 13:00:00,162.459,17.063002,7.083784,448.24246,123.7539,595.50305
2023-11-29 13:30:00,128.306,16.938002,6.801493,413.161515,128.27158,543.006165
2023-11-29 14:00:00,420.982,16.813002,6.519202,378.08057,132.78926,490.50928
2023-11-29 14:30:00,198.76,16.8880015,6.307551,308.80176500000005,117.356965,414.35834
2023-11-29 15:00:00,289.048,16.963001,6.0959,239.52296,101.92467,338.2074
2023-11-29 15:30:00,239.979,16.5630005,5.558926,182.367295,82.7958,282.419625
2023-11-29 16:00:00,249.535,16.163,5.021952,125.21163,63.66693,226.63185
2023-11-29 16:30:00,96.935,15.613,4.3446881,65.64342529999999,33.51499915,121.2159965
2023-11-29 17:00:00,17.864,15.063,3.6674242,6.0752206,3.3630683,15.800143
2023-11-29 17:30:00,0.0,14.638,3.3674983000000003,3.0376103,1.68153415,7.900071499999999
2023-11-29 18:00:00,0.0,14.213,3.0675724,0.0,0.0,0.0
2023-11-29 18:30:00,0.0,13.838,2.65739645,0.0,0.0,0.0
2023-11-29 19:00:00,0.0,13.463,2.2472205,0.0,0.0,0.0
2023-11-29 19:30:00,0.0,12.888,1.9557761,0.0,0.0,0.0
2023-11-29 20:00:00,0.0,12.313,1.6643317,0.0,0.0,0.0
2023-11-29 20:30:00,0.0,12.288,1.8761965,0.0,0.0,0.0
2023-11-29 21:00:00,0.0,12.263,2.0880613,0.0,0.0,0.0
2023-11-29 21:30:00,0.0,12.138,2.0880613,0.0,0.0,0.0
2023-11-29 22:00:00,0.0,12.013,2.0880613,0.0,0.0,0.0
2023-11-29 22:30:00,0.0,12.013,1.9927139,0.0,0.0,0.0
2023-11-29 23:00:00,0.0,12.013,1.8973665,0.0,0.0,0.0
2023-11-29 23:30:00,0.0,12.038,1.88276025,0.0,0.0,0.0
2023-11-30 00:00:00,0.0,12.063,1.868154,0.0,0.0,0.0
2023-11-30 00:30:00,0.0,12.288,2.104547,0.0,0.0,0.0
2023-11-30 01:00:00,0.0,12.513,2.34094,0.0,0.0,0.0
2023-11-30 01:30:00,0.0,12.363,2.15662415,0.0,0.0,0.0
2023-11-30 02:00:00,0.0,12.213,1.9723083,0.0,0.0,0.0
2023-11-30 02:30:00,0.0,12.588,2.17464065,0.0,0.0,0.0
2023-11-30 03:00:00,0.0,12.963,2.376973,0.0,0.0,0.0
2023-11-30 03:30:00,0.0,12.838,2.262032,0.0,0.0,0.0
2023-11-30 04:00:00,0.0,12.713,2.147091,0.0,0.0,0.0
2023-11-30 04:30:00,0.0,12.738,2.1971557500000003,0.0,0.0,0.0
2023-11-30 05:00:00,0.0,12.763,2.2472205,0.0,0.0,0.0
2023-11-30 05:30:00,0.0,12.738,2.1360331500000003,0.0,0.0,0.0
2023-11-30 06:00:00,0.0,12.713,2.0248458,0.0,0.0,0.0
2023-11-30 06:30:00,0.0,12.388,1.7230564,0.0,0.0,0.0
2023-11-30 07:00:00,0.285,12.063,1.421267,0.0,0.0,0.0
2023-11-30 07:30:00,17.695,12.313,1.4539369,34.9334,19.650038,85.239175
2023-11-30 08:00:00,142.276,12.563,1.4866068,69.8668,39.300076,170.47835
2023-11-30 08:30:00,278.422,13.688,1.2841361,155.14719000000002,58.60199299999999,441.31071
2023-11-30 09:00:00,404.246,14.813,1.0816654,240.42758,77.90391,712.14307
2023-11-30 09:30:00,482.518,15.913,1.26884365,308.20286500000003,85.36901,735.694735
2023-11-30 10:00:00,571.503,17.013,1.4560219,375.97815,92.83411,759.2464
2023-11-30 10:30:00,633.68,17.813000000000002,1.80155645,430.536975,94.38764,786.8697199999999
2023-11-30 11:00:00,683.6179999999999,18.613,2.147091,485.0958,95.94117,814.49304
2023-11-30 11:30:00,723.479,19.138,2.4627899500000003,504.87225,98.59458,802.4658199999999
2023-11-30 12:00:00,769.4770000000001,19.663,2.7784889,524.6487,101.24799,790.4386
2023-11-30 12:30:00,280.452,19.8130005,3.08924445,506.9575,102.766915,749.9857199999999
2023-11-30 13:00:00,678.6410000000001,19.963001,3.4,489.2663,104.28584,709.53284
2023-11-30 13:30:00,133.28799999999998,19.8630005,3.2008330000000003,440.602115,95.947745,660.25142
2023-11-30 14:00:00,140.017,19.763,3.001666,391.93793,87.60965,610.97
2023-11-30 14:30:00,98.433,19.438,2.4560816,331.4236,87.965585,530.76088
2023-11-30 15:00:00,63.321,19.113,1.9104972,270.90927,88.32152,450.55176
2023-11-30 15:30:00,108.942,18.488,1.308801985,201.890615,69.9577115,375.59648
2023-11-30 16:00:00,57.753,17.863,0.70710677,132.87196,51.593903,300.6412
2023-11-30 16:30:00,27.993,16.788,0.875568735,69.41133635,27.28462965,158.9832575
2023-11-30 17:00:00,5.236,15.713,1.0440307,5.9507127,2.9753563,17.325315
2023-11-30 17:30:00,0.0,14.638,1.22201535,2.97535635,1.48767815,8.6626575
2023-11-30 18:00:00,0.0,13.563,1.4,0.0,0.0,0.0
2023-11-30 18:30:00,0.0,13.113,1.2408327,0.0,0.0,0.0
2023-11-30 19:00:00,0.0,12.663,1.0816654,0.0,0.0,0.0
2023-11-30 19:30:00,0.0,12.288,0.8762429,0.0,0.0,0.0
2023-11-30 20:00:00,0.0,11.913,0.6708204,0.0,0.0,0.0
2023-11-30 20:30:00,0.0,11.563,0.65163795,0.0,0.0,0.0
2023-11-30 21:00:00,0.0,11.213,0.6324555,0.0,0.0,0.0
2023-11-30 21:30:00,0.0,10.888,0.620365875,0.0,0.0,0.0
2023-11-30 22:00:00,0.0,10.563,0.60827625,0.0,0.0,0.0
2023-11-30 22:30:00,0.0,10.288,0.863155125,0.0,0.0,0.0
2023-11-30 23:00:00,0.0,10.013,1.118034,0.0,0.0,0.0
2023-11-30 23:30:00,0.0,9.438,1.359017,0.0,0.0,0.0
2023-12-01 00:00:00,0.0,8.863,1.6,0.0,0.0,0.0
2023-12-01 00:30:00,0.0,8.613,1.352268,0.0,0.0,0.0
2023-12-01 01:00:00,0.0,8.363,1.104536,0.0,0.0,0.0
2023-12-01 01:30:00,0.0,8.238,1.06216995,0.0,0.0,0.0
2023-12-01 02:00:00,0.0,8.113,1.0198039,0.0,0.0,0.0
2023-12-01 02:30:00,0.0,9.013,1.1618222,0.0,0.0,0.0
2023-12-01 03:00:00,0.0,9.913,1.3038405,0.0,0.0,0.0
2023-12-01 03:30:00,0.0,9.788,1.6443919,0.0,0.0,0.0
2023-12-01 04:00:00,0.0,9.663,1.9849433,0.0,0.0,0.0
2023-12-01 04:30:00,0.0,9.713,1.94772025,0.0,0.0,0.0
2023-12-01 05:00:00,0.0,9.763,1.9104972,0.0,0.0,0.0
2023-12-01 05:30:00,0.0,9.588,1.60524865,0.0,0.0,0.0
2023-12-01 06:00:00,0.0,9.413,1.3000001,0.0,0.0,0.0
2023-12-01 06:30:00,0.0,9.088,1.110977275,0.0,0.0,0.0
2023-12-01 07:00:00,0.599,8.763,0.92195445,0.0,0.0,0.0
2023-12-01 07:30:00,30.544,9.063,1.013245225,35.021125,18.604973,91.9724
2023-12-01 08:00:00,172.554,9.363,1.104536,70.04225,37.209946,183.9448
2023-12-01 08:30:00,325.016,11.438,1.16054425,154.28972,58.361168,444.91222
2023-12-01 09:00:00,446.273,13.513,1.2165525,238.53719,79.51239,705.87964
2023-12-01 09:30:00,540.036,14.813,1.6594660499999998,311.550445,84.486415,751.67804
2023-12-01 10:00:00,616.628,16.113,2.1023796,384.5637,89.46044,797.47644
2023-12-01 10:30:00,674.2239999999999,17.0380005,2.8316392,435.51765,92.730185,809.71702
2023-12-01 11:00:00,718.691,17.963001,3.5608988,486.4716,95.99993,821.9576
2023-12-01 11:30:00,744.734,18.2880005,3.5922164,494.91169,106.31511,773.6567
2023-12-01 12:00:00,199.988,18.613,3.623534,503.35178,116.63029,725.3558
2023-12-01 12:30:00,735.6999999999999,18.613,3.54742245,481.73789,119.24258,675.6705750000001
2023-12-01 13:00:00,731.789,18.613,3.4713109,460.124,121.85487,625.98535
2023-12-01 13:30:00,684.271,18.638,3.400738,404.835285,129.637775,526.720225
2023-12-01 14:00:00,664.1,18.663,3.3301651,349.54657,137.42068,427.4551
2023-12-01 14:30:00,554.029,18.513,3.054327,306.39296,120.93363,410.361965
2023-12-01 15:00:00,458.845,18.363,2.7784889,263.23935,104.44658,393.26883
2023-12-01 15:30:00,323.566,17.738,2.64224095,208.952445,76.58841000000001,393.35875
2023-12-01 16:00:00,184.472,17.113,2.505993,154.66554,48.73024,393.44867
2023-12-01 16:30:00,70.17,16.038,2.4383234500000004,80.552015,25.7796368,207.229934
2023-12-01 17:00:00,6.561000000000001,14.963,2.3706539,6.43849,2.8290336,21.011198
2023-12-01 17:30:00,0.0,14.063,2.2864627000000004,3.219245,1.4145168,10.505599
2023-12-01 18:00:00,0.0,13.163,2.2022715,0.0,0.0,0.0
2023-12-01 18:30:00,0.0,12.813,2.25222225,0.0,0.0,0.0
2023-12-01 19:00:00,0.0,12.463,2.302173,0.0,0.0,0.0
2023-12-01 19:30:00,0.0,12.288,2.2846649,0.0,0.0,0.0
2023-12-01 20:00:00,0.0,12.113,2.2671568,0.0,0.0,0.0
2023-12-01 20:30:00,0.0,11.963,2.27484965,0.0,0.0,0.0
2023-12-01 21:00:00,0.0,11.813,2.2825425,0.0,0.0,0.0
2023-12-01 21:30:00,0.0,11.713,2.4383835,0.0,0.0,0.0
2023-12-01 22:00:00,0.0,11.613,2.5942245,0.0,0.0,0.0
2023-12-01 22:30:00,0.0,11.613,2.66184665,0.0,0.0,0.0
2023-12-01 23:00:00,0.0,11.613,2.7294688,0.0,0.0,0.0
2023-12-01 23:30:00,0.0,11.563,2.646335,0.0,0.0,0.0
2023-12-02 00:00:00,0.0,11.513,2.5632012,0.0,0.0,0.0
2023-12-02 00:30:00,0.0,11.488,2.4991802,0.0,0.0,0.0
2023-12-02 01:00:00,0.0,11.463,2.4351592,0.0,0.0,0.0
2023-12-02 01:30:00,0.0,11.513,2.4824906,0.0,0.0,0.0
2023-12-02 02:00:00,0.0,11.563,2.529822,0.0,0.0,0.0
2023-12-02 02:30:00,0.0,11.438,2.4824906,0.0,0.0,0.0
2023-12-02 03:00:00,0.0,11.313,2.4351592,0.0,0.0,0.0
2023-12-02 03:30:00,0.0,11.488,2.551746,0.0,0.0,0.0
2023-12-02 04:00:00,0.0,11.663,2.6683328,0.0,0.0,0.0
2023-12-02 04:30:00,0.0,11.763,2.74217925,0.0,0.0,0.0
2023-12-02 05:00:00,0.0,11.863,2.8160257,0.0,0.0,0.0
2023-12-02 05:30:00,0.0,11.863,2.84763095,0.0,0.0,0.0
2023-12-02 06:00:00,0.0,11.863,2.8792362,0.0,0.0,0.0
2023-12-02 06:30:00,0.0,11.738,2.85117745,0.0,0.0,0.0
2023-12-02 07:00:00,7.285000000000001,11.613,2.8231187,0.0,0.0,0.0
2023-12-02 07:30:00,32.373,11.788,2.96236565,35.110508,18.652458,92.598915
2023-12-02 08:00:00,62.811,11.963,3.1016126,70.221016,37.304916,185.19783
2023-12-02 08:30:00,74.741,12.913,3.09109845,156.130308,57.865578,460.375615
2023-12-02 09:00:00,466.932,13.863,3.0805843,242.0396,78.42624,735.5534
2023-12-02 09:30:00,496.033,14.8879995,3.42509985,316.440485,84.578635,776.3614150000001
2023-12-02 10:00:00,507.479,15.912999,3.7696154,390.84137,90.73103,817.16943
2023-12-02 10:30:00,716.641,16.537999499999998,4.0995312,415.060425,126.313825,702.164115
2023-12-02 11:00:00,418.638,17.163,4.429447,439.27948,161.89662,587.1588
2023-12-02 11:30:00,519.64,17.538,4.521777999999999,450.93794,177.15198500000002,548.1141600000001
2023-12-02 12:00:00,701.7460000000001,17.913,4.614109,462.5964,192.40735,509.06952
2023-12-02 12:30:00,684.1139999999999,18.012999999999998,4.7483656,447.76035,197.121835,469.18515
2023-12-02 13:00:00,382.939,18.113,4.8826222,432.9243,201.83632,429.30078
2023-12-02 13:30:00,318.551,18.012999999999998,4.8713319,389.409475,202.380595,359.20514000000003
2023-12-02 14:00:00,491.732,17.913,4.8600416,345.89465,202.92487,289.1095
2023-12-02 14:30:00,208.549,17.588,4.712563299999999,290.12526,181.703845,236.341175
2023-12-02 15:00:00,145.0,17.263,4.565085,234.35587,160.48282,183.57285
2023-12-02 15:30:00,126.706,16.713,4.22805015,164.11475000000002,117.296788,128.62115699999998
2023-12-02 16:00:00,79.88,16.163,3.8910153,93.87363,74.110756,73.669464
2023-12-02 16:30:00,27.014000000000003,15.413,3.71256745,49.3182642,39.0632665,39.009020250000006
2023-12-02 17:00:00,1.525,14.663,3.5341196,4.7628984,4.015777,4.3485765
2023-12-02 17:30:00,0.0,14.088,3.4478334,2.3814492,2.0078885,2.17428825
2023-12-02 18:00:00,0.0,13.513,3.3615472,0.0,0.0,0.0
2023-12-02 18:30:00,0.0,13.438,3.2697985000000003,0.0,0.0,0.0
2023-12-02 19:00:00,0.0,13.363,3.1780498,0.0,0.0,0.0
2023-12-02 19:30:00,0.0,13.188,3.22380315,0.0,0.0,0.0
2023-12-02 20:00:00,0.0,13.013,3.2695565,0.0,0.0,0.0
2023-12-02 20:30:00,0.0,12.838,3.2040138,0.0,0.0,0.0
2023-12-02 21:00:00,0.0,12.663,3.1384711,0.0,0.0,0.0
2023-12-02 21:30:00,0.0,12.588,3.15826045,0.0,0.0,0.0
2023-12-02 22:00:00,0.0,12.513,3.1780498,0.0,0.0,0.0
2023-12-02 22:30:00,0.0,12.463,3.13255975,0.0,0.0,0.0
2023-12-02 23:00:00,0.0,12.413,3.0870697,0.0,0.0,0.0
2023-12-02 23:30:00,0.0,12.388,3.0870697,0.0,0.0,0.0
2023-12-03 00:00:00,0.0,12.363,3.0870697,0.0,0.0,0.0
2023-12-03 00:30:00,0.0,12.388,3.1127704,0.0,0.0,0.0
2023-12-03 01:00:00,0.0,12.413,3.1384711,0.0,0.0,0.0
2023-12-03 01:30:00,0.0,12.488,3.2040138,0.0,0.0,0.0
2023-12-03 02:00:00,0.0,12.563,3.2695565,0.0,0.0,0.0
2023-12-03 02:30:00,0.0,12.413,3.3347782500000003,0.0,0.0,0.0
2023-12-03 03:00:00,0.0,12.263,3.4,0.0,0.0,0.0
2023-12-03 03:30:00,0.0,12.313,3.4442764,0.0,0.0,0.0
2023-12-03 04:00:00,0.0,12.363,3.4885528,0.0,0.0,0.0
2023-12-03 04:30:00,0.0,12.488,3.5779885,0.0,0.0,0.0
2023-12-03 05:00:00,0.0,12.613,3.6674242,0.0,0.0,0.0
2023-12-03 05:30:00,0.0,12.638,3.5779885,0.0,0.0,0.0
2023-12-03 06:00:00,0.0,12.663,3.4885528,0.0,0.0,0.0
2023-12-03 06:30:00,0.0,12.663,3.3821104,0.0,0.0,0.0
2023-12-03 07:00:00,0.0,12.663,3.275668,0.0,0.0,0.0
2023-12-03 07:30:00,23.021,12.863,3.1821785,23.1006985,22.000665,6.2136725
2023-12-03 08:00:00,57.678,13.063,3.088689,46.201397,44.00133,12.427345
2023-12-03 08:30:00,130.5,13.913,3.0485054,103.8234385,89.156555,67.9731675
2023-12-03 09:00:00,393.859,14.763,3.0083218,161.44548,134.31178,123.51899
2023-12-03 09:30:00,171.00099999999998,15.638000000000002,3.3069365,214.06974,167.89402,151.205965
2023-12-03 10:00:00,189.964,16.513,3.6055512,266.694,201.47626,178.89294
2023-12-03 10:30:00,207.507,17.063000000000002,4.0174991,321.801515,219.53467,237.69067
2023-12-03 11:00:00,393.541,17.613,4.429447,376.90903,237.59308,296.4884
2023-12-03 11:30:00,538.742,17.863,4.627709299999999,392.706115,242.16655,301.2932
2023-12-03 12:00:00,375.501,18.113,4.8259716,408.5032,246.74002,306.098
2023-12-03 12:30:00,361.735,18.238,4.8833096000000005,419.788525,227.72499,360.35455
2023-12-03 13:00:00,410.6,18.363,4.9406476,431.07385,208.70996,414.6111
2023-12-03 13:30:00,409.386,18.1630005,4.9406476,390.813125,202.6019,363.58195
2023-12-03 14:00:00,222.173,17.963001,4.9406476,350.5524,196.49384,312.5528
2023-12-03 14:30:00,234.724,17.6380015,5.0359621,309.86069,165.751435,323.4827
2023-12-03 15:00:00,151.26999999999998,17.313002,5.1312766,269.16898,135.00903,334.4126
2023-12-03 15:30:00,107.226,16.7630015,4.8818853,194.553495,109.482817,234.48714
2023-12-03 16:00:00,78.36,16.213001,4.632494,119.93801,83.956604,134.56168
2023-12-03 16:30:00,35.405,15.5130005,4.1547246,62.087559850000005,43.8264029,68.85510144999999
2023-12-03 17:00:00,9.095,14.813,3.6769552,4.2371097,3.6962018,3.1485229
2023-12-03 17:30:00,0.0,14.188,3.5777303,2.11855485,1.8481009,1.5742614500000005
2023-12-03 18:00:00,0.0,13.563,3.4785054,0.0,0.0,0.0
2023-12-03 18:30:00,0.0,13.213,3.2599434,0.0,0.0,0.0
2023-12-03 19:00:00,0.0,12.863,3.0413814,0.0,0.0,0.0
2023-12-03 19:30:00,0.0,12.638,3.0206907000000003,0.0,0.0,0.0
2023-12-03 20:00:00,0.0,12.413,3.0,0.0,0.0,0.0
2023-12-03 20:30:00,0.0,12.288,2.930035,0.0,0.0,0.0
2023-12-03 21:00:00,0.0,12.163,2.86007,0.0,0.0,0.0
2023-12-03 21:30:00,0.0,12.138,2.75007285,0.0,0.0,0.0
2023-12-03 22:00:00,0.0,12.113,2.6400757,0.0,0.0,0.0
2023-12-03 22:30:00,0.0,12.088,2.62866305,0.0,0.0,0.0
2023-12-03 23:00:00,0.0,12.063,2.6172504,0.0,0.0,0.0
2023-12-03 23:30:00,0.0,12.088,2.6210657,0.0,0.0,0.0
2023-12-04 00:00:00,0.0,12.113,2.624881,0.0,0.0,0.0
2023-12-04 00:30:00,0.0,12.088,2.55038235,0.0,0.0,0.0
2023-12-04 01:00:00,0.0,12.063,2.4758837,0.0,0.0,0.0
2023-12-04 01:30:00,0.0,12.038,2.4758837,0.0,0.0,0.0
2023-12-04 02:00:00,0.0,12.013,2.4758837,0.0,0.0,0.0
2023-12-04 02:30:00,0.0,12.238,2.62087345,0.0,0.0,0.0
2023-12-04 03:00:00,0.0,12.463,2.7658632,0.0,0.0,0.0
2023-12-04 03:30:00,0.0,12.288,2.7658632,0.0,0.0,0.0
2023-12-04 04:00:00,0.0,12.113,2.7658632,0.0,0.0,0.0
2023-12-04 04:30:00,0.0,11.938,2.66062475,0.0,0.0,0.0
2023-12-04 05:00:00,0.0,11.763,2.5553863,0.0,0.0,0.0
2023-12-04 05:30:00,0.0,11.513,2.33717415,0.0,0.0,0.0
2023-12-04 06:00:00,0.0,11.263,2.118962,0.0,0.0,0.0
2023-12-04 06:30:00,0.0,10.938,1.9326935,0.0,0.0,0.0
2023-12-04 07:00:00,0.0,10.613,1.746425,0.0,0.0,0.0
2023-12-04 07:30:00,8.656,10.713,1.6347898,31.984205,16.543555,87.540895
2023-12-04 08:00:00,46.061,10.813,1.5231546,63.96841,33.08711,175.08179
2023-12-04 08:30:00,181.81500000000003,12.388,1.57551835,149.72704,56.018035,448.229995
2023-12-04 09:00:00,445.63200000000006,13.963,1.6278821,235.48567,78.94896,721.3782
2023-12-04 09:30:00,538.024,15.113,1.9375513,313.626735,82.615578,782.66665
2023-12-04 10:00:00,612.106,16.263,2.2472205,391.7678,86.282196,843.9551
2023-12-04 10:30:00,663.2249999999999,16.813000000000002,2.4236103,443.887,86.366038,860.03775
2023-12-04 11:00:00,704.5919999999999,17.363,2.6000001,496.0062,86.44988,876.1204
2023-12-04 11:30:00,718.0330000000001,17.688000000000002,2.52576515,517.8787,86.75326799999999,868.13175
2023-12-04 12:00:00,733.971,18.013,2.4515302,539.7512,87.056656,860.1431
2023-12-04 12:30:00,718.213,18.2380005,2.3359453500000003,528.87535,87.42659,832.5297499999999
2023-12-04 13:00:00,707.5529999999999,18.463001,2.2203605,517.9995,87.796524,804.9164
2023-12-04 13:30:00,686.4699999999999,18.6130005,2.22821425,480.435235,84.03344200000001,771.394785
2023-12-04 14:00:00,628.9019999999999,18.763,2.236068,442.87097,80.27036,737.87317
2023-12-04 14:30:00,561.0690000000001,18.388,2.72815825,378.104795,74.1014275,675.643065
2023-12-04 15:00:00,294.788,18.013,3.2202485,313.33862,67.932495,613.41296
2023-12-04 15:30:00,67.649,17.6130005,2.33123455,234.256745,56.5371375,513.030045
2023-12-04 16:00:00,45.361,17.213001,1.4422206,155.17487,45.14178,412.64713
2023-12-04 16:30:00,38.41,16.0880005,1.32938655,80.31240174999999,23.8454712,214.7683425
2023-12-04 17:00:00,4.128,14.963,1.2165525,5.4499335,2.5491624,16.889555
2023-12-04 17:30:00,0.0,14.438,1.80931745,2.72496675,1.2745812,8.4447775
2023-12-04 18:00:00,0.0,13.913,2.4020824,0.0,0.0,0.0
2023-12-04 18:30:00,0.0,13.063,2.43595015,0.0,0.0,0.0
2023-12-04 19:00:00,0.0,12.213,2.4698179,0.0,0.0,0.0
2023-12-04 19:30:00,0.0,11.913,2.3761802,0.0,0.0,0.0
2023-12-04 20:00:00,0.0,11.613,2.2825425,0.0,0.0,0.0
2023-12-04 20:30:00,0.0,11.538,2.01448375,0.0,0.0,0.0
2023-12-04 21:00:00,0.0,11.463,1.746425,0.0,0.0,0.0
2023-12-04 21:30:00,0.0,11.213,1.4835403,0.0,0.0,0.0
2023-12-04 22:00:00,0.0,10.963,1.2206556,0.0,0.0,0.0
2023-12-04 22:30:00,0.0,10.363,1.193423,0.0,0.0,0.0
2023-12-04 23:00:00,0.0,9.763,1.1661904,0.0,0.0,0.0
2023-12-04 23:30:00,0.0,9.538,0.947100675,0.0,0.0,0.0
2023-12-05 00:00:00,0.0,9.313,0.72801095,0.0,0.0,0.0
2023-12-05 00:30:00,0.0,9.238,0.838347105,0.0,0.0,0.0
2023-12-05 01:00:00,0.0,9.163,0.94868326,0.0,0.0,0.0
2023-12-05 01:30:00,0.0,8.913,0.98424358,0.0,0.0,0.0
2023-12-05 02:00:00,0.0,8.663,1.0198039,0.0,0.0,0.0
2023-12-05 02:30:00,0.0,9.938,1.06216995,0.0,0.0,0.0
2023-12-05 03:00:00,0.0,11.213,1.104536,0.0,0.0,0.0
2023-12-05 03:30:00,0.0,10.663,1.002268,0.0,0.0,0.0
2023-12-05 04:00:00,0.0,10.113,0.9,0.0,0.0,0.0
2023-12-05 04:30:00,0.0,9.738,1.2115773,0.0,0.0,0.0
2023-12-05 05:00:00,0.0,9.363,1.5231546,0.0,0.0,0.0
2023-12-05 05:30:00,0.0,9.613,1.5182146,0.0,0.0,0.0
2023-12-05 06:00:00,0.0,9.863,1.5132746,0.0,0.0,0.0
2023-12-05 06:30:00,0.0,9.813,1.4367108,0.0,0.0,0.0
2023-12-05 07:00:00,0.0,9.763,1.360147,0.0,0.0,0.0
2023-12-05 07:30:00,16.299000000000003,10.113,1.4317383,30.963873,16.58779,81.785135
2023-12-05 08:00:00,141.697,10.463,1.5033296,61.927746,33.17558,163.57027
2023-12-05 08:30:00,282.673,11.513,1.9114062,129.29839800000002,60.974905,333.443735
2023-12-05 09:00:00,406.926,12.563,2.3194828,196.66905,88.77423,503.3172
2023-12-05 09:30:00,517.073,13.313,2.77374265,281.61036,95.75104,618.658325
2023-12-05 10:00:00,605.253,14.063,3.2280025,366.55167,102.72785,733.99945
2023-12-05 10:30:00,614.24,14.463,3.1951401,389.802155,111.3755,682.0061049999999
2023-12-05 11:00:00,716.322,14.863,3.1622777,413.05264,120.02315,630.01276
2023-12-05 11:30:00,686.8469999999999,15.413,2.75160885,442.181335,126.609735,637.49838
2023-12-05 12:00:00,749.8389999999999,15.963,2.34094,471.31003,133.19632,644.984
2023-12-05 12:30:00,770.2439999999999,16.4630005,2.05647225,480.085765,117.338275,686.0813
2023-12-05 13:00:00,715.9100000000001,16.963001,1.7720045,488.8615,101.48023,727.1786
2023-12-05 13:30:00,129.289,17.1630005,1.31320245,434.531075,101.956465,647.0071499999999
2023-12-05 14:00:00,0.0,17.363,0.8544004,380.20065,102.4327,566.8357
2023-12-05 14:30:00,0.0,17.438000000000002,1.4396231,323.432815,89.43267,521.76185
2023-12-05 15:00:00,0.0,17.513,2.0248458,266.66498,76.43264,476.688
2023-12-05 15:30:00,304.14300000000003,16.913001,2.1525984,202.452455,62.549368,406.69762
2023-12-05 16:00:00,148.672,16.313002,2.280351,138.23993,48.666096,336.70724
2023-12-05 16:30:00,18.071,15.113001,1.79209575,71.7227535,25.5910623,176.1877565
2023-12-05 17:00:00,1.243,13.913,1.3038405,5.205577,2.5160286,15.668273
2023-12-05 17:30:00,0.0,13.088,1.2703861,2.6027885,1.2580143,7.8341365
2023-12-05 18:00:00,0.0,12.263,1.2369317,0.0,0.0,0.0
2023-12-05 18:30:00,0.0,11.738,1.2703861,0.0,0.0,0.0
2023-12-05 19:00:00,0.0,11.213,1.3038405,0.0,0.0,0.0
2023-12-05 19:30:00,0.0,11.188,1.7621004,0.0,0.0,0.0
2023-12-05 20:00:00,0.0,11.163,2.2203603,0.0,0.0,0.0
2023-12-05 20:30:00,0.0,11.238,2.372123,0.0,0.0,0.0
2023-12-05 21:00:00,0.0,11.313,2.5238857,0.0,0.0,0.0
2023-12-05 21:30:00,0.0,11.613,2.54354345,0.0,0.0,0.0
2023-12-05 22:00:00,0.0,11.913,2.5632012,0.0,0.0,0.0
2023-12-05 22:30:00,0.0,11.888,2.82513545,0.0,0.0,0.0
2023-12-05 23:00:00,0.0,11.863,3.0870697,0.0,0.0,0.0
2023-12-05 23:30:00,0.0,11.688,2.8851757,0.0,0.0,0.0
2023-12-06 00:00:00,0.0,11.513,2.6832817,0.0,0.0,0.0
2023-12-06 00:30:00,0.0,11.513,3.03353325,0.0,0.0,0.0
2023-12-06 01:00:00,0.0,11.513,3.3837848,0.0,0.0,0.0
2023-12-06 01:30:00,0.0,11.338,3.3297264,0.0,0.0,0.0
2023-12-06 02:00:00,0.0,11.163,3.275668,0.0,0.0,0.0
2023-12-06 02:30:00,0.0,11.488,2.9831964,0.0,0.0,0.0
2023-12-06 03:00:00,0.0,11.813,2.6907248,0.0,0.0,0.0
2023-12-06 03:30:00,0.0,11.438,2.8461954,0.0,0.0,0.0
2023-12-06 04:00:00,0.0,11.063,3.001666,0.0,0.0,0.0
2023-12-06 04:30:00,0.0,11.188,2.9308680000000003,0.0,0.0,0.0
2023-12-06 05:00:00,0.0,11.313,2.86007,0.0,0.0,0.0
2023-12-06 05:30:00,0.0,11.338,3.1108086,0.0,0.0,0.0
2023-12-06 06:00:00,0.0,11.363,3.3615472,0.0,0.0,0.0
2023-12-06 06:30:00,0.0,10.963,3.3570791,0.0,0.0,0.0
2023-12-06 07:00:00,0.0,10.563,3.352611,0.0,0.0,0.0
2023-12-06 07:30:00,4.208,10.688,3.1969962,26.6138685,17.7425785,50.63065499999999
2023-12-06 08:00:00,180.711,10.813,3.0413814,53.227737,35.485157,101.26131
2023-12-06 08:30:00,297.068,11.413,3.5725192000000003,110.8946385,66.3924535,218.88258
2023-12-06 09:00:00,430.498,12.013,4.103657,168.56154,97.29975,336.50385
2023-12-06 09:30:00,560.231,12.838,4.183729,239.14268,111.763408,425.289005
2023-12-06 10:00:00,640.8689999999999,13.663,4.263801,309.72382,126.227066,514.07416
2023-12-06 10:30:00,236.874,14.363,4.703378649999999,359.35386,126.949643,560.93898
2023-12-06 11:00:00,531.851,15.063,5.1429563,408.9839,127.67222,607.8038
2023-12-06 11:30:00,771.851,15.738,4.9641755,453.56498,124.823125,664.0681500000001
2023-12-06 12:00:00,235.249,16.413,4.7853947,498.14606,121.97403,720.3325
2023-12-06 12:30:00,194.582,16.4380005,4.62876535,489.17983,108.813165,722.2338
2023-12-06 13:00:00,779.4609999999999,16.463001,4.472136,480.2136,95.6523,724.1351
2023-12-06 13:30:00,720.634,16.3130005,4.71900985,426.555835,99.9765025,636.84233
2023-12-06 14:00:00,644.0329999999999,16.163,4.9658837,372.89807,104.300705,549.54956
2023-12-06 14:30:00,513.049,16.213,4.63526635,319.380085,95.0450375,500.88798
2023-12-06 15:00:00,473.222,16.263,4.304649,265.8621,85.78937,452.2264
2023-12-06 15:30:00,129.692,15.8379995,4.167889000000001,201.355525,67.231225,392.15188
2023-12-06 16:00:00,110.795,15.412999,4.031129,136.84895,48.67308,332.07736
2023-12-06 16:30:00,48.688,14.7129995,3.5163975,70.0722223,25.7241167,167.5555444
2023-12-06 17:00:00,3.4850000000000003,14.013,3.001666,3.2954946,2.7751534,3.0337288
2023-12-06 17:30:00,0.0,13.613,2.530396,1.6477472999999998,1.3875767,1.5168644000000002
2023-12-06 18:00:00,0.0,13.213,2.059126,0.0,0.0,0.0
2023-12-06 18:30:00,0.0,12.863,2.0554772000000003,0.0,0.0,0.0
2023-12-06 19:00:00,0.0,12.513,2.0518284,0.0,0.0,0.0
2023-12-06 19:30:00,0.0,12.388,1.9967386,0.0,0.0,0.0
2023-12-06 20:00:00,0.0,12.263,1.9416488,0.0,0.0,0.0
2023-12-06 20:30:00,0.0,12.388,2.15615135,0.0,0.0,0.0
2023-12-06 21:00:00,0.0,12.513,2.3706539,0.0,0.0,0.0
2023-12-06 21:30:00,0.0,12.663,2.6179818,0.0,0.0,0.0
2023-12-06 22:00:00,0.0,12.813,2.8653097,0.0,0.0,0.0
2023-12-06 22:30:00,0.0,12.913,2.8227987,0.0,0.0,0.0
2023-12-06 23:00:00,0.0,13.013,2.7802877,0.0,0.0,0.0
2023-12-06 23:30:00,0.0,12.763,2.6280857,0.0,0.0,0.0
2023-12-07 00:00:00,0.0,12.513,2.4758837,0.0,0.0,0.0
2023-12-07 00:30:00,0.0,12.288,2.44210135,0.0,0.0,0.0
2023-12-07 01:00:00,0.0,12.063,2.408319,0.0,0.0,0.0
2023-12-07 01:30:00,0.0,11.763,2.408319,0.0,0.0,0.0
2023-12-07 02:00:00,0.0,11.463,2.408319,0.0,0.0,0.0
2023-12-07 02:30:00,0.0,11.813,2.5166,0.0,0.0,0.0
2023-12-07 03:00:00,0.0,12.163,2.624881,0.0,0.0,0.0
2023-12-07 03:30:00,0.0,12.088,2.4839779,0.0,0.0,0.0
2023-12-07 04:00:00,0.0,12.013,2.3430748,0.0,0.0,0.0
2023-12-07 04:30:00,0.0,12.038,2.42553105,0.0,0.0,0.0
2023-12-07 05:00:00,0.0,12.063,2.5079873,0.0,0.0,0.0
2023-12-07 05:30:00,0.0,12.088,2.0172105,0.0,0.0,0.0
2023-12-07 06:00:00,0.0,12.113,1.5264337,0.0,0.0,0.0
2023-12-07 06:30:00,0.0,12.113,1.7481026,0.0,0.0,0.0
2023-12-07 07:00:00,0.0,12.113,1.9697715,0.0,0.0,0.0
2023-12-07 07:30:00,13.054,11.938,2.25964065,15.5688545,15.5688545,0.0
2023-12-07 08:00:00,34.52,11.763,2.5495098,31.137709,31.137709,0.0
2023-12-07 08:30:00,309.651,12.588,2.59479275,81.5764845,69.8876295,55.870407
2023-12-07 09:00:00,454.429,13.413,2.6400757,132.01526,108.63755,111.740814
2023-12-07 09:30:00,279.211,14.388,3.2305350500000003,230.41939,114.583585,349.645257
2023-12-07 10:00:00,374.1859999999999,15.363,3.8209944,328.82352,120.52962,587.5497
2023-12-07 10:30:00,116.995,15.663,4.4104972,372.28191,129.01353,595.8067000000001
2023-12-07 11:00:00,210.776,15.963,5.0,415.7403,137.49744,604.0637
2023-12-07 11:30:00,372.272,15.138,4.8430748,324.76675,153.857645,363.12634
2023-12-07 12:00:00,811.5050000000001,14.313,4.6861496,233.7932,170.21785,122.18898
2023-12-07 12:30:00,241.781,14.363,4.1108418,230.151305,172.002625,110.878845
2023-12-07 13:00:00,250.699,14.413,3.535534,226.50941,173.7874,99.56871
2023-12-07 13:30:00,77.904,14.638,3.7203295,245.739605,175.52470499999998,139.7238
2023-12-07 14:00:00,96.355,14.863,3.905125,264.9698,177.26201,179.87889
2023-12-07 14:30:00,87.492,14.363,4.392337250000001,250.15431,151.501305,227.824135
2023-12-07 15:00:00,241.492,13.863,4.8795495,235.33882,125.7406,275.76938
2023-12-07 15:30:00,64.967,13.163,4.4903846000000005,155.774235,92.507387,169.820865
2023-12-07 16:00:00,50.13,12.463,4.1012197,76.20965,59.274174,63.87235
2023-12-07 16:30:00,19.034,12.188,3.8261379,40.4743793,31.0412673,37.5704615
2023-12-07 17:00:00,1.267,11.913,3.5510561,4.7391086,2.8083606,11.268573
2023-12-07 17:30:00,0.0,11.438,3.4466054,2.3695543,1.4041803,5.6342865
2023-12-07 18:00:00,0.0,10.963,3.3421547,0.0,0.0,0.0
2023-12-07 18:30:00,0.0,10.938,3.19751105,0.0,0.0,0.0
2023-12-07 19:00:00,0.0,10.913,3.0528674,0.0,0.0,0.0
2023-12-07 19:30:00,0.0,10.963,3.06672585,0.0,0.0,0.0
2023-12-07 20:00:00,0.0,11.013,3.0805843,0.0,0.0,0.0
2023-12-07 20:30:00,0.0,10.988,2.9902921,0.0,0.0,0.0
2023-12-07 21:00:00,0.0,10.963,2.8999999,0.0,0.0,0.0
2023-12-07 21:30:00,0.0,10.738,3.21776695,0.0,0.0,0.0
2023-12-07 22:00:00,0.0,10.513,3.535534,0.0,0.0,0.0
2023-12-07 22:30:00,0.0,10.563,3.6123536,0.0,0.0,0.0
2023-12-07 23:00:00,0.0,10.613,3.6891732,0.0,0.0,0.0
2023-12-07 23:30:00,0.0,10.488,3.4066366,0.0,0.0,0.0
2023-12-08 00:00:00,0.0,10.363,3.1241,0.0,0.0,0.0
2023-12-08 00:30:00,0.0,10.163,2.74737695,0.0,0.0,0.0
2023-12-08 01:00:00,0.0,9.963,2.3706539,0.0,0.0,0.0
2023-12-08 01:30:00,0.0,9.813,2.0129742,0.0,0.0,0.0
2023-12-08 02:00:00,0.0,9.663,1.6552945,0.0,0.0,0.0
2023-12-08 02:30:00,0.0,9.413,1.6552945,0.0,0.0,0.0
2023-12-08 03:00:00,0.0,9.163,1.6552945,0.0,0.0,0.0
2023-12-08 03:30:00,0.0,8.888,1.46010275,0.0,0.0,0.0
2023-12-08 04:00:00,0.0,8.613,1.264911,0.0,0.0,0.0
2023-12-08 04:30:00,0.0,8.013,1.3324555,0.0,0.0,0.0
2023-12-08 05:00:00,0.0,7.413,1.4,0.0,0.0,0.0
2023-12-08 05:30:00,0.0,7.088,1.1272002,0.0,0.0,0.0
2023-12-08 06:00:00,0.0,6.763,0.8544004,0.0,0.0,0.0
2023-12-08 06:30:00,0.0,6.78799985,0.60747777,0.0,0.0,0.0
2023-12-08 07:00:00,0.0,6.8129997,0.36055514,0.0,0.0,0.0
2023-12-08 07:30:00,3.4880000000000004,6.9379997,0.672720445,25.65227,14.499108500000002,64.01945
2023-12-08 08:00:00,30.337000000000003,7.0629997,0.98488575,51.30454,28.998217,128.0389
2023-12-08 08:30:00,349.18,8.53799985,0.919643075,111.90034,56.5881665,277.657635
2023-12-08 09:00:00,119.024,10.013,0.8544004,172.49614,84.178116,427.27637
2023-12-08 09:30:00,172.62900000000002,10.863,0.747356415,199.89552,106.528338,353.37953500000003
2023-12-08 10:00:00,233.369,11.713,0.64031243,227.2949,128.87856,279.4827
2023-12-08 10:30:00,812.2449999999999,12.363,0.370156215,295.10935,140.815775,368.94748
2023-12-08 11:00:00,168.40300000000002,13.013,0.1,362.9238,152.75299,458.41226
2023-12-08 11:30:00,340.047,13.063,0.20811388,367.138335,157.417595,431.02063
2023-12-08 12:00:00,309.99,13.113,0.31622776,371.35287,162.0822,403.629
2023-12-08 12:30:00,254.034,13.663,0.8581138799999999,381.492585,158.195595,426.534165
2023-12-08 13:00:00,748.7149999999999,14.213,1.4,391.6323,154.30899,449.43933
2023-12-08 13:30:00,190.343,14.488,2.1534441,410.527515,120.096767,577.765265
2023-12-08 14:00:00,672.183,14.763,2.9068882,429.42273,85.884544,706.0912
2023-12-08 14:30:00,584.204,14.263,3.2562197,372.357775,78.210872,661.47565
2023-12-08 15:00:00,491.912,13.763,3.6055512,315.29282,70.5372,616.8601
2023-12-08 15:30:00,387.284,13.138,3.6554763,238.484925,57.861025,528.326185
2023-12-08 16:00:00,200.404,12.513,3.7054014,161.67703,45.18485,439.79227
2023-12-08 16:30:00,93.22899999999998,11.563,3.3659752000000003,83.8032121,23.895095,229.608912
2023-12-08 17:00:00,21.547000000000004,10.613,3.026549,5.9293942,2.60534,19.425554
2023-12-08 17:30:00,0.0,9.763,2.8218997000000003,2.9646971,1.30267,9.712777
2023-12-08 18:00:00,0.0,8.913,2.6172504,0.0,0.0,0.0
2023-12-08 18:30:00,0.0,8.288,2.41880545,0.0,0.0,0.0
2023-12-08 19:00:00,0.0,7.663,2.2203605,0.0,0.0,0.0
2023-12-08 19:30:00,0.0,7.23799985,2.16493125,0.0,0.0,0.0
2023-12-08 20:00:00,0.0,6.8129997,2.109502,0.0,0.0,0.0
2023-12-08 20:30:00,0.0,6.61299985,1.87937215,0.0,0.0,0.0
2023-12-08 21:00:00,0.0,6.413,1.6492423,0.0,0.0,0.0
2023-12-08 21:30:00,0.0,6.213,1.56792455,0.0,0.0,0.0
2023-12-08 22:00:00,0.0,6.013,1.4866068,0.0,0.0,0.0
2023-12-08 22:30:00,0.0,5.78799985,1.2433033999999998,0.0,0.0,0.0
2023-12-08 23:00:00,0.0,5.5629997,1.0,0.0,0.0,0.0
2023-12-08 23:30:00,0.0,5.33799985,1.0099019500000002,0.0,0.0,0.0
2023-12-09 00:00:00,0.0,5.113,1.0198039,0.0,0.0,0.0
2023-12-09 00:30:00,0.0,5.163,1.20990195,0.0,0.0,0.0
2023-12-09 01:00:00,0.0,5.213,1.4,0.0,0.0,0.0
2023-12-09 01:30:00,0.0,5.113,1.4516648,0.0,0.0,0.0
2023-12-09 02:00:00,0.0,5.013,1.5033296,0.0,0.0,0.0
2023-12-09 02:30:00,0.0,6.213,1.5033296,0.0,0.0,0.0
2023-12-09 03:00:00,0.0,7.413,1.5033296,0.0,0.0,0.0
2023-12-09 03:30:00,0.0,7.688000150000001,1.8797162,0.0,0.0,0.0
2023-12-09 04:00:00,0.0,7.9630003,2.2561028,0.0,0.0,0.0
2023-12-09 04:30:00,0.0,7.813000150000001,2.2460854,0.0,0.0,0.0
2023-12-09 05:00:00,0.0,7.663,2.236068,0.0,0.0,0.0
2023-12-09 05:30:00,0.0,7.48799985,2.21916985,0.0,0.0,0.0
2023-12-09 06:00:00,0.0,7.3129997,2.2022717,0.0,0.0,0.0
2023-12-09 06:30:00,0.0,7.26299985,2.26087725,0.0,0.0,0.0
2023-12-09 07:00:00,0.0,7.213,2.3194828,0.0,0.0,0.0
2023-12-09 07:30:00,8.039,7.313000000000001,2.3966731,20.1356775,19.017029,6.4369985
2023-12-09 08:00:00,30.179,7.413,2.4738634,40.271355,38.034058,12.873997
2023-12-09 08:30:00,53.452,8.088000000000001,2.8259565,84.5304125,79.25726399999999,26.7786465
2023-12-09 09:00:00,138.978,8.763,3.1780496,128.78947,120.48047,40.683296
2023-12-09 09:30:00,358.324,9.513,3.2084383,178.76850000000002,158.1911,67.287758
2023-12-09 10:00:00,452.147,10.263,3.238827,228.74753,195.90173,93.89222
2023-12-09 10:30:00,390.837,11.038,3.5923555,308.420245,197.68425,253.587695
2023-12-09 11:00:00,535.0719999999999,11.813,3.945884,388.09296,199.46677,413.28317
2023-12-09 11:30:00,792.7560000000001,12.013,3.88931885,397.76189,198.76883,409.2229
2023-12-09 12:00:00,646.624,12.213,3.8327537,407.43082,198.07089,405.16263
2023-12-09 12:30:00,722.964,12.188,4.01875635,394.71097,180.611545,410.334015
2023-12-09 13:00:00,764.9580000000001,12.163,4.204759,381.99112,163.1522,415.5054
2023-12-09 13:30:00,743.12,12.013,4.27148075,350.344985,140.697045,414.16084
2023-12-09 14:00:00,732.654,11.863,4.3382025,318.69885,118.24189,412.81628
2023-12-09 14:30:00,596.829,11.788,4.027191650000001,257.96581,120.33112,300.81153
2023-12-09 15:00:00,134.508,11.713,3.7161808,197.23277,122.42035,188.80678
2023-12-09 15:30:00,105.657,11.288,3.607376,132.52881,87.7042585,122.42584
2023-12-09 16:00:00,140.37099999999998,10.863,3.4985712,67.82485,52.988167,56.0449
2023-12-09 16:30:00,55.454,10.513,3.0702701,35.49202595,27.7484725,29.92586685
2023-12-09 17:00:00,5.706,10.163,2.641969,3.1592019,2.508778,3.8068337
2023-12-09 17:30:00,0.0,9.588,2.4277816000000003,1.57960095,1.254389,1.90341685
2023-12-09 18:00:00,0.0,9.013,2.2135942,0.0,0.0,0.0
2023-12-09 18:30:00,0.0,8.937999999999999,2.1192199,0.0,0.0,0.0
2023-12-09 19:00:00,0.0,8.863,2.0248456,0.0,0.0,0.0
2023-12-09 19:30:00,0.0,8.687999999999999,2.05645345,0.0,0.0,0.0
2023-12-09 20:00:00,0.0,8.513,2.0880613,0.0,0.0,0.0
2023-12-09 20:30:00,0.0,8.288,2.06383455,0.0,0.0,0.0
2023-12-09 21:00:00,0.0,8.063,2.0396078,0.0,0.0,0.0
2023-12-09 21:30:00,0.0,7.562999850000001,1.8930164,0.0,0.0,0.0
2023-12-09 22:00:00,0.0,7.0629997,1.746425,0.0,0.0,0.0
2023-12-09 22:30:00,0.0,6.66299985,1.49167835,0.0,0.0,0.0
2023-12-09 23:00:00,0.0,6.263,1.2369317,0.0,0.0,0.0
2023-12-09 23:30:00,0.0,5.863,1.37013065,0.0,0.0,0.0
2023-12-10 00:00:00,0.0,5.463,1.5033296,0.0,0.0,0.0
2023-12-10 00:30:00,0.0,5.363,1.24663953,0.0,0.0,0.0
2023-12-10 01:00:00,0.0,5.263,0.98994946,0.0,0.0,0.0
2023-12-10 01:30:00,0.0,5.28799985,1.06506248,0.0,0.0,0.0
2023-12-10 02:00:00,0.0,5.3129997,1.1401755,0.0,0.0,0.0
2023-12-10 02:30:00,0.0,5.96299985,1.18041555,0.0,0.0,0.0
2023-12-10 03:00:00,0.0,6.613,1.2206556,0.0,0.0,0.0
2023-12-10 03:30:00,0.0,6.238,1.2144800999999998,0.0,0.0,0.0
2023-12-10 04:00:00,0.0,5.863,1.2083046,0.0,0.0,0.0
2023-12-10 04:30:00,0.0,5.563000000000001,1.3690052499999998,0.0,0.0,0.0
2023-12-10 05:00:00,0.0,5.263,1.5297059,0.0,0.0,0.0
2023-12-10 05:30:00,0.0,5.488,1.34794815,0.0,0.0,0.0
2023-12-10 06:00:00,0.0,5.713,1.1661904,0.0,0.0,0.0
2023-12-10 06:30:00,0.0,5.488,1.22340765,0.0,0.0,0.0
2023-12-10 07:00:00,0.0,5.263,1.2806249,0.0,0.0,0.0
2023-12-10 07:30:00,7.889,5.738,1.4542535,20.197336,13.4648915,38.8250925
2023-12-10 08:00:00,28.367,6.213,1.6278821,40.394672,26.929783,77.650185
2023-12-10 08:30:00,62.86200000000001,7.737999999999999,1.5771579,110.531001,57.2419765,269.5027225
2023-12-10 09:00:00,91.876,9.263,1.5264337,180.66733,87.55417,461.35526
2023-12-10 09:30:00,152.43,10.313,1.7682044499999998,233.623735,120.120155,423.28751
2023-12-10 10:00:00,169.897,11.363,2.0099752,286.58014,152.68614,385.21976
2023-12-10 10:30:00,85.61699999999999,11.713,2.30306305,302.75091999999995,178.853615,317.934715
2023-12-10 11:00:00,142.87099999999998,12.063,2.5961509,318.9217,205.02109,250.64967
2023-12-10 11:30:00,231.57800000000003,12.038,2.5961509,264.69962,203.642435,133.29813549999997
2023-12-10 12:00:00,309.851,12.013,2.5961509,210.47754,202.26378,15.946601
2023-12-10 12:30:00,88.625,12.213,2.5980755,210.29777,187.133675,44.2437455
2023-12-10 13:00:00,133.841,12.413,2.6000001,210.118,172.00357,72.54089
2023-12-10 13:30:00,108.02200000000002,12.563,2.2192388,216.40851,160.3888,112.522625
2023-12-10 14:00:00,94.087,12.713,1.8384775,222.69902,148.77403,152.50436
2023-12-10 14:30:00,66.328,11.663,1.97398975,137.2891865,100.3266915,76.25218
2023-12-10 15:00:00,45.762,10.613,2.109502,51.879353,51.879353,0.0
2023-12-10 15:30:00,37.44,10.488,1.7565344,38.31438,38.31438,0.0
2023-12-10 16:00:00,31.293,10.363,1.4035668,24.749407,24.749407,0.0
2023-12-10 16:30:00,12.036,10.163,1.3517834,12.859436635000002,12.859436635000002,0.0
2023-12-10 17:00:00,0.453,9.963,1.3,0.96946627,0.96946627,0.0
2023-12-10 17:30:00,0.0,9.763,1.5513878,0.484733135,0.484733135,0.0
2023-12-10 18:00:00,0.0,9.563,1.8027756,0.0,0.0,0.0
2023-12-10 18:30:00,0.0,9.363,1.7013878,0.0,0.0,0.0
2023-12-10 19:00:00,0.0,9.163,1.6,0.0,0.0,0.0
2023-12-10 19:30:00,0.0,9.063,1.51589105,0.0,0.0,0.0
2023-12-10 20:00:00,0.0,8.963,1.4317821,0.0,0.0,0.0
2023-12-10 20:30:00,0.0,8.788,1.25672375,0.0,0.0,0.0
2023-12-10 21:00:00,0.0,8.613,1.0816654,0.0,0.0,0.0
2023-12-10 21:30:00,0.0,8.463000000000001,0.7469879850000001,0.0,0.0,0.0
2023-12-10 22:00:00,0.0,8.313,0.41231057,0.0,0.0,0.0
2023-12-10 22:30:00,0.0,8.488,0.51029341,0.0,0.0,0.0
2023-12-10 23:00:00,0.0,8.663,0.60827625,0.0,0.0,0.0
2023-12-10 23:30:00,0.0,8.437999999999999,1.1600002749999998,0.0,0.0,0.0
2023-12-11 00:00:00,0.0,8.213,1.7117243,0.0,0.0,0.0
2023-12-11 00:30:00,0.0,8.062999999999999,2.09279385,0.0,0.0,0.0
2023-12-11 01:00:00,0.0,7.913,2.4738634,0.0,0.0,0.0
2023-12-11 01:30:00,0.0,7.638,1.998509,0.0,0.0,0.0
2023-12-11 02:00:00,0.0,7.363,1.5231546,0.0,0.0,0.0
2023-12-11 02:30:00,0.0,7.263,1.1646902,0.0,0.0,0.0
2023-12-11 03:00:00,0.0,7.163,0.8062258,0.0,0.0,0.0
2023-12-11 03:30:00,0.0,6.713,0.8640901249999999,0.0,0.0,0.0
2023-12-11 04:00:00,0.0,6.263,0.92195445,0.0,0.0,0.0
2023-12-11 04:30:00,0.0,6.438000000000001,1.4609772250000002,0.0,0.0,0.0
2023-12-11 05:00:00,0.0,6.613,2.0,0.0,0.0,0.0
2023-12-11 05:30:00,0.0,6.988,2.3,0.0,0.0,0.0
2023-12-11 06:00:00,0.0,7.363,2.6,0.0,0.0,0.0
2023-12-11 06:30:00,0.0,7.58799985,2.6086252,0.0,0.0,0.0
2023-12-11 07:00:00,0.0,7.8129997,2.6172504,0.0,0.0,0.0
2023-12-11 07:30:00,13.171,8.38799985,2.66232395,12.381468000000002,11.2558795,6.503726499999999
2023-12-11 08:00:00,148.247,8.963,2.7073975,24.762936,22.511759,13.007453
2023-12-11 08:30:00,97.349,9.563,3.00369875,75.83995300000001,54.491329500000006,107.8853415
2023-12-11 09:00:00,410.488,10.163,3.3,126.91697,86.4709,202.76323
2023-12-11 09:30:00,526.11,10.638,3.60576085,193.401295,116.732515,264.801365
2023-12-11 10:00:00,616.967,11.113,3.9115217,259.88562,146.99413,326.8395
2023-12-11 10:30:00,677.933,11.713,4.29028435,318.8161,147.30961000000002,417.688015
2023-12-11 11:00:00,743.835,12.313,4.669047,377.74658,147.62509,508.53653
2023-12-11 11:30:00,284.041,12.838,4.874700499999999,417.932615,135.956443,579.309435
2023-12-11 12:00:00,253.372,13.363,5.080354,458.11865,124.287796,650.08234
2023-12-11 12:30:00,994.908,13.463,5.123295199999999,436.807675,119.335798,612.22027
2023-12-11 13:00:00,0.0,13.563,5.1662364,415.4967,114.3838,574.3582
2023-12-11 13:30:00,171.242,13.563,5.251450999999999,378.75905,107.1085375,537.37156
2023-12-11 14:00:00,287.719,13.563,5.3366656,342.0214,99.833275,500.38492
2023-12-11 14:30:00,141.268,13.213,4.9536118,251.84284,94.5870275,341.62677
2023-12-11 15:00:00,107.60399999999998,12.863,4.570558,161.66428,89.34078,182.86862
2023-12-11 15:30:00,110.378,12.338,4.499438,125.427248,75.10832099999999,144.90614
2023-12-11 16:00:00,55.068,11.813,4.428318,89.190216,60.875862,106.94366
2023-12-11 16:30:00,25.31,11.463,4.4647145,46.2760533,31.558561150000003,56.7633191
2023-12-11 17:00:00,2.405,11.113,4.501111,3.3618906,2.2412603,6.5829782
2023-12-11 17:30:00,0.0,11.013,4.36538385,1.6809453,1.12063015,3.2914891000000006
2023-12-11 18:00:00,0.0,10.913,4.2296567,0.0,0.0,0.0
2023-12-11 18:30:00,0.0,10.838,4.124803549999999,0.0,0.0,0.0
2023-12-11 19:00:00,0.0,10.763,4.0199504,0.0,0.0,0.0
2023-12-11 19:30:00,0.0,10.538,3.6224267,0.0,0.0,0.0
2023-12-11 20:00:00,0.0,10.313,3.224903,0.0,0.0,0.0
2023-12-11 20:30:00,0.0,10.513,3.2745285,0.0,0.0,0.0
2023-12-11 21:00:00,0.0,10.713,3.324154,0.0,0.0,0.0
2023-12-11 21:30:00,0.0,10.663,2.9962434,0.0,0.0,0.0
2023-12-11 22:00:00,0.0,10.613,2.6683328,0.0,0.0,0.0
2023-12-11 22:30:00,0.0,10.313,2.6683328,0.0,0.0,0.0
2023-12-11 23:00:00,0.0,10.013,2.6683328,0.0,0.0,0.0
2023-12-11 23:30:00,0.0,9.813,2.3948265,0.0,0.0,0.0
2023-12-12 00:00:00,0.0,9.613,2.1213202,0.0,0.0,0.0
2023-12-12 00:30:00,0.0,9.388,1.9106601,0.0,0.0,0.0
2023-12-12 01:00:00,0.0,9.163,1.7,0.0,0.0,0.0
2023-12-12 01:30:00,0.0,8.663,1.5019201999999998,0.0,0.0,0.0
2023-12-12 02:00:00,0.0,8.163,1.3038404,0.0,0.0,0.0
2023-12-12 02:30:00,0.0,7.938000150000001,1.112897425,0.0,0.0,0.0
2023-12-12 03:00:00,0.0,7.7130003,0.92195445,0.0,0.0,0.0
2023-12-12 03:30:00,0.0,7.438000150000001,0.796387425,0.0,0.0,0.0
2023-12-12 04:00:00,0.0,7.163,0.6708204,0.0,0.0,0.0
2023-12-12 04:30:00,0.0,6.86299985,0.541565485,0.0,0.0,0.0
2023-12-12 05:00:00,0.0,6.5629997,0.41231057,0.0,0.0,0.0
2023-12-12 05:30:00,0.0,6.23799985,0.506155285,0.0,0.0,0.0
2023-12-12 06:00:00,0.0,5.913,0.6,0.0,0.0,0.0
2023-12-12 06:30:00,0.0,6.513,0.792442875,0.0,0.0,0.0
2023-12-12 07:00:00,0.0,7.113,0.98488575,0.0,0.0,0.0
2023-12-12 07:30:00,9.713,7.08799985,0.69859816,22.583485,13.550090999999998,52.28117
2023-12-12 08:00:00,133.533,7.0629997,0.41231057,45.16697,27.100182,104.56234
2023-12-12 08:30:00,286.378,8.53799985,0.4754135149999999,130.356795,51.340729,407.18512
2023-12-12 09:00:00,424.083,10.013,0.53851646,215.54662,75.581276,709.8079
2023-12-12 09:30:00,522.529,11.213,0.693522305,292.62368,80.176713,769.88305
2023-12-12 10:00:00,598.0419999999999,12.413,0.84852815,369.70074,84.77215,829.9582
2023-12-12 10:30:00,654.9110000000001,13.263,0.784819225,423.269145,86.37678249999999,846.37115
2023-12-12 11:00:00,340.466,14.113,0.7211103,476.83755,87.981415,862.7841
2023-12-12 11:30:00,718.276,14.788,0.62981338,484.02226,104.6208525,792.6270649999999
2023-12-12 12:00:00,762.8019999999999,15.463,0.53851646,491.20697,121.26029,722.47003
2023-12-12 12:30:00,743.399,15.913,1.1871362799999998,474.454585,116.375925,692.092065
2023-12-12 13:00:00,709.3309999999999,16.363,1.8357561,457.7022,111.49156,661.7141
2023-12-12 13:30:00,188.735,16.563000000000002,1.5755253,441.53715,99.670075,679.9895
2023-12-12 14:00:00,274.515,16.763,1.3152945,425.3721,87.84859,698.2649
2023-12-12 14:30:00,176.52800000000002,16.963,0.7076472500000001,359.53354,86.914425,611.872075
2023-12-12 15:00:00,73.06099999999999,17.163,0.1,293.69498,85.98026,525.47925
2023-12-12 15:30:00,75.00399999999999,16.4880005,0.8016648,216.655,69.920945,424.576845
2023-12-12 16:00:00,195.713,15.813001,1.5033296,139.61502,53.86163,323.67444
2023-12-12 16:30:00,72.844,14.8380005,1.29018125,72.39111199999999,28.384091,168.491107
2023-12-12 17:00:00,9.69,13.863,1.0770329,5.167204,2.906552,13.307774
2023-12-12 17:30:00,0.0,13.188,1.03851645,2.583602,1.453276,6.653887
2023-12-12 18:00:00,0.0,12.513,1.0,0.0,0.0,0.0
2023-12-12 18:30:00,0.0,11.363,0.75,0.0,0.0,0.0
2023-12-12 19:00:00,0.0,10.213,0.5,0.0,0.0,0.0
2023-12-12 19:30:00,0.0,10.238,0.40811388,0.0,0.0,0.0
2023-12-12 20:00:00,0.0,10.263,0.31622776,0.0,0.0,0.0
2023-12-12 20:30:00,0.0,9.863,0.30811388,0.0,0.0,0.0
2023-12-12 21:00:00,0.0,9.463,0.3,0.0,0.0,0.0
2023-12-12 21:30:00,0.0,9.763,0.642442875,0.0,0.0,0.0
2023-12-12 22:00:00,0.0,10.063,0.98488575,0.0,0.0,0.0
2023-12-12 22:30:00,0.0,9.888,1.014458225,0.0,0.0,0.0
2023-12-12 23:00:00,0.0,9.713,1.0440307,0.0,0.0,0.0
2023-12-12 23:30:00,0.0,9.338,0.82201535,0.0,0.0,0.0
2023-12-13 00:00:00,0.0,8.963,0.6,0.0,0.0,0.0
2023-12-13 00:30:00,0.0,8.488,0.4499999999999999,0.0,0.0,0.0
2023-12-13 01:00:00,0.0,8.013,0.3,0.0,0.0,0.0
2023-12-13 01:30:00,0.0,7.838,0.4192582299999999,0.0,0.0,0.0
2023-12-13 02:00:00,0.0,7.663,0.53851646,0.0,0.0,0.0
2023-12-13 02:30:00,0.0,7.913,0.65977073,0.0,0.0,0.0
2023-12-13 03:00:00,0.0,8.163,0.781025,0.0,0.0,0.0
2023-12-13 03:30:00,0.0,7.938000150000001,0.6454634699999999,0.0,0.0,0.0
2023-12-13 04:00:00,0.0,7.7130003,0.50990194,0.0,0.0,0.0
2023-12-13 04:30:00,0.0,7.66300015,0.41306485,0.0,0.0,0.0
2023-12-13 05:00:00,0.0,7.613,0.31622776,0.0,0.0,0.0
2023-12-13 05:30:00,0.0,7.613,0.4273721099999999,0.0,0.0,0.0
2023-12-13 06:00:00,0.0,7.613,0.53851646,0.0,0.0,0.0
2023-12-13 06:30:00,0.0,8.413,0.65004688,0.0,0.0,0.0
2023-12-13 07:00:00,0.0,9.213,0.7615773,0.0,0.0,0.0
2023-12-13 07:30:00,9.461,9.013,0.65004688,21.523573,12.461015499999998,52.51964000000001
2023-12-13 08:00:00,131.907,8.813,0.53851646,43.047146,24.922031,105.03928
2023-12-13 08:30:00,279.913,10.413,0.3399689099999999,128.274023,48.2786005,416.33272000000005
2023-12-13 09:00:00,414.079,12.013,0.14142136,213.5009,71.63517,727.62616
2023-12-13 09:30:00,514.267,13.263,0.32566165,287.110025,77.66572,769.6647800000001
2023-12-13 10:00:00,592.331,14.513,0.50990194,360.71915,83.69627,811.7034
2023-12-13 10:30:00,648.039,15.338,0.82503872,414.043075,85.86758499999999,828.29315
2023-12-13 11:00:00,688.391,16.163,1.1401755,467.367,88.0389,844.8829
2023-12-13 11:30:00,710.89,16.713,1.79992515,492.76235,88.22735,843.18485
2023-12-13 12:00:00,729.431,17.263,2.4596748,518.1577,88.4158,841.4868
2023-12-13 12:30:00,730.744,17.413001,3.0696744,499.26705,102.9097,768.25235
2023-12-13 13:00:00,706.3729999999999,17.563002,3.679674,480.3764,117.4036,695.0179
2023-12-13 13:30:00,393.612,17.738001,3.8922745,445.09372,110.9688975,663.627025
2023-12-13 14:00:00,652.9190000000001,17.913,4.104875,409.81104,104.534195,632.23615
2023-12-13 14:30:00,389.827,17.512999999999998,4.012667,350.55522,94.0029755,579.066925
2023-12-13 15:00:00,518.097,17.113,3.920459,291.2994,83.471756,525.8977
2023-12-13 15:30:00,372.648,16.563000000000002,3.9159902,222.292615,65.5093745,462.29
2023-12-13 16:00:00,176.846,16.013,3.9115214,153.28583,47.546993,398.6823
2023-12-13 16:30:00,91.305,15.013000000000002,3.56588495,80.2974755,25.4294692,211.13296
2023-12-13 17:00:00,8.15,14.013,3.2202485,7.309121,3.3119454,23.58362
2023-12-13 17:30:00,0.0,13.213,3.0216836,3.6545605,1.6559727,11.79181
2023-12-13 18:00:00,0.0,12.413,2.8231187,0.0,0.0,0.0
2023-12-13 18:30:00,0.0,12.163,2.73254385,0.0,0.0,0.0
2023-12-13 19:00:00,0.0,11.913,2.641969,0.0,0.0,0.0
2023-12-13 19:30:00,0.0,11.813,2.66262535,0.0,0.0,0.0
2023-12-13 20:00:00,0.0,11.713,2.6832817,0.0,0.0,0.0
2023-12-13 20:30:00,0.0,11.688,2.73447955,0.0,0.0,0.0
2023-12-13 21:00:00,0.0,11.663,2.7856774,0.0,0.0,0.0
2023-12-13 21:30:00,0.0,11.663,2.8488606,0.0,0.0,0.0
2023-12-13 22:00:00,0.0,11.663,2.9120438,0.0,0.0,0.0
2023-12-13 22:30:00,0.0,11.738,3.0220678000000003,0.0,0.0,0.0
2023-12-13 23:00:00,0.0,11.813,3.1320918,0.0,0.0,0.0
2023-12-13 23:30:00,0.0,11.913,3.21073425,0.0,0.0,0.0
2023-12-14 00:00:00,0.0,12.013,3.2893767,0.0,0.0,0.0
2023-12-14 00:30:00,0.0,12.038,3.2139239,0.0,0.0,0.0
2023-12-14 01:00:00,0.0,12.063,3.1384711,0.0,0.0,0.0
2023-12-14 01:30:00,0.0,11.888,3.00885365,0.0,0.0,0.0
2023-12-14 02:00:00,0.0,11.713,2.8792362,0.0,0.0,0.0
2023-12-14 02:30:00,0.0,11.713,3.005664,0.0,0.0,0.0
2023-12-14 03:00:00,0.0,11.713,3.1320918,0.0,0.0,0.0
2023-12-14 03:30:00,0.0,11.638,3.0220678000000003,0.0,0.0,0.0
2023-12-14 04:00:00,0.0,11.563,2.9120438,0.0,0.0,0.0
2023-12-14 04:30:00,0.0,11.638,2.8781682,0.0,0.0,0.0
2023-12-14 05:00:00,0.0,11.713,2.8442926,0.0,0.0,0.0
2023-12-14 05:30:00,0.0,11.863,2.8781682,0.0,0.0,0.0
2023-12-14 06:00:00,0.0,12.013,2.9120438,0.0,0.0,0.0
2023-12-14 06:30:00,0.0,12.038,2.9898081000000003,0.0,0.0,0.0
2023-12-14 07:00:00,0.0,12.063,3.0675724,0.0,0.0,0.0
2023-12-14 07:30:00,6.362,12.163,3.26077785,18.184307,13.63823,26.373155
2023-12-14 08:00:00,114.672,12.263,3.4539833,36.368614,27.27646,52.74631
2023-12-14 08:30:00,305.232,13.063,3.61179935,97.824132,68.610852,154.29648
2023-12-14 09:00:00,426.637,13.863,3.7696154,159.27965,109.945244,255.84665
2023-12-14 09:30:00,483.986,14.788,3.83480765,220.087925,136.40892200000002,301.819045
2023-12-14 10:00:00,261.842,15.713,3.8999999,280.8962,162.8726,347.79144
2023-12-14 10:30:00,257.737,16.238,3.83480765,311.20199,190.740545,311.26332
2023-12-14 11:00:00,356.61499999999995,16.763,3.7696154,341.50778,218.60849,274.7352
2023-12-14 11:30:00,410.553,17.213,3.83480765,351.77944,231.702195,252.4523
2023-12-14 12:00:00,352.967,17.663,3.8999999,362.0511,244.7959,230.1694
2023-12-14 12:30:00,404.209,17.863001,4.2347318000000005,357.68785,236.910355,234.28236
2023-12-14 13:00:00,287.338,18.063002,4.5694637,353.3246,229.02481,238.39532
2023-12-14 13:30:00,192.445,18.113001,4.73677185,354.35020999999995,199.654535,311.02696
2023-12-14 14:00:00,604.986,18.163,4.90408,355.37582,170.28426,383.6586
2023-12-14 14:30:00,256.48900000000003,18.012999999999998,4.82322125,315.752975,133.29444999999998,419.34546
2023-12-14 15:00:00,212.234,17.863,4.7423625,276.13013,96.30464,455.03232
2023-12-14 15:30:00,336.88899999999995,17.238,4.39602675,202.029035,78.0021715,355.95453
2023-12-14 16:00:00,131.13,16.613,4.049691,127.92794,59.699703,256.87674
2023-12-14 16:30:00,59.944,15.788,3.880243,67.36552950000001,32.218794700000004,134.545481
2023-12-14 17:00:00,12.832999999999998,14.963,3.710795,6.803119,4.7378864,12.214222
2023-12-14 17:30:00,0.0,14.538,3.710795,3.4015594999999994,2.3689432,6.107111
2023-12-14 18:00:00,0.0,14.113,3.710795,0.0,0.0,0.0
2023-12-14 18:30:00,0.0,13.788,3.64215435,0.0,0.0,0.0
2023-12-14 19:00:00,0.0,13.463,3.5735137,0.0,0.0,0.0
2023-12-14 19:30:00,0.0,13.388,3.51085075,0.0,0.0,0.0
2023-12-14 20:00:00,0.0,13.313,3.4481878,0.0,0.0,0.0
2023-12-14 20:30:00,0.0,13.238,3.4159864,0.0,0.0,0.0
2023-12-14 21:00:00,0.0,13.163,3.383785,0.0,0.0,0.0
2023-12-14 21:30:00,0.0,13.163,3.3726661,0.0,0.0,0.0
2023-12-14 22:00:00,0.0,13.163,3.3615472,0.0,0.0,0.0
2023-12-14 22:30:00,0.0,13.188,3.4271986,0.0,0.0,0.0
2023-12-14 23:00:00,0.0,13.213,3.49285,0.0,0.0,0.0
2023-12-14 23:30:00,0.0,13.113,3.3619745,0.0,0.0,0.0
2023-12-15 00:00:00,0.0,13.013,3.231099,0.0,0.0,0.0
2023-12-15 00:30:00,0.0,12.888,3.1362402,0.0,0.0,0.0
2023-12-15 01:00:00,0.0,12.763,3.0413814,0.0,0.0,0.0
2023-12-15 01:30:00,0.0,12.588,3.0047729,0.0,0.0,0.0
2023-12-15 02:00:00,0.0,12.413,2.9681644,0.0,0.0,0.0
2023-12-15 02:30:00,0.0,12.488,3.0284267,0.0,0.0,0.0
2023-12-15 03:00:00,0.0,12.563,3.088689,0.0,0.0,0.0
2023-12-15 03:30:00,0.0,12.413,2.9090789,0.0,0.0,0.0
2023-12-15 04:00:00,0.0,12.263,2.7294688,0.0,0.0,0.0
2023-12-15 04:30:00,0.0,12.288,2.6177309,0.0,0.0,0.0
2023-12-15 05:00:00,0.0,12.313,2.505993,0.0,0.0,0.0
2023-12-15 05:30:00,0.0,12.413,2.6395389500000004,0.0,0.0,0.0
2023-12-15 06:00:00,0.0,12.513,2.7730849,0.0,0.0,0.0
2023-12-15 06:30:00,0.0,12.563,2.9300773,0.0,0.0,0.0
2023-12-15 07:00:00,0.0,12.613,3.0870697,0.0,0.0,0.0
2023-12-15 07:30:00,4.39,12.813,3.19958445,15.963541,14.823288,6.620100000000001
2023-12-15 08:00:00,34.479000000000006,13.013,3.3120992,31.927082,29.646576,13.2402
2023-12-15 08:30:00,181.79700000000005,13.763,3.19958445,89.515341,70.6943705,99.303215
2023-12-15 09:00:00,136.35299999999998,14.513,3.0870697,147.1036,111.742165,185.36623
2023-12-15 09:30:00,202.516,15.138,3.53602075,191.1241,143.3117925,181.96007
2023-12-15 10:00:00,311.862,15.763,3.9849718,235.1446,174.88142,178.55391
2023-12-15 10:30:00,305.769,16.2380005,4.1765189,268.84644,194.094425,189.367715
2023-12-15 11:00:00,279.63,16.713001,4.368066,302.54828,213.30743,200.18152
2023-12-15 11:30:00,252.17200000000005,16.9880005,4.464384,329.808775,226.534315,215.49025
2023-12-15 12:00:00,283.248,17.263,4.560702,357.06927,239.7612,230.79898
2023-12-15 12:30:00,227.391,17.288001,4.657324,342.047835,243.739395,191.56114
2023-12-15 13:00:00,215.272,17.313002,4.753946,327.0264,247.71759,152.3233
2023-12-15 13:30:00,219.955,17.1380015,4.8023595,297.29857000000004,223.387705,147.21375
2023-12-15 14:00:00,240.221,16.963001,4.850773,267.57074,199.05782,142.1042
2023-12-15 14:30:00,256.633,16.8130005,4.8023595,239.957635,170.73682,159.50116
2023-12-15 15:00:00,117.101,16.663,4.753946,212.34453,142.41582,176.89812
2023-12-15 15:30:00,120.106,16.387999999999998,4.4994715,163.121005,108.58052,162.01739500000002
2023-12-15 16:00:00,82.818,16.113,4.244997,113.89748,74.74522,147.13667
2023-12-15 16:30:00,26.819,15.613,3.6266594,60.11955475,39.702188150000005,78.55604500000001
2023-12-15 17:00:00,5.507,15.113,3.0083218,6.3416295,4.6591563,9.97542
2023-12-15 17:30:00,0.0,14.238,2.64543215,3.17081475,2.32957815,4.98771
2023-12-15 18:00:00,0.0,13.363,2.2825425,0.0,0.0,0.0
2023-12-15 18:30:00,0.0,13.138,2.28144675,0.0,0.0,0.0
2023-12-15 19:00:00,0.0,12.913,2.280351,0.0,0.0,0.0
2023-12-15 19:30:00,0.0,12.838,2.4855379,0.0,0.0,0.0
2023-12-15 20:00:00,0.0,12.763,2.6907248,0.0,0.0,0.0
2023-12-15 20:30:00,0.0,12.813,2.88565455,0.0,0.0,0.0
2023-12-15 21:00:00,0.0,12.863,3.0805843,0.0,0.0,0.0
2023-12-15 21:30:00,0.0,12.838,3.26220965,0.0,0.0,0.0
2023-12-15 22:00:00,0.0,12.813,3.443835,0.0,0.0,0.0
2023-12-15 22:30:00,0.0,12.913,3.6067252,0.0,0.0,0.0
2023-12-15 23:00:00,0.0,13.013,3.7696154,0.0,0.0,0.0
2023-12-15 23:30:00,0.0,13.038,3.5848077,0.0,0.0,0.0
2023-12-16 00:00:00,0.0,13.063,3.4,0.0,0.0,0.0
2023-12-16 00:30:00,0.0,13.013,3.362077,0.0,0.0,0.0
2023-12-16 01:00:00,0.0,12.963,3.324154,0.0,0.0,0.0
2023-12-16 01:30:00,0.0,13.138,3.2899591,0.0,0.0,0.0
2023-12-16 02:00:00,0.0,13.313,3.2557642,0.0,0.0,0.0
2023-12-16 02:30:00,0.0,13.838,3.6359906,0.0,0.0,0.0
2023-12-16 03:00:00,0.0,14.363,4.016217,0.0,0.0,0.0
2023-12-16 03:30:00,0.0,14.263,3.6459425,0.0,0.0,0.0
2023-12-16 04:00:00,0.0,14.163,3.275668,0.0,0.0,0.0
2023-12-16 04:30:00,0.0,13.913,2.99614185,0.0,0.0,0.0
2023-12-16 05:00:00,0.0,13.663,2.7166157,0.0,0.0,0.0
2023-12-16 05:30:00,0.0,13.388,2.75830785,0.0,0.0,0.0
2023-12-16 06:00:00,0.0,13.113,2.8,0.0,0.0,0.0
2023-12-16 06:30:00,0.0,12.963,2.85344425,0.0,0.0,0.0
2023-12-16 07:00:00,0.0,12.813,2.9068885,0.0,0.0,0.0
2023-12-16 07:30:00,8.656,12.788,2.9576052500000003,17.160245,11.4401635,33.22632
2023-12-16 08:00:00,50.41,12.763,3.008322,34.32049,22.880327,66.45264
2023-12-16 08:30:00,29.935,13.063,3.204161,91.67368,50.4710085,221.176105
2023-12-16 09:00:00,24.514,13.363,3.4,149.02687,78.06169,375.89957
2023-12-16 09:30:00,468.304,13.738,3.2008330000000003,222.980185,93.448935,468.060085
2023-12-16 10:00:00,597.54,14.113,3.001666,296.9335,108.83618,560.2206
2023-12-16 10:30:00,713.9749999999999,14.713,3.1568826000000003,342.851865,112.679175,586.44523
2023-12-16 11:00:00,170.897,15.313,3.3120992,388.77023,116.52217,612.66986
2023-12-16 11:30:00,792.021,15.963,3.6034838,423.4447300000001,112.8236,650.36528
2023-12-16 12:00:00,467.129,16.613,3.8948684,458.11923,109.12503,688.0607
2023-12-16 12:30:00,57.179,16.938000000000002,3.8579314,469.529095,99.619935,719.80263
2023-12-16 13:00:00,209.904,17.263,3.8209944,480.93896,90.11484,751.54456
2023-12-16 13:30:00,693.1080000000001,17.138,3.9659777,453.50885,85.812775,733.25821
2023-12-16 14:00:00,654.081,17.013,4.110961,426.07874,81.51071,714.97186
2023-12-16 14:30:00,557.818,17.038001,3.8589493,363.23024,76.169675,647.67598
2023-12-16 15:00:00,474.407,17.063002,3.6069376,300.38174,70.82864,580.3801
2023-12-16 15:30:00,331.35900000000004,16.463001,2.5650461,226.135665,58.94650849999999,486.72649
2023-12-16 16:00:00,186.949,15.863,1.5231546,151.88959,47.064377,393.07288
2023-12-16 16:30:00,75.02699999999999,14.588,1.2615773,80.3593965,25.6015328,210.477764
2023-12-16 17:00:00,8.244,13.313,1.0,8.829203,4.1386886,27.882648
2023-12-16 17:30:00,0.0,12.238,1.215891,4.4146015,2.0693443,13.941323999999998
2023-12-16 18:00:00,0.0,11.163,1.431782,0.0,0.0,0.0
2023-12-16 18:30:00,0.0,11.163,1.2183848,0.0,0.0,0.0
2023-12-16 19:00:00,0.0,11.163,1.0049876,0.0,0.0,0.0
2023-12-16 19:30:00,0.0,10.788,1.07258155,0.0,0.0,0.0
2023-12-16 20:00:00,0.0,10.413,1.1401755,0.0,0.0,0.0
2023-12-16 20:30:00,0.0,10.438,1.5318569,0.0,0.0,0.0
2023-12-16 21:00:00,0.0,10.463,1.9235383,0.0,0.0,0.0
2023-12-16 21:30:00,0.0,10.413,2.05378565,0.0,0.0,0.0
2023-12-16 22:00:00,0.0,10.363,2.184033,0.0,0.0,0.0
2023-12-16 22:30:00,0.0,10.088,2.0628409,0.0,0.0,0.0
2023-12-16 23:00:00,0.0,9.813,1.9416488,0.0,0.0,0.0
2023-12-16 23:30:00,0.0,10.188,1.92213925,0.0,0.0,0.0
2023-12-17 00:00:00,0.0,10.563,1.9026297,0.0,0.0,0.0
2023-12-17 00:30:00,0.0,10.313,2.27984785,0.0,0.0,0.0
2023-12-17 01:00:00,0.0,10.063,2.657066,0.0,0.0,0.0
2023-12-17 01:30:00,0.0,10.488,3.3385082,0.0,0.0,0.0
2023-12-17 02:00:00,0.0,10.913,4.0199504,0.0,0.0,0.0
2023-12-17 02:30:00,0.0,11.138,4.329458,0.0,0.0,0.0
2023-12-17 03:00:00,0.0,11.363,4.6389656,0.0,0.0,0.0
2023-12-17 03:30:00,0.0,11.138,4.6885543,0.0,0.0,0.0
2023-12-17 04:00:00,0.0,10.913,4.738143,0.0,0.0,0.0
2023-12-17 04:30:00,0.0,10.638,5.030838,0.0,0.0,0.0
2023-12-17 05:00:00,0.0,10.363,5.323533,0.0,0.0,0.0
2023-12-17 05:30:00,0.0,10.213,5.5892229,0.0,0.0,0.0
2023-12-17 06:00:00,0.0,10.063,5.8549128,0.0,0.0,0.0
2023-12-17 06:30:00,0.0,10.238,5.94241905,0.0,0.0,0.0
2023-12-17 07:00:00,0.0,10.413,6.0299253,0.0,0.0,0.0
2023-12-17 07:30:00,4.544,10.263,6.0253613,8.0344725,8.0344725,0.0
2023-12-17 08:00:00,24.017,10.113,6.0207973,16.068945,16.068945,0.0
2023-12-17 08:30:00,82.643,10.288,6.19237915,52.1807725,44.3483675,41.907112
2023-12-17 09:00:00,86.124,10.463,6.363961,88.2926,72.62779,83.814224
2023-12-17 09:30:00,89.054,10.713,6.7047635,126.458165,89.60935,128.755867
2023-12-17 10:00:00,126.09,10.963,7.045566,164.62373,106.59091,173.69751
2023-12-17 10:30:00,199.627,11.088,7.2312195,202.175575,125.758515,193.840345
2023-12-17 11:00:00,180.876,11.213,7.416873,239.72742,144.92612,213.98318
2023-12-17 11:30:00,282.447,11.413,7.22127,273.325075,154.343455,248.381255
2023-12-17 12:00:00,275.527,11.613,7.025667,306.92273,163.76079,282.77933
2023-12-17 12:30:00,117.764,11.563,7.27481425,297.50699,167.13189,254.563205
2023-12-17 13:00:00,118.186,11.513,7.5239615,288.09125,170.50299,226.34708
2023-12-17 13:30:00,146.15,11.363,7.57806525,276.560745,159.849165,233.373905
2023-12-17 14:00:00,95.056,11.213,7.632169,265.03024,149.19534,240.40073
2023-12-17 14:30:00,81.574,10.963,7.5823825,209.3711,119.857302,200.02089
2023-12-17 15:00:00,43.863,10.713,7.532596,153.71196,90.519264,159.64105
2023-12-17 15:30:00,90.679,10.338,7.5872925,124.364807,75.622417,143.95023
2023-12-17 16:00:00,47.915,9.963,7.641989,95.017654,60.72557,128.25941
2023-12-17 16:30:00,15.372,9.788,7.086342999999999,50.081688,32.1270324,68.949247
2023-12-17 17:00:00,3.563,9.613,6.530697,5.145722,3.5284948,9.639084
2023-12-17 17:30:00,0.0,9.638,6.5413979,2.572861,1.7642474,4.819542
2023-12-17 18:00:00,0.0,9.663,6.5520988,0.0,0.0,0.0
2023-12-17 18:30:00,0.0,9.613,6.3941417,0.0,0.0,0.0
2023-12-17 19:00:00,0.0,9.563,6.2361846,0.0,0.0,0.0
2023-12-17 19:30:00,0.0,9.488,6.1264143,0.0,0.0,0.0
2023-12-17 20:00:00,0.0,9.413,6.016644,0.0,0.0,0.0
2023-12-17 20:30:00,0.0,9.363,5.736874800000001,0.0,0.0,0.0
2023-12-17 21:00:00,0.0,9.313,5.4571056,0.0,0.0,0.0
2023-12-17 21:30:00,0.0,9.263,5.3116710000000005,0.0,0.0,0.0
2023-12-17 22:00:00,0.0,9.213,5.1662364,0.0,0.0,0.0
2023-12-17 22:30:00,0.0,9.338,5.1662364,0.0,0.0,0.0
2023-12-17 23:00:00,0.0,9.463,5.1662364,0.0,0.0,0.0
2023-12-17 23:30:00,0.0,9.363,5.0741019000000005,0.0,0.0,0.0
2023-12-18 00:00:00,0.0,9.263,4.9819674,0.0,0.0,0.0
2023-12-18 00:30:00,0.0,9.238,5.0019597000000005,0.0,0.0,0.0
2023-12-18 01:00:00,0.0,9.213,5.021952,0.0,0.0,0.0
2023-12-18 01:30:00,0.0,9.288,5.228051799999999,0.0,0.0,0.0
2023-12-18 02:00:00,0.0,9.363,5.4341516,0.0,0.0,0.0
2023-12-18 02:30:00,0.0,9.313,5.4684388,0.0,0.0,0.0
2023-12-18 03:00:00,0.0,9.263,5.502726,0.0,0.0,0.0
2023-12-18 03:30:00,0.0,9.238,5.62973065,0.0,0.0,0.0
2023-12-18 04:00:00,0.0,9.213,5.7567353,0.0,0.0,0.0
2023-12-18 04:30:00,0.0,9.138,5.7718949,0.0,0.0,0.0
2023-12-18 05:00:00,0.0,9.063,5.7870545,0.0,0.0,0.0
2023-12-18 05:30:00,0.0,9.038,5.75752805,0.0,0.0,0.0
2023-12-18 06:00:00,0.0,9.013,5.7280016,0.0,0.0,0.0
2023-12-18 06:30:00,0.0,8.937999999999999,5.556582949999999,0.0,0.0,0.0
2023-12-18 07:00:00,0.0,8.863,5.3851643,0.0,0.0,0.0
2023-12-18 07:30:00,0.802,8.963000000000001,5.1664455,10.36367,8.0606325,13.380328
2023-12-18 08:00:00,10.287,9.063,4.9477267,20.72734,16.121265,26.760656
2023-12-18 08:30:00,32.961,9.438,5.36003735,90.373145,56.6378155,183.187108
2023-12-18 09:00:00,52.57000000000001,9.813,5.772348,160.01895,97.154366,339.61356
2023-12-18 09:30:00,82.035,10.263,6.22159,220.509025,115.566418,390.85573
2023-12-18 10:00:00,106.563,10.713,6.670832,280.9991,133.97847,442.0979
2023-12-18 10:30:00,140.38,11.113,6.71957,326.40145,148.76425999999998,456.732725
2023-12-18 11:00:00,162.12,11.513,6.768308,371.8038,163.55005,471.36755
2023-12-18 11:30:00,120.081,11.738,6.7311677,421.34796,152.87252,560.848725
2023-12-18 12:00:00,225.056,11.963,6.6940274,470.89212,142.19499,650.3299
2023-12-18 12:30:00,264.869,12.163,6.5250632,478.06978,126.974475,684.921875
2023-12-18 13:00:00,373.914,12.363,6.356099,485.24744,111.75396,719.51385
2023-12-18 13:30:00,210.783,12.388,6.356099,455.39583,106.868115,695.501425
2023-12-18 14:00:00,145.08,12.413,6.356099,425.54422,101.98227,671.489
2023-12-18 14:30:00,142.504,12.163,6.375705,355.91455,95.002095,585.90896
2023-12-18 15:00:00,84.82199999999999,11.913,6.395311,286.28488,88.02192,500.32892
2023-12-18 15:30:00,86.57900000000001,11.638,6.280673500000001,216.15583,72.2857535,417.010025
2023-12-18 16:00:00,59.236,11.363,6.166036,146.02678,56.549587,333.69113
2023-12-18 16:30:00,40.169,10.938,5.749945,77.944826,30.8579267,180.879948
2023-12-18 17:00:00,13.671,10.513,5.333854,9.862872,5.1662664,28.068766
2023-12-18 17:30:00,0.0,10.163,5.04284775,4.931436,2.5831332,14.034383
2023-12-18 18:00:00,0.0,9.813,4.7518415,0.0,0.0,0.0
2023-12-18 18:30:00,0.0,9.688,4.74499225,0.0,0.0,0.0
2023-12-18 19:00:00,0.0,9.563,4.738143,0.0,0.0,0.0
2023-12-18 19:30:00,0.0,9.538,4.6461310000000005,0.0,0.0,0.0
2023-12-18 20:00:00,0.0,9.513,4.554119,0.0,0.0,0.0
2023-12-18 20:30:00,0.0,9.488,4.46395225,0.0,0.0,0.0
2023-12-18 21:00:00,0.0,9.463,4.3737855,0.0,0.0,0.0
2023-12-18 21:30:00,0.0,9.363,4.2755525,0.0,0.0,0.0
2023-12-18 22:00:00,0.0,9.263,4.1773195,0.0,0.0,0.0
2023-12-18 22:30:00,0.0,8.988,3.96282625,0.0,0.0,0.0
2023-12-18 23:00:00,0.0,8.713,3.748333,0.0,0.0,0.0
2023-12-18 23:30:00,0.0,8.488,3.6419335,0.0,0.0,0.0
2023-12-19 00:00:00,0.0,8.263,3.535534,0.0,0.0,0.0
2023-12-19 00:30:00,0.0,8.063,3.4940347000000003,0.0,0.0,0.0
2023-12-19 01:00:00,0.0,7.863,3.4525354,0.0,0.0,0.0
2023-12-19 01:30:00,0.0,7.763,3.4033187,0.0,0.0,0.0
2023-12-19 02:00:00,0.0,7.663,3.354102,0.0,0.0,0.0
2023-12-19 02:30:00,0.0,7.988,3.280173,0.0,0.0,0.0
2023-12-19 03:00:00,0.0,8.313,3.206244,0.0,0.0,0.0
2023-12-19 03:30:00,0.0,8.238,3.3148463,0.0,0.0,0.0
2023-12-19 04:00:00,0.0,8.163,3.4234486,0.0,0.0,0.0
2023-12-19 04:30:00,0.0,8.113,3.4731158,0.0,0.0,0.0
2023-12-19 05:00:00,0.0,8.063,3.522783,0.0,0.0,0.0
2023-12-19 05:30:00,0.0,7.988,3.53691955,0.0,0.0,0.0
2023-12-19 06:00:00,0.0,7.913,3.5510561,0.0,0.0,0.0
2023-12-19 06:30:00,0.0,7.963,3.48725235,0.0,0.0,0.0
2023-12-19 07:00:00,0.0,8.013,3.4234486,0.0,0.0,0.0
2023-12-19 07:30:00,12.608,8.113,3.3396064,17.328395,10.3970375,40.2603875
2023-12-19 08:00:00,88.518,8.213,3.2557642,34.65679,20.794075,80.520775
2023-12-19 08:30:00,263.416,9.513,3.3635376,119.09168,49.0957525,384.0998025
2023-12-19 09:00:00,403.737,10.813,3.471311,203.52657,77.39743,687.67883
2023-12-19 09:30:00,559.023,11.763,3.38034385,274.459785,88.54925,714.8539149999999
2023-12-19 10:00:00,646.446,12.713,3.2893767,345.393,99.70107,742.029
2023-12-19 10:30:00,689.103,13.263,3.39111335,391.43826,107.127055,737.4024999999999
2023-12-19 11:00:00,341.029,13.813,3.49285,437.48352,114.55304,732.776
2023-12-19 11:30:00,298.412,14.113,3.5801371,462.022295,117.581225,728.9257
2023-12-19 12:00:00,406.777,14.413,3.6674242,486.56107,120.60941,725.0754
2023-12-19 12:30:00,984.977,14.663,3.5107631,498.751785,108.3587975,762.3467499999999
2023-12-19 13:00:00,452.616,14.913,3.354102,510.9425,96.108185,799.6181
2023-12-19 13:30:00,712.953,14.988,3.2871751,477.62054,90.25782,773.1539
2023-12-19 14:00:00,507.58,15.063,3.2202482,444.29858,84.407455,746.6897
2023-12-19 14:30:00,567.94,15.063,3.2202482,381.65034,78.97877249999999,682.64195
2023-12-19 15:00:00,493.899,15.063,3.2202482,319.0021,73.55009,618.5942
2023-12-19 15:30:00,343.834,14.513,3.38353885,236.9682,65.46658,490.6085
2023-12-19 16:00:00,194.999,13.963,3.5468295,154.9343,57.38307,362.6228
2023-12-19 16:30:00,77.858,12.838,3.04816965,83.54410750000001,31.438652750000003,201.266125
2023-12-19 17:00:00,9.023,11.713,2.5495098,12.153915,5.4942355,39.90945
2023-12-19 17:30:00,0.0,10.838,2.26090905,6.076957499999999,2.74711775,19.954725
2023-12-19 18:00:00,0.0,9.963,1.9723083,0.0,0.0,0.0
2023-12-19 18:30:00,0.0,9.563,1.7767235499999998,0.0,0.0,0.0
2023-12-19 19:00:00,0.0,9.163,1.5811388,0.0,0.0,0.0
2023-12-19 19:30:00,0.0,8.538,1.7562297999999998,0.0,0.0,0.0
2023-12-19 20:00:00,0.0,7.913,1.9313208,0.0,0.0,0.0
2023-12-19 20:30:00,0.0,8.488,1.8200608,0.0,0.0,0.0
2023-12-19 21:00:00,0.0,9.063,1.7088008,0.0,0.0,0.0
2023-12-19 21:30:00,0.0,8.988,1.45648015,0.0,0.0,0.0
2023-12-19 22:00:00,0.0,8.913,1.2041595,0.0,0.0,0.0
2023-12-19 22:30:00,0.0,8.413,0.89362735,0.0,0.0,0.0
2023-12-19 23:00:00,0.0,7.913,0.5830952,0.0,0.0,0.0
2023-12-19 23:30:00,0.0,6.86299985,0.60777535,0.0,0.0,0.0
2023-12-20 00:00:00,0.0,5.8129997,0.6324555,0.0,0.0,0.0
2023-12-20 00:30:00,0.0,5.63799985,1.0924365,0.0,0.0,0.0
2023-12-20 01:00:00,0.0,5.463,1.5524175,0.0,0.0,0.0
2023-12-20 01:30:00,0.0,5.313000000000001,1.69544755,0.0,0.0,0.0
2023-12-20 02:00:00,0.0,5.163,1.8384776,0.0,0.0,0.0
2023-12-20 02:30:00,0.0,6.33799975,2.10456575,0.0,0.0,0.0
2023-12-20 03:00:00,0.0,7.5129995,2.3706539,0.0,0.0,0.0
2023-12-20 03:30:00,0.0,7.68799975,2.4383234500000004,0.0,0.0,0.0
2023-12-20 04:00:00,0.0,7.863,2.505993,0.0,0.0,0.0
2023-12-20 04:30:00,0.0,7.91300015,2.404083,0.0,0.0,0.0
2023-12-20 05:00:00,0.0,7.9630003,2.302173,0.0,0.0,0.0
2023-12-20 05:30:00,0.0,7.8629999,2.1510865,0.0,0.0,0.0
2023-12-20 06:00:00,0.0,7.7629995,2.0,0.0,0.0,0.0
2023-12-20 06:30:00,0.0,7.5379996,1.7433033999999998,0.0,0.0,0.0
2023-12-20 07:00:00,0.0,7.3129997,1.4866068,0.0,0.0,0.0
2023-12-20 07:30:00,6.132000000000001,7.23799985,1.5947727,17.383066,10.429839,40.36939
2023-12-20 08:00:00,103.996,7.163,1.7029386,34.766132,20.859678,80.73878
2023-12-20 08:30:00,259.891,8.413,1.81193795,119.458176,47.809459,396.18119
2023-12-20 09:00:00,112.262,9.663,1.9209373,204.15022,74.75924,711.6236
2023-12-20 09:30:00,188.42,11.013,2.1017399,264.25586,86.093255,699.8847000000001
2023-12-20 10:00:00,574.573,12.363,2.2825425,324.3615,97.42727,688.1458
2023-12-20 10:30:00,703.325,13.088,3.02076575,381.5944,107.11478,710.262565
2023-12-20 11:00:00,717.273,13.813,3.758989,438.8273,116.80229,732.37933
2023-12-20 11:30:00,739.5769999999999,14.288,3.6822701,451.454665,131.622975,681.24374
2023-12-20 12:00:00,801.4100000000001,14.763,3.6055512,464.08203,146.44366,630.10815
2023-12-20 12:30:00,786.5360000000001,15.0879995,3.9051551,491.049835,118.352155,727.466675
2023-12-20 13:00:00,827.6840000000001,15.412999,4.204759,518.01764,90.26065,824.8252
2023-12-20 13:30:00,250.445,15.2129995,3.794272,447.39406,105.914725,677.02652
2023-12-20 14:00:00,737.891,15.013,3.383785,376.77048,121.5688,529.22784
2023-12-20 14:30:00,227.339,14.938,3.7018677,327.898425,98.4444,520.90302
2023-12-20 15:00:00,82.036,14.863,4.0199504,279.02637,75.32,512.5782
2023-12-20 15:30:00,91.921,13.913,3.8127508,186.955667,66.4130175,325.51486
2023-12-20 16:00:00,17.958000000000002,12.963,3.6055512,94.884964,57.506035,138.45152
2023-12-20 16:30:00,2.39,12.413,3.1114008,48.6799164,29.9904519,69.22576
2023-12-20 17:00:00,0.3219999999999999,11.863,2.6172504,2.4748688,2.4748688,0.0
2023-12-20 17:30:00,0.0,11.538,2.3586252,1.2374344,1.2374344,0.0
2023-12-20 18:00:00,0.0,11.213,2.1,0.0,0.0,0.0
2023-12-20 18:30:00,0.0,11.188,2.1235455,0.0,0.0,0.0
2023-12-20 19:00:00,0.0,11.163,2.147091,0.0,0.0,0.0
2023-12-20 19:30:00,0.0,11.238,2.17013115,0.0,0.0,0.0
2023-12-20 20:00:00,0.0,11.313,2.1931713,0.0,0.0,0.0
2023-12-20 20:30:00,0.0,11.288,2.44751135,0.0,0.0,0.0
2023-12-20 21:00:00,0.0,11.263,2.7018514,0.0,0.0,0.0
2023-12-20 21:30:00,0.0,11.088,2.8806316,0.0,0.0,0.0
2023-12-20 22:00:00,0.0,10.913,3.0594118,0.0,0.0,0.0
2023-12-20 22:30:00,0.0,10.838,2.93327275,0.0,0.0,0.0
2023-12-20 23:00:00,0.0,10.763,2.8071337,0.0,0.0,0.0
2023-12-20 23:30:00,0.0,10.838,2.76830125,0.0,0.0,0.0
2023-12-21 00:00:00,0.0,10.913,2.7294688,0.0,0.0,0.0
2023-12-21 00:30:00,0.0,10.838,2.6306332,0.0,0.0,0.0
2023-12-21 01:00:00,0.0,10.763,2.5317976,0.0,0.0,0.0
2023-12-21 01:30:00,0.0,10.863,2.5028305,0.0,0.0,0.0
2023-12-21 02:00:00,0.0,10.963,2.4738634,0.0,0.0,0.0
2023-12-21 02:30:00,0.0,11.188,3.49801555,0.0,0.0,0.0
2023-12-21 03:00:00,0.0,11.413,4.5221677,0.0,0.0,0.0
2023-12-21 03:30:00,0.0,10.913,3.51108385,0.0,0.0,0.0
2023-12-21 04:00:00,0.0,10.413,2.5,0.0,0.0,0.0
2023-12-21 04:30:00,0.0,9.913,1.809017,0.0,0.0,0.0
2023-12-21 05:00:00,0.0,9.413,1.118034,0.0,0.0,0.0
2023-12-21 05:30:00,0.0,9.563,1.58858,0.0,0.0,0.0
2023-12-21 06:00:00,0.0,9.713,2.059126,0.0,0.0,0.0
2023-12-21 06:30:00,0.0,9.663,2.5428375,0.0,0.0,0.0
2023-12-21 07:00:00,0.0,9.613,3.026549,0.0,0.0,0.0
2023-12-21 07:30:00,1.212,9.613,2.86697325,6.974495000000001,6.974495000000001,0.0
2023-12-21 08:00:00,17.8,9.613,2.7073975,13.94899,13.94899,0.0
2023-12-21 08:30:00,11.62,9.588,2.302382,48.06854500000001,44.46380500000001,19.987785
2023-12-21 09:00:00,20.378,9.563,1.8973665,82.1881,74.97862,39.97557
2023-12-21 09:30:00,43.998000000000005,10.388,2.31433325,197.488,99.333305,307.75866
2023-12-21 10:00:00,290.109,11.213,2.7313,312.7879,123.68799,575.54175
2023-12-21 10:30:00,839.9389999999999,11.738,2.60762425,334.97145,148.675255,496.846605
2023-12-21 11:00:00,748.219,12.263,2.4839485,357.155,173.66252,418.15146
2023-12-21 11:30:00,797.5809999999999,12.313,3.08181125,363.25682,161.115675,428.28173
2023-12-21 12:00:00,747.532,12.363,3.679674,369.35864,148.56883,438.412
2023-12-21 12:30:00,180.972,12.688,3.7536029,385.3943,155.7482,449.18505
2023-12-21 13:00:00,190.391,13.013,3.8275318,401.42996,162.92757,459.9581
2023-12-21 13:30:00,202.362,12.463,3.86376585,294.489965,141.349795,300.207015
2023-12-21 14:00:00,65.814,11.913,3.8999999,187.54997,119.77202,140.45593
2023-12-21 14:30:00,101.508,12.413,2.8719544,192.712935,124.13143,157.36437999999998
2023-12-21 15:00:00,77.40599999999999,12.913,1.8439089,197.8759,128.49084,174.27283
2023-12-21 15:30:00,47.544,12.738,1.33426502,156.571695,93.7827125,190.80173
2023-12-21 16:00:00,61.711,12.563,0.82462114,115.26749,59.074585,207.33063
2023-12-21 16:30:00,91.635,11.713,0.8866522,63.3479805,32.534924,120.033416
2023-12-21 17:00:00,8.911000000000001,10.863,0.94868326,11.428471,5.995263,32.736202
2023-12-21 17:30:00,0.0,10.663,0.54505231,5.7142355,2.9976315,16.368101
2023-12-21 18:00:00,0.0,10.463,0.14142136,0.0,0.0,0.0
2023-12-21 18:30:00,0.0,9.513,0.5854921799999999,0.0,0.0,0.0
2023-12-21 19:00:00,0.0,8.563,1.029563,0.0,0.0,0.0
2023-12-21 19:30:00,0.0,8.13800015,0.98912313,0.0,0.0,0.0
2023-12-21 20:00:00,0.0,7.7130003,0.94868326,0.0,0.0,0.0
2023-12-21 20:30:00,0.0,7.91300015,0.966784505,0.0,0.0,0.0
2023-12-21 21:00:00,0.0,8.113,0.98488575,0.0,0.0,0.0
2023-12-21 21:30:00,0.0,8.263,1.044710875,0.0,0.0,0.0
2023-12-21 22:00:00,0.0,8.413,1.104536,0.0,0.0,0.0
2023-12-21 22:30:00,0.0,8.413,1.02396705,0.0,0.0,0.0
2023-12-21 23:00:00,0.0,8.413,0.9433981,0.0,0.0,0.0
2023-12-21 23:30:00,0.0,7.938000150000001,0.52169905,0.0,0.0,0.0
2023-12-22 00:00:00,0.0,7.4630003,0.1,0.0,0.0,0.0
2023-12-22 00:30:00,0.0,7.41300015,0.1,0.0,0.0,0.0
2023-12-22 01:00:00,0.0,7.363,0.1,0.0,0.0,0.0
2023-12-22 01:30:00,0.0,7.313000000000001,0.2,0.0,0.0,0.0
2023-12-22 02:00:00,0.0,7.263,0.3,0.0,0.0,0.0
2023-12-22 02:30:00,0.0,7.688,0.8517834,0.0,0.0,0.0
2023-12-22 03:00:00,0.0,8.113,1.4035668,0.0,0.0,0.0
2023-12-22 03:30:00,0.0,8.163,1.5749958999999998,0.0,0.0,0.0
2023-12-22 04:00:00,0.0,8.213,1.746425,0.0,0.0,0.0
2023-12-22 04:30:00,0.0,8.163,1.4773648,0.0,0.0,0.0
2023-12-22 05:00:00,0.0,8.113,1.2083046,0.0,0.0,0.0
2023-12-22 05:30:00,0.0,7.812999749999999,1.1872475,0.0,0.0,0.0
2023-12-22 06:00:00,0.0,7.5129995,1.1661904,0.0,0.0,0.0
2023-12-22 06:30:00,0.0,7.0129997500000005,1.2989862,0.0,0.0,0.0
2023-12-22 07:00:00,0.0,6.513,1.431782,0.0,0.0,0.0
2023-12-22 07:30:00,5.859,6.763,1.215891,15.155759,9.326621,33.795208
2023-12-22 08:00:00,102.378,7.013,1.0,30.311518,18.653242,67.590416
2023-12-22 08:30:00,245.131,8.663,1.28262375,110.586234,45.4745285,365.011558
2023-12-22 09:00:00,388.653,10.313,1.5652475,190.86095,72.295815,662.4327
2023-12-22 09:30:00,496.869,11.763,1.9929956,271.01727500000004,77.8125775,740.1838499999999
2023-12-22 10:00:00,576.532,13.213,2.4207437,351.1736,83.32934,817.935
2023-12-22 10:30:00,652.47,13.838,3.28220685,401.7964500000001,90.294282,814.344425
2023-12-22 11:00:00,678.692,14.463,4.14367,452.4193,97.259224,810.75385
2023-12-22 11:30:00,837.393,14.688,4.6001745,424.89892,138.426837,621.7567
2023-12-22 12:00:00,336.569,14.913,5.056679,397.37854,179.59445,432.75955
2023-12-22 12:30:00,554.077,15.113,5.53666125,426.97786,160.98398500000002,519.3290549999999
2023-12-22 13:00:00,693.1030000000001,15.313,6.0166435,456.57718,142.37352,605.89856
2023-12-22 13:30:00,812.5989999999999,15.113,6.100651,428.472975,127.8514825,600.087095
2023-12-22 14:00:00,474.158,14.913,6.1846585,400.36877,113.329445,594.27563
2023-12-22 14:30:00,638.0319999999999,14.788,6.07310105,342.92836,96.1014975,556.0763850000001
2023-12-22 15:00:00,157.727,14.663,5.9615436,285.48795,78.87355,517.87714
2023-12-22 15:30:00,64.432,14.113,5.590848299999999,218.922625,63.626205,449.95644
2023-12-22 16:00:00,108.831,13.563,5.220153,152.3573,48.37886,382.03574
2023-12-22 16:30:00,42.53199999999999,12.988,5.04780085,82.420641,27.8553612,206.58026
2023-12-22 17:00:00,17.803,12.413,4.8754487,12.483982,7.3318624,31.12478
2023-12-22 17:30:00,0.0,11.863,4.58481535,6.241990999999999,3.6659312,15.56239
2023-12-22 18:00:00,0.0,11.313,4.294182,0.0,0.0,0.0
2023-12-22 18:30:00,0.0,11.313,4.29767235,0.0,0.0,0.0
2023-12-22 19:00:00,0.0,11.313,4.3011627,0.0,0.0,0.0
2023-12-22 19:30:00,0.0,11.238,4.32141065,0.0,0.0,0.0
2023-12-22 20:00:00,0.0,11.163,4.3416586,0.0,0.0,0.0
2023-12-22 20:30:00,0.0,11.363,4.10279715,0.0,0.0,0.0
2023-12-22 21:00:00,0.0,11.563,3.8639357,0.0,0.0,0.0
2023-12-22 21:30:00,0.0,11.463,3.1413065,0.0,0.0,0.0
2023-12-22 22:00:00,0.0,11.363,2.4186773,0.0,0.0,0.0
2023-12-22 22:30:00,0.0,10.563,1.9741916,0.0,0.0,0.0
2023-12-22 23:00:00,0.0,9.763,1.5297059,0.0,0.0,0.0
2023-12-22 23:30:00,0.0,8.73800015,1.01980392,0.0,0.0,0.0
2023-12-23 00:00:00,0.0,7.7130003,0.50990194,0.0,0.0,0.0
2023-12-23 00:30:00,0.0,7.33800015,0.95137032,0.0,0.0,0.0
2023-12-23 01:00:00,0.0,6.963,1.3928387,0.0,0.0,0.0
2023-12-23 01:30:00,0.0,7.13799985,1.09953225,0.0,0.0,0.0
2023-12-23 02:00:00,0.0,7.3129997,0.8062258,0.0,0.0,0.0
2023-12-23 02:30:00,0.0,8.18799985,1.38926705,0.0,0.0,0.0
2023-12-23 03:00:00,0.0,9.063,1.9723083,0.0,0.0,0.0
2023-12-23 03:30:00,0.0,8.538,1.7294575499999998,0.0,0.0,0.0
2023-12-23 04:00:00,0.0,8.013,1.4866068,0.0,0.0,0.0
2023-12-23 04:30:00,0.0,7.963,1.42337695,0.0,0.0,0.0
2023-12-23 05:00:00,0.0,7.913,1.3601471,0.0,0.0,0.0
2023-12-23 05:30:00,0.0,7.688000150000001,1.2631687500000002,0.0,0.0,0.0
2023-12-23 06:00:00,0.0,7.4630003,1.1661904,0.0,0.0,0.0
2023-12-23 06:30:00,0.0,7.263,0.85235343,0.0,0.0,0.0
2023-12-23 07:00:00,0.0,7.0629997,0.53851646,0.0,0.0,0.0
2023-12-23 07:30:00,5.966,7.2879996,0.4754135149999999,14.0292435,10.5219325,20.3167
2023-12-23 08:00:00,71.48599999999999,7.5129995,0.41231057,28.058487,21.043865,40.6334
2023-12-23 08:30:00,233.28500000000005,9.11299975,0.5263115,104.6359885,53.2883125,289.472765
2023-12-23 09:00:00,377.858,10.713,0.64031243,181.21349,85.53276,538.31213
2023-12-23 09:30:00,498.333,12.238,0.6807113650000001,265.752745,87.44648000000001,668.753915
2023-12-23 10:00:00,590.967,13.763,0.7211103,350.292,89.3602,799.1957
2023-12-23 10:30:00,662.178,14.438,0.91957215,409.671025,88.41437,835.7597000000001
2023-12-23 11:00:00,707.375,15.113,1.118034,469.05005,87.46854,872.3237
2023-12-23 11:30:00,737.652,15.638,1.12910475,495.763795,86.5856875,870.33098
2023-12-23 12:00:00,748.3979999999999,16.163,1.1401755,522.47754,85.702835,868.33826
2023-12-23 12:30:00,744.056,16.738001,0.86163535,516.13988,85.58050549999999,843.1864049999999
2023-12-23 13:00:00,732.2690000000001,17.313002,0.5830952,509.80222,85.458176,818.03455
2023-12-23 13:30:00,794.5509999999999,17.588001,0.36225828,473.774585,83.622648,777.074275
2023-12-23 14:00:00,161.725,17.863,0.14142136,437.74695,81.78712,736.114
2023-12-23 14:30:00,152.834,17.7880005,0.47071068,374.610175,77.78985750000001,665.2429999999999
2023-12-23 15:00:00,190.936,17.713001,0.8,311.4734,73.792595,594.372
2023-12-23 15:30:00,168.824,17.1880005,0.47071068,241.14166,59.69508,526.182415
2023-12-23 16:00:00,35.776,16.663,0.14142136,170.80992,45.597565,457.99283
2023-12-23 16:30:00,27.965,15.363,0.68103848,93.561722,26.2497205,257.498683
2023-12-23 17:00:00,9.413,14.063,1.2206556,16.313524,6.901876,57.004536
2023-12-23 17:30:00,0.0,13.363,1.1603278,8.156762,3.450938,28.502268
2023-12-23 18:00:00,0.0,12.663,1.1,0.0,0.0,0.0
2023-12-23 18:30:00,0.0,11.113,0.903553385,0.0,0.0,0.0
2023-12-23 19:00:00,0.0,9.563,0.70710677,0.0,0.0,0.0
2023-12-23 19:30:00,0.0,9.413,0.6535533849999999,0.0,0.0,0.0
2023-12-23 20:00:00,0.0,9.263,0.6,0.0,0.0,0.0
2023-12-23 20:30:00,0.0,9.213,0.90827625,0.0,0.0,0.0
2023-12-23 21:00:00,0.0,9.163,1.2165525,0.0,0.0,0.0
2023-12-23 21:30:00,0.0,8.56300015,1.11077005,0.0,0.0,0.0
2023-12-23 22:00:00,0.0,7.9630003,1.0049876,0.0,0.0,0.0
2023-12-23 22:30:00,0.0,7.58800015,1.0547618,0.0,0.0,0.0
2023-12-23 23:00:00,0.0,7.213,1.104536,0.0,0.0,0.0
2023-12-23 23:30:00,0.0,7.237999999999999,1.15434775,0.0,0.0,0.0
2023-12-24 00:00:00,0.0,7.263,1.2041595,0.0,0.0,0.0
2023-12-24 00:30:00,0.0,7.03799985,1.4652136,0.0,0.0,0.0
2023-12-24 01:00:00,0.0,6.8129997,1.7262677,0.0,0.0,0.0
2023-12-24 01:30:00,0.0,6.78799985,1.7850883,0.0,0.0,0.0
2023-12-24 02:00:00,0.0,6.763,1.8439089,0.0,0.0,0.0
2023-12-24 02:30:00,0.0,7.588,1.6868074,0.0,0.0,0.0
2023-12-24 03:00:00,0.0,8.413,1.5297059,0.0,0.0,0.0
2023-12-24 03:30:00,0.0,8.163,1.41485295,0.0,0.0,0.0
2023-12-24 04:00:00,0.0,7.913,1.3,0.0,0.0,0.0
2023-12-24 04:30:00,0.0,7.538,1.18851645,0.0,0.0,0.0
2023-12-24 05:00:00,0.0,7.163,1.0770329,0.0,0.0,0.0
2023-12-24 05:30:00,0.0,6.913,0.98573007,0.0,0.0,0.0
2023-12-24 06:00:00,0.0,6.663,0.89442724,0.0,0.0,0.0
2023-12-24 06:30:00,0.0,6.413,0.85032652,0.0,0.0,0.0
2023-12-24 07:00:00,0.0,6.163,0.8062258,0.0,0.0,0.0
2023-12-24 07:30:00,6.035,6.463,0.4531129,15.2383375,9.3774385,33.918315
2023-12-24 08:00:00,106.02100000000002,6.763,0.1,30.476675,18.754877,67.83663
2023-12-24 08:30:00,257.188,8.238,0.403553385,116.2390075,44.2553685,408.289465
2023-12-24 09:00:00,403.132,9.713,0.70710677,202.00134,69.75586,748.7423
2023-12-24 09:30:00,511.588,11.888,0.453553385,281.06097,76.01753500000001,800.96715
2023-12-24 10:00:00,593.05,14.063,0.2,360.1206,82.27921,853.192
2023-12-24 10:30:00,658.5889999999999,14.963,0.66568545,415.792815,84.348115,867.22705
2023-12-24 11:00:00,704.6570000000002,15.863,1.1313709,471.46503,86.41702,881.2621
2023-12-24 11:30:00,732.831,16.463001,1.28679575,498.105415,86.59299999999999,876.098425
2023-12-24 12:00:00,749.909,17.063002,1.4422206,524.7458,86.76898,870.93475
2023-12-24 12:30:00,756.269,17.438002,1.44912125,520.3226500000001,85.147785,851.997725
2023-12-24 13:00:00,724.087,17.813002,1.4560219,515.8995,83.52659,833.0607
2023-12-24 13:30:00,689.212,17.963001,1.53578565,482.049115,80.35302,799.62697
2023-12-24 14:00:00,640.738,18.113,1.6155494,448.19873,77.17945,766.19324
2023-12-24 14:30:00,575.4490000000001,18.213001,1.9479502,387.701505,71.65367499999999,708.70197
2023-12-24 15:00:00,484.916,18.313002,2.280351,327.20428,66.1279,651.2107
2023-12-24 15:30:00,358.43499999999995,17.5130015,2.2218409,249.93951,55.91796,556.6985
2023-12-24 16:00:00,211.868,16.713001,2.1633308,172.67474,45.70802,462.1863
2023-12-24 16:30:00,80.57000000000001,15.0380005,1.8333302,95.041157,26.4897689,261.8667325
2023-12-24 17:00:00,12.538,13.363,1.5033296,17.407574,7.2715178,61.547165
2023-12-24 17:30:00,0.0,13.063,1.61189735,8.703787,3.6357589,30.7735825
2023-12-24 18:00:00,0.0,12.763,1.7204651,0.0,0.0,0.0
2023-12-24 18:30:00,0.0,12.338,1.3212097749999998,0.0,0.0,0.0
2023-12-24 19:00:00,0.0,11.913,0.92195445,0.0,0.0,0.0
2023-12-24 19:30:00,0.0,11.713,0.619091105,0.0,0.0,0.0
2023-12-24 20:00:00,0.0,11.513,0.31622776,0.0,0.0,0.0
2023-12-24 20:30:00,0.0,10.763,0.75811388,0.0,0.0,0.0
2023-12-24 21:00:00,0.0,10.013,1.2,0.0,0.0,0.0
2023-12-24 21:30:00,0.0,9.388,1.3905694,0.0,0.0,0.0
2023-12-24 22:00:00,0.0,8.763,1.5811388,0.0,0.0,0.0
2023-12-24 22:30:00,0.0,8.513,1.52881055,0.0,0.0,0.0
2023-12-24 23:00:00,0.0,8.263,1.4764823,0.0,0.0,0.0
2023-12-24 23:30:00,0.0,8.288,1.501458,0.0,0.0,0.0
2023-12-25 00:00:00,0.0,8.313,1.5264337,0.0,0.0,0.0
2023-12-25 00:30:00,0.0,8.13800015,1.5537861999999998,0.0,0.0,0.0
2023-12-25 01:00:00,0.0,7.9630003,1.5811387,0.0,0.0,0.0
2023-12-25 01:30:00,0.0,7.78800015,1.66521215,0.0,0.0,0.0
2023-12-25 02:00:00,0.0,7.613,1.7492856,0.0,0.0,0.0
2023-12-25 02:30:00,0.0,7.78800015,1.4269108,0.0,0.0,0.0
2023-12-25 03:00:00,0.0,7.9630003,1.104536,0.0,0.0,0.0
2023-12-25 03:30:00,0.0,7.9630003,1.28027895,0.0,0.0,0.0
2023-12-25 04:00:00,0.0,7.9630003,1.4560219,0.0,0.0,0.0
2023-12-25 04:30:00,0.0,7.613000149999999,1.23050475,0.0,0.0,0.0
2023-12-25 05:00:00,0.0,7.263,1.0049876,0.0,0.0,0.0
2023-12-25 05:30:00,0.0,6.988,1.0049876,0.0,0.0,0.0
2023-12-25 06:00:00,0.0,6.713,1.0049876,0.0,0.0,0.0
2023-12-25 06:30:00,0.0,6.438000000000001,1.0615108,0.0,0.0,0.0
2023-12-25 07:00:00,0.0,6.163,1.118034,0.0,0.0,0.0
2023-12-25 07:30:00,5.714,6.688000000000001,1.309017,15.2765665,9.400964,33.96953
2023-12-25 08:00:00,90.426,7.213,1.5,30.553133,18.801928,67.93906
2023-12-25 08:30:00,235.381,8.838,1.7624228,114.3272815,45.816667,390.66828
2023-12-25 09:00:00,378.1110000000001,10.463,2.0248456,198.10143,72.831406,713.3975
2023-12-25 09:30:00,495.164,12.163,1.99476695,270.899865,82.95818299999999,742.3681
2023-12-25 10:00:00,580.0939999999999,13.863,1.9646883,343.6983,93.08496,771.3387
2023-12-25 10:30:00,650.506,14.8879995,2.54439415,399.48486,92.50738,801.8340000000001
2023-12-25 11:00:00,698.835,15.912999,3.1241,455.27142,91.9298,832.3293
2023-12-25 11:30:00,778.214,16.188,3.45215585,458.59224,101.766475,764.4681800000001
2023-12-25 12:00:00,777.478,16.463001,3.7802117,461.91306,111.60315,696.60706
2023-12-25 12:30:00,740.2830000000001,16.4130005,3.9787656,450.179155,106.920755,671.9391800000001
2023-12-25 13:00:00,737.1690000000001,16.363,4.1773195,438.44525,102.23836,647.2713
2023-12-25 13:30:00,721.8120000000001,16.363,4.24562525,401.574125,113.453622,571.075925
2023-12-25 14:00:00,446.919,16.363,4.313931,364.703,124.668884,494.88055
2023-12-25 14:30:00,578.375,16.238,4.140018700000001,319.886015,100.156437,495.444565
2023-12-25 15:00:00,496.211,16.113,3.9661064,275.06903,75.64399,496.00858
2023-12-25 15:30:00,344.741,15.563,3.6155361,214.272255,64.007385,431.066715
2023-12-25 16:00:00,200.368,15.013,3.2649658,153.47548,52.37078,366.12485
2023-12-25 16:30:00,77.532,14.163,2.7726584,85.089832,30.1294335,209.89558
2023-12-25 17:00:00,13.941,13.313,2.280351,16.704184,7.888087,53.66631
2023-12-25 17:30:00,0.0,12.463,2.0594143000000003,8.352092,3.9440435,26.833155
2023-12-25 18:00:00,0.0,11.613,1.8384776,0.0,0.0,0.0
2023-12-25 18:30:00,0.0,11.013,1.83711685,0.0,0.0,0.0
2023-12-25 19:00:00,0.0,10.413,1.8357561,0.0,0.0,0.0
2023-12-25 19:30:00,0.0,10.113,1.87964725,0.0,0.0,0.0
2023-12-25 20:00:00,0.0,9.813,1.9235384,0.0,0.0,0.0
2023-12-25 20:30:00,0.0,9.688,1.94792335,0.0,0.0,0.0
2023-12-25 21:00:00,0.0,9.563,1.9723083,0.0,0.0,0.0
2023-12-25 21:30:00,0.0,9.438,2.0409053,0.0,0.0,0.0
2023-12-25 22:00:00,0.0,9.313,2.1095023,0.0,0.0,0.0
2023-12-25 22:30:00,0.0,9.313,2.01652035,0.0,0.0,0.0
2023-12-25 23:00:00,0.0,9.313,1.9235384,0.0,0.0,0.0
2023-12-25 23:30:00,0.0,9.413,1.7523386,0.0,0.0,0.0
2023-12-26 00:00:00,0.0,9.513,1.5811388,0.0,0.0,0.0
2023-12-26 00:30:00,0.0,9.538,1.4230249,0.0,0.0,0.0
2023-12-26 01:00:00,0.0,9.563,1.264911,0.0,0.0,0.0
2023-12-26 01:30:00,0.0,9.788,1.264911,0.0,0.0,0.0
2023-12-26 02:00:00,0.0,10.013,1.264911,0.0,0.0,0.0
2023-12-26 02:30:00,0.0,8.98800015,0.79056938,0.0,0.0,0.0
2023-12-26 03:00:00,0.0,7.9630003,0.31622776,0.0,0.0,0.0
2023-12-26 03:30:00,0.0,7.988000149999999,0.650556755,0.0,0.0,0.0
2023-12-26 04:00:00,0.0,8.013,0.98488575,0.0,0.0,0.0
2023-12-26 04:30:00,0.0,8.338000000000001,1.075538075,0.0,0.0,0.0
2023-12-26 05:00:00,0.0,8.663,1.1661904,0.0,0.0,0.0
2023-12-26 05:30:00,0.0,8.663,1.2631687500000002,0.0,0.0,0.0
2023-12-26 06:00:00,0.0,8.663,1.3601471,0.0,0.0,0.0
2023-12-26 06:30:00,0.0,8.687999999999999,1.42337695,0.0,0.0,0.0
2023-12-26 07:00:00,0.0,8.713,1.4866068,0.0,0.0,0.0
2023-12-26 07:30:00,4.12,8.988,1.5243284,12.957649,8.245777,27.21064
2023-12-26 08:00:00,25.719,9.263,1.56205,25.915298,16.491554,54.42128
2023-12-26 08:30:00,77.39699999999999,10.338,1.89120515,102.009759,45.472477,323.94784
2023-12-26 09:00:00,381.365,11.413,2.2203603,178.10422,74.4534,593.4744
2023-12-26 09:30:00,462.117,12.638,2.2645198,246.70076,83.207555,641.11577
2023-12-26 10:00:00,571.7660000000001,13.863,2.3086793,315.2973,91.96171,688.75714
2023-12-26 10:30:00,647.648,14.588,2.81641665,361.849075,106.20082,674.42022
2023-12-26 11:00:00,211.793,15.313,3.324154,408.40085,120.43993,660.0833
2023-12-26 11:30:00,573.328,15.513,3.38906865,377.872225,161.01163,474.934275
2023-12-26 12:00:00,607.937,15.713,3.4539833,347.3436,201.58333,289.78525
2023-12-26 12:30:00,596.335,15.788,3.49405145,351.67879,178.97706,336.876175
2023-12-26 13:00:00,384.317,15.863,3.5341196,356.01398,156.37079,383.9671
2023-12-26 13:30:00,480.384,16.012999999999998,3.5134848,359.06206,139.623105,438.1313300000001
2023-12-26 14:00:00,223.033,16.163,3.49285,362.11014,122.87542,492.29556
2023-12-26 14:30:00,397.456,15.613,3.5801371,307.106005,119.515785,414.674605
2023-12-26 15:00:00,130.54000000000002,15.063,3.6674242,252.10187,116.15615,337.05365
2023-12-26 15:30:00,119.145,14.563,3.4890066,187.677747,93.814335,261.755545
2023-12-26 16:00:00,68.49600000000001,14.063,3.310589,123.253624,71.47252,186.45744
2023-12-26 16:30:00,31.881,13.538,2.95336995,69.1922235,39.885034,114.078053
2023-12-26 17:00:00,6.126,13.013,2.5961509,15.130823,8.297548,41.698666
2023-12-26 17:30:00,0.0,12.338,2.39009195,7.5654115,4.148774,20.849333
2023-12-26 18:00:00,0.0,11.663,2.184033,0.0,0.0,0.0
2023-12-26 18:30:00,0.0,11.363,2.04069975,0.0,0.0,0.0
2023-12-26 19:00:00,0.0,11.063,1.8973665,0.0,0.0,0.0
2023-12-26 19:30:00,0.0,10.913,1.80308365,0.0,0.0,0.0
2023-12-26 20:00:00,0.0,10.763,1.7088008,0.0,0.0,0.0
2023-12-26 20:30:00,0.0,10.538,1.4808986,0.0,0.0,0.0
2023-12-26 21:00:00,0.0,10.313,1.2529964,0.0,0.0,0.0
2023-12-26 21:30:00,0.0,10.013,1.19658595,0.0,0.0,0.0
2023-12-26 22:00:00,0.0,9.713,1.1401755,0.0,0.0,0.0
2023-12-26 22:30:00,0.0,9.513,1.1357732,0.0,0.0,0.0
2023-12-26 23:00:00,0.0,9.313,1.1313709,0.0,0.0,0.0
2023-12-26 23:30:00,0.0,9.288,1.20208155,0.0,0.0,0.0
2023-12-27 00:00:00,0.0,9.263,1.2727922,0.0,0.0,0.0
2023-12-27 00:30:00,0.0,9.238,1.23847585,0.0,0.0,0.0
2023-12-27 01:00:00,0.0,9.213,1.2041595,0.0,0.0,0.0
2023-12-27 01:30:00,0.0,9.188,1.2041595,0.0,0.0,0.0
2023-12-27 02:00:00,0.0,9.163,1.2041595,0.0,0.0,0.0
2023-12-27 02:30:00,0.0,9.588,1.14291245,0.0,0.0,0.0
2023-12-27 03:00:00,0.0,10.013,1.0816654,0.0,0.0,0.0
2023-12-27 03:30:00,0.0,9.788,1.0816654,0.0,0.0,0.0
2023-12-27 04:00:00,0.0,9.563,1.0816654,0.0,0.0,0.0
2023-12-27 04:30:00,0.0,9.188,0.99360195,0.0,0.0,0.0
2023-12-27 05:00:00,0.0,8.813,0.9055385,0.0,0.0,0.0
2023-12-27 05:30:00,0.0,8.763,0.7569073749999999,0.0,0.0,0.0
2023-12-27 06:00:00,0.0,8.713,0.60827625,0.0,0.0,0.0
2023-12-27 06:30:00,0.0,8.562999999999999,0.4622520049999999,0.0,0.0,0.0
2023-12-27 07:00:00,0.0,8.413,0.31622776,0.0,0.0,0.0
2023-12-27 07:30:00,1.577,8.738,0.31622776,11.806669,8.2646685,20.431452
2023-12-27 08:00:00,39.70100000000001,9.063,0.31622776,23.613338,16.529337,40.862904
2023-12-27 08:30:00,113.931,10.113,0.6081138800000001,101.778569,45.5700935,323.48010200000004
2023-12-27 09:00:00,114.026,11.163,0.9,179.9438,74.61085,606.0973
2023-12-27 09:30:00,189.853,12.763,0.92434163,253.11419,83.319917,664.8824500000001
2023-12-27 10:00:00,480.263,14.363,0.94868326,326.28458,92.028984,723.6676
2023-12-27 10:30:00,620.8520000000001,15.0129995,1.08261788,381.675175,95.307625,749.9377
2023-12-27 11:00:00,740.39,15.662999,1.2165525,437.06577,98.586266,776.2078
2023-12-27 11:30:00,200.382,16.162999499999998,1.1935112499999998,456.906335,105.654751,749.79665
2023-12-27 12:00:00,155.664,16.663,1.17047,476.7469,112.723236,723.3855
2023-12-27 12:30:00,388.328,16.988001,1.41288225,437.607825,130.152128,602.655185
2023-12-27 13:00:00,185.32,17.313002,1.6552945,398.46875,147.58102,481.92487
2023-12-27 13:30:00,127.127,17.063002,2.28538515,359.435105,148.30247500000002,416.91362
2023-12-27 14:00:00,87.941,16.813002,2.9154758,320.40146,149.02393,351.90237
2023-12-27 14:30:00,74.344,16.138001,3.4407911,270.44373,137.81556,291.92719
2023-12-27 15:00:00,106.597,15.463,3.9661064,220.486,126.60719,231.95201
2023-12-27 15:30:00,70.864,14.738,3.7294782,155.219965,96.944903,156.54892
2023-12-27 16:00:00,42.502,14.013,3.49285,89.95393,67.282616,81.14583
2023-12-27 16:30:00,12.855,13.688,3.189512,50.6176,37.3589995,52.335405
2023-12-27 17:00:00,1.963,13.363,2.886174,11.28127,7.435383,23.52498
2023-12-27 17:30:00,0.0,13.063,2.8991089,5.640635,3.7176915,11.76249
2023-12-27 18:00:00,0.0,12.763,2.9120438,0.0,0.0,0.0
2023-12-27 18:30:00,0.0,12.288,2.66536055,0.0,0.0,0.0
2023-12-27 19:00:00,0.0,11.813,2.4186773,0.0,0.0,0.0
2023-12-27 19:30:00,0.0,11.488,2.00933865,0.0,0.0,0.0
2023-12-27 20:00:00,0.0,11.163,1.6,0.0,0.0,0.0
2023-12-27 20:30:00,0.0,10.763,1.5071067500000002,0.0,0.0,0.0
2023-12-27 21:00:00,0.0,10.363,1.4142135,0.0,0.0,0.0
2023-12-27 21:30:00,0.0,10.288,1.55710675,0.0,0.0,0.0
2023-12-27 22:00:00,0.0,10.213,1.7,0.0,0.0,0.0
2023-12-27 22:30:00,0.0,10.163,1.70146935,0.0,0.0,0.0
2023-12-27 23:00:00,0.0,10.113,1.7029387,0.0,0.0,0.0
2023-12-27 23:30:00,0.0,10.213,1.75285715,0.0,0.0,0.0
2023-12-28 00:00:00,0.0,10.313,1.8027756,0.0,0.0,0.0
2023-12-28 00:30:00,0.0,10.313,1.85663645,0.0,0.0,0.0
2023-12-28 01:00:00,0.0,10.313,1.9104973,0.0,0.0,0.0
2023-12-28 01:30:00,0.0,10.213,1.9065635,0.0,0.0,0.0
2023-12-28 02:00:00,0.0,10.113,1.9026297,0.0,0.0,0.0
2023-12-28 02:30:00,0.0,10.888,1.7013148500000002,0.0,0.0,0.0
2023-12-28 03:00:00,0.0,11.663,1.5,0.0,0.0,0.0
2023-12-28 03:30:00,0.0,11.188,1.71176915,0.0,0.0,0.0
2023-12-28 04:00:00,0.0,10.713,1.9235383,0.0,0.0,0.0
2023-12-28 04:30:00,0.0,10.588,2.0719494,0.0,0.0,0.0
2023-12-28 05:00:00,0.0,10.463,2.2203605,0.0,0.0,0.0
2023-12-28 05:30:00,0.0,10.438,2.3359453500000003,0.0,0.0,0.0
2023-12-28 06:00:00,0.0,10.413,2.4515302,0.0,0.0,0.0
2023-12-28 06:30:00,0.0,10.413,2.4515302,0.0,0.0,0.0
2023-12-28 07:00:00,0.0,10.413,2.4515302,0.0,0.0,0.0
2023-12-28 07:30:00,0.417,10.588,2.50052,10.6491815,7.099454,20.454305
2023-12-28 08:00:00,16.415000000000003,10.763,2.5495098,21.298363,14.198908,40.90861
2023-12-28 08:30:00,51.578,11.713,2.9518059,92.7387865,45.945429,270.40122
2023-12-28 09:00:00,63.88799999999999,12.663,3.354102,164.17921,77.69195,499.89383
2023-12-28 09:30:00,547.765,13.363,3.8736393,237.57163,90.274645,571.845015
2023-12-28 10:00:00,247.475,14.063,4.3931766,310.96405,102.85734,643.7962
2023-12-28 10:30:00,688.5840000000001,14.538,4.7075643,352.741025,117.181675,623.5224000000001
2023-12-28 11:00:00,511.4210000000001,15.013,5.021952,394.518,131.50601,603.2486
2023-12-28 11:30:00,831.99,15.2880005,5.025434199999999,422.79145,129.895265,622.1206999999999
2023-12-28 12:00:00,332.476,15.563001,5.0289164,451.0649,128.28452,640.9928
2023-12-28 12:30:00,139.319,15.613,4.8914312,440.5995,138.45605,590.4703
2023-12-28 13:00:00,905.43,15.662999,4.753946,430.1341,148.62758,539.9478
2023-12-28 13:30:00,806.223,15.613,4.6595155,416.83185,130.23013,568.7411999999999
2023-12-28 14:00:00,152.671,15.563001,4.565085,403.5296,111.83268,597.5346
2023-12-28 14:30:00,606.981,15.3130005,4.322763,347.03891,102.90411,540.703365
2023-12-28 15:00:00,439.824,15.063,4.080441,290.54822,93.97554,483.87213
2023-12-28 15:30:00,70.904,14.563,3.9546395,221.91716,79.99195499999999,397.133605
2023-12-28 16:00:00,221.196,14.063,3.828838,153.2861,66.00837,310.39508
2023-12-28 16:30:00,94.622,13.463,3.3849632,84.8463905,38.652387,170.862988
2023-12-28 17:00:00,10.178,12.863,2.9410884,16.406681,11.296404,31.330896
2023-12-28 17:30:00,0.0,12.463,2.7003816,8.2033405,5.648202,15.665448
2023-12-28 18:00:00,0.0,12.063,2.4596748,0.0,0.0,0.0
2023-12-28 18:30:00,0.0,11.913,2.28458855,0.0,0.0,0.0
2023-12-28 19:00:00,0.0,11.763,2.1095023,0.0,0.0,0.0
2023-12-28 19:30:00,0.0,11.588,1.90622045,0.0,0.0,0.0
2023-12-28 20:00:00,0.0,11.413,1.7029386,0.0,0.0,0.0
2023-12-28 20:30:00,0.0,11.038,1.4104863,0.0,0.0,0.0
2023-12-28 21:00:00,0.0,10.663,1.118034,0.0,0.0,0.0
2023-12-28 21:30:00,0.0,10.163,1.16729325,0.0,0.0,0.0
2023-12-28 22:00:00,0.0,9.663,1.2165525,0.0,0.0,0.0
2023-12-28 22:30:00,0.0,9.088,1.3241673,0.0,0.0,0.0
2023-12-28 23:00:00,0.0,8.513,1.4317821,0.0,0.0,0.0
2023-12-28 23:30:00,0.0,8.11300015,1.4541322,0.0,0.0,0.0
2023-12-29 00:00:00,0.0,7.7130003,1.4764823,0.0,0.0,0.0
2023-12-29 00:30:00,0.0,7.46300015,1.3403209,0.0,0.0,0.0
2023-12-29 01:00:00,0.0,7.213,1.2041595,0.0,0.0,0.0
2023-12-29 01:30:00,0.0,7.01299985,1.14291245,0.0,0.0,0.0
2023-12-29 02:00:00,0.0,6.8129997,1.0816654,0.0,0.0,0.0
2023-12-29 02:30:00,0.0,8.28799985,0.8609889150000001,0.0,0.0,0.0
2023-12-29 03:00:00,0.0,9.763,0.64031243,0.0,0.0,0.0
2023-12-29 03:30:00,0.0,9.638,0.75027248,0.0,0.0,0.0
2023-12-29 04:00:00,0.0,9.513,0.86023253,0.0,0.0,0.0
2023-12-29 04:30:00,0.0,9.438,0.901815315,0.0,0.0,0.0
2023-12-29 05:00:00,0.0,9.363,0.9433981,0.0,0.0,0.0
2023-12-29 05:30:00,0.0,9.313,0.9433981,0.0,0.0,0.0
2023-12-29 06:00:00,0.0,9.263,0.9433981,0.0,0.0,0.0
2023-12-29 06:30:00,0.0,9.138,0.88400962,0.0,0.0,0.0
2023-12-29 07:00:00,0.0,9.013,0.82462114,0.0,0.0,0.0
2023-12-29 07:30:00,4.957000000000001,8.788,0.81542347,13.042037,8.2994785,27.294758
2023-12-29 08:00:00,92.674,8.563,0.8062258,26.084074,16.598957,54.589516
2023-12-29 08:30:00,239.403,9.413,0.81542347,109.971537,43.5465685,385.244738
2023-12-29 09:00:00,386.741,10.263,0.82462114,193.859,70.49418,715.89996
2023-12-29 09:30:00,501.85,11.663,0.57042445,272.86012,77.733735,771.2302549999999
2023-12-29 10:00:00,580.576,13.063,0.31622776,351.86124,84.97329,826.56055
2023-12-29 10:30:00,645.585,13.938,0.6190911050000001,410.001205,86.888795,848.27701
2023-12-29 11:00:00,696.033,14.813,0.92195445,468.14117,88.8043,869.99347
2023-12-29 11:30:00,725.926,15.388,1.171610725,497.981185,88.904725,870.3164850000001
2023-12-29 12:00:00,746.361,15.963,1.421267,527.8212,89.00515,870.6395
2023-12-29 12:30:00,741.638,16.288,1.50120285,524.85795,87.829685,852.0271
2023-12-29 13:00:00,763.2239999999999,16.613,1.5811387,521.8947,86.65422,833.4147
2023-12-29 13:30:00,700.6220000000001,16.713001,1.40089715,489.873785,82.491715,804.41345
2023-12-29 14:00:00,623.9190000000001,16.813002,1.2206556,457.85287,78.32921,775.4122
2023-12-29 14:30:00,612.2080000000001,16.6380015,1.0603278,382.98535,88.791425,643.7437299999999
2023-12-29 15:00:00,237.595,16.463001,0.9,308.11783,99.25364,512.07526
2023-12-29 15:30:00,357.156,15.6630005,1.1019202,233.501855,82.728043,419.74068
2023-12-29 16:00:00,209.23200000000003,14.863,1.3038404,158.88588,66.202446,327.4061
2023-12-29 16:30:00,90.834,13.838,1.34833955,89.865004,38.593932,193.9904285
2023-12-29 17:00:00,10.891000000000002,12.813,1.3928387,20.844128,10.985418,60.574757
2023-12-29 17:30:00,0.0,12.338,1.2063213,10.422064,5.492709,30.287378500000003
2023-12-29 18:00:00,0.0,11.863,1.0198039,0.0,0.0,0.0
2023-12-29 18:30:00,0.0,11.313,0.863455335,0.0,0.0,0.0
2023-12-29 19:00:00,0.0,10.763,0.70710677,0.0,0.0,0.0
2023-12-29 19:30:00,0.0,10.063,0.756666285,0.0,0.0,0.0
2023-12-29 20:00:00,0.0,9.363,0.8062258,0.0,0.0,0.0
2023-12-29 20:30:00,0.0,8.963000000000001,0.7531129,0.0,0.0,0.0
2023-12-29 21:00:00,0.0,8.563,0.7,0.0,0.0,0.0
2023-12-29 21:30:00,0.0,8.238,0.92008775,0.0,0.0,0.0
2023-12-29 22:00:00,0.0,7.913,1.1401755,0.0,0.0,0.0
2023-12-29 22:30:00,0.0,7.663,1.3527114999999998,0.0,0.0,0.0
2023-12-29 23:00:00,0.0,7.413,1.5652475,0.0,0.0,0.0
2023-12-29 23:30:00,0.0,7.48799985,1.67284845,0.0,0.0,0.0
2023-12-30 00:00:00,0.0,7.5629997,1.7804494,0.0,0.0,0.0
2023-12-30 00:30:00,0.0,7.638,1.7648675,0.0,0.0,0.0
2023-12-30 01:00:00,0.0,7.7130003,1.7492856,0.0,0.0,0.0
2023-12-30 01:30:00,0.0,7.638,1.73487535,0.0,0.0,0.0
2023-12-30 02:00:00,0.0,7.5629997,1.7204651,0.0,0.0,0.0
2023-12-30 02:30:00,0.0,7.58799985,1.3212097749999998,0.0,0.0,0.0
2023-12-30 03:00:00,0.0,7.613,0.92195445,0.0,0.0,0.0
2023-12-30 03:30:00,0.0,7.413,0.821532375,0.0,0.0,0.0
2023-12-30 04:00:00,0.0,7.213,0.7211103,0.0,0.0,0.0
2023-12-30 04:30:00,0.0,7.163,0.9306429,0.0,0.0,0.0
2023-12-30 05:00:00,0.0,7.113,1.1401755,0.0,0.0,0.0
2023-12-30 05:30:00,0.0,7.388,1.18041555,0.0,0.0,0.0
2023-12-30 06:00:00,0.0,7.663,1.2206556,0.0,0.0,0.0
2023-12-30 06:30:00,0.0,7.813000150000001,1.2467239,0.0,0.0,0.0
2023-12-30 07:00:00,0.0,7.9630003,1.2727922,0.0,0.0,0.0
2023-12-30 07:30:00,2.502,8.08800015,1.27670855,10.690567,10.690567,0.0
2023-12-30 08:00:00,36.013,8.213,1.2806249,21.381134,21.381134,0.0
2023-12-30 08:30:00,76.068,9.463,1.4603734,83.514032,64.388677,111.375245
2023-12-30 09:00:00,151.76,10.713,1.6401219,145.64693,107.39622,222.75049
2023-12-30 09:30:00,167.76,12.138,1.6106303,214.733415,133.33533,304.392105
2023-12-30 10:00:00,152.267,13.563,1.5811387,283.8199,159.27444,386.03372
2023-12-30 10:30:00,185.856,14.363,2.51466335,331.655935,169.02622,423.109635
2023-12-30 11:00:00,171.366,15.163,3.448188,379.49197,178.778,460.18555
2023-12-30 11:30:00,306.582,15.313,3.902396,398.88246,177.391975,470.161255
2023-12-30 12:00:00,227.247,15.463,4.356604,418.27295,176.00595,480.13696
2023-12-30 12:30:00,243.32899999999995,15.588,4.358325,403.699225,185.53063,425.52261
2023-12-30 13:00:00,974.341,15.713,4.360046,389.1255,195.05531,370.90826
2023-12-30 13:30:00,174.736,15.788,4.360046,370.443135,187.100685,361.2901
2023-12-30 14:00:00,104.892,15.863,4.360046,351.76077,179.14606,351.67194
2023-12-30 14:30:00,120.43800000000002,15.588,3.81250575,290.36202,165.60612,269.700875
2023-12-30 15:00:00,292.879,15.313,3.2649655,228.96327,152.06618,187.72981
2023-12-30 15:30:00,111.341,14.763,2.37578615,172.76727499999998,122.88294,133.9780525
2023-12-30 16:00:00,60.161,14.213,1.4866068,116.57128,93.6997,80.226295
2023-12-30 16:30:00,26.384,13.338,1.204280625,67.85603950000001,54.0644585,54.61714249999999
2023-12-30 17:00:00,5.023,12.463,0.92195445,19.140799,14.429217,29.00799
2023-12-30 17:30:00,0.0,11.963,0.92195445,9.5703995,7.214608500000001,14.503995
2023-12-30 18:00:00,0.0,11.463,0.92195445,0.0,0.0,0.0
2023-12-30 18:30:00,0.0,11.688,0.810977225,0.0,0.0,0.0
2023-12-30 19:00:00,0.0,11.913,0.7,0.0,0.0,0.0
2023-12-30 19:30:00,0.0,10.863,0.66622775,0.0,0.0,0.0
2023-12-30 20:00:00,0.0,9.813,0.6324555,0.0,0.0,0.0
2023-12-30 20:30:00,0.0,9.738,0.57117872,0.0,0.0,0.0
2023-12-30 21:00:00,0.0,9.663,0.50990194,0.0,0.0,0.0
2023-12-30 21:30:00,0.0,9.513,0.77696632,0.0,0.0,0.0
2023-12-30 22:00:00,0.0,9.363,1.0440307,0.0,0.0,0.0
2023-12-30 22:30:00,0.0,9.138,1.0921031,0.0,0.0,0.0
2023-12-30 23:00:00,0.0,8.913,1.1401755,0.0,0.0,0.0
2023-12-30 23:30:00,0.0,8.937999999999999,1.1885536,0.0,0.0,0.0
2023-12-31 00:00:00,0.0,8.963,1.2369317,0.0,0.0,0.0
2023-12-31 00:30:00,0.0,8.838,1.17748285,0.0,0.0,0.0
2023-12-31 01:00:00,0.0,8.713,1.118034,0.0,0.0,0.0
2023-12-31 01:30:00,0.0,8.363,1.01178625,0.0,0.0,0.0
2023-12-31 02:00:00,0.0,8.013,0.9055385,0.0,0.0,0.0
2023-12-31 02:30:00,0.0,9.463,1.235393,0.0,0.0,0.0
2023-12-31 03:00:00,0.0,10.913,1.5652475,0.0,0.0,0.0
2023-12-31 03:30:00,0.0,10.688,1.3929515499999998,0.0,0.0,0.0
2023-12-31 04:00:00,0.0,10.463,1.2206556,0.0,0.0,0.0
2023-12-31 04:30:00,0.0,10.038,1.13234315,0.0,0.0,0.0
2023-12-31 05:00:00,0.0,9.613,1.0440307,0.0,0.0,0.0
2023-12-31 05:30:00,0.0,9.238,0.9747846,0.0,0.0,0.0
2023-12-31 06:00:00,0.0,8.863,0.9055385,0.0,0.0,0.0
2023-12-31 06:30:00,0.0,8.687999999999999,0.816774725,0.0,0.0,0.0
2023-12-31 07:00:00,0.0,8.513,0.72801095,0.0,0.0,0.0
2023-12-31 07:30:00,4.388,8.23800015,0.6681436000000001,9.518839,7.139128999999999,13.668242500000002
2023-12-31 08:00:00,89.437,7.9630003,0.60827625,19.037678,14.278258,27.336485
2023-12-31 08:30:00,230.366,8.96300015,0.4622520049999999,86.878824,48.397789,224.5283025
2023-12-31 09:00:00,372.44,9.963,0.31622776,154.71997,82.51732,421.72012
2023-12-31 09:30:00,500.067,11.538,0.25811388,231.933985,97.57632,515.56276
2023-12-31 10:00:00,567.1569999999999,13.113,0.2,309.148,112.63532,609.4054
2023-12-31 10:30:00,617.526,13.863,0.3,371.276635,108.436015,681.8438
2023-12-31 11:00:00,730.8079999999999,14.613,0.4,433.40527,104.23671,754.2822
2023-12-31 11:30:00,746.6209999999999,15.113,0.8103278,440.415685,125.653665,674.3748
2023-12-31 12:00:00,822.366,15.613,1.2206556,447.4261,147.07062,594.4674
2023-12-31 12:30:00,165.72500000000002,15.488,1.7439062,341.486235,167.655305,342.3448
2023-12-31 13:00:00,188.661,15.363,2.2671568,235.54637,188.23999,90.2222
2023-12-31 13:30:00,272.273,15.363,2.37555265,253.148445,168.809795,168.36996499999998
2023-12-31 14:00:00,719.694,15.363,2.4839485,270.75052,149.3796,246.51773
2023-12-31 14:30:00,184.727,15.113,2.74197425,214.51996,120.533175,204.193665
2023-12-31 15:00:00,379.671,14.863,3.0,158.2894,91.68675,161.8696
2023-12-31 15:30:00,420.3250000000001,14.713,2.43941475,138.34855,78.405495,173.70135499999998
2023-12-31 16:00:00,96.999,14.563,1.8788295,118.4077,65.12424,185.53311
2023-12-31 16:30:00,34.011,13.963,1.38662837,66.2714495,37.939641,103.191294
2023-12-31 17:00:00,9.049,13.363,0.89442724,14.135199,10.755042,20.849478
2023-12-31 17:30:00,0.0,12.688,0.95711557,7.0675995,5.377521,10.424739
2023-12-31 18:00:00,0.0,12.013,1.0198039,0.0,0.0,0.0
2023-12-31 18:30:00,0.0,11.813,0.934166025,0.0,0.0,0.0
2023-12-31 19:00:00,0.0,11.613,0.84852815,0.0,0.0,0.0
2023-12-31 19:30:00,0.0,11.538,0.7882695500000001,0.0,0.0,0.0
2023-12-31 20:00:00,0.0,11.463,0.72801095,0.0,0.0,0.0
2023-12-31 20:30:00,0.0,11.313,0.655553075,0.0,0.0,0.0
2023-12-31 21:00:00,0.0,11.163,0.5830952,0.0,0.0,0.0
2023-12-31 21:30:00,0.0,10.613,0.5608058300000001,0.0,0.0,0.0
2023-12-31 22:00:00,0.0,10.063,0.53851646,0.0,0.0,0.0
2023-12-31 22:30:00,0.0,9.838,0.46925823,0.0,0.0,0.0
2023-12-31 23:00:00,0.0,9.613,0.4,0.0,0.0,0.0
2023-12-31 23:30:00,0.0,9.513,0.6031129,0.0,0.0,0.0
2024-01-01 00:00:00,0.0,9.413,0.8062258,0.0,0.0,0.0
2024-01-01 00:30:00,0.0,9.413,0.8774545300000001,0.0,0.0,0.0
2024-01-01 01:00:00,0.0,9.413,0.94868326,0.0,0.0,0.0
2024-01-01 01:30:00,0.0,9.238,0.8774545300000001,0.0,0.0,0.0
2024-01-01 02:00:00,0.0,9.063,0.8062258,0.0,0.0,0.0
2024-01-01 02:30:00,0.0,9.913,1.1137464,0.0,0.0,0.0
2024-01-01 03:00:00,0.0,10.763,1.421267,0.0,0.0,0.0
2024-01-01 03:30:00,0.0,10.638,1.20560823,0.0,0.0,0.0
2024-01-01 04:00:00,0.0,10.513,0.98994946,0.0,0.0,0.0
2024-01-01 04:30:00,0.0,10.363,0.8151309449999999,0.0,0.0,0.0
2024-01-01 05:00:00,0.0,10.213,0.64031243,0.0,0.0,0.0
2024-01-01 05:30:00,0.0,9.988,0.5201562150000001,0.0,0.0,0.0
2024-01-01 06:00:00,0.0,9.763,0.4,0.0,0.0,0.0
2024-01-01 06:30:00,0.0,9.788,0.5535533850000001,0.0,0.0,0.0
2024-01-01 07:00:00,0.0,9.813,0.70710677,0.0,0.0,0.0
2024-01-01 07:30:00,1.461,9.913,0.953553385,4.766557,4.766557,0.0
2024-01-01 08:00:00,18.419,10.013,1.2,9.533114,9.533114,0.0
2024-01-01 08:30:00,50.505,10.263,1.48600225,20.2607855,20.2607855,0.0
2024-01-01 09:00:00,202.433,10.513,1.7720045,30.988457,30.988457,0.0
2024-01-01 09:30:00,159.183,10.938,1.8079567,52.659878500000005,52.659878500000005,0.0
2024-01-01 10:00:00,83.86699999999999,11.363,1.8439089,74.3313,74.3313,0.0
2024-01-01 10:30:00,135.612,11.663,2.05553285,91.49878,90.94996,1.256609
2024-01-01 11:00:00,143.275,11.963,2.2671568,108.66626,107.56862,2.513218
2024-01-01 11:30:00,192.639,11.938,2.2347141500000003,86.969658,86.420838,1.256609
2024-01-01 12:00:00,260.95,11.913,2.2022715,65.273056,65.273056,0.0
2024-01-01 12:30:00,259.087,12.613,2.3115076,166.728598,146.023203,39.3981
2024-01-01 13:00:00,199.58,13.313,2.4207437,268.18414,226.77335,78.7962
2024-01-01 13:30:00,202.69,13.713,2.34174275,267.21542,217.54985,98.027983
2024-01-01 14:00:00,669.238,14.113,2.2627418,266.2467,208.32635,117.259766
2024-01-01 14:30:00,449.267,14.263,1.9123959,251.757475,168.675895,189.546998
2024-01-01 15:00:00,396.335,14.413,1.56205,237.26825,129.02544,261.83423
2024-01-01 15:30:00,394.469,14.138,1.36626,191.01213,99.40263,260.45993
2024-01-01 16:00:00,266.875,13.863,1.17047,144.75601,69.77982,259.08563
2024-01-01 16:30:00,73.24300000000001,12.938,1.1893873,85.3404005,41.13106325,171.070403
2024-01-01 17:00:00,11.875,12.013,1.2083046,25.924791,12.4823065,83.055176
2024-01-01 17:30:00,0.032,11.388,1.22261815,12.9623955,6.24115325,41.527588
2024-01-01 18:00:00,0.0,10.763,1.2369317,0.0,0.0,0.0
2024-01-01 18:30:00,0.0,10.463,1.17073385,0.0,0.0,0.0
2024-01-01 19:00:00,0.0,10.163,1.104536,0.0,0.0,0.0
2024-01-01 19:30:00,0.0,9.738,1.20418825,0.0,0.0,0.0
2024-01-01 20:00:00,0.0,9.313,1.3038405,0.0,0.0,0.0
2024-01-01 20:30:00,0.0,9.013,1.26224805,0.0,0.0,0.0
2024-01-01 21:00:00,0.0,8.713,1.2206556,0.0,0.0,0.0
2024-01-01 21:30:00,0.0,8.463,1.3209613,0.0,0.0,0.0
2024-01-01 22:00:00,0.0,8.213,1.421267,0.0,0.0,0.0
2024-01-01 22:30:00,0.0,8.113,1.4539369,0.0,0.0,0.0
2024-01-01 23:00:00,0.0,8.013,1.4866068,0.0,0.0,0.0
2024-01-01 23:30:00,0.0,7.988000149999999,1.5947727,0.0,0.0,0.0
2024-01-02 00:00:00,0.0,7.9630003,1.7029386,0.0,0.0,0.0
2024-01-02 00:30:00,0.0,8.03800015,1.78152305,0.0,0.0,0.0
2024-01-02 01:00:00,0.0,8.113,1.8601075,0.0,0.0,0.0
2024-01-02 01:30:00,0.0,8.138,1.68005375,0.0,0.0,0.0
2024-01-02 02:00:00,0.0,8.163,1.5,0.0,0.0,0.0
2024-01-02 02:30:00,0.0,8.388,1.54056935,0.0,0.0,0.0
2024-01-02 03:00:00,0.0,8.613,1.5811387,0.0,0.0,0.0
2024-01-02 03:30:00,0.0,8.812999999999999,1.96210675,0.0,0.0,0.0
2024-01-02 04:00:00,0.0,9.013,2.3430748,0.0,0.0,0.0
2024-01-02 04:30:00,0.0,9.163,2.33879925,0.0,0.0,0.0
2024-01-02 05:00:00,0.0,9.313,2.3345237,0.0,0.0,0.0
2024-01-02 05:30:00,0.0,9.213,2.44201675,0.0,0.0,0.0
2024-01-02 06:00:00,0.0,9.113,2.5495098,0.0,0.0,0.0
2024-01-02 06:30:00,0.0,9.188,2.51672915,0.0,0.0,0.0
2024-01-02 07:00:00,0.0,9.263,2.4839485,0.0,0.0,0.0
2024-01-02 07:30:00,5.621,9.538,2.5620121,9.5453645,7.1590235,13.681998999999998
2024-01-02 08:00:00,34.752,9.813,2.6400757,19.090729,14.318047,27.363998
2024-01-02 08:30:00,75.099,10.588,2.50008025,78.2502595,55.178573500000006,135.023909
2024-01-02 09:00:00,48.487,11.363,2.3600848,137.40979,96.0391,242.68382
2024-01-02 09:30:00,183.209,12.338,2.5113951,195.250215,119.98845,290.60026
2024-01-02 10:00:00,145.51299999999998,13.313,2.6627054,253.09064,143.9378,338.5167
2024-01-02 10:30:00,92.452,14.263,3.6056657,328.58237,145.53674,463.104265
2024-01-02 11:00:00,264.208,15.213,4.548626,404.0741,147.13568,587.69183
2024-01-02 11:30:00,626.3720000000001,15.588,4.7708105,406.2162,155.44679000000002,535.1071
2024-01-02 12:00:00,301.562,15.963,4.992995,408.3583,163.7579,482.52237
2024-01-02 12:30:00,410.778,16.2130005,5.1464975,426.61027,158.817425,517.411835
2024-01-02 13:00:00,610.0419999999999,16.463001,5.3,444.86224,153.87695,552.3013
2024-01-02 13:30:00,214.907,16.1630005,5.223907499999999,381.811155,176.492565,396.850525
2024-01-02 14:00:00,205.686,15.863,5.147815,318.76007,199.10818,241.39975
2024-01-02 14:30:00,174.39899999999997,15.538,4.5863687,215.296935,153.30367,125.91677950000002
2024-01-02 15:00:00,205.245,15.213,4.0249224,111.8338,107.49916,10.433809
2024-01-02 15:30:00,162.05,14.913,3.7802282,98.7348,88.376228,33.3006735
2024-01-02 16:00:00,99.706,14.613,3.535534,85.6358,69.253296,56.167538
2024-01-02 16:30:00,49.611,14.238,3.3902651500000003,50.30459625,41.7806025,30.1426915
2024-01-02 17:00:00,11.023,13.863,3.2449963,14.9733925,14.307909,4.117845
2024-01-02 17:30:00,0.0,13.438,3.03847835,7.48669625,7.153954500000001,2.0589225
2024-01-02 18:00:00,0.0,13.013,2.8319604,0.0,0.0,0.0
2024-01-02 18:30:00,0.0,12.713,2.7246054,0.0,0.0,0.0
2024-01-02 19:00:00,0.0,12.413,2.6172504,0.0,0.0,0.0
2024-01-02 19:30:00,0.0,12.138,2.40521085,0.0,0.0,0.0
2024-01-02 20:00:00,0.0,11.863,2.1931713,0.0,0.0,0.0
2024-01-02 20:30:00,0.0,11.638,1.9568182,0.0,0.0,0.0
2024-01-02 21:00:00,0.0,11.413,1.7204651,0.0,0.0,0.0
2024-01-02 21:30:00,0.0,11.288,1.8207012,0.0,0.0,0.0
2024-01-02 22:00:00,0.0,11.163,1.9209373,0.0,0.0,0.0
2024-01-02 22:30:00,0.0,11.088,1.8450589,0.0,0.0,0.0
2024-01-02 23:00:00,0.0,11.013,1.7691805,0.0,0.0,0.0
2024-01-02 23:30:00,0.0,10.838,1.5249027000000002,0.0,0.0,0.0
2024-01-03 00:00:00,0.0,10.663,1.2806249,0.0,0.0,0.0
2024-01-03 00:30:00,0.0,10.488,1.4308818,0.0,0.0,0.0
2024-01-03 01:00:00,0.0,10.313,1.5811387,0.0,0.0,0.0
2024-01-03 01:30:00,0.0,10.288,1.7805187999999998,0.0,0.0,0.0
2024-01-03 02:00:00,0.0,10.263,1.9798989,0.0,0.0,0.0
2024-01-03 02:30:00,0.0,10.013,1.96077385,0.0,0.0,0.0
2024-01-03 03:00:00,0.0,9.763,1.9416488,0.0,0.0,0.0
2024-01-03 03:30:00,0.0,9.638,1.66724375,0.0,0.0,0.0
2024-01-03 04:00:00,0.0,9.513,1.3928387,0.0,0.0,0.0
2024-01-03 04:30:00,0.0,9.263,1.30674715,0.0,0.0,0.0
2024-01-03 05:00:00,0.0,9.013,1.2206556,0.0,0.0,0.0
2024-01-03 05:30:00,0.0,8.913,1.2830089999999998,0.0,0.0,0.0
2024-01-03 06:00:00,0.0,8.813,1.3453624,0.0,0.0,0.0
2024-01-03 06:30:00,0.0,8.538,1.14702283,0.0,0.0,0.0
2024-01-03 07:00:00,0.0,8.263,0.94868326,0.0,0.0,0.0
2024-01-03 07:30:00,4.623,8.562999999999999,1.22600643,9.5554855,7.1666145,13.6864215
2024-01-03 08:00:00,88.233,8.863,1.5033296,19.110971,14.333229,27.372843
2024-01-03 08:30:00,224.442,9.763,1.45877155,89.4300955,48.5830795,239.5824465
2024-01-03 09:00:00,376.209,10.663,1.4142135,159.74922,82.83293,451.79205
2024-01-03 09:30:00,478.948,12.238,1.70710675,249.07639,87.016948,609.0524250000001
2024-01-03 10:00:00,569.854,13.813,2.0,338.40356,91.200966,766.3128
2024-01-03 10:30:00,652.921,14.638,3.0838665,392.72479,97.224963,775.8364
2024-01-03 11:00:00,709.9449999999999,15.463,4.167733,447.04602,103.24896,785.36
2024-01-03 11:30:00,783.912,15.913,4.522103700000001,483.75846,99.835425,810.1213
2024-01-03 12:00:00,762.3520000000001,16.363,4.8764744,520.4709,96.42189,834.8826
2024-01-03 12:30:00,769.988,16.463001,5.0121446,511.871315,99.03152,797.5714
2024-01-03 13:00:00,736.978,16.563002,5.1478148,503.27173,101.64115,760.2602
2024-01-03 13:30:00,580.7280000000001,16.313002,4.8771659,456.94823,102.265585,689.43137
2024-01-03 14:00:00,684.2159999999999,16.063002,4.606517,410.62473,102.89002,618.60254
2024-01-03 14:30:00,621.1940000000001,15.8630005,4.0496835,340.708715,106.558265,501.56195
2024-01-03 15:00:00,491.806,15.662999,3.49285,270.7927,110.22651,384.52136
2024-01-03 15:30:00,418.411,15.1129995,3.514192,208.60220500000003,90.969185,319.28372
2024-01-03 16:00:00,253.88,14.563,3.535534,146.41171,71.71186,254.04608
2024-01-03 16:30:00,106.141,14.013,3.2793887,87.53547449999999,43.279708500000005,169.8090925
2024-01-03 17:00:00,29.624,13.463,3.0232434,28.659239,14.847557,85.572105
2024-01-03 17:30:00,0.93,12.713,3.2035141,14.3296195,7.4237785,42.7860525
2024-01-03 18:00:00,0.0,11.963,3.3837848,0.0,0.0,0.0
2024-01-03 18:30:00,0.0,11.738,3.4532839,0.0,0.0,0.0
2024-01-03 19:00:00,0.0,11.513,3.522783,0.0,0.0,0.0
2024-01-03 19:30:00,0.0,11.488,3.42647405,0.0,0.0,0.0
2024-01-03 20:00:00,0.0,11.463,3.3301651,0.0,0.0,0.0
2024-01-03 20:30:00,0.0,11.388,3.22071755,0.0,0.0,0.0
2024-01-03 21:00:00,0.0,11.313,3.11127,0.0,0.0,0.0
2024-01-03 21:30:00,0.0,11.138,3.0763257,0.0,0.0,0.0
2024-01-03 22:00:00,0.0,10.963,3.0413814,0.0,0.0,0.0
2024-01-03 22:30:00,0.0,10.713,2.9366709,0.0,0.0,0.0
2024-01-03 23:00:00,0.0,10.463,2.8319604,0.0,0.0,0.0
2024-01-03 23:30:00,0.0,10.413,2.9276019,0.0,0.0,0.0
2024-01-04 00:00:00,0.0,10.363,3.0232434,0.0,0.0,0.0
2024-01-04 00:30:00,0.0,10.688,2.9965458,0.0,0.0,0.0
2024-01-04 01:00:00,0.0,11.013,2.9698482,0.0,0.0,0.0
2024-01-04 01:30:00,0.0,11.188,2.9383682,0.0,0.0,0.0
2024-01-04 02:00:00,0.0,11.363,2.9068882,0.0,0.0,0.0
2024-01-04 02:30:00,0.0,11.613,3.11552115,0.0,0.0,0.0
2024-01-04 03:00:00,0.0,11.863,3.3241541,0.0,0.0,0.0
2024-01-04 03:30:00,0.0,11.788,3.3331544,0.0,0.0,0.0
2024-01-04 04:00:00,0.0,11.713,3.3421547,0.0,0.0,0.0
2024-01-04 04:30:00,0.0,11.713,3.2113695,0.0,0.0,0.0
2024-01-04 05:00:00,0.0,11.713,3.0805843,0.0,0.0,0.0
2024-01-04 05:30:00,0.0,11.463,2.9304360000000003,0.0,0.0,0.0
2024-01-04 06:00:00,0.0,11.213,2.7802877,0.0,0.0,0.0
2024-01-04 06:30:00,0.0,10.938,3.01802595,0.0,0.0,0.0
2024-01-04 07:00:00,0.0,10.663,3.2557642,0.0,0.0,0.0
2024-01-04 07:30:00,2.367,10.738,3.20902085,10.758788,8.3679455,13.691015
2024-01-04 08:00:00,18.044,10.813,3.1622775,21.517576,16.735891,27.38203
2024-01-04 08:30:00,220.127,11.688,3.2877436,87.006078,55.7449025,183.394245
2024-01-04 09:00:00,139.9,12.563,3.4132097,152.49458,94.753914,339.40646
2024-01-04 09:30:00,112.074,13.513,4.1764225,220.90549,117.004972,402.11447
2024-01-04 10:00:00,158.779,14.463,4.9396353,289.3164,139.25603,464.82248
2024-01-04 10:30:00,82.301,14.838,5.4885094500000005,306.72157,159.72426000000002,396.561875
2024-01-04 11:00:00,125.808,15.213,6.0373836,324.12674,180.19249,328.30127
2024-01-04 11:30:00,211.539,15.688,5.813776799999999,351.85916,183.43844,353.64177
2024-01-04 12:00:00,358.242,16.163,5.59017,379.59158,186.68439,378.98227
2024-01-04 12:30:00,776.326,16.288,5.846724,393.162915,167.383625,433.592745
2024-01-04 13:00:00,789.806,16.413,6.103278,406.73425,148.08286,488.20322
2024-01-04 13:30:00,170.489,16.363001,6.217867,400.38429,136.749985,513.05646
2024-01-04 14:00:00,621.733,16.313002,6.332456,394.03433,125.41711,537.9097
2024-01-04 14:30:00,450.83400000000006,16.238001,6.208020149999999,347.776425,106.58949,523.5519850000001
2024-01-04 15:00:00,518.8009999999999,16.163,6.0835843,301.51852,87.76187,509.19427
2024-01-04 15:30:00,390.543,15.613,5.86358235,233.937225,73.105625,436.571935
2024-01-04 16:00:00,206.312,15.063,5.6435804,166.35593,58.44938,363.9496
2024-01-04 16:30:00,62.05499999999999,14.538,5.842551950000001,96.590625,36.556944,219.686635
2024-01-04 17:00:00,13.531,14.013,6.0415235,26.82532,14.664508,75.42367
2024-01-04 17:30:00,0.111,13.788,5.74885625,13.41266,7.332254000000001,37.711835
2024-01-04 18:00:00,0.0,13.563,5.456189,0.0,0.0,0.0
2024-01-04 18:30:00,0.0,13.688,5.34438935,0.0,0.0,0.0
2024-01-04 19:00:00,0.0,13.813,5.2325897,0.0,0.0,0.0
2024-01-04 19:30:00,0.0,13.763,5.2775917,0.0,0.0,0.0
2024-01-04 20:00:00,0.0,13.713,5.3225937,0.0,0.0,0.0
2024-01-04 20:30:00,0.0,13.688,4.987774849999999,0.0,0.0,0.0
2024-01-04 21:00:00,0.0,13.663,4.652956,0.0,0.0,0.0
2024-01-04 21:30:00,0.0,13.663,4.4205172,0.0,0.0,0.0
2024-01-04 22:00:00,0.0,13.663,4.1880784,0.0,0.0,0.0
2024-01-04 22:30:00,0.0,13.688,4.314962400000001,0.0,0.0,0.0
2024-01-04 23:00:00,0.0,13.713,4.4418464,0.0,0.0,0.0
2024-01-04 23:30:00,0.0,13.663,4.1906947,0.0,0.0,0.0
2024-01-05 00:00:00,0.0,13.613,3.939543,0.0,0.0,0.0
2024-01-05 00:30:00,0.0,13.613,3.74318625,0.0,0.0,0.0
2024-01-05 01:00:00,0.0,13.613,3.5468295,0.0,0.0,0.0
2024-01-05 01:30:00,0.0,13.463,3.08585525,0.0,0.0,0.0
2024-01-05 02:00:00,0.0,13.313,2.624881,0.0,0.0,0.0
2024-01-05 02:30:00,0.0,12.813,1.9624405,0.0,0.0,0.0
2024-01-05 03:00:00,0.0,12.313,1.3,0.0,0.0,0.0
2024-01-05 03:30:00,0.0,11.813,1.05,0.0,0.0,0.0
2024-01-05 04:00:00,0.0,11.313,0.8,0.0,0.0,0.0
2024-01-05 04:30:00,0.0,10.838,0.7041381250000001,0.0,0.0,0.0
2024-01-05 05:00:00,0.0,10.363,0.60827625,0.0,0.0,0.0
2024-01-05 05:30:00,0.0,9.938,0.404138125,0.0,0.0,0.0
2024-01-05 06:00:00,0.0,9.513,0.2,0.0,0.0,0.0
2024-01-05 06:30:00,0.0,9.513,0.211803405,0.0,0.0,0.0
2024-01-05 07:00:00,0.0,9.513,0.22360681,0.0,0.0,0.0
2024-01-05 07:30:00,4.988,9.613,0.335410215,10.7650845,8.3728435,13.6928435
2024-01-05 08:00:00,87.061,9.713,0.44721362,21.530169,16.745687,27.385687
2024-01-05 08:30:00,238.366,10.663,0.5876122850000001,98.9218595,49.1175715,292.4240735
2024-01-05 09:00:00,389.5160000000001,11.613,0.72801095,176.31355,81.489456,557.46246
2024-01-05 09:30:00,498.205,12.613,0.776316045,252.678655,97.186538,613.15248
2024-01-05 10:00:00,584.624,13.613,0.82462114,329.04376,112.88362,668.8425
2024-01-05 10:30:00,650.96,14.563,0.732466785,388.727965,116.340005,708.5357799999999
2024-01-05 11:00:00,700.27,15.513,0.64031243,448.41217,119.79639,748.22906
2024-01-05 11:30:00,734.597,16.188,0.370156215,477.347215,123.183477,746.222655
2024-01-05 12:00:00,741.27,16.863,0.1,506.28226,126.570564,744.21625
2024-01-05 12:30:00,748.176,17.363,0.3662277499999999,507.4547,124.02425,736.364105
2024-01-05 13:00:00,740.9159999999999,17.863,0.6324555,508.62714,121.477936,728.51196
2024-01-05 13:30:00,594.5740000000001,18.063,0.96622775,484.70057,108.033858,729.43988
2024-01-05 14:00:00,659.423,18.263,1.3,460.774,94.58978,730.3678
2024-01-05 14:30:00,597.349,18.338,1.4500000000000002,402.63439,85.13712000000001,683.60562
2024-01-05 15:00:00,507.922,18.413,1.6,344.49478,75.68446,636.84344
2024-01-05 15:30:00,399.639,17.887999999999998,1.55,263.95589,69.7898635,518.285045
2024-01-05 16:00:00,253.273,17.363,1.5,183.417,63.895267,399.72665
2024-01-05 16:30:00,72.122,16.113,1.309017,109.460895,39.8992275,260.7006625
2024-01-05 17:00:00,15.026,14.863,1.118034,35.50479,15.903188,121.674675
2024-01-05 17:30:00,0.079,13.688,1.209017,17.752395,7.951594,60.83733749999999
2024-01-05 18:00:00,0.0,12.513,1.3,0.0,0.0,0.0
2024-01-05 18:30:00,0.0,12.288,1.26846585,0.0,0.0,0.0
2024-01-05 19:00:00,0.0,12.063,1.2369317,0.0,0.0,0.0
2024-01-05 19:30:00,0.0,11.938,1.673217,0.0,0.0,0.0
2024-01-05 20:00:00,0.0,11.813,2.1095023,0.0,0.0,0.0
2024-01-05 20:30:00,0.0,11.663,2.1095023,0.0,0.0,0.0
2024-01-05 21:00:00,0.0,11.513,2.1095023,0.0,0.0,0.0
2024-01-05 21:30:00,0.0,11.238,2.06098175,0.0,0.0,0.0
2024-01-05 22:00:00,0.0,10.963,2.0124612,0.0,0.0,0.0
2024-01-05 22:30:00,0.0,10.738,2.037007,0.0,0.0,0.0
2024-01-05 23:00:00,0.0,10.513,2.0615528,0.0,0.0,0.0
2024-01-05 23:30:00,0.0,10.388,2.1043219,0.0,0.0,0.0
2024-01-06 00:00:00,0.0,10.263,2.147091,0.0,0.0,0.0
2024-01-06 00:30:00,0.0,10.438,2.2365158000000003,0.0,0.0,0.0
2024-01-06 01:00:00,0.0,10.613,2.3259406,0.0,0.0,0.0
2024-01-06 01:30:00,0.0,10.613,2.3514568,0.0,0.0,0.0
2024-01-06 02:00:00,0.0,10.613,2.376973,0.0,0.0,0.0
2024-01-06 02:30:00,0.0,10.363,2.4233953,0.0,0.0,0.0
2024-01-06 03:00:00,0.0,10.113,2.4698176,0.0,0.0,0.0
2024-01-06 03:30:00,0.0,10.138,2.4010992,0.0,0.0,0.0
2024-01-06 04:00:00,0.0,10.163,2.3323808,0.0,0.0,0.0
2024-01-06 04:30:00,0.0,10.263,2.2842244000000003,0.0,0.0,0.0
2024-01-06 05:00:00,0.0,10.363,2.236068,0.0,0.0,0.0
2024-01-06 05:30:00,0.0,10.613,2.1488104,0.0,0.0,0.0
2024-01-06 06:00:00,0.0,10.863,2.0615528,0.0,0.0,0.0
2024-01-06 06:30:00,0.0,10.863,2.23908105,0.0,0.0,0.0
2024-01-06 07:00:00,0.0,10.863,2.4166093,0.0,0.0,0.0
2024-01-06 07:30:00,0.851,10.963,2.66174875,8.3755,8.3755,0.0
2024-01-06 08:00:00,42.585,11.063,2.9068882,16.751,16.751,0.0
2024-01-06 08:30:00,55.095000000000006,11.763,3.0186916,76.567915,61.743477,87.110505
2024-01-06 09:00:00,129.153,12.463,3.130495,136.38483,106.735954,174.22101
2024-01-06 09:30:00,197.935,13.238,3.93590135,188.91614,131.448002,218.87190500000003
2024-01-06 10:00:00,596.566,14.013,4.7413077,241.44745,156.16005,263.5228
2024-01-06 10:30:00,86.425,14.738,5.09874835,301.01502500000004,152.285285,372.829025
2024-01-06 11:00:00,119.62,15.463,5.456189,360.5826,148.41052,482.13525
2024-01-06 11:30:00,340.978,15.788,5.70340985,384.21464,153.59526,484.523465
2024-01-06 12:00:00,837.113,16.113,5.9506307,407.84668,158.78,486.91168
2024-01-06 12:30:00,890.732,16.238,6.08738855,424.252855,152.50383,519.583375
2024-01-06 13:00:00,392.169,16.363,6.2241464,440.65903,146.22766,552.25507
2024-01-06 13:30:00,595.615,16.238,6.3620732,401.66109,135.431915,512.52045
2024-01-06 14:00:00,181.109,16.113,6.5,362.66315,124.63617,472.78583
2024-01-06 14:30:00,91.481,15.788,6.77881,330.26311,116.316655,460.0374
2024-01-06 15:00:00,63.272000000000006,15.463,7.05762,297.86307,107.99714,447.28897
2024-01-06 15:30:00,392.003,15.113,6.64369365,225.092125,87.17744,366.157485
2024-01-06 16:00:00,261.473,14.763,6.2297673,152.32118,66.35774,285.026
2024-01-06 16:30:00,108.316,14.238,5.4568913000000006,91.813442,41.577961,187.567295
2024-01-06 17:00:00,15.806,13.713,4.6840153,31.305704,16.798182,90.10859
2024-01-06 17:30:00,0.376,13.238,4.57415915,15.652852,8.399091,45.054295
2024-01-06 18:00:00,0.0,12.763,4.464303,0.0,0.0,0.0
2024-01-06 18:30:00,0.0,12.663,4.876484850000001,0.0,0.0,0.0
2024-01-06 19:00:00,0.0,12.563,5.2886667,0.0,0.0,0.0
2024-01-06 19:30:00,0.0,12.413,5.24048425,0.0,0.0,0.0
2024-01-06 20:00:00,0.0,12.263,5.1923018,0.0,0.0,0.0
2024-01-06 20:30:00,0.0,12.463,5.3732899,0.0,0.0,0.0
2024-01-06 21:00:00,0.0,12.663,5.554278,0.0,0.0,0.0
2024-01-06 21:30:00,0.0,12.763,5.92555125,0.0,0.0,0.0
2024-01-06 22:00:00,0.0,12.863,6.2968245,0.0,0.0,0.0
2024-01-06 22:30:00,0.0,13.013,6.62763645,0.0,0.0,0.0
2024-01-06 23:00:00,0.0,13.163,6.9584484,0.0,0.0,0.0
2024-01-06 23:30:00,0.0,13.388,7.1137805,0.0,0.0,0.0
2024-01-07 00:00:00,0.0,13.613,7.2691126,0.0,0.0,0.0
2024-01-07 00:30:00,0.0,13.588,7.2529123,0.0,0.0,0.0
2024-01-07 01:00:00,0.0,13.563,7.236712,0.0,0.0,0.0
2024-01-07 01:30:00,0.0,13.538,6.94251,0.0,0.0,0.0
2024-01-07 02:00:00,0.0,13.513,6.648308,0.0,0.0,0.0
2024-01-07 02:30:00,0.0,14.038,6.83485185,0.0,0.0,0.0
2024-01-07 03:00:00,0.0,14.563,7.0213957,0.0,0.0,0.0
2024-01-07 03:30:00,0.0,14.213,6.63039335,0.0,0.0,0.0
2024-01-07 04:00:00,0.0,13.863,6.239391,0.0,0.0,0.0
2024-01-07 04:30:00,0.0,13.738,6.195813,0.0,0.0,0.0
2024-01-07 05:00:00,0.0,13.613,6.152235,0.0,0.0,0.0
2024-01-07 05:30:00,0.0,13.438,5.8483007,0.0,0.0,0.0
2024-01-07 06:00:00,0.0,13.263,5.5443664,0.0,0.0,0.0
2024-01-07 06:30:00,0.0,13.138,5.3123602000000005,0.0,0.0,0.0
2024-01-07 07:00:00,0.0,13.013,5.080354,0.0,0.0,0.0
2024-01-07 07:30:00,1.567,13.213,5.3137127500000005,10.768999,7.179332500000001,20.5408975
2024-01-07 08:00:00,48.643,13.413,5.5470715,21.537998,14.358665,41.081795
2024-01-07 08:30:00,47.406000000000006,13.913,5.532158750000001,90.849199,43.5120175,277.32639750000004
2024-01-07 09:00:00,202.071,14.413,5.517246,160.1604,72.66537,513.571
2024-01-07 09:30:00,400.81,14.838,6.479174,247.69002,82.590593,631.0871999999999
2024-01-07 10:00:00,509.204,15.263,7.441102,335.21964,92.515816,748.6034
2024-01-07 10:30:00,590.8149999999999,15.513,7.798847,392.47717,101.787503,758.2439999999999
2024-01-07 11:00:00,224.816,15.763,8.156592,449.7347,111.05919,767.8846
2024-01-07 11:30:00,395.243,15.738,8.391646999999999,451.68715,114.18094,711.7996499999999
2024-01-07 12:00:00,256.409,15.713,8.626702,453.6396,117.30269,655.7147
2024-01-07 12:30:00,344.283,15.163,8.3950175,383.977865,134.265135,480.28841
2024-01-07 13:00:00,104.847,14.613,8.163333,314.31613,151.22758,304.86212
2024-01-07 13:30:00,190.68400000000003,13.863,7.2581425,282.808725,147.34719,259.065155
2024-01-07 14:00:00,108.749,13.113,6.352952,251.30132,143.4668,213.26819
2024-01-07 14:30:00,133.867,13.163,6.46965075,263.85496,124.05049,307.803115
2024-01-07 15:00:00,564.981,13.213,6.5863495,276.4086,104.63418,402.33804
2024-01-07 15:30:00,90.641,12.713,5.98111075,217.24964,87.868585,344.12227
2024-01-07 16:00:00,32.466,12.213,5.375872,158.09068,71.10299,285.9065
2024-01-07 16:30:00,66.345,11.788,5.2043819,96.750695,44.600898,196.73736
2024-01-07 17:00:00,26.115,11.363,5.0328918,35.41071,18.098806,107.56822
2024-01-07 17:30:00,0.579,11.313,4.4638801,17.705355,9.049403,53.78411
2024-01-07 18:00:00,0.0,11.263,3.8948684,0.0,0.0,0.0
2024-01-07 18:30:00,0.0,11.288,3.9178402,0.0,0.0,0.0
2024-01-07 19:00:00,0.0,11.313,3.940812,0.0,0.0,0.0
2024-01-07 19:30:00,0.0,11.263,3.8445725,0.0,0.0,0.0
2024-01-07 20:00:00,0.0,11.213,3.748333,0.0,0.0,0.0
2024-01-07 20:30:00,0.0,11.288,3.85406545,0.0,0.0,0.0
2024-01-07 21:00:00,0.0,11.363,3.9597979,0.0,0.0,0.0
2024-01-07 21:30:00,0.0,11.363,4.139181450000001,0.0,0.0,0.0
2024-01-07 22:00:00,0.0,11.363,4.318565,0.0,0.0,0.0
2024-01-07 22:30:00,0.0,11.288,4.479304150000001,0.0,0.0,0.0
2024-01-07 23:00:00,0.0,11.213,4.6400433,0.0,0.0,0.0
2024-01-07 23:30:00,0.0,11.138,4.66363005,0.0,0.0,0.0
2024-01-08 00:00:00,0.0,11.063,4.6872168,0.0,0.0,0.0
2024-01-08 00:30:00,0.0,11.088,4.5350689,0.0,0.0,0.0
2024-01-08 01:00:00,0.0,11.113,4.382921,0.0,0.0,0.0
2024-01-08 01:30:00,0.0,11.113,4.522233,0.0,0.0,0.0
2024-01-08 02:00:00,0.0,11.113,4.661545,0.0,0.0,0.0
2024-01-08 02:30:00,0.0,10.838,4.41163765,0.0,0.0,0.0
2024-01-08 03:00:00,0.0,10.563,4.1617303,0.0,0.0,0.0
2024-01-08 03:30:00,0.0,10.563,4.09642965,0.0,0.0,0.0
2024-01-08 04:00:00,0.0,10.563,4.031129,0.0,0.0,0.0
2024-01-08 04:30:00,0.0,10.413,4.06617435,0.0,0.0,0.0
2024-01-08 05:00:00,0.0,10.263,4.1012197,0.0,0.0,0.0
2024-01-08 05:30:00,0.0,10.138,3.7126869,0.0,0.0,0.0
2024-01-08 06:00:00,0.0,10.013,3.3241541,0.0,0.0,0.0
2024-01-08 06:30:00,0.0,10.163,3.28995915,0.0,0.0,0.0
2024-01-08 07:00:00,0.0,10.313,3.2557642,0.0,0.0,0.0
2024-01-08 07:30:00,0.387,10.338,3.2286632,7.17767525,7.17767525,0.0
2024-01-08 08:00:00,29.662,10.363,3.2015622,14.3553505,14.3553505,0.0
2024-01-08 08:30:00,88.44699999999999,10.813,3.31104425,73.92112524999999,62.05562025,69.526915
2024-01-08 09:00:00,83.04899999999999,11.263,3.4205263,133.4869,109.75589,139.05383
2024-01-08 09:30:00,237.572,12.063,3.52203015,187.5149,148.61101,152.751755
2024-01-08 10:00:00,170.402,12.863,3.623534,241.5429,187.46613,166.44968
2024-01-08 10:30:00,284.097,13.463,4.351944,293.44381500000003,202.615635,227.50019
2024-01-08 11:00:00,292.22200000000004,14.063,5.080354,345.34473,217.76514,288.5507
2024-01-08 11:30:00,423.578,14.338,5.541843,358.019535,223.10212,282.537265
2024-01-08 12:00:00,306.194,14.613,6.003332,370.69434,228.4391,276.52383
2024-01-08 12:30:00,300.864,14.563,5.997079,357.3978,232.38076,238.639785
2024-01-08 13:00:00,306.273,14.513,5.990826,344.10126,236.32242,200.75574
2024-01-08 13:30:00,341.43,14.263,5.745413,325.45658000000003,202.13572,237.085085
2024-01-08 14:00:00,335.764,14.013,5.5,306.8119,167.94902,273.41443
2024-01-08 14:30:00,368.979,13.863,5.1707437,266.017,153.374345,237.32229
2024-01-08 15:00:00,231.782,13.713,4.8414874,225.2221,138.79967,201.23015
2024-01-08 15:30:00,270.502,13.388,4.443736550000001,183.174825,108.475473,203.194115
2024-01-08 16:00:00,281.423,13.063,4.0459857,141.12755,78.151276,205.15808
2024-01-08 16:30:00,160.908,12.688,3.4131367,88.7819185,48.1847095,159.18751500000002
2024-01-08 17:00:00,28.897,12.313,2.7802877,36.436287,18.218143,113.21695
2024-01-08 17:30:00,0.552,11.888,3.17899835,18.2181435,9.1090715,56.608475
2024-01-08 18:00:00,0.0,11.463,3.577709,0.0,0.0,0.0
2024-01-08 18:30:00,0.0,10.963,3.1351457,0.0,0.0,0.0
2024-01-08 19:00:00,0.0,10.463,2.6925824,0.0,0.0,0.0
2024-01-08 19:30:00,0.0,10.338,2.83289805,0.0,0.0,0.0
2024-01-08 20:00:00,0.0,10.213,2.9732137,0.0,0.0,0.0
2024-01-08 20:30:00,0.0,10.238,2.94434475,0.0,0.0,0.0
2024-01-08 21:00:00,0.0,10.263,2.9154758,0.0,0.0,0.0
2024-01-08 21:30:00,0.0,10.188,2.69264685,0.0,0.0,0.0
2024-01-08 22:00:00,0.0,10.113,2.4698179,0.0,0.0,0.0
2024-01-08 22:30:00,0.0,10.213,2.5126021,0.0,0.0,0.0
2024-01-08 23:00:00,0.0,10.313,2.5553863,0.0,0.0,0.0
2024-01-08 23:30:00,0.0,10.163,2.3788289,0.0,0.0,0.0
2024-01-09 00:00:00,0.0,10.013,2.2022715,0.0,0.0,0.0
2024-01-09 00:30:00,0.0,9.888,2.1977214,0.0,0.0,0.0
2024-01-09 01:00:00,0.0,9.763,2.1931713,0.0,0.0,0.0
2024-01-09 01:30:00,0.0,9.838,2.93506315,0.0,0.0,0.0
2024-01-09 02:00:00,0.0,9.913,3.676955,0.0,0.0,0.0
2024-01-09 02:30:00,0.0,10.263,4.41965925,0.0,0.0,0.0
2024-01-09 03:00:00,0.0,10.613,5.1623635,0.0,0.0,0.0
2024-01-09 03:30:00,0.0,10.138,4.53694245,0.0,0.0,0.0
2024-01-09 04:00:00,0.0,9.663,3.9115214,0.0,0.0,0.0
2024-01-09 04:30:00,0.0,9.788,3.74601205,0.0,0.0,0.0
2024-01-09 05:00:00,0.0,9.913,3.5805027,0.0,0.0,0.0
2024-01-09 05:30:00,0.0,9.863,3.488044,0.0,0.0,0.0
2024-01-09 06:00:00,0.0,9.813,3.3955853,0.0,0.0,0.0
2024-01-09 06:30:00,0.0,9.063,3.01308715,0.0,0.0,0.0
2024-01-09 07:00:00,0.0,8.313,2.630589,0.0,0.0,0.0
2024-01-09 07:30:00,0.0,8.313,3.13326035,8.3698605,7.174165500000001,6.8445275
2024-01-09 08:00:00,10.301,8.313,3.6359317,16.739721,14.348331,13.689055
2024-01-09 08:30:00,3.796,8.488,3.16425705,45.4471655,42.0268305,19.8490825
2024-01-09 09:00:00,2.085,8.663,2.6925824,74.15461,69.70533,26.00911
2024-01-09 09:30:00,136.58599999999998,9.263,3.1908778,156.65981499999998,106.361805,160.61890499999998
2024-01-09 10:00:00,150.634,9.863,3.6891732,239.16502,143.01828,295.2287
2024-01-09 10:30:00,665.749,10.813,3.9260523,343.436745,125.410155,530.96585
2024-01-09 11:00:00,708.543,11.763,4.1629314,447.70847,107.80203,766.703
2024-01-09 11:30:00,748.603,12.188,4.3175337,461.699385,116.737835,722.48125
2024-01-09 12:00:00,247.61,12.613,4.472136,475.6903,125.67364,678.2595
2024-01-09 12:30:00,167.063,12.663,5.1945305,459.41859,152.851035,583.2715499999999
2024-01-09 13:00:00,535.073,12.713,5.916925,443.14688,180.02843,488.2836
2024-01-09 13:30:00,274.489,12.238,5.71980265,385.39868,185.30511,378.465135
2024-01-09 14:00:00,114.591,11.763,5.5226803,327.65048,190.58179,268.64667
2024-01-09 14:30:00,153.709,11.313,5.2011149,271.320985,164.33287,223.322755
2024-01-09 15:00:00,72.191,10.863,4.8795495,214.99149,138.08395,177.99884
2024-01-09 15:30:00,85.86600000000001,10.263,4.38720895,134.5135675,96.0597975,88.99942
2024-01-09 16:00:00,200.469,9.663,3.8948684,54.035645,54.035645,0.0
2024-01-09 16:30:00,35.805,9.513,3.7031392,32.4251235,32.009177,2.5846865
2024-01-09 17:00:00,0.011,9.363,3.51141,10.814602,9.982709,5.169373
2024-01-09 17:30:00,0.0,9.263,2.59385775,5.407301,4.9913545,2.5846865
2024-01-09 18:00:00,0.0,9.163,1.6763055,0.0,0.0,0.0
2024-01-09 18:30:00,0.0,9.088,1.6013696,0.0,0.0,0.0
2024-01-09 19:00:00,0.0,9.013,1.5264337,0.0,0.0,0.0
2024-01-09 19:30:00,0.0,8.812999999999999,2.03797175,0.0,0.0,0.0
2024-01-09 20:00:00,0.0,8.613,2.5495098,0.0,0.0,0.0
2024-01-09 20:30:00,0.0,8.238,2.4258414,0.0,0.0,0.0
2024-01-09 21:00:00,0.0,7.863,2.302173,0.0,0.0,0.0
2024-01-09 21:30:00,0.0,7.71299985,2.3279467,0.0,0.0,0.0
2024-01-09 22:00:00,0.0,7.5629997,2.3537204,0.0,0.0,0.0
2024-01-09 22:30:00,0.0,7.638,2.4026253,0.0,0.0,0.0
2024-01-09 23:00:00,0.0,7.7130003,2.4515302,0.0,0.0,0.0
2024-01-09 23:30:00,0.0,7.763,3.04304325,0.0,0.0,0.0
2024-01-10 00:00:00,0.0,7.8129997,3.6345563,0.0,0.0,0.0
2024-01-10 00:30:00,0.0,7.98799985,4.76897265,0.0,0.0,0.0
2024-01-10 01:00:00,0.0,8.163,5.903389,0.0,0.0,0.0
2024-01-10 01:30:00,0.0,8.187999999999999,6.016413,0.0,0.0,0.0
2024-01-10 02:00:00,0.0,8.213,6.129437,0.0,0.0,0.0
2024-01-10 02:30:00,0.0,8.01299985,6.67719675,0.0,0.0,0.0
2024-01-10 03:00:00,0.0,7.8129997,7.2249565,0.0,0.0,0.0
2024-01-10 03:30:00,0.0,7.53799985,7.26247825,0.0,0.0,0.0
2024-01-10 04:00:00,0.0,7.263,7.3,0.0,0.0,0.0
2024-01-10 04:30:00,0.0,7.213,7.351351149999999,0.0,0.0,0.0
2024-01-10 05:00:00,0.0,7.163,7.4027023,0.0,0.0,0.0
2024-01-10 05:30:00,0.0,7.11299985,7.3732035,0.0,0.0,0.0
2024-01-10 06:00:00,0.0,7.0629997,7.3437047,0.0,0.0,0.0
2024-01-10 06:30:00,0.0,7.13799985,6.9854605,0.0,0.0,0.0
2024-01-10 07:00:00,0.0,7.213,6.6272163,0.0,0.0,0.0
2024-01-10 07:30:00,3.059,7.01299985,6.22436415,8.363303,7.1685455,6.843178
2024-01-10 08:00:00,18.653,6.8129997,5.821512,16.726606,14.337091,13.686356
2024-01-10 08:30:00,79.589,7.08799985,5.4783425,84.721563,53.8731125,179.666148
2024-01-10 09:00:00,112.432,7.363,5.135173,152.71652,93.409134,345.64594
2024-01-10 09:30:00,262.97,7.813000000000001,6.1956025,171.307425,101.9914245,294.27582
2024-01-10 10:00:00,129.176,8.263,7.256032,189.89833,110.573715,242.9057
2024-01-10 10:30:00,226.293,8.338000000000001,7.376349,245.124425,136.7005575,276.09906
2024-01-10 11:00:00,115.046,8.413,7.496666,300.35052,162.8274,309.29242
2024-01-10 11:30:00,336.081,8.138,6.7520807000000005,233.28503,159.329115,164.67858
2024-01-10 12:00:00,551.991,7.863,6.0074954,166.21954,155.83083,20.06474
2024-01-10 12:30:00,312.734,8.038,6.4829719,205.3162,160.540815,83.201745
2024-01-10 13:00:00,72.35600000000001,8.213,6.9584484,244.41286,165.2508,146.33875
2024-01-10 13:30:00,318.04200000000003,7.98799975,7.1459667,234.462525,147.44272999999998,165.70925499999998
2024-01-10 14:00:00,84.87800000000001,7.7629995,7.333485,224.51219,129.63466,185.07976
2024-01-10 14:30:00,79.315,7.96299975,7.0615913,201.93691,126.500235,156.94326999999998
2024-01-10 15:00:00,219.953,8.163,6.7896976,179.36163,123.36581,128.80678
2024-01-10 15:30:00,169.403,8.038,7.30637045,122.50514,93.362195,68.06694750000001
2024-01-10 16:00:00,111.27599999999998,7.913,7.8230433,65.64865,63.35858,7.327115
2024-01-10 16:30:00,72.146,7.413,7.96645715,43.279283,38.933751,23.5455475
2024-01-10 17:00:00,4.960999999999999,6.913,8.109871,20.909916,14.508922,39.76398
2024-01-10 17:30:00,0.025,6.838,8.205237,10.454958,7.254461000000001,19.88199
2024-01-10 18:00:00,0.0,6.763,8.300603,0.0,0.0,0.0
2024-01-10 18:30:00,0.0,6.763,8.301506,0.0,0.0,0.0
2024-01-10 19:00:00,0.0,6.763,8.302409,0.0,0.0,0.0
2024-01-10 19:30:00,0.0,6.738,8.0012045,0.0,0.0,0.0
2024-01-10 20:00:00,0.0,6.713,7.7,0.0,0.0,0.0
2024-01-10 20:30:00,0.0,6.76299985,7.70129835,0.0,0.0,0.0
2024-01-10 21:00:00,0.0,6.8129997,7.7025967,0.0,0.0,0.0
2024-01-10 21:30:00,0.0,6.73799985,7.50437935,0.0,0.0,0.0
2024-01-10 22:00:00,0.0,6.663,7.306162,0.0,0.0,0.0
2024-01-10 22:30:00,0.0,6.688000000000001,7.2544695,0.0,0.0,0.0
2024-01-10 23:00:00,0.0,6.713,7.202777,0.0,0.0,0.0
2024-01-10 23:30:00,0.0,6.713,6.95474485,0.0,0.0,0.0
2024-01-11 00:00:00,0.0,6.713,6.7067127,0.0,0.0,0.0
2024-01-11 00:30:00,0.0,6.663,6.65941135,0.0,0.0,0.0
2024-01-11 01:00:00,0.0,6.613,6.61211,0.0,0.0,0.0
2024-01-11 01:30:00,0.0,6.538,6.306471500000001,0.0,0.0,0.0
2024-01-11 02:00:00,0.0,6.463,6.000833,0.0,0.0,0.0
2024-01-11 02:30:00,0.0,6.538,5.3694880000000005,0.0,0.0,0.0
2024-01-11 03:00:00,0.0,6.613,4.738143,0.0,0.0,0.0
2024-01-11 03:30:00,0.0,6.538,4.97339465,0.0,0.0,0.0
2024-01-11 04:00:00,0.0,6.463,5.2086463,0.0,0.0,0.0
2024-01-11 04:30:00,0.0,6.438000000000001,5.3061745,0.0,0.0,0.0
2024-01-11 05:00:00,0.0,6.413,5.4037027,0.0,0.0,0.0
2024-01-11 05:30:00,0.0,6.388,5.36877835,0.0,0.0,0.0
2024-01-11 06:00:00,0.0,6.363,5.333854,0.0,0.0,0.0
2024-01-11 06:30:00,0.0,6.238,5.333854,0.0,0.0,0.0
2024-01-11 07:00:00,0.0,6.113,5.333854,0.0,0.0,0.0
2024-01-11 07:30:00,0.0,6.188000000000001,5.2746078,7.1608755,5.967396,6.839509
2024-01-11 08:00:00,8.839,6.263,5.2153616,14.321751,11.934792,13.679018
2024-01-11 08:30:00,16.613,6.763,5.344924,72.36679050000001,48.9440235,135.916274
2024-01-11 09:00:00,29.478,7.263,5.4744864,130.41183,85.953255,258.15353
2024-01-11 09:30:00,42.173,7.763,5.7376597,198.0119,106.0744925,341.87695
2024-01-11 10:00:00,66.113,8.263,6.000833,265.61197,126.19573,425.60037
2024-01-11 10:30:00,85.33000000000001,8.588000000000001,6.102029,317.10866,155.52428,418.778365
2024-01-11 11:00:00,86.65599999999999,8.913,6.203225,368.60535,184.85283,411.95636
2024-01-11 11:30:00,124.171,9.238,6.0520362,388.48581,195.29731,400.971695
2024-01-11 12:00:00,332.241,9.563,5.9008474,408.36627,205.74179,389.98703
2024-01-11 12:30:00,243.606,9.488,6.060487950000001,384.834625,223.140245,306.169045
2024-01-11 13:00:00,340.887,9.413,6.2201285,361.30298,240.5387,222.35106
2024-01-11 13:30:00,285.198,9.313,5.96181795,306.13161,228.8308,144.019997
2024-01-11 14:00:00,447.75999999999993,9.213,5.7035074,250.96024,217.1229,65.688934
2024-01-11 14:30:00,132.46099999999998,9.288,5.4560768500000005,248.98325,179.07209999999998,153.98521699999998
2024-01-11 15:00:00,157.85399999999998,9.363,5.2086463,247.00626,141.0213,242.2815
2024-01-11 15:30:00,166.086,9.288,5.06704515,202.74456,114.916475,231.58748
2024-01-11 16:00:00,71.871,9.213,4.925444,158.48286,88.81165,220.89346
2024-01-11 16:30:00,89.93,8.763,4.273799,100.22698,56.428796,166.09468
2024-01-11 17:00:00,10.36,8.313,3.622154,41.9711,24.045942,111.2959
2024-01-11 17:30:00,0.733,7.638,2.9512525,20.98555,12.022971,55.64795000000001
2024-01-11 18:00:00,0.0,6.963,2.280351,0.0,0.0,0.0
2024-01-11 18:30:00,0.0,6.563000000000001,1.96479665,0.0,0.0,0.0
2024-01-11 19:00:00,0.0,6.163,1.6492423,0.0,0.0,0.0
2024-01-11 19:30:00,0.0,5.663,1.32711495,0.0,0.0,0.0
2024-01-11 20:00:00,0.0,5.163,1.0049876,0.0,0.0,0.0
2024-01-11 20:30:00,0.0,4.788,1.0547618,0.0,0.0,0.0
2024-01-11 21:00:00,0.0,4.413,1.104536,0.0,0.0,0.0
2024-01-11 21:30:00,0.0,4.088,1.26815905,0.0,0.0,0.0
2024-01-11 22:00:00,0.0,3.763,1.4317821,0.0,0.0,0.0
2024-01-11 22:30:00,0.0,3.713,1.2815765,0.0,0.0,0.0
2024-01-11 23:00:00,0.0,3.663,1.1313709,0.0,0.0,0.0
2024-01-11 23:30:00,0.0,3.8129999,0.7656854500000001,0.0,0.0,0.0
2024-01-12 00:00:00,0.0,3.9629998,0.4,0.0,0.0,0.0
2024-01-12 00:30:00,0.0,3.6379999,0.46925823,0.0,0.0,0.0
2024-01-12 01:00:00,0.0,3.313,0.53851646,0.0,0.0,0.0
2024-01-12 01:30:00,0.0,3.5129999,1.01925823,0.0,0.0,0.0
2024-01-12 02:00:00,0.0,3.7129998,1.5,0.0,0.0,0.0
2024-01-12 02:30:00,0.0,4.9129999,1.61023255,0.0,0.0,0.0
2024-01-12 03:00:00,0.0,6.113,1.7204651,0.0,0.0,0.0
2024-01-12 03:30:00,0.0,6.33799985,2.05291855,0.0,0.0,0.0
2024-01-12 04:00:00,0.0,6.5629997,2.385372,0.0,0.0,0.0
2024-01-12 04:30:00,0.0,6.8129997,2.40305785,0.0,0.0,0.0
2024-01-12 05:00:00,0.0,7.0629997,2.4207437,0.0,0.0,0.0
2024-01-12 05:30:00,0.0,7.16299985,2.1404256,0.0,0.0,0.0
2024-01-12 06:00:00,0.0,7.263,1.8601075,0.0,0.0,0.0
2024-01-12 06:30:00,0.0,7.013,1.87345185,0.0,0.0,0.0
2024-01-12 07:00:00,0.0,6.763,1.8867962,0.0,0.0,0.0
2024-01-12 07:30:00,0.377,6.813000000000001,2.08466935,7.1512425,7.1512425,0.0
2024-01-12 08:00:00,6.782,6.863,2.2825425,14.302485,14.302485,0.0
2024-01-12 08:30:00,10.477,7.513,2.31174125,64.9059125,60.4632475,25.684725
2024-01-12 09:00:00,38.237,8.163,2.34094,115.50934,106.62401,51.36945
2024-01-12 09:30:00,125.63899999999998,9.163,2.21450065,176.12828,135.03186,137.19602500000002
2024-01-12 10:00:00,153.611,10.163,2.0880613,236.74722,163.43971,223.0226
2024-01-12 10:30:00,181.778,10.963,2.34787115,266.37856,171.95335999999998,240.590265
2024-01-12 11:00:00,139.31599999999997,11.763,2.607681,296.0099,180.46701,258.15793
2024-01-12 11:30:00,256.811,12.288,1.8561085,332.48188000000005,201.439315,269.587175
2024-01-12 12:00:00,288.527,12.813,1.104536,368.95386,222.41162,281.01642
2024-01-12 12:30:00,270.645,13.113,1.53715375,368.159455,202.30442,310.26777500000003
2024-01-12 13:00:00,277.73400000000004,13.413,1.9697715,367.36505,182.19722,339.51913
2024-01-12 13:30:00,341.809,13.613,2.5549175,371.304075,160.222335,398.66624
2024-01-12 14:00:00,177.597,13.813,3.1400635,375.2431,138.24745,457.81335
2024-01-12 14:30:00,332.57700000000006,13.388,2.74050175,327.0437,143.219145,377.303085
2024-01-12 15:00:00,325.283,12.963,2.34094,278.8443,148.19084,296.79282
2024-01-12 15:30:00,90.492,11.988,1.8375532,175.126895,108.26448,153.220991
2024-01-12 16:00:00,40.394,11.013,1.3341664,71.40949,68.33812,9.649162
2024-01-12 16:30:00,9.31,10.438,1.23717095,43.533053,41.997368,4.824581
2024-01-12 17:00:00,5.385999999999999,9.863,1.1401755,15.656616,15.656616,0.0
2024-01-12 17:30:00,0.009,9.513,1.52533635,7.828308,7.828308,0.0
2024-01-12 18:00:00,0.0,9.163,1.9104972,0.0,0.0,0.0
2024-01-12 18:30:00,0.0,8.988,1.88530235,0.0,0.0,0.0
2024-01-12 19:00:00,0.0,8.813,1.8601075,0.0,0.0,0.0
2024-01-12 19:30:00,0.0,8.738,1.96083015,0.0,0.0,0.0
2024-01-12 20:00:00,0.0,8.663,2.0615528,0.0,0.0,0.0
2024-01-12 20:30:00,0.0,8.613,2.42092025,0.0,0.0,0.0
2024-01-12 21:00:00,0.0,8.563,2.7802877,0.0,0.0,0.0
2024-01-12 21:30:00,0.0,8.338000000000001,2.9304360000000003,0.0,0.0,0.0
2024-01-12 22:00:00,0.0,8.113,3.0805843,0.0,0.0,0.0
2024-01-12 22:30:00,0.0,8.088000000000001,3.69957465,0.0,0.0,0.0
2024-01-12 23:00:00,0.0,8.063,4.318565,0.0,0.0,0.0
2024-01-12 23:30:00,0.0,8.038,4.9106455,0.0,0.0,0.0
2024-01-13 00:00:00,0.0,8.013,5.502726,0.0,0.0,0.0
2024-01-13 00:30:00,0.0,7.988000149999999,5.597413,0.0,0.0,0.0
2024-01-13 01:00:00,0.0,7.9630003,5.6921,0.0,0.0,0.0
2024-01-13 01:30:00,0.0,7.8629999,5.6964885,0.0,0.0,0.0
2024-01-13 02:00:00,0.0,7.7629995,5.700877,0.0,0.0,0.0
2024-01-13 02:30:00,0.0,7.98799975,5.523452000000001,0.0,0.0,0.0
2024-01-13 03:00:00,0.0,8.213,5.346027,0.0,0.0,0.0
2024-01-13 03:30:00,0.0,7.88799985,5.65713815,0.0,0.0,0.0
2024-01-13 04:00:00,0.0,7.5629997,5.9682493,0.0,0.0,0.0
2024-01-13 04:30:00,0.0,7.3129997,6.38743165,0.0,0.0,0.0
2024-01-13 05:00:00,0.0,7.0629997,6.806614,0.0,0.0,0.0
2024-01-13 05:30:00,0.0,7.03799985,6.87101535,0.0,0.0,0.0
2024-01-13 06:00:00,0.0,7.013,6.9354167,0.0,0.0,0.0
2024-01-13 06:30:00,0.0,6.888,6.62761355,0.0,0.0,0.0
2024-01-13 07:00:00,0.0,6.763,6.3198104,0.0,0.0,0.0
2024-01-13 07:30:00,0.177,6.713,6.4561150000000005,7.139710000000001,5.9497585,6.831094500000001
2024-01-13 08:00:00,7.227,6.663,6.5924196,14.27942,11.899517,13.662189
2024-01-13 08:30:00,41.828,6.86299985,7.0368648,66.31976,41.45778849999999,143.0019795
2024-01-13 09:00:00,148.549,7.0629997,7.48131,118.3601,71.01606,272.34177
2024-01-13 09:30:00,161.30800000000002,7.23799985,8.0070935,150.500035,91.381443,243.60376
2024-01-13 10:00:00,135.933,7.413,8.532877,182.63997,111.746826,214.86575
2024-01-13 10:30:00,218.344,7.913,8.8285105,293.255745,126.303323,400.192225
2024-01-13 11:00:00,481.297,8.413,9.124144,403.87152,140.85982,585.5187
2024-01-13 11:30:00,94.94,8.562999999999999,9.0459315,434.262435,142.154925,599.5577499999999
2024-01-13 12:00:00,127.301,8.713,8.967719,464.65335,143.45003,613.5968
2024-01-13 12:30:00,248.11,8.788,9.1166235,463.612875,153.938095,578.964935
2024-01-13 13:00:00,159.381,8.863,9.265528,462.5724,164.42616,544.33307
2024-01-13 13:30:00,1019.007,8.713000000000001,9.3044875,429.36235,152.786535,517.224635
2024-01-13 14:00:00,217.71,8.563,9.343447,396.1523,141.14691,490.1162
2024-01-13 14:30:00,223.213,8.288,8.6371995,309.11976000000004,124.55908,373.84295
2024-01-13 15:00:00,105.906,8.013,7.930952,222.08722,107.97125,257.5697
2024-01-13 15:30:00,133.894,7.738000149999999,7.82066725,167.25657,92.87267,182.7179175
2024-01-13 16:00:00,71.64800000000001,7.4630003,7.7103825,112.42592,77.77409,107.866135
2024-01-13 16:30:00,43.387,7.16300015,7.0304866,70.613961,49.859236,74.943945
2024-01-13 17:00:00,40.098,6.863,6.3505907,28.802002,21.944382,42.021755
2024-01-13 17:30:00,0.017,6.788,6.36473105,14.401001,10.972191,21.0108775
2024-01-13 18:00:00,0.0,6.713,6.3788714,0.0,0.0,0.0
2024-01-13 18:30:00,0.0,6.738,6.2394357,0.0,0.0,0.0
2024-01-13 19:00:00,0.0,6.763,6.1,0.0,0.0,0.0
2024-01-13 19:30:00,0.0,6.763,5.8717902,0.0,0.0,0.0
2024-01-13 20:00:00,0.0,6.763,5.6435804,0.0,0.0,0.0
2024-01-13 20:30:00,0.0,6.563000000000001,5.5790534,0.0,0.0,0.0
2024-01-13 21:00:00,0.0,6.363,5.5145264,0.0,0.0,0.0
2024-01-13 21:30:00,0.0,6.263,5.3194887,0.0,0.0,0.0
2024-01-13 22:00:00,0.0,6.163,5.124451,0.0,0.0,0.0
2024-01-13 22:30:00,0.0,6.063000000000001,4.964308,0.0,0.0,0.0
2024-01-13 23:00:00,0.0,5.963,4.804165,0.0,0.0,0.0
2024-01-13 23:30:00,0.0,6.01299985,4.5520825,0.0,0.0,0.0
2024-01-14 00:00:00,0.0,6.0629997,4.3,0.0,0.0,0.0
2024-01-14 00:30:00,0.0,5.8129997,4.155617149999999,0.0,0.0,0.0
2024-01-14 01:00:00,0.0,5.5629997,4.0112343,0.0,0.0,0.0
2024-01-14 01:30:00,0.0,5.5629997,3.85831785,0.0,0.0,0.0
2024-01-14 02:00:00,0.0,5.5629997,3.7054014,0.0,0.0,0.0
2024-01-14 02:30:00,0.0,5.63799985,3.7054014,0.0,0.0,0.0
2024-01-14 03:00:00,0.0,5.713,3.7054014,0.0,0.0,0.0
2024-01-14 03:30:00,0.0,5.588,3.7033763,0.0,0.0,0.0
2024-01-14 04:00:00,0.0,5.463,3.7013512,0.0,0.0,0.0
2024-01-14 04:30:00,0.0,5.238,3.20898345,0.0,0.0,0.0
2024-01-14 05:00:00,0.0,5.013,2.7166157,0.0,0.0,0.0
2024-01-14 05:30:00,0.0,4.53799985,2.5126475,0.0,0.0,0.0
2024-01-14 06:00:00,0.0,4.0629997,2.3086793,0.0,0.0,0.0
2024-01-14 06:30:00,0.0,3.8129997,2.20552945,0.0,0.0,0.0
2024-01-14 07:00:00,0.0,3.5629997,2.1023796,0.0,0.0,0.0
2024-01-14 07:30:00,4.058,3.63799975,2.0807528,10.68966,7.1264400000000006,20.4775065
2024-01-14 08:00:00,12.426,3.7129998,2.059126,21.37932,14.25288,40.955013
2024-01-14 08:30:00,34.777,5.2629997500000005,2.1697385,98.619525,44.07176,312.1006565
2024-01-14 09:00:00,47.156000000000006,6.8129997,2.280351,175.85973,73.89064,583.2463
2024-01-14 09:30:00,510.981,7.937999850000001,2.39117505,251.91073,89.20296,628.84605
2024-01-14 10:00:00,606.525,9.063,2.5019991,327.96173,104.51528,674.4458
2024-01-14 10:30:00,751.732,9.663,2.20099955,403.338765,105.08145,750.87625
2024-01-14 11:00:00,733.519,10.263,1.9,478.7158,105.64762,827.3067
2024-01-14 11:30:00,781.929,10.963,1.56846585,518.50765,105.8466675,843.8806500000001
2024-01-14 12:00:00,801.056,11.663,1.2369317,558.2995,106.045715,860.4546
2024-01-14 12:30:00,450.932,12.138,0.979021,551.6276499999999,110.9863375,820.1218
2024-01-14 13:00:00,792.151,12.613,0.7211103,544.9558,115.92696,779.789
2024-01-14 13:30:00,190.5,12.538,0.99301065,484.78582,126.222125,665.30792
2024-01-14 14:00:00,755.0939999999999,12.463,1.264911,424.61584,136.51729,550.82684
2024-01-14 14:30:00,200.873,12.313,1.4150792499999998,367.84937,131.09036,483.29309
2024-01-14 15:00:00,111.112,12.163,1.5652475,311.0829,125.66343,415.75934
2024-01-14 15:30:00,69.46199999999999,11.663,1.83381355,243.19094,105.691155,346.00101
2024-01-14 16:00:00,27.991,11.163,2.1023796,175.29898,85.71888,276.24268
2024-01-14 16:30:00,28.496,10.588,1.5920225,110.76038,55.698822,199.913298
2024-01-14 17:00:00,16.813,10.013,1.0816654,46.22178,25.678764,123.583916
2024-01-14 17:30:00,0.5700000000000001,9.113,1.19275295,23.11089,12.839382,61.791958
2024-01-14 18:00:00,0.0,8.213,1.3038405,0.0,0.0,0.0
2024-01-14 18:30:00,0.0,7.963000149999999,1.78549865,0.0,0.0,0.0
2024-01-14 19:00:00,0.0,7.7130003,2.2671568,0.0,0.0,0.0
2024-01-14 19:30:00,0.0,7.188000150000001,2.1594926,0.0,0.0,0.0
2024-01-14 20:00:00,0.0,6.663,2.0518284,0.0,0.0,0.0
2024-01-14 20:30:00,0.0,6.438000000000001,1.8991267,0.0,0.0,0.0
2024-01-14 21:00:00,0.0,6.213,1.746425,0.0,0.0,0.0
2024-01-14 21:30:00,0.0,6.01299985,1.3757063,0.0,0.0,0.0
2024-01-14 22:00:00,0.0,5.8129997,1.0049876,0.0,0.0,0.0
2024-01-14 22:30:00,0.0,5.78799985,1.0877287999999998,0.0,0.0,0.0
2024-01-14 23:00:00,0.0,5.763,1.17047,0.0,0.0,0.0
2024-01-14 23:30:00,0.0,6.263,1.5508954,0.0,0.0,0.0
2024-01-15 00:00:00,0.0,6.763,1.9313208,0.0,0.0,0.0
2024-01-15 00:30:00,0.0,6.763,1.8997374,0.0,0.0,0.0
2024-01-15 01:00:00,0.0,6.763,1.868154,0.0,0.0,0.0
2024-01-15 01:30:00,0.0,6.713,1.69892995,0.0,0.0,0.0
2024-01-15 02:00:00,0.0,6.663,1.5297059,0.0,0.0,0.0
2024-01-15 02:30:00,0.0,7.688,2.4291846,0.0,0.0,0.0
2024-01-15 03:00:00,0.0,8.713,3.3286633,0.0,0.0,0.0
2024-01-15 03:30:00,0.0,8.713,3.54382615,0.0,0.0,0.0
2024-01-15 04:00:00,0.0,8.713,3.758989,0.0,0.0,0.0
2024-01-15 04:30:00,0.0,8.288,3.48961875,0.0,0.0,0.0
2024-01-15 05:00:00,0.0,7.863,3.2202485,0.0,0.0,0.0
2024-01-15 05:30:00,0.0,7.81299975,3.1793598,0.0,0.0,0.0
2024-01-15 06:00:00,0.0,7.7629995,3.1384711,0.0,0.0,0.0
2024-01-15 06:30:00,0.0,8.11299975,2.70281395,0.0,0.0,0.0
2024-01-15 07:00:00,0.0,8.463,2.2671568,0.0,0.0,0.0
2024-01-15 07:30:00,0.0,8.338,2.4083333,9.4820215,7.111516,13.637128999999998
2024-01-15 08:00:00,20.752,8.213,2.5495098,18.964043,14.223032,27.274258
2024-01-15 08:30:00,29.587000000000003,9.163,2.94583225,66.3018815,46.22128599999999,114.298874
2024-01-15 09:00:00,65.10399999999998,10.113,3.3421547,113.63972,78.21954,201.32349
2024-01-15 09:30:00,396.475,10.963,3.6891211,199.73928,114.17249,304.56647
2024-01-15 10:00:00,598.968,11.813,4.0360875,285.83884,150.12544,407.80945
2024-01-15 10:30:00,679.7760000000001,11.963,4.7502589,299.74019,162.552205,357.0172
2024-01-15 11:00:00,753.479,12.113,5.4644303,313.64154,174.97897,306.22495
2024-01-15 11:30:00,164.287,12.713,5.56240965,369.46422,177.953935,384.582075
2024-01-15 12:00:00,324.14300000000003,13.313,5.660389,425.2869,180.9289,462.9392
2024-01-15 12:30:00,757.6840000000001,13.313,6.17459275,424.745715,164.79935999999998,480.70547
2024-01-15 13:00:00,76.413,13.313,6.6887965,424.20453,148.66982,498.47174
2024-01-15 13:30:00,234.137,12.913,5.88998275,324.202185,167.59451,285.062785
2024-01-15 14:00:00,148.548,12.513,5.091169,224.19984,186.5192,71.65383
2024-01-15 14:30:00,61.525,11.813,5.155661,185.55638,159.23845,52.480595
2024-01-15 15:00:00,53.093,11.113,5.220153,146.91292,131.9577,33.30736
2024-01-15 15:30:00,11.659,10.638,5.0251335,108.306615,99.66733,20.201837
2024-01-15 16:00:00,16.384,10.163,4.830114,69.70031,67.37696,7.096314
2024-01-15 16:30:00,4.879,10.088,4.8030477000000005,41.52059,40.358915,3.548157
2024-01-15 17:00:00,8.847,10.013,4.7759814,13.34087,13.34087,0.0
2024-01-15 17:30:00,0.0,10.163,5.1393537,6.670435,6.670435,0.0
2024-01-15 18:00:00,0.0,10.313,5.502726,0.0,0.0,0.0
2024-01-15 18:30:00,0.0,10.338,5.4196958,0.0,0.0,0.0
2024-01-15 19:00:00,0.0,10.363,5.3366656,0.0,0.0,0.0
2024-01-15 19:30:00,0.0,10.663,4.92941665,0.0,0.0,0.0
2024-01-15 20:00:00,0.0,10.963,4.5221677,0.0,0.0,0.0
2024-01-15 20:30:00,0.0,11.238,4.84226585,0.0,0.0,0.0
2024-01-15 21:00:00,0.0,11.513,5.162364,0.0,0.0,0.0
2024-01-15 21:30:00,0.0,11.688,5.4210763,0.0,0.0,0.0
2024-01-15 22:00:00,0.0,11.863,5.6797886,0.0,0.0,0.0
2024-01-15 22:30:00,0.0,11.813,6.2014418,0.0,0.0,0.0
2024-01-15 23:00:00,0.0,11.763,6.723095,0.0,0.0,0.0
2024-01-15 23:30:00,0.0,11.938,6.6372155,0.0,0.0,0.0
2024-01-16 00:00:00,0.0,12.113,6.551336,0.0,0.0,0.0
2024-01-16 00:30:00,0.0,12.138,6.4141391500000005,0.0,0.0,0.0
2024-01-16 01:00:00,0.0,12.163,6.2769423,0.0,0.0,0.0
2024-01-16 01:30:00,0.0,12.088,6.49257315,0.0,0.0,0.0
2024-01-16 02:00:00,0.0,12.013,6.708204,0.0,0.0,0.0
2024-01-16 02:30:00,0.0,11.938,7.2508955,0.0,0.0,0.0
2024-01-16 03:00:00,0.0,11.863,7.793587,0.0,0.0,0.0
2024-01-16 03:30:00,0.0,11.838,7.4891465,0.0,0.0,0.0
2024-01-16 04:00:00,0.0,11.813,7.184706,0.0,0.0,0.0
2024-01-16 04:30:00,0.0,11.788,6.80249325,0.0,0.0,0.0
2024-01-16 05:00:00,0.0,11.763,6.4202805,0.0,0.0,0.0
2024-01-16 05:30:00,0.0,11.538,6.03193045,0.0,0.0,0.0
2024-01-16 06:00:00,0.0,11.313,5.6435804,0.0,0.0,0.0
2024-01-16 06:30:00,0.0,11.413,5.2840047000000006,0.0,0.0,0.0
2024-01-16 07:00:00,0.0,11.513,4.924429,0.0,0.0,0.0
2024-01-16 07:30:00,3.385,11.713,5.2822323,7.095250999999999,7.095250999999999,0.0
2024-01-16 08:00:00,53.391,11.913,5.6400356,14.190502,14.190502,0.0
2024-01-16 08:30:00,110.541,12.138,5.6704563,54.2503985,46.882406,41.590225
2024-01-16 09:00:00,420.135,12.363,5.700877,94.310295,79.57431,83.18045
2024-01-16 09:30:00,172.477,13.088,5.54116335,169.6179475,113.625015,187.005825
2024-01-16 10:00:00,342.97900000000004,13.813,5.3814497,244.9256,147.67572,290.8312
2024-01-16 10:30:00,578.418,14.188,5.55472535,311.193435,163.52617500000002,363.18705
2024-01-16 11:00:00,270.232,14.563,5.728001,377.46127,179.37663,435.5429
2024-01-16 11:30:00,315.722,14.838,6.3197927,382.164135,217.08403,342.32478
2024-01-16 12:00:00,251.347,15.113,6.9115844,386.867,254.79143,249.10666
2024-01-16 12:30:00,316.66099999999994,15.038,6.6888249,354.540615,247.854265,197.735725
2024-01-16 13:00:00,177.855,14.963,6.4660654,322.21423,240.9171,146.36479
2024-01-16 13:30:00,192.252,14.963,6.52126955,280.33744,221.78076,107.047042
2024-01-16 14:00:00,156.749,14.963,6.5764737,238.46065,202.64442,67.729294
2024-01-16 14:30:00,123.871,14.813,6.038691350000001,203.334565,180.142415,45.5516845
2024-01-16 15:00:00,65.605,14.663,5.500909,168.20848,157.64041,23.374075
2024-01-16 15:30:00,70.372,14.313,5.1779018,120.606918,114.546235,14.0362145
2024-01-16 16:00:00,43.348,13.963,4.8548946,73.005356,71.45206,4.698354
2024-01-16 16:30:00,36.641,13.563,4.717643949999999,49.6213065,48.60172,3.7572815
2024-01-16 17:00:00,8.134,13.163,4.5803933,26.237257,25.75138,2.816209
2024-01-16 17:30:00,0.01,12.638,4.3255098,13.1186285,12.87569,1.4081045
2024-01-16 18:00:00,0.0,12.113,4.0706263,0.0,0.0,0.0
2024-01-16 18:30:00,0.0,12.013,3.7063905,0.0,0.0,0.0
2024-01-16 19:00:00,0.0,11.913,3.3421547,0.0,0.0,0.0
2024-01-16 19:30:00,0.0,11.688,2.9911152000000003,0.0,0.0,0.0
2024-01-16 20:00:00,0.0,11.463,2.6400757,0.0,0.0,0.0
2024-01-16 20:30:00,0.0,11.213,2.1026616,0.0,0.0,0.0
2024-01-16 21:00:00,0.0,10.963,1.5652475,0.0,0.0,0.0
2024-01-16 21:30:00,0.0,10.538,1.3211402,0.0,0.0,0.0
2024-01-16 22:00:00,0.0,10.113,1.0770329,0.0,0.0,0.0
2024-01-16 22:30:00,0.0,9.938,1.14884425,0.0,0.0,0.0
2024-01-16 23:00:00,0.0,9.763,1.2206556,0.0,0.0,0.0
2024-01-16 23:30:00,0.0,9.738,1.3314381,0.0,0.0,0.0
2024-01-17 00:00:00,0.0,9.713,1.4422206,0.0,0.0,0.0
2024-01-17 00:30:00,0.0,9.513,1.4644137,0.0,0.0,0.0
2024-01-17 01:00:00,0.0,9.313,1.4866068,0.0,0.0,0.0
2024-01-17 01:30:00,0.0,8.963000000000001,1.38361585,0.0,0.0,0.0
2024-01-17 02:00:00,0.0,8.613,1.2806249,0.0,0.0,0.0
2024-01-17 02:30:00,0.0,9.463,1.73803735,0.0,0.0,0.0
2024-01-17 03:00:00,0.0,10.313,2.1954498,0.0,0.0,0.0
2024-01-17 03:30:00,0.0,10.138,1.8188352,0.0,0.0,0.0
2024-01-17 04:00:00,0.0,9.963,1.4422206,0.0,0.0,0.0
2024-01-17 04:30:00,0.0,9.938,1.32319005,0.0,0.0,0.0
2024-01-17 05:00:00,0.0,9.913,1.2041595,0.0,0.0,0.0
2024-01-17 05:30:00,0.0,10.163,0.67279043,0.0,0.0,0.0
2024-01-17 06:00:00,0.0,10.413,0.14142136,0.0,0.0,0.0
2024-01-17 06:30:00,0.0,9.613,0.22071068,0.0,0.0,0.0
2024-01-17 07:00:00,0.0,8.813,0.3,0.0,0.0,0.0
2024-01-17 07:30:00,5.390000000000001,8.613,0.5,11.796417,8.257492,20.40402
2024-01-17 08:00:00,86.722,8.413,0.7,23.592834,16.514984,40.80804
2024-01-17 08:30:00,228.629,9.538,0.902268,108.889167,45.0350495,358.32607
2024-01-17 09:00:00,372.302,10.663,1.104536,194.1855,73.555115,675.8441
2024-01-17 09:30:00,484.52199999999993,12.088,0.664071405,275.917625,81.183735,737.860375
2024-01-17 10:00:00,571.837,13.513,0.22360681,357.64975,88.812355,799.87665
2024-01-17 10:30:00,642.9159999999999,14.313,0.4472136049999999,418.715655,91.1738725,822.6197500000001
2024-01-17 11:00:00,691.94,15.113,0.6708204,479.78156,93.53539,845.36285
2024-01-17 11:30:00,729.111,15.813,0.78262382,512.9157299999999,94.61207,845.4257749999999
2024-01-17 12:00:00,744.079,16.513,0.89442724,546.0499,95.68875,845.4887
2024-01-17 12:30:00,211.13,16.713,1.01730137,504.59102,115.281175,716.761775
2024-01-17 13:00:00,648.834,16.913,1.1401755,463.13214,134.8736,588.03485
2024-01-17 13:30:00,459.543,17.088,1.1531829500000002,438.564405,134.392985,557.32605
2024-01-17 14:00:00,115.558,17.263,1.1661904,413.99667,133.91237,526.61725
2024-01-17 14:30:00,86.869,16.788001,0.7412090800000001,343.20967,129.551682,424.98146
2024-01-17 15:00:00,135.389,16.313002,0.31622776,272.42267,125.190994,323.34567
2024-01-17 15:30:00,343.438,15.713001,0.6108831299999999,230.063105,94.917892,345.95345999999995
2024-01-17 16:00:00,81.51100000000001,15.113,0.9055385,187.70354,64.64479,368.56125
2024-01-17 16:30:00,43.81400000000001,14.563,0.85276925,117.3699165,44.947926,246.24691
2024-01-17 17:00:00,60.703,14.013,0.8,47.036293,25.251062,123.93257
2024-01-17 17:30:00,2.104,13.163,1.00207975,23.5181465,12.625531,61.966285
2024-01-17 18:00:00,0.0,12.313,1.2041595,0.0,0.0,0.0
2024-01-17 18:30:00,0.0,11.563,1.00519265,0.0,0.0,0.0
2024-01-17 19:00:00,0.0,10.813,0.8062258,0.0,0.0,0.0
2024-01-17 19:30:00,0.0,10.238,0.756666285,0.0,0.0,0.0
2024-01-17 20:00:00,0.0,9.663,0.70710677,0.0,0.0,0.0
2024-01-17 20:30:00,0.0,9.213,1.005473635,0.0,0.0,0.0
2024-01-17 21:00:00,0.0,8.763,1.3038405,0.0,0.0,0.0
2024-01-17 21:30:00,0.0,8.687999999999999,1.571159,0.0,0.0,0.0
2024-01-17 22:00:00,0.0,8.613,1.8384775,0.0,0.0,0.0
2024-01-17 22:30:00,0.0,8.687999999999999,1.8492925,0.0,0.0,0.0
2024-01-17 23:00:00,0.0,8.763,1.8601075,0.0,0.0,0.0
2024-01-17 23:30:00,0.0,8.613,1.87345185,0.0,0.0,0.0
2024-01-18 00:00:00,0.0,8.463,1.8867962,0.0,0.0,0.0
2024-01-18 00:30:00,0.0,8.562999999999999,1.9051673,0.0,0.0,0.0
2024-01-18 01:00:00,0.0,8.663,1.9235384,0.0,0.0,0.0
2024-01-18 01:30:00,0.0,8.788,1.863157,0.0,0.0,0.0
2024-01-18 02:00:00,0.0,8.913,1.8027756,0.0,0.0,0.0
2024-01-18 02:30:00,0.0,9.288,1.7076136,0.0,0.0,0.0
2024-01-18 03:00:00,0.0,9.663,1.6124516,0.0,0.0,0.0
2024-01-18 03:30:00,0.0,9.888,1.8186486,0.0,0.0,0.0
2024-01-18 04:00:00,0.0,10.113,2.0248456,0.0,0.0,0.0
2024-01-18 04:30:00,0.0,10.338,2.16676245,0.0,0.0,0.0
2024-01-18 05:00:00,0.0,10.563,2.3086793,0.0,0.0,0.0
2024-01-18 05:30:00,0.0,10.438,2.34282615,0.0,0.0,0.0
2024-01-18 06:00:00,0.0,10.313,2.376973,0.0,0.0,0.0
2024-01-18 06:30:00,0.0,10.163,2.42339545,0.0,0.0,0.0
2024-01-18 07:00:00,0.0,10.013,2.4698179,0.0,0.0,0.0
2024-01-18 07:30:00,0.405,10.088,2.60055895,11.7654515,8.235816,20.37247
2024-01-18 08:00:00,35.729,10.163,2.7313,23.530903,16.471632,40.74494
2024-01-18 08:30:00,126.449,10.988,3.07225485,99.1332715,50.818451,269.27652
2024-01-18 09:00:00,165.478,11.813,3.4132097,174.73564,85.16527,497.8081
2024-01-18 09:30:00,145.704,12.838,3.8997761,252.920295,101.96559,563.08682
2024-01-18 10:00:00,197.789,13.863,4.3863425,331.10495,118.76591,628.36554
2024-01-18 10:30:00,245.161,14.538,4.81042175,371.315475,132.005195,604.1803199999999
2024-01-18 11:00:00,119.922,15.213,5.234501,411.526,145.24448,579.9951
2024-01-18 11:30:00,247.914,15.663,5.3398412,436.1697850000001,149.07776,577.6295700000001
2024-01-18 12:00:00,777.6280000000002,16.113,5.4451814,460.81357,152.91104,575.26404
2024-01-18 12:30:00,806.601,16.262999999999998,5.554551200000001,464.518525,153.831435,566.95987
2024-01-18 13:00:00,780.24,16.413,5.663921,468.22348,154.75183,558.6557
2024-01-18 13:30:00,613.916,16.262999999999998,5.668331500000001,433.67314,138.70684500000002,537.7075500000001
2024-01-18 14:00:00,706.6329999999999,16.113,5.672742,399.1228,122.66186,516.7594
2024-01-18 14:30:00,111.703,16.213001,5.453621500000001,374.75319,106.342425,542.22455
2024-01-18 15:00:00,550.032,16.313002,5.234501,350.38358,90.02299,567.6897
2024-01-18 15:30:00,322.961,15.763001,5.1282265,282.97575,80.54896,498.069765
2024-01-18 16:00:00,340.389,15.213,5.021952,215.56792,71.07493,428.44983
2024-01-18 16:30:00,97.767,14.388,4.68007725,137.2781425,50.158513,297.268105
2024-01-18 17:00:00,52.33,13.563,4.3382025,58.988365,29.242096,166.08638
2024-01-18 17:30:00,5.888,12.863,4.240936250000001,29.4941825,14.621048000000002,83.04319
2024-01-18 18:00:00,0.0,12.163,4.14367,0.0,0.0,0.0
2024-01-18 18:30:00,0.0,11.988,4.20783585,0.0,0.0,0.0
2024-01-18 19:00:00,0.0,11.813,4.2720017,0.0,0.0,0.0
2024-01-18 19:30:00,0.0,11.688,4.1786706,0.0,0.0,0.0
2024-01-18 20:00:00,0.0,11.563,4.0853395,0.0,0.0,0.0
2024-01-18 20:30:00,0.0,11.488,4.0853395,0.0,0.0,0.0
2024-01-18 21:00:00,0.0,11.413,4.0853395,0.0,0.0,0.0
2024-01-18 21:30:00,0.0,11.363,4.05823425,0.0,0.0,0.0
2024-01-18 22:00:00,0.0,11.313,4.031129,0.0,0.0,0.0
2024-01-18 22:30:00,0.0,11.188,4.14276915,0.0,0.0,0.0
2024-01-18 23:00:00,0.0,11.063,4.2544093,0.0,0.0,0.0
2024-01-18 23:30:00,0.0,11.013,4.43046315,0.0,0.0,0.0
2024-01-19 00:00:00,0.0,10.963,4.606517,0.0,0.0,0.0
2024-01-19 00:30:00,0.0,10.938,4.6975222500000005,0.0,0.0,0.0
2024-01-19 01:00:00,0.0,10.913,4.7885275,0.0,0.0,0.0
2024-01-19 01:30:00,0.0,10.913,4.63312505,0.0,0.0,0.0
2024-01-19 02:00:00,0.0,10.913,4.4777226,0.0,0.0,0.0
2024-01-19 02:30:00,0.0,11.738,3.7896676,0.0,0.0,0.0
2024-01-19 03:00:00,0.0,12.563,3.1016126,0.0,0.0,0.0
2024-01-19 03:30:00,0.0,12.288,3.02813495,0.0,0.0,0.0
2024-01-19 04:00:00,0.0,12.013,2.9546573,0.0,0.0,0.0
2024-01-19 04:30:00,0.0,11.638,2.98895035,0.0,0.0,0.0
2024-01-19 05:00:00,0.0,11.263,3.0232434,0.0,0.0,0.0
2024-01-19 05:30:00,0.0,11.038,3.15174365,0.0,0.0,0.0
2024-01-19 06:00:00,0.0,10.813,3.2802439,0.0,0.0,0.0
2024-01-19 06:30:00,0.0,10.763,3.25024605,0.0,0.0,0.0
2024-01-19 07:00:00,0.0,10.713,3.2202482,0.0,0.0,0.0
2024-01-19 07:30:00,0.106,11.113,3.1633465,9.386261,9.386261,0.0
2024-01-19 08:00:00,9.251,11.513,3.1064448,18.772522,18.772522,0.0
2024-01-19 08:30:00,24.24,12.063,3.0109603,51.150276000000005,48.95217100000001,12.1122715
2024-01-19 09:00:00,37.577,12.613,2.9154758,83.52803,79.13182,24.224543
2024-01-19 09:30:00,90.57,12.963,3.0085442,95.12333,87.52934,27.9893
2024-01-19 10:00:00,104.186,13.313,3.1016126,106.71863,95.92686,31.754057
2024-01-19 10:30:00,97.03,14.463,3.4303008000000004,202.990715,131.03086000000002,160.1339885
2024-01-19 11:00:00,183.27500000000003,15.613,3.758989,299.2628,166.13486,288.51392
2024-01-19 11:30:00,227.663,16.463001,4.14057835,414.9113,146.00638700000002,520.41701
2024-01-19 12:00:00,846.7120000000001,17.313002,4.5221677,530.5598,125.877914,752.3201
2024-01-19 12:30:00,455.644,17.538001,4.842265599999999,528.728175,131.901877,720.93025
2024-01-19 13:00:00,841.815,17.763,5.1623635,526.89655,137.92584,689.5404
2024-01-19 13:30:00,738.862,17.938000000000002,4.78345325,505.126675,127.49441,685.0587499999999
2024-01-19 14:00:00,668.073,18.113,4.404543,483.3568,117.06298,680.5771
2024-01-19 14:30:00,600.369,18.313,4.43218185,440.02984,97.406605,685.4730500000001
2024-01-19 15:00:00,491.841,18.513,4.4598207,396.70288,77.75023,690.369
2024-01-19 15:30:00,411.482,17.713,4.13909875,317.79252,69.81231149999999,604.97825
2024-01-19 16:00:00,271.358,16.913,3.8183768,238.88216,61.874393,519.5875
2024-01-19 16:30:00,142.725,15.963,3.39579525,153.81417249999998,45.5585865,368.035375
2024-01-19 17:00:00,32.334,15.013,2.9732137,68.746185,29.24278,216.48325
2024-01-19 17:30:00,1.775,13.863,2.91664185,34.3730925,14.621390000000002,108.241625
2024-01-19 18:00:00,0.0,12.713,2.86007,0.0,0.0,0.0
2024-01-19 18:30:00,0.0,12.363,2.87225555,0.0,0.0,0.0
2024-01-19 19:00:00,0.0,12.013,2.8844411,0.0,0.0,0.0
2024-01-19 19:30:00,0.0,12.013,2.95384225,0.0,0.0,0.0
2024-01-19 20:00:00,0.0,12.013,3.0232434,0.0,0.0,0.0
2024-01-19 20:30:00,0.0,11.863,2.9328887000000003,0.0,0.0,0.0
2024-01-19 21:00:00,0.0,11.713,2.842534,0.0,0.0,0.0
2024-01-19 21:30:00,0.0,11.613,2.65920885,0.0,0.0,0.0
2024-01-19 22:00:00,0.0,11.513,2.4758837,0.0,0.0,0.0
2024-01-19 22:30:00,0.0,11.338,2.23794185,0.0,0.0,0.0
2024-01-19 23:00:00,0.0,11.163,2.0,0.0,0.0,0.0
2024-01-19 23:30:00,0.0,11.063,2.0,0.0,0.0,0.0
2024-01-20 00:00:00,0.0,10.963,2.0,0.0,0.0,0.0
2024-01-20 00:30:00,0.0,11.088,2.09658565,0.0,0.0,0.0
2024-01-20 01:00:00,0.0,11.213,2.1931713,0.0,0.0,0.0
2024-01-20 01:30:00,0.0,11.013,2.3345275,0.0,0.0,0.0
2024-01-20 02:00:00,0.0,10.813,2.4758837,0.0,0.0,0.0
2024-01-20 02:30:00,0.0,11.138,2.2304135,0.0,0.0,0.0
2024-01-20 03:00:00,0.0,11.463,1.9849433,0.0,0.0,0.0
2024-01-20 03:30:00,0.0,10.913,1.9117104,0.0,0.0,0.0
2024-01-20 04:00:00,0.0,10.363,1.8384775,0.0,0.0,0.0
2024-01-20 04:30:00,0.0,10.138,1.95001515,0.0,0.0,0.0
2024-01-20 05:00:00,0.0,9.913,2.0615528,0.0,0.0,0.0
2024-01-20 05:30:00,0.0,9.938,2.02324805,0.0,0.0,0.0
2024-01-20 06:00:00,0.0,9.963,1.9849433,0.0,0.0,0.0
2024-01-20 06:30:00,0.0,9.738,2.0554863,0.0,0.0,0.0
2024-01-20 07:00:00,0.0,9.513,2.1260293,0.0,0.0,0.0
2024-01-20 07:30:00,6.055000000000001,9.663,2.1641504,12.8689425,9.359231,20.295704
2024-01-20 08:00:00,34.545,9.813,2.2022715,25.737885,18.718462,40.591408
2024-01-20 08:30:00,82.005,11.313,2.0190138,94.7535725,64.9237985,164.018039
2024-01-20 09:00:00,66.625,12.813,1.8357561,163.76926,111.129135,287.44467
2024-01-20 09:30:00,135.126,13.838,1.72565275,189.146775,143.0521325,201.56105
2024-01-20 10:00:00,363.897,14.863,1.6155494,214.52429,174.97513,115.67743
2024-01-20 10:30:00,640.7760000000001,16.088001,1.53578565,294.27913,200.247805,217.928215
2024-01-20 11:00:00,715.2159999999999,17.313002,1.4560219,374.03397,225.52048,320.179
2024-01-20 11:30:00,752.886,17.913001,1.79688875,397.69826,238.1286,317.876365
2024-01-20 12:00:00,765.266,18.513,2.1377556,421.36255,250.73672,315.57373
2024-01-20 12:30:00,650.4499999999999,19.038001,2.7067118,479.162475,194.845935,508.65463000000005
2024-01-20 13:00:00,354.38300000000004,19.563002,3.275668,536.9624,138.95515,701.73553
2024-01-20 13:30:00,293.15500000000003,19.538001,3.55421085,515.4818700000001,124.261665,705.829315
2024-01-20 14:00:00,282.427,19.513,3.8327537,494.00134,109.56818,709.9231
2024-01-20 14:30:00,218.908,18.638,3.55421085,367.730355,137.923945,435.722275
2024-01-20 15:00:00,135.87599999999998,17.763,3.275668,241.45937,166.27971,161.52145
2024-01-20 15:30:00,130.239,17.013,3.21659925,174.92073,131.4405675,97.8759535
2024-01-20 16:00:00,112.31,16.263,3.1575305,108.38209,96.601425,34.230457
2024-01-20 16:30:00,204.407,15.538,2.95171825,75.0582365,67.6028625,25.533616
2024-01-20 17:00:00,75.518,14.813,2.745906,41.734383,38.6043,16.836775
2024-01-20 17:30:00,5.095,13.988,2.6098847000000003,20.8671915,19.30215,8.4183875
2024-01-20 18:00:00,0.0,13.163,2.4738634,0.0,0.0,0.0
2024-01-20 18:30:00,0.0,12.863,2.5224277,0.0,0.0,0.0
2024-01-20 19:00:00,0.0,12.563,2.570992,0.0,0.0,0.0
2024-01-20 19:30:00,0.0,12.313,2.7560401,0.0,0.0,0.0
2024-01-20 20:00:00,0.0,12.063,2.9410882,0.0,0.0,0.0
2024-01-20 20:30:00,0.0,11.963,2.745299,0.0,0.0,0.0
2024-01-20 21:00:00,0.0,11.863,2.5495098,0.0,0.0,0.0
2024-01-20 21:30:00,0.0,11.863,2.4674409,0.0,0.0,0.0
2024-01-20 22:00:00,0.0,11.863,2.385372,0.0,0.0,0.0
2024-01-20 22:30:00,0.0,11.913,2.41334155,0.0,0.0,0.0
2024-01-20 23:00:00,0.0,11.963,2.4413111,0.0,0.0,0.0
2024-01-20 23:30:00,0.0,11.788,2.33868955,0.0,0.0,0.0
2024-01-21 00:00:00,0.0,11.613,2.236068,0.0,0.0,0.0
2024-01-21 00:30:00,0.0,11.538,2.40838275,0.0,0.0,0.0
2024-01-21 01:00:00,0.0,11.463,2.5806975,0.0,0.0,0.0
2024-01-21 01:30:00,0.0,11.488,2.6768912,0.0,0.0,0.0
2024-01-21 02:00:00,0.0,11.513,2.7730849,0.0,0.0,0.0
2024-01-21 02:30:00,0.0,11.863,2.90476515,0.0,0.0,0.0
2024-01-21 03:00:00,0.0,12.213,3.0364454,0.0,0.0,0.0
2024-01-21 03:30:00,0.0,12.063,2.7223822,0.0,0.0,0.0
2024-01-21 04:00:00,0.0,11.913,2.408319,0.0,0.0,0.0
2024-01-21 04:30:00,0.0,11.913,1.8405556,0.0,0.0,0.0
2024-01-21 05:00:00,0.0,11.913,1.2727922,0.0,0.0,0.0
2024-01-21 05:30:00,0.0,11.888,1.52098635,0.0,0.0,0.0
2024-01-21 06:00:00,0.0,11.863,1.7691805,0.0,0.0,0.0
2024-01-21 06:30:00,0.0,11.363,1.0427041300000002,0.0,0.0,0.0
2024-01-21 07:00:00,0.0,10.863,0.31622776,0.0,0.0,0.0
2024-01-21 07:30:00,4.289000000000001,10.963,1.17053668,12.8304845,8.164854,26.998663
2024-01-21 08:00:00,85.102,11.063,2.0248456,25.660969,16.329708,53.997326
2024-01-21 08:30:00,107.701,11.563,3.022398,58.7843265,34.424192500000004,133.52032300000002
2024-01-21 09:00:00,101.237,12.063,4.0199504,91.907684,52.518677,213.04332
2024-01-21 09:30:00,256.628,11.963,5.1296707,101.051637,68.1815735,144.819252
2024-01-21 10:00:00,28.512,11.863,6.239391,110.19559,83.84447,76.595184
2024-01-21 10:30:00,172.14800000000002,11.913,6.5827145,143.643235,104.61901,93.7236595
2024-01-21 11:00:00,104.125,11.963,6.926038,177.09088,125.39355,110.852135
2024-01-21 11:30:00,90.766,11.838,6.86338675,196.75485,145.93478,101.3673325
2024-01-21 12:00:00,42.151,11.713,6.8007355,216.41882,166.47601,91.88253
2024-01-21 12:30:00,22.868,11.588,7.05173725,227.84088,167.12895500000002,108.607048
2024-01-21 13:00:00,39.507,11.463,7.302739,239.26294,167.7819,125.331566
2024-01-21 13:30:00,34.745999999999995,11.188,7.50169415,219.806115,146.736365,131.17310799999998
2024-01-21 14:00:00,29.575,10.913,7.7006493,200.34929,125.69083,137.01465
2024-01-21 14:30:00,37.301,10.613,7.55066265,161.267225,107.5581,103.435595
2024-01-21 15:00:00,115.025,10.313,7.400676,122.18516,89.42537,69.85654
2024-01-21 15:30:00,77.586,10.038,7.55066265,98.105755,75.0319885,54.180075
2024-01-21 16:00:00,76.078,9.763,7.7006493,74.02635,60.638607,38.50361
2024-01-21 16:30:00,139.854,9.463,7.75064515,48.6756335,40.6564825,26.249612
2024-01-21 17:00:00,52.556,9.163,7.800641,23.324917,20.674358,13.995614
2024-01-21 17:30:00,0.726,8.937999999999999,7.801602499999999,11.6624585,10.337179,6.997807
2024-01-21 18:00:00,0.0,8.713,7.802564,0.0,0.0,0.0
2024-01-21 18:30:00,0.0,8.562999999999999,8.058805,0.0,0.0,0.0
2024-01-21 19:00:00,0.0,8.413,8.315046,0.0,0.0,0.0
2024-01-21 19:30:00,0.0,8.388,8.376527,0.0,0.0,0.0
2024-01-21 20:00:00,0.0,8.363,8.438008,0.0,0.0,0.0
2024-01-21 20:30:00,0.0,8.288,8.448660499999999,0.0,0.0,0.0
2024-01-21 21:00:00,0.0,8.213,8.459313,0.0,0.0,0.0
2024-01-21 21:30:00,0.0,8.163,8.620840999999999,0.0,0.0,0.0
2024-01-21 22:00:00,0.0,8.113,8.782369,0.0,0.0,0.0
2024-01-21 22:30:00,0.0,7.987999999999999,8.838937,0.0,0.0,0.0
2024-01-21 23:00:00,0.0,7.863,8.895505,0.0,0.0,0.0
2024-01-21 23:30:00,0.0,7.763,8.9112155,0.0,0.0,0.0
2024-01-22 00:00:00,0.0,7.663,8.926926,0.0,0.0,0.0
2024-01-22 00:30:00,0.0,7.513,8.944813499999999,0.0,0.0,0.0
2024-01-22 01:00:00,0.0,7.363,8.962701,0.0,0.0,0.0
2024-01-22 01:30:00,0.0,7.21299985,8.830200999999999,0.0,0.0,0.0
2024-01-22 02:00:00,0.0,7.0629997,8.697701,0.0,0.0,0.0
2024-01-22 02:30:00,0.0,7.36299985,9.0312645,0.0,0.0,0.0
2024-01-22 03:00:00,0.0,7.663,9.364828,0.0,0.0,0.0
2024-01-22 03:30:00,0.0,7.58799975,9.370964,0.0,0.0,0.0
2024-01-22 04:00:00,0.0,7.5129995,9.3771,0.0,0.0,0.0
2024-01-22 04:30:00,0.0,7.43799975,9.228374,0.0,0.0,0.0
2024-01-22 05:00:00,0.0,7.363,9.079648,0.0,0.0,0.0
2024-01-22 05:30:00,0.0,7.188000000000001,9.1596185,0.0,0.0,0.0
2024-01-22 06:00:00,0.0,7.013,9.239589,0.0,0.0,0.0
2024-01-22 06:30:00,0.0,6.813000000000001,9.061922,0.0,0.0,0.0
2024-01-22 07:00:00,0.0,6.613,8.884255,0.0,0.0,0.0
2024-01-22 07:30:00,1.777,6.46299985,8.749389,5.81415225,5.81415225,0.0
2024-01-22 08:00:00,43.164,6.3129997,8.614523,11.6283045,11.6283045,0.0
2024-01-22 08:30:00,111.7,6.41299985,8.747982499999999,40.01364225,39.28599225,3.896505850000001
2024-01-22 09:00:00,124.784,6.513,8.881442,68.39898,66.94368,7.7930117
2024-01-22 09:30:00,73.962,6.838,8.968414,112.007405,96.316695,47.10868585
2024-01-22 10:00:00,164.16000000000005,7.163,9.055386,155.61583,125.68971,86.42436
2024-01-22 10:30:00,278.522,7.388,9.24918625,211.42913,154.67508,132.32327
2024-01-22 11:00:00,166.647,7.613,9.4429865,267.24243,183.66045,178.22218
2024-01-22 11:30:00,121.924,7.613,9.63779275,259.00570500000003,173.51224000000002,169.0782
2024-01-22 12:00:00,207.21700000000004,7.613,9.832599,250.76898,163.36403,159.93422
2024-01-22 12:30:00,339.976,7.66300015,9.9285345,251.500325,178.99974,130.175035
2024-01-22 13:00:00,585.511,7.7130003,10.02447,252.23167,194.63545,100.41585
2024-01-22 13:30:00,205.433,7.53800015,10.1320495,232.9603,187.142715,81.24577000000001
2024-01-22 14:00:00,292.101,7.363,10.239629,213.68893,179.64998,62.07569
2024-01-22 14:30:00,126.815,7.08799985,10.144752,200.35163,154.083465,92.9357675
2024-01-22 15:00:00,157.46800000000002,6.8129997,10.049875,187.01433,128.51695,123.795845
2024-01-22 15:30:00,237.718,6.86299985,9.8911475,147.596485,106.503415,95.6140125
2024-01-22 16:00:00,113.496,6.913,9.73242,108.17864,84.48988,67.43218
2024-01-22 16:30:00,61.852,6.938000000000001,9.17231,74.276347,55.164637,71.389098
2024-01-22 17:00:00,44.903,6.963,8.6122,40.374054,25.839394,75.346016
2024-01-22 17:30:00,12.174,6.788,8.8782985,20.187027,12.919697,37.673008
2024-01-22 18:00:00,0.0,6.613,9.144397,0.0,0.0,0.0
2024-01-22 18:30:00,0.0,6.538,9.053549,0.0,0.0,0.0
2024-01-22 19:00:00,0.0,6.463,8.962701,0.0,0.0,0.0
2024-01-22 19:30:00,0.0,6.51299985,8.805989499999999,0.0,0.0,0.0
2024-01-22 20:00:00,0.0,6.5629997,8.649278,0.0,0.0,0.0
2024-01-22 20:30:00,0.0,6.71299985,8.24701065,0.0,0.0,0.0
2024-01-22 21:00:00,0.0,6.863,7.8447433,0.0,0.0,0.0
2024-01-22 21:30:00,0.0,6.663,7.4653223,0.0,0.0,0.0
2024-01-22 22:00:00,0.0,6.463,7.0859013,0.0,0.0,0.0
2024-01-22 22:30:00,0.0,6.613,7.04473595,0.0,0.0,0.0
2024-01-22 23:00:00,0.0,6.763,7.0035706,0.0,0.0,0.0
2024-01-22 23:30:00,0.0,6.638,6.8859393,0.0,0.0,0.0
2024-01-23 00:00:00,0.0,6.513,6.768308,0.0,0.0,0.0
2024-01-23 00:30:00,0.0,6.613,6.67086975,0.0,0.0,0.0
2024-01-23 01:00:00,0.0,6.713,6.5734315,0.0,0.0,0.0
2024-01-23 01:30:00,0.0,6.713,6.39155075,0.0,0.0,0.0
2024-01-23 02:00:00,0.0,6.713,6.20967,0.0,0.0,0.0
2024-01-23 02:30:00,0.0,7.038,6.3316757500000005,0.0,0.0,0.0
2024-01-23 03:00:00,0.0,7.363,6.4536815,0.0,0.0,0.0
2024-01-23 03:30:00,0.0,7.238,6.40489025,0.0,0.0,0.0
2024-01-23 04:00:00,0.0,7.113,6.356099,0.0,0.0,0.0
2024-01-23 04:30:00,0.0,6.96299985,6.237461250000001,0.0,0.0,0.0
2024-01-23 05:00:00,0.0,6.8129997,6.1188235,0.0,0.0,0.0
2024-01-23 05:30:00,0.0,6.76299985,6.1678679,0.0,0.0,0.0
2024-01-23 06:00:00,0.0,6.713,6.2169123,0.0,0.0,0.0
2024-01-23 06:30:00,0.0,6.613,6.18904045,0.0,0.0,0.0
2024-01-23 07:00:00,0.0,6.513,6.1611686,0.0,0.0,0.0
2024-01-23 07:30:00,0.642,6.588,6.1990773,10.4326525,8.114285,13.4284335
2024-01-23 08:00:00,9.504,6.663,6.236986,20.865305,16.22857,26.856867
2024-01-23 08:30:00,56.249,6.963,6.79034535,73.57595749999999,50.209825,124.9696385
2024-01-23 09:00:00,82.854,7.263,7.3437047,126.28661,84.19108,223.08241
2024-01-23 09:30:00,115.524,7.438000000000001,7.4301765,170.806725,105.49733,238.50919
2024-01-23 10:00:00,25.887,7.613,7.5166483,215.32684,126.80358,253.93597
2024-01-23 10:30:00,31.051,8.138,7.2586813,282.493345,159.06345,294.81082000000004
2024-01-23 11:00:00,60.694,8.663,7.0007143,349.65985,191.32332,335.68567
2024-01-23 11:30:00,79.89500000000001,8.738,6.731843,347.046075,191.9154,306.07051
2024-01-23 12:00:00,114.925,8.813,6.4629717,344.4323,192.50748,276.45535
2024-01-23 12:30:00,126.289,9.263,6.25803485,394.212915,197.567695,347.4216
2024-01-23 13:00:00,201.351,9.713,6.053098,443.99353,202.62791,418.38785
2024-01-23 13:30:00,300.891,9.763,5.9475935,420.183885,183.143005,420.039385
2024-01-23 14:00:00,210.752,9.813,5.842089,396.37424,163.6581,421.69092
2024-01-23 14:30:00,61.094,9.863,5.488631,354.34077,159.90588,374.81706
2024-01-23 15:00:00,88.202,9.913,5.135173,312.3073,156.15366,327.9432
2024-01-23 15:30:00,60.286,9.488,4.881133650000001,253.53375,120.82907,317.878765
2024-01-23 16:00:00,156.754,9.063,4.6270943,194.7602,85.50448,307.81433
2024-01-23 16:30:00,113.471,8.538,4.06640195,133.16294,59.960782,248.450185
2024-01-23 17:00:00,35.328,8.013,3.5057096,71.56568,34.417084,189.08604
2024-01-23 17:30:00,7.135,7.28799985,3.18463695,35.78284,17.208542,94.54302
2024-01-23 18:00:00,0.0,6.5629997,2.8635643,0.0,0.0,0.0
2024-01-23 18:30:00,0.0,6.0629997,2.6575472500000004,0.0,0.0,0.0
2024-01-23 19:00:00,0.0,5.5629997,2.4515302,0.0,0.0,0.0
2024-01-23 19:30:00,0.0,5.28799985,2.3257651,0.0,0.0,0.0
2024-01-23 20:00:00,0.0,5.013,2.2,0.0,0.0,0.0
2024-01-23 20:30:00,0.0,4.863,2.08234415,0.0,0.0,0.0
2024-01-23 21:00:00,0.0,4.713,1.9646883,0.0,0.0,0.0
2024-01-23 21:30:00,0.0,4.488,1.91642115,0.0,0.0,0.0
2024-01-23 22:00:00,0.0,4.263,1.868154,0.0,0.0,0.0
2024-01-23 22:30:00,0.0,4.138,1.78993915,0.0,0.0,0.0
2024-01-23 23:00:00,0.0,4.013,1.7117243,0.0,0.0,0.0
2024-01-23 23:30:00,0.0,3.888,1.61249945,0.0,0.0,0.0
2024-01-24 00:00:00,0.0,3.763,1.5132746,0.0,0.0,0.0
2024-01-24 00:30:00,0.0,3.588,1.8566373,0.0,0.0,0.0
2024-01-24 01:00:00,0.0,3.413,2.2,0.0,0.0,0.0
2024-01-24 01:30:00,0.0,3.763,2.4000000000000004,0.0,0.0,0.0
2024-01-24 02:00:00,0.0,4.113,2.6,0.0,0.0,0.0
2024-01-24 02:30:00,0.0,4.71299985,2.70356685,0.0,0.0,0.0
2024-01-24 03:00:00,0.0,5.3129997,2.8071337,0.0,0.0,0.0
2024-01-24 03:30:00,0.0,5.53799985,3.15998365,0.0,0.0,0.0
2024-01-24 04:00:00,0.0,5.763,3.5128336,0.0,0.0,0.0
2024-01-24 04:30:00,0.0,5.988,3.8088543,0.0,0.0,0.0
2024-01-24 05:00:00,0.0,6.213,4.104875,0.0,0.0,0.0
2024-01-24 05:30:00,0.0,6.463,4.40721985,0.0,0.0,0.0
2024-01-24 06:00:00,0.0,6.713,4.7095647,0.0,0.0,0.0
2024-01-24 06:30:00,0.0,7.08800015,4.86725115,0.0,0.0,0.0
2024-01-24 07:00:00,0.0,7.4630003,5.0249376,0.0,0.0,0.0
2024-01-24 07:30:00,1.446,7.41300015,4.9670563,12.710575,9.244055,20.081318
2024-01-24 08:00:00,15.085,7.363,4.909175,25.42115,18.48811,40.162636
2024-01-24 08:30:00,35.947,8.038,5.1215145,82.19957500000001,54.122365,149.100848
2024-01-24 09:00:00,52.777,8.713,5.333854,138.978,89.75662,258.03906
2024-01-24 09:30:00,56.964000000000006,9.113,5.972982,198.595185,110.62683,309.50856
2024-01-24 10:00:00,137.10899999999998,9.513,6.61211,258.21237,131.49704,360.97806
2024-01-24 10:30:00,149.156,9.813,6.565656000000001,296.204665,164.68841,324.13983
2024-01-24 11:00:00,128.162,10.113,6.519202,334.19696,197.87978,287.3016
2024-01-24 11:30:00,107.607,10.263,7.10992565,361.693055,212.36667,290.516615
2024-01-24 12:00:00,889.32,10.413,7.7006493,389.18915,226.85356,293.73163
2024-01-24 12:30:00,522.873,10.513,7.45171315,389.320575,216.25403,305.234515
2024-01-24 13:00:00,152.298,10.613,7.202777,389.452,205.6545,316.7374
2024-01-24 13:30:00,243.149,10.588,7.3517218,387.33179,201.25969,327.91465
2024-01-24 14:00:00,371.666,10.563,7.5006666,385.21158,196.86488,339.0919
2024-01-24 14:30:00,115.27400000000002,10.488,7.3006853,333.81967,171.259725,312.06515
2024-01-24 15:00:00,236.705,10.413,7.100704,282.42776,145.65457,285.0384
2024-01-24 15:30:00,133.459,10.213,7.001801,229.71807,122.040375,252.079595
2024-01-24 16:00:00,395.543,10.013,6.902898,177.00838,98.42618,219.12079
2024-01-24 16:30:00,205.216,9.463,6.4518655,121.47044499999998,67.773923,181.56769
2024-01-24 17:00:00,60.342,8.913,6.000833,65.93251,37.121666,144.01459
2024-01-24 17:30:00,3.584,8.513,6.00707575,32.966255,18.560833,72.007295
2024-01-24 18:00:00,0.0,8.113,6.0133185,0.0,0.0,0.0
2024-01-24 18:30:00,0.0,7.888,5.89196675,0.0,0.0,0.0
2024-01-24 19:00:00,0.0,7.663,5.770615,0.0,0.0,0.0
2024-01-24 19:30:00,0.0,7.61299985,5.5428440000000005,0.0,0.0,0.0
2024-01-24 20:00:00,0.0,7.5629997,5.315073,0.0,0.0,0.0
2024-01-24 20:30:00,0.0,7.38799985,5.16552375,0.0,0.0,0.0
2024-01-24 21:00:00,0.0,7.213,5.0159745,0.0,0.0,0.0
2024-01-24 21:30:00,0.0,7.413,5.23745605,0.0,0.0,0.0
2024-01-24 22:00:00,0.0,7.613,5.4589376,0.0,0.0,0.0
2024-01-24 22:30:00,0.0,7.53800015,5.6811633,0.0,0.0,0.0
2024-01-24 23:00:00,0.0,7.4630003,5.903389,0.0,0.0,0.0
2024-01-24 23:30:00,0.0,7.363000149999999,5.7663882,0.0,0.0,0.0
2024-01-25 00:00:00,0.0,7.263,5.6293874,0.0,0.0,0.0
2024-01-25 00:30:00,0.0,7.113,5.354870699999999,0.0,0.0,0.0
2024-01-25 01:00:00,0.0,6.963,5.080354,0.0,0.0,0.0
2024-01-25 01:30:00,0.0,6.88799985,4.83473575,0.0,0.0,0.0
2024-01-25 02:00:00,0.0,6.8129997,4.5891175,0.0,0.0,0.0
2024-01-25 02:30:00,0.0,6.96299985,4.472861050000001,0.0,0.0,0.0
2024-01-25 03:00:00,0.0,7.113,4.3566046,0.0,0.0,0.0
2024-01-25 03:30:00,0.0,6.96299985,4.094679,0.0,0.0,0.0
2024-01-25 04:00:00,0.0,6.8129997,3.8327534,0.0,0.0,0.0
2024-01-25 04:30:00,0.0,6.5629997,3.4671830000000003,0.0,0.0,0.0
2024-01-25 05:00:00,0.0,6.3129997,3.1016126,0.0,0.0,0.0
2024-01-25 05:30:00,0.0,5.88799985,2.80180585,0.0,0.0,0.0
2024-01-25 06:00:00,0.0,5.463,2.5019991,0.0,0.0,0.0
2024-01-25 06:30:00,0.0,5.188000000000001,2.41826125,0.0,0.0,0.0
2024-01-25 07:00:00,0.0,4.913,2.3345234,0.0,0.0,0.0
2024-01-25 07:30:00,1.916,4.888,2.3441219,16.12509,10.36613,33.357418
2024-01-25 08:00:00,15.153,4.863,2.3537204,32.25018,20.73226,66.714836
2024-01-25 08:30:00,49.65,6.388,2.5277859,123.67809,51.510565,377.624998
2024-01-25 09:00:00,380.153,7.913,2.7018514,215.106,82.28887,688.53516
2024-01-25 09:30:00,531.907,8.963000000000001,3.15161995,302.26473,89.52373,758.15938
2024-01-25 10:00:00,618.58,10.013,3.6013885,389.42346,96.75859,827.7836
2024-01-25 10:30:00,576.037,10.613,3.50069425,443.65367,109.37831,807.6115
2024-01-25 11:00:00,524.27,11.213,3.4,497.88388,121.99803,787.4394
2024-01-25 11:30:00,924.433,11.638,3.2508063,527.31056,123.436835,782.1795
2024-01-25 12:00:00,858.923,12.063,3.1016126,556.73724,124.87564,776.9196
2024-01-25 12:30:00,829.374,12.513,3.1080474,566.54612,121.067035,781.6973
2024-01-25 13:00:00,868.165,12.963,3.1144822,576.355,117.25843,786.475
2024-01-25 13:30:00,829.51,13.088,3.1950751,549.52763,108.816015,770.93465
2024-01-25 14:00:00,728.0339999999999,13.213,3.275668,522.70026,100.3736,755.3943
2024-01-25 14:30:00,648.501,12.913,3.83100525,471.160145,90.63746,727.9258500000001
2024-01-25 15:00:00,495.535,12.613,4.3863425,419.62003,80.90132,700.4574
2024-01-25 15:30:00,380.67,12.238,3.9266648,341.51115500000003,71.88386249999999,626.947815
2024-01-25 16:00:00,361.561,11.863,3.4669871,263.40228,62.866405,553.43823
2024-01-25 16:30:00,214.148,11.163,2.6513716,176.065655,47.4381225,415.9597
2024-01-25 17:00:00,83.26199999999999,10.463,1.8357561,88.72903,32.00984,278.48117
2024-01-25 17:30:00,8.203,9.813,1.4835635,44.364515,16.00492,139.240585
2024-01-25 18:00:00,0.0,9.163,1.1313709,0.0,0.0,0.0
2024-01-25 18:30:00,0.0,8.088000000000001,1.026662675,0.0,0.0,0.0
2024-01-25 19:00:00,0.0,7.013,0.92195445,0.0,0.0,0.0
2024-01-25 19:30:00,0.0,6.638,0.975758725,0.0,0.0,0.0
2024-01-25 20:00:00,0.0,6.263,1.029563,0.0,0.0,0.0
2024-01-25 20:30:00,0.0,5.963,1.0670495,0.0,0.0,0.0
2024-01-25 21:00:00,0.0,5.663,1.104536,0.0,0.0,0.0
2024-01-25 21:30:00,0.0,5.188000000000001,0.73254557,0.0,0.0,0.0
2024-01-25 22:00:00,0.0,4.713,0.36055514,0.0,0.0,0.0
2024-01-25 22:30:00,0.0,5.488,1.03174692,0.0,0.0,0.0
2024-01-25 23:00:00,0.0,6.263,1.7029387,0.0,0.0,0.0
2024-01-25 23:30:00,0.0,5.688000000000001,1.45562165,0.0,0.0,0.0
2024-01-26 00:00:00,0.0,5.113,1.2083046,0.0,0.0,0.0
2024-01-26 00:30:00,0.0,6.388,2.11163365,0.0,0.0,0.0
2024-01-26 01:00:00,0.0,7.663,3.0149627,0.0,0.0,0.0
2024-01-26 01:30:00,0.0,8.413,3.63644815,0.0,0.0,0.0
2024-01-26 02:00:00,0.0,9.163,4.2579336,0.0,0.0,0.0
2024-01-26 02:30:00,0.0,9.138,3.4375920000000004,0.0,0.0,0.0
2024-01-26 03:00:00,0.0,9.113,2.6172504,0.0,0.0,0.0
2024-01-26 03:30:00,0.0,8.46299985,3.0115639,0.0,0.0,0.0
2024-01-26 04:00:00,0.0,7.8129997,3.4058774,0.0,0.0,0.0
2024-01-26 04:30:00,0.0,7.962999849999999,3.5556394,0.0,0.0,0.0
2024-01-26 05:00:00,0.0,8.113,3.7054014,0.0,0.0,0.0
2024-01-26 05:30:00,0.0,7.987999999999999,3.4027007,0.0,0.0,0.0
2024-01-26 06:00:00,0.0,7.863,3.1,0.0,0.0,0.0
2024-01-26 06:30:00,0.0,7.81299975,3.1694135,0.0,0.0,0.0
2024-01-26 07:00:00,0.0,7.7629995,3.238827,0.0,0.0,0.0
2024-01-26 07:30:00,1.554,7.937999749999999,3.2480632,14.9247855,10.3325445,26.589628
2024-01-26 08:00:00,32.864,8.113,3.2572994,29.849571,20.665089,53.179256
2024-01-26 08:30:00,255.27,9.063,3.3750747,102.7349955,54.2376495,251.585568
2024-01-26 09:00:00,390.122,10.013,3.49285,175.62042,87.81021,449.99188
2024-01-26 09:30:00,579.666,10.713,4.500513,255.514935,104.18332,526.62009
2024-01-26 10:00:00,616.907,11.413,5.508176,335.40945,120.55643,603.2483
2024-01-26 10:30:00,143.221,11.788,5.854491,391.31236,130.60199,620.75855
2024-01-26 11:00:00,861.528,12.163,6.200806,447.21527,140.64755,638.2688
2024-01-26 11:30:00,836.557,12.363,6.1020693,461.392545,147.33069999999998,606.6829
2024-01-26 12:00:00,873.438,12.563,6.0033326,475.56982,154.01385,575.097
2024-01-26 12:30:00,123.77,12.563,6.2704583,460.919875,152.54482000000002,538.88102
2024-01-26 13:00:00,235.917,12.563,6.537584,446.26993,151.07579,502.66504
2024-01-26 13:30:00,854.46,12.463,6.245787249999999,455.23949,142.800845,544.2439899999999
2024-01-26 14:00:00,126.671,12.363,5.9539905,464.20905,134.5259,585.82294
2024-01-26 14:30:00,717.396,12.163,5.6274669500000005,423.43259,124.661372,567.73182
2024-01-26 15:00:00,639.1610000000001,11.963,5.3009434,382.65613,114.796844,549.6407
2024-01-26 15:30:00,544.612,11.613,5.3023579000000005,322.95839,91.303202,541.7598
2024-01-26 16:00:00,381.128,11.263,5.3037724,263.26065,67.80956,533.8789
2024-01-26 16:30:00,211.97,10.588,4.9540592,177.13942,51.255122,402.76615
2024-01-26 17:00:00,29.631,9.913,4.604346,91.01819,34.700684,271.6534
2024-01-26 17:30:00,11.845,9.063,4.1049486,45.509095,17.350342,135.8267
2024-01-26 18:00:00,0.0,8.213,3.6055512,0.0,0.0,0.0
2024-01-26 18:30:00,0.0,7.712999999999999,3.2458626,0.0,0.0,0.0
2024-01-26 19:00:00,0.0,7.213,2.886174,0.0,0.0,0.0
2024-01-26 19:30:00,0.0,7.088,2.8260187,0.0,0.0,0.0
2024-01-26 20:00:00,0.0,6.963,2.7658634,0.0,0.0,0.0
2024-01-26 20:30:00,0.0,6.913,2.9616969500000003,0.0,0.0,0.0
2024-01-26 21:00:00,0.0,6.863,3.1575305,0.0,0.0,0.0
2024-01-26 21:30:00,0.0,7.28800015,3.363422,0.0,0.0,0.0
2024-01-26 22:00:00,0.0,7.7130003,3.5693135,0.0,0.0,0.0
2024-01-26 22:30:00,0.0,7.5880003,3.53108175,0.0,0.0,0.0
2024-01-26 23:00:00,0.0,7.4630003,3.49285,0.0,0.0,0.0
2024-01-26 23:30:00,0.0,7.388,3.580137,0.0,0.0,0.0
2024-01-27 00:00:00,0.0,7.3129997,3.667424,0.0,0.0,0.0
2024-01-27 00:30:00,0.0,7.21299985,3.8436872,0.0,0.0,0.0
2024-01-27 01:00:00,0.0,7.113,4.0199504,0.0,0.0,0.0
2024-01-27 01:30:00,0.0,6.913,4.07152795,0.0,0.0,0.0
2024-01-27 02:00:00,0.0,6.713,4.1231055,0.0,0.0,0.0
2024-01-27 02:30:00,0.0,7.01299985,3.77181575,0.0,0.0,0.0
2024-01-27 03:00:00,0.0,7.3129997,3.420526,0.0,0.0,0.0
2024-01-27 03:30:00,0.0,7.01299985,3.0141034,0.0,0.0,0.0
2024-01-27 04:00:00,0.0,6.713,2.6076808,0.0,0.0,0.0
2024-01-27 04:30:00,0.0,6.563000000000001,2.6124656,0.0,0.0,0.0
2024-01-27 05:00:00,0.0,6.413,2.6172504,0.0,0.0,0.0
2024-01-27 05:30:00,0.0,6.213,2.4488007,0.0,0.0,0.0
2024-01-27 06:00:00,0.0,6.013,2.280351,0.0,0.0,0.0
2024-01-27 06:30:00,0.0,5.863,2.18420615,0.0,0.0,0.0
2024-01-27 07:00:00,0.0,5.713,2.0880613,0.0,0.0,0.0
2024-01-27 07:30:00,7.906000000000001,5.688000000000001,2.29403065,16.02114,11.443671,26.487072
2024-01-27 08:00:00,121.409,5.663,2.5,32.04228,22.887342,52.974144
2024-01-27 08:30:00,278.264,7.238,2.8,117.20585,57.371481,306.316142
2024-01-27 09:00:00,469.887,8.813,3.1,202.36942,91.85562,559.65814
2024-01-27 09:30:00,181.904,9.838,3.2030275,286.643985,100.79036,643.75707
2024-01-27 10:00:00,205.976,10.863,3.306055,370.91855,109.7251,727.856
2024-01-27 10:30:00,718.595,11.538,2.8899592,439.216355,109.788325,775.29052
2024-01-27 11:00:00,772.6179999999999,12.213,2.4738634,507.51416,109.85155,822.72504
2024-01-27 11:30:00,832.0110000000001,12.638,2.0384927,533.16448,117.3631875,797.10652
2024-01-27 12:00:00,828.1329999999999,13.063,1.603122,558.8148,124.874825,771.488
2024-01-27 12:30:00,819.827,13.338,1.51745205,570.1855,119.5989225,781.1453650000001
2024-01-27 13:00:00,126.002,13.613,1.4317821,581.5562,114.32302,790.80273
2024-01-27 13:30:00,782.321,13.813,1.6378455,561.8485499999999,106.44705,786.899165
2024-01-27 14:00:00,736.967,14.013,1.8439089,542.1409,98.57108,782.9956
2024-01-27 14:30:00,675.646,13.638,2.80410735,487.96913,91.150995,747.8806
2024-01-27 15:00:00,595.0,13.263,3.7643058,433.79736,83.73091,712.7656
2024-01-27 15:30:00,494.324,12.663,3.9714111,354.44751,74.65325999999999,639.61775
2024-01-27 16:00:00,376.638,12.063,4.1785164,275.09766,65.57561,566.4699
2024-01-27 16:30:00,214.072,11.263,3.6545057,185.638015,49.7773965,430.64634
2024-01-27 17:00:00,79.443,10.463,3.130495,96.17837,33.979183,294.82278
2024-01-27 17:30:00,9.55,9.238,2.818244,48.089185,16.9895915,147.41139
2024-01-27 18:00:00,0.0,8.013,2.505993,0.0,0.0,0.0
2024-01-27 18:30:00,0.0,7.438000000000001,2.07761765,0.0,0.0,0.0
2024-01-27 19:00:00,0.0,6.863,1.6492423,0.0,0.0,0.0
2024-01-27 19:30:00,0.0,6.46299985,1.37462115,0.0,0.0,0.0
2024-01-27 20:00:00,0.0,6.0629997,1.1,0.0,0.0,0.0
2024-01-27 20:30:00,0.0,5.53799985,1.33262375,0.0,0.0,0.0
2024-01-27 21:00:00,0.0,5.013,1.5652475,0.0,0.0,0.0
2024-01-27 21:30:00,0.0,5.03799985,1.44970695,0.0,0.0,0.0
2024-01-27 22:00:00,0.0,5.0629997,1.3341664,0.0,0.0,0.0
2024-01-27 22:30:00,0.0,4.98799985,1.3688666,0.0,0.0,0.0
2024-01-27 23:00:00,0.0,4.913,1.4035668,0.0,0.0,0.0
2024-01-27 23:30:00,0.0,4.86299985,1.4035668,0.0,0.0,0.0
2024-01-28 00:00:00,0.0,4.8129997,1.4035668,0.0,0.0,0.0
2024-01-28 00:30:00,0.0,4.76299985,1.3202492499999998,0.0,0.0,0.0
2024-01-28 01:00:00,0.0,4.713,1.2369317,0.0,0.0,0.0
2024-01-28 01:30:00,0.0,4.413,1.1569823,0.0,0.0,0.0
2024-01-28 02:00:00,0.0,4.113,1.0770329,0.0,0.0,0.0
2024-01-28 02:30:00,0.0,4.83799985,1.5309881,0.0,0.0,0.0
2024-01-28 03:00:00,0.0,5.5629997,1.9849433,0.0,0.0,0.0
2024-01-28 03:30:00,0.0,5.46299985,2.0936074,0.0,0.0,0.0
2024-01-28 04:00:00,0.0,5.363,2.2022715,0.0,0.0,0.0
2024-01-28 04:30:00,0.0,5.063000000000001,2.3551294,0.0,0.0,0.0
2024-01-28 05:00:00,0.0,4.763,2.5079873,0.0,0.0,0.0
2024-01-28 05:30:00,0.0,4.863,2.57403165,0.0,0.0,0.0
2024-01-28 06:00:00,0.0,4.963,2.640076,0.0,0.0,0.0
2024-01-28 06:30:00,0.0,4.713,2.3508144,0.0,0.0,0.0
2024-01-28 07:00:00,0.0,4.463,2.0615528,0.0,0.0,0.0
2024-01-28 07:30:00,8.229,4.913,2.3545965,17.1101075,11.4067385,32.97108
2024-01-28 08:00:00,147.338,5.363,2.6476402,34.220215,22.813477,65.94216
2024-01-28 08:30:00,298.81,6.938000000000001,2.3250693,111.5476325,52.186581,301.41418
2024-01-28 09:00:00,60.377,8.513,2.0024984,188.87505,81.559685,536.8862
2024-01-28 09:30:00,125.013,8.937999999999999,3.0730842000000003,263.05746,100.9586875,568.3115700000001
2024-01-28 10:00:00,148.298,9.363,4.14367,337.23987,120.35769,599.73694
2024-01-28 10:30:00,82.571,9.238,4.15989635,371.2379,129.36547000000002,574.15922
2024-01-28 11:00:00,106.43900000000002,9.113,4.1761227,405.23593,138.37325,548.5815
2024-01-28 11:30:00,197.76,9.038,4.0044382,396.689605,162.3202,452.6662
2024-01-28 12:00:00,15.21,8.963,3.8327537,388.14328,186.26715,356.7509
2024-01-28 12:30:00,13.866,8.913,4.3417635,403.37074,197.534555,354.83407
2024-01-28 13:00:00,27.16,8.863,4.8507733,418.5982,208.80196,352.91724
2024-01-28 13:30:00,87.614,7.962999849999999,4.775918450000001,295.11304,155.60487999999998,237.14825
2024-01-28 14:00:00,51.82,7.0629997,4.7010636,171.62788,102.4078,121.37926
2024-01-28 14:30:00,47.728,7.23799985,5.1491923,193.25106,134.567975,109.324905
2024-01-28 15:00:00,54.092000000000006,7.413,5.597321,214.87424,166.72815,97.27055
2024-01-28 15:30:00,88.286,7.138,5.260875,155.93429700000002,118.63475,84.03155000000001
2024-01-28 16:00:00,106.171,6.863,4.924429,96.994354,70.54135,70.79255
2024-01-28 16:30:00,17.575999999999997,6.363,4.756228500000001,67.7275695,46.3427195,73.40551500000001
2024-01-28 17:00:00,50.311,5.863,4.588028,38.460785,22.144089,76.01848
2024-01-28 17:30:00,7.234999999999999,5.96299985,5.011089800000001,19.2303925,11.0720445,38.00924
2024-01-28 18:00:00,0.0,6.0629997,5.4341516,0.0,0.0,0.0
2024-01-28 18:30:00,0.0,6.21299985,5.4336915,0.0,0.0,0.0
2024-01-28 19:00:00,0.0,6.363,5.4332314,0.0,0.0,0.0
2024-01-28 19:30:00,0.0,6.188000000000001,5.7703021,0.0,0.0,0.0
2024-01-28 20:00:00,0.0,6.013,6.1073728,0.0,0.0,0.0
2024-01-28 20:30:00,0.0,5.588,5.815026550000001,0.0,0.0,0.0
2024-01-28 21:00:00,0.0,5.163,5.5226803,0.0,0.0,0.0
2024-01-28 21:30:00,0.0,5.713,6.328552,0.0,0.0,0.0
2024-01-28 22:00:00,0.0,6.263,7.1344237,0.0,0.0,0.0
2024-01-28 22:30:00,0.0,6.063000000000001,7.167558850000001,0.0,0.0,0.0
2024-01-28 23:00:00,0.0,5.863,7.200694,0.0,0.0,0.0
2024-01-28 23:30:00,0.0,5.58799985,7.0237955,0.0,0.0,0.0
2024-01-29 00:00:00,0.0,5.3129997,6.846897,0.0,0.0,0.0
2024-01-29 00:30:00,0.0,5.46299985,7.1308734000000005,0.0,0.0,0.0
2024-01-29 01:00:00,0.0,5.613,7.4148498,0.0,0.0,0.0
2024-01-29 01:30:00,0.0,5.763,7.6788857,0.0,0.0,0.0
2024-01-29 02:00:00,0.0,5.913,7.9429216,0.0,0.0,0.0
2024-01-29 02:30:00,0.0,6.288,7.22146105,0.0,0.0,0.0
2024-01-29 03:00:00,0.0,6.663,6.5000005,0.0,0.0,0.0
2024-01-29 03:30:00,0.0,6.563000000000001,6.3792972500000005,0.0,0.0,0.0
2024-01-29 04:00:00,0.0,6.463,6.258594,0.0,0.0,0.0
2024-01-29 04:30:00,0.0,6.13799985,6.65987775,0.0,0.0,0.0
2024-01-29 05:00:00,0.0,5.8129997,7.0611615,0.0,0.0,0.0
2024-01-29 05:30:00,0.0,5.71299985,6.93388775,0.0,0.0,0.0
2024-01-29 06:00:00,0.0,5.613,6.806614,0.0,0.0,0.0
2024-01-29 06:30:00,0.0,5.83799985,6.99565985,0.0,0.0,0.0
2024-01-29 07:00:00,0.0,6.0629997,7.1847057,0.0,0.0,0.0
2024-01-29 07:30:00,9.566,6.08799985,7.26998805,14.780838,11.369876,19.6934415
2024-01-29 08:00:00,127.793,6.113,7.3552704,29.561676,22.739752,39.386883
2024-01-29 08:30:00,154.675,6.08799985,6.9870912,80.39554799999999,51.30926100000001,146.5542365
2024-01-29 09:00:00,422.322,6.0629997,6.618912,131.22942,79.87877,253.72159
2024-01-29 09:30:00,31.034,6.28799985,7.0124955,182.890725,110.185935,255.89096
2024-01-29 10:00:00,87.936,6.513,7.406079,234.55203,140.4931,258.06033
2024-01-29 10:30:00,16.414,6.66299985,7.653356,291.836515,161.36932000000002,299.43573000000004
2024-01-29 11:00:00,908.935,6.8129997,7.900633,349.121,182.24554,340.81113
2024-01-29 11:30:00,776.376,6.38799985,7.65166765,344.692075,206.104665,267.272115
2024-01-29 12:00:00,359.565,5.963,7.4027023,340.26315,229.96379,193.7331
2024-01-29 12:30:00,301.77000000000004,6.488,7.65166765,370.51631,216.417345,262.294635
2024-01-29 13:00:00,178.02200000000002,7.013,7.900633,400.76947,202.8709,330.85617
2024-01-29 13:30:00,1042.243,6.938000000000001,7.9031635,432.324645,175.42855,440.5529
2024-01-29 14:00:00,935.441,6.863,7.905694,463.87982,147.9862,550.24963
2024-01-29 14:30:00,100.797,6.313000000000001,7.50390315,396.14441,138.24703499999998,475.49533
2024-01-29 15:00:00,319.792,5.763,7.1021123,328.409,128.50787,400.74103
2024-01-29 15:30:00,24.742000000000004,5.78799985,7.50390315,270.66399,110.0516,361.072375
2024-01-29 16:00:00,170.541,5.8129997,7.905694,212.91898,91.59533,321.40372
2024-01-29 16:30:00,76.387,5.58799985,7.674405800000001,149.77523,67.013537,261.929995
2024-01-29 17:00:00,26.191000000000003,5.363,7.4431176,86.63148,42.431744,202.45627
2024-01-29 17:30:00,5.677999999999999,5.163,7.0849648,43.31574,21.215872,101.228135
2024-01-29 18:00:00,0.0,4.963,6.726812,0.0,0.0,0.0
2024-01-29 18:30:00,0.0,4.613,6.4334225,0.0,0.0,0.0
2024-01-29 19:00:00,0.0,4.263,6.140033,0.0,0.0,0.0
2024-01-29 19:30:00,0.0,4.338,6.29685725,0.0,0.0,0.0
2024-01-29 20:00:00,0.0,4.413,6.4536815,0.0,0.0,0.0
2024-01-29 20:30:00,0.0,4.48799985,6.82718775,0.0,0.0,0.0
2024-01-29 21:00:00,0.0,4.5629997,7.200694,0.0,0.0,0.0
2024-01-29 21:30:00,0.0,4.38799985,7.167558850000001,0.0,0.0,0.0
2024-01-29 22:00:00,0.0,4.213,7.1344237,0.0,0.0,0.0
2024-01-29 22:30:00,0.0,4.213,6.6736567,0.0,0.0,0.0
2024-01-29 23:00:00,0.0,4.213,6.2128897,0.0,0.0,0.0
2024-01-29 23:30:00,0.0,3.788,5.677436849999999,0.0,0.0,0.0
2024-01-30 00:00:00,0.0,3.363,5.141984,0.0,0.0,0.0
2024-01-30 00:30:00,0.0,3.438,5.36025715,0.0,0.0,0.0
2024-01-30 01:00:00,0.0,3.513,5.5785303,0.0,0.0,0.0
2024-01-30 01:30:00,0.0,3.388,5.271703499999999,0.0,0.0,0.0
2024-01-30 02:00:00,0.0,3.263,4.9648767,0.0,0.0,0.0
2024-01-30 02:30:00,0.0,4.03799985,6.440341849999999,0.0,0.0,0.0
2024-01-30 03:00:00,0.0,4.8129997,7.915807,0.0,0.0,0.0
2024-01-30 03:30:00,0.0,4.98799985,7.959153499999999,0.0,0.0,0.0
2024-01-30 04:00:00,0.0,5.163,8.0025,0.0,0.0,0.0
2024-01-30 04:30:00,0.0,4.838,7.67310235,0.0,0.0,0.0
2024-01-30 05:00:00,0.0,4.513,7.3437047,0.0,0.0,0.0
2024-01-30 05:30:00,0.0,4.28799985,7.18930885,0.0,0.0,0.0
2024-01-30 06:00:00,0.0,4.0629997,7.034913,0.0,0.0,0.0
2024-01-30 06:30:00,0.0,4.01299975,6.9299333,0.0,0.0,0.0
2024-01-30 07:00:00,0.0,3.9629998,6.8249536,0.0,0.0,0.0
2024-01-30 07:30:00,8.578999999999999,3.88799975,6.6019125,15.866989,12.46692,19.599827
2024-01-30 08:00:00,40.789,3.8129997,6.3788714,31.733978,24.93384,39.199654
2024-01-30 08:30:00,52.67099999999999,4.16299985,6.0112259,101.178969,60.0994425,203.421377
2024-01-30 09:00:00,45.137,4.513,5.6435804,170.62396,95.265045,367.6431
2024-01-30 09:30:00,80.94500000000001,4.888,6.3078339,218.54063,120.1945575,348.93787
2024-01-30 10:00:00,108.514,5.263,6.9720874,266.4573,145.12407,330.23264
2024-01-30 10:30:00,647.85,5.53799985,6.8101977,334.62167,160.91156,394.46373
2024-01-30 11:00:00,846.967,5.8129997,6.648308,402.78604,176.69905,458.69482
2024-01-30 11:30:00,910.635,5.8129997,6.6002034,412.095795,183.55597,430.9624
2024-01-30 12:00:00,473.527,5.8129997,6.5520988,421.40555,190.41289,403.22998
2024-01-30 12:30:00,714.0469999999999,5.88799985,6.7089779,383.767215,200.1392,314.81649
2024-01-30 13:00:00,1026.794,5.963,6.865857,346.12888,209.86551,226.403
2024-01-30 13:30:00,779.5869999999999,5.863,6.54138465,323.959475,201.733345,206.800995
2024-01-30 14:00:00,279.411,5.763,6.2169123,301.79007,193.60118,187.19899
2024-01-30 14:30:00,177.95299999999995,5.388,5.689637899999999,262.10071500000004,170.491105,168.22594500000002
2024-01-30 15:00:00,71.881,5.013,5.1623635,222.41136,147.38103,149.2529
2024-01-30 15:30:00,22.943,5.063000000000001,5.370446899999999,229.179885,120.3970275,261.53295
2024-01-30 16:00:00,43.672,5.113,5.5785303,235.94841,93.413025,373.813
2024-01-30 16:30:00,22.704,4.763,5.0084994,156.991985,69.640629,259.35713
2024-01-30 17:00:00,5.128,4.413,4.4384685,78.03556,45.868233,144.90126
2024-01-30 17:30:00,5.229,4.313000000000001,4.8086357500000005,39.01778,22.9341165,72.45063
2024-01-30 18:00:00,0.0,4.213,5.178803,0.0,0.0,0.0
2024-01-30 18:30:00,0.0,3.863,5.0312245,0.0,0.0,0.0
2024-01-30 19:00:00,0.0,3.513,4.883646,0.0,0.0,0.0
2024-01-30 19:30:00,0.0,3.463,4.9898615,0.0,0.0,0.0
2024-01-30 20:00:00,0.0,3.413,5.096077,0.0,0.0,0.0
2024-01-30 20:30:00,0.0,3.48799985,5.13744,0.0,0.0,0.0
2024-01-30 21:00:00,0.0,3.5629997,5.178803,0.0,0.0,0.0
2024-01-30 21:30:00,0.0,3.5379998500000003,4.59751,0.0,0.0,0.0
2024-01-30 22:00:00,0.0,3.513,4.016217,0.0,0.0,0.0
2024-01-30 22:30:00,0.0,3.588,3.7523849,0.0,0.0,0.0
2024-01-30 23:00:00,0.0,3.663,3.4885528,0.0,0.0,0.0
2024-01-30 23:30:00,0.0,3.5629999,3.2886209,0.0,0.0,0.0
2024-01-31 00:00:00,0.0,3.4629998,3.088689,0.0,0.0,0.0
2024-01-31 00:30:00,0.0,3.4129999,2.79833815,0.0,0.0,0.0
2024-01-31 01:00:00,0.0,3.363,2.5079873,0.0,0.0,0.0
2024-01-31 01:30:00,0.0,3.4129999,2.60399365,0.0,0.0,0.0
2024-01-31 02:00:00,0.0,3.4629998,2.7,0.0,0.0,0.0
2024-01-31 02:30:00,0.0,3.18799985,3.51448615,0.0,0.0,0.0
2024-01-31 03:00:00,0.0,2.9129999,4.3289723,0.0,0.0,0.0
2024-01-31 03:30:00,0.0,3.0379999,4.17446135,0.0,0.0,0.0
2024-01-31 04:00:00,0.0,3.1629999,4.0199504,0.0,0.0,0.0
2024-01-31 04:30:00,0.0,3.83799995,4.9125602,0.0,0.0,0.0
2024-01-31 05:00:00,0.0,4.513,5.80517,0.0,0.0,0.0
2024-01-31 05:30:00,0.0,4.463,6.15258525,0.0,0.0,0.0
2024-01-31 06:00:00,0.0,4.413,6.5000005,0.0,0.0,0.0
2024-01-31 06:30:00,0.0,4.388,5.922545749999999,0.0,0.0,0.0
2024-01-31 07:00:00,0.0,4.363,5.345091,0.0,0.0,0.0
2024-01-31 07:30:00,0.0,4.388,5.8509885,3.38933515,2.25955675,6.500322500000001
2024-01-31 08:00:00,2.4960000000000004,4.413,6.356886,6.7786703,4.5191135,13.000645
2024-01-31 08:30:00,3.0120000000000005,4.73799985,6.5149832,21.81357015,20.68379175,6.500322499999999
2024-01-31 09:00:00,12.31,5.0629997,6.6730804,36.84847,36.84847,0.0
2024-01-31 09:30:00,48.768,5.41299985,6.8186372,55.265600000000006,54.07717,3.2082896
2024-01-31 10:00:00,61.189,5.763,6.964194,73.68273,71.30587,6.4165792
2024-01-31 10:30:00,63.632000000000005,5.91299985,6.80625115,110.897965,88.863975,45.2181596
2024-01-31 11:00:00,151.54,6.0629997,6.6483083,148.1132,106.42208,84.01974
2024-01-31 11:30:00,62.816,6.36299985,6.87732165,155.73119,118.7588,69.98709
2024-01-31 12:00:00,66.936,6.663,7.106335,163.34918,131.09552,55.95444
2024-01-31 12:30:00,48.092,7.138,7.49175875,192.591355,146.12406,78.0751625
2024-01-31 13:00:00,51.449,7.613,7.8771825,221.83353,161.1526,100.195885
2024-01-31 13:30:00,40.693,7.56299975,7.99968725,237.662765,166.02304,121.0826175
2024-01-31 14:00:00,131.319,7.5129995,8.122192,253.492,170.89348,141.96935
2024-01-31 14:30:00,33.730000000000004,7.2879996,8.1418435,200.05406,152.49679500000002,83.3376775
2024-01-31 15:00:00,49.174,7.0629997,8.161495,146.61612,134.10011,24.706005
2024-01-31 15:30:00,131.755,7.16299985,8.4988915,167.33022499999998,120.31583,118.1791125
2024-01-31 16:00:00,69.723,7.263,8.836288,188.04433,106.53155,211.65222
2024-01-31 16:30:00,74.29299999999999,7.03799985,8.171142849999999,110.873321,69.214191,109.826407
2024-01-31 17:00:00,11.684,6.8129997,7.5059977,33.702312,31.896832,8.000594
2024-01-31 17:30:00,7.319,6.76299985,7.0715075,16.851156,15.948416000000002,4.000297
2024-01-31 18:00:00,0.0,6.713,6.6370173,0.0,0.0,0.0
2024-01-31 18:30:00,0.0,6.788,6.22539715,0.0,0.0,0.0
2024-01-31 19:00:00,0.0,6.863,5.813777,0.0,0.0,0.0
2024-01-31 19:30:00,0.0,6.888,5.758642200000001,0.0,0.0,0.0
2024-01-31 20:00:00,0.0,6.913,5.7035074,0.0,0.0,0.0
2024-01-31 20:30:00,0.0,6.73799985,5.5036399,0.0,0.0,0.0
2024-01-31 21:00:00,0.0,6.5629997,5.3037724,0.0,0.0,0.0
2024-01-31 21:30:00,0.0,6.3129997,5.15388535,0.0,0.0,0.0
2024-01-31 22:00:00,0.0,6.0629997,5.0039983,0.0,0.0,0.0
2024-01-31 22:30:00,0.0,6.0629997,4.707106850000001,0.0,0.0,0.0
2024-01-31 23:00:00,0.0,6.0629997,4.4102154,0.0,0.0,0.0
2024-01-31 23:30:00,0.0,5.9379997,4.6056285,0.0,0.0,0.0
2024-02-01 00:00:00,0.0,5.8129997,4.8010416,0.0,0.0,0.0
2024-02-01 00:30:00,0.0,5.8129997,5.1546088,0.0,0.0,0.0
2024-02-01 01:00:00,0.0,5.8129997,5.508176,0.0,0.0,0.0
2024-02-01 01:30:00,0.0,5.91299985,6.060143,0.0,0.0,0.0
2024-02-01 02:00:00,0.0,6.013,6.61211,0.0,0.0,0.0
2024-02-01 02:30:00,0.0,6.313000000000001,6.117193500000001,0.0,0.0,0.0
2024-02-01 03:00:00,0.0,6.613,5.622277,0.0,0.0,0.0
2024-02-01 03:30:00,0.0,6.513,5.5629562,0.0,0.0,0.0
2024-02-01 04:00:00,0.0,6.413,5.5036354,0.0,0.0,0.0
2024-02-01 04:30:00,0.0,6.463,5.8554447,0.0,0.0,0.0
2024-02-01 05:00:00,0.0,6.513,6.207254,0.0,0.0,0.0
2024-02-01 05:30:00,0.0,6.588,6.1540368,0.0,0.0,0.0
2024-02-01 06:00:00,0.0,6.663,6.1008196,0.0,0.0,0.0
2024-02-01 06:30:00,0.0,6.563000000000001,6.150812800000001,0.0,0.0,0.0
2024-02-01 07:00:00,0.0,6.463,6.200806,0.0,0.0,0.0
2024-02-01 07:30:00,5.65,6.51299985,6.25199,9.010009,7.8837575,6.465737
2024-02-01 08:00:00,7.824000000000001,6.5629997,6.303174,18.020018,15.767515,12.931474
2024-02-01 08:30:00,13.912,6.83799985,6.35510085,55.625026,48.8484725,33.320317
2024-02-01 09:00:00,45.03,7.113,6.4070277,93.230034,81.92943,53.70916
2024-02-01 09:30:00,204.698,7.513,6.562829000000001,148.721792,115.17022,101.55573
2024-02-01 10:00:00,95.369,7.913,6.7186303,204.21355,148.41101,149.4023
2024-02-01 10:30:00,184.67800000000005,8.238,7.50961665,260.03744,176.20239,186.66228
2024-02-01 11:00:00,408.19,8.563,8.300603,315.86133,203.99377,223.92226
2024-02-01 11:30:00,176.171,8.713000000000001,7.95063025,326.98918000000003,215.39614,207.917565
2024-02-01 12:00:00,822.943,8.863,7.6006575,338.11703,226.79851,191.91287
2024-02-01 12:30:00,326.144,9.138,7.703212499999999,375.500765,228.80793,245.334165
2024-02-01 13:00:00,320.65599999999995,9.413,7.8057675,412.8845,230.81735,298.75546
2024-02-01 13:30:00,154.904,9.588,7.6042349,395.447865,210.86126,309.10718
2024-02-01 14:00:00,486.615,9.763,7.4027023,378.01123,190.90517,319.4589
2024-02-01 14:30:00,244.926,9.663,7.2569804,341.115265,174.63907999999998,302.57633
2024-02-01 15:00:00,221.881,9.563,7.1112585,304.2193,158.37299,285.69376
2024-02-01 15:30:00,60.567,9.288,6.55604575,244.310885,135.801285,234.3406
2024-02-01 16:00:00,40.532,9.013,6.000833,184.40247,113.22958,182.98744
2024-02-01 16:30:00,85.915,8.613,5.552376499999999,134.742823,78.49332,181.59439
2024-02-01 17:00:00,45.726,8.213,5.10392,85.083176,43.75706,180.20134
2024-02-01 17:30:00,32.613,7.438,4.6543395,42.541588,21.87853,90.10067
2024-02-01 18:00:00,0.006,6.663,4.204759,0.0,0.0,0.0
2024-02-01 18:30:00,0.0,6.563000000000001,3.9550802,0.0,0.0,0.0
2024-02-01 19:00:00,0.0,6.463,3.7054014,0.0,0.0,0.0
2024-02-01 19:30:00,0.0,6.13799985,3.6140922,0.0,0.0,0.0
2024-02-01 20:00:00,0.0,5.8129997,3.522783,0.0,0.0,0.0
2024-02-01 20:30:00,0.0,5.48799985,3.46799635,0.0,0.0,0.0
2024-02-01 21:00:00,0.0,5.163,3.4132097,0.0,0.0,0.0
2024-02-01 21:30:00,0.0,4.838,3.1600491,0.0,0.0,0.0
2024-02-01 22:00:00,0.0,4.513,2.9068885,0.0,0.0,0.0
2024-02-01 22:30:00,0.0,4.1129999,2.6627829,0.0,0.0,0.0
2024-02-01 23:00:00,0.0,3.7129998,2.4186773,0.0,0.0,0.0
2024-02-01 23:30:00,0.0,3.4129999,2.24011505,0.0,0.0,0.0
2024-02-02 00:00:00,0.0,3.113,2.0615528,0.0,0.0,0.0
2024-02-02 00:30:00,0.0,2.863,1.8370022,0.0,0.0,0.0
2024-02-02 01:00:00,0.0,2.613,1.6124516,0.0,0.0,0.0
2024-02-02 01:30:00,0.0,2.4129999,1.46387305,0.0,0.0,0.0
2024-02-02 02:00:00,0.0,2.2129998,1.3152945,0.0,0.0,0.0
2024-02-02 02:30:00,0.0,1.91299985,1.21666425,0.0,0.0,0.0
2024-02-02 03:00:00,0.0,1.6129999,1.118034,0.0,0.0,0.0
2024-02-02 03:30:00,0.0,1.41299995,0.983281075,0.0,0.0,0.0
2024-02-02 04:00:00,0.0,1.213,0.84852815,0.0,0.0,0.0
2024-02-02 04:30:00,0.0,1.038,0.6792150450000001,0.0,0.0,0.0
2024-02-02 05:00:00,0.0,0.863,0.50990194,0.0,0.0,0.0
2024-02-02 05:30:00,0.0,0.687999975,0.35495097,0.0,0.0,0.0
2024-02-02 06:00:00,0.0,0.51299995,0.2,0.0,0.0,0.0
2024-02-02 06:30:00,0.0,0.287999957,0.25,0.0,0.0,0.0
2024-02-02 07:00:00,0.0,0.062999964,0.3,0.0,0.0,0.0
2024-02-02 07:30:00,11.946,0.037999958,0.356155285,24.700875,15.7187375,51.4326325
2024-02-02 08:00:00,145.57,0.012999952,0.41231057,49.40175,31.437475,102.865265
2024-02-02 08:30:00,301.296,2.362999976,0.5223830349999999,144.36801,59.3620475,407.9539025
2024-02-02 09:00:00,431.766,4.713,0.6324555,239.33427,87.28662,713.04254
2024-02-02 09:30:00,544.9300000000001,6.813000000000001,0.41622775,330.20243500000004,94.646225,780.068845
2024-02-02 10:00:00,636.857,8.913,0.2,421.0706,102.00583,847.09515
2024-02-02 10:30:00,716.202,9.763,0.41622775,487.90618,104.722965,868.164125
2024-02-02 11:00:00,612.018,10.613,0.6324555,554.74176,107.4401,889.2331
2024-02-02 11:30:00,838.215,11.238,1.1706281499999998,591.010865,107.813845,889.2609
2024-02-02 12:00:00,161.4,11.863,1.7088008,627.27997,108.18759,889.2887
2024-02-02 12:30:00,842.767,12.238,2.10839405,631.0523350000001,106.830015,876.2393999999999
2024-02-02 13:00:00,942.556,12.613,2.5079873,634.8247,105.47244,863.1901
2024-02-02 13:30:00,900.1170000000001,12.688,2.8887719,602.45175,104.518378,827.206315
2024-02-02 14:00:00,775.096,12.763,3.2695565,570.0788,103.564316,791.22253
2024-02-02 14:30:00,805.237,12.438,3.75727675,502.646915,103.721403,717.664885
2024-02-02 15:00:00,631.3979999999999,12.113,4.244997,435.21503,103.87849,644.10724
2024-02-02 15:30:00,536.6030000000001,11.613,4.352408649999999,358.62840500000004,91.65202,579.9823200000001
2024-02-02 16:00:00,430.669,11.113,4.4598203,282.04178,79.42555,515.8574
2024-02-02 16:30:00,269.422,10.413,3.99696995,196.844,60.56976,408.0021
2024-02-02 17:00:00,111.002,9.713,3.5341196,111.64622,41.71397,300.1468
2024-02-02 17:30:00,22.591,8.488,3.0870978,55.82311,20.856985,150.0734
2024-02-02 18:00:00,0.0,7.263,2.640076,0.0,0.0,0.0
2024-02-02 18:30:00,0.0,6.563000000000001,2.36406865,0.0,0.0,0.0
2024-02-02 19:00:00,0.0,5.863,2.0880613,0.0,0.0,0.0
2024-02-02 19:30:00,0.0,5.388,1.8579717,0.0,0.0,0.0
2024-02-02 20:00:00,0.0,4.913,1.6278821,0.0,0.0,0.0
2024-02-02 20:30:00,0.0,4.688000000000001,1.71394105,0.0,0.0,0.0
2024-02-02 21:00:00,0.0,4.463,1.8,0.0,0.0,0.0
2024-02-02 21:30:00,0.0,4.438000000000001,1.75586215,0.0,0.0,0.0
2024-02-02 22:00:00,0.0,4.413,1.7117243,0.0,0.0,0.0
2024-02-02 22:30:00,0.0,4.263,1.7572499499999998,0.0,0.0,0.0
2024-02-02 23:00:00,0.0,4.113,1.8027756,0.0,0.0,0.0
2024-02-02 23:30:00,0.0,3.938,1.85270265,0.0,0.0,0.0
2024-02-03 00:00:00,0.0,3.763,1.9026297,0.0,0.0,0.0
2024-02-03 00:30:00,0.0,3.638,2.05585085,0.0,0.0,0.0
2024-02-03 01:00:00,0.0,3.513,2.209072,0.0,0.0,0.0
2024-02-03 01:30:00,0.0,3.863,2.2717977,0.0,0.0,0.0
2024-02-03 02:00:00,0.0,4.213,2.3345234,0.0,0.0,0.0
2024-02-03 02:30:00,0.0,4.488,2.6805362,0.0,0.0,0.0
2024-02-03 03:00:00,0.0,4.763,3.026549,0.0,0.0,0.0
2024-02-03 03:30:00,0.0,5.188000000000001,3.2810415,0.0,0.0,0.0
2024-02-03 04:00:00,0.0,5.613,3.535534,0.0,0.0,0.0
2024-02-03 04:30:00,0.0,5.563000000000001,3.444818,0.0,0.0,0.0
2024-02-03 05:00:00,0.0,5.513,3.354102,0.0,0.0,0.0
2024-02-03 05:30:00,0.0,5.688000000000001,3.4299058,0.0,0.0,0.0
2024-02-03 06:00:00,0.0,5.863,3.5057096,0.0,0.0,0.0
2024-02-03 06:30:00,0.0,6.163,3.40361225,0.0,0.0,0.0
2024-02-03 07:00:00,0.0,6.463,3.3015149,0.0,0.0,0.0
2024-02-03 07:30:00,14.646,6.563000000000001,3.25153855,19.028475,16.789831,12.7812175
2024-02-03 08:00:00,30.394,6.663,3.2015622,38.05695,33.579662,25.562435
2024-02-03 08:30:00,135.019,7.838,3.5007811,107.41919,82.030601,119.8664975
2024-02-03 09:00:00,23.768,9.013,3.8,176.78143,130.48154,214.17056
2024-02-03 09:30:00,156.177,9.738,4.645906,260.793115,151.14574499999998,334.7608
2024-02-03 10:00:00,706.2950000000001,10.463,5.491812,344.8048,171.80995,455.35104
2024-02-03 10:30:00,373.626,10.763,5.45237985,379.525785,168.644735,473.22422
2024-02-03 11:00:00,873.258,11.063,5.4129477,414.24677,165.47952,491.0974
2024-02-03 11:30:00,477.37799999999993,11.188,5.29587535,446.879075,165.43206500000002,512.903285
2024-02-03 12:00:00,103.343,11.313,5.178803,479.51138,165.38461,534.70917
2024-02-03 12:30:00,198.12,11.113,5.00807885,454.20662,167.77608500000002,476.972235
2024-02-03 13:00:00,899.8679999999999,10.913,4.8373547,428.90186,170.16756,419.2353
2024-02-03 13:30:00,165.547,10.888,4.745155349999999,393.615555,192.487505,330.51076
2024-02-03 14:00:00,823.126,10.863,4.652956,358.32925,214.80745,241.78622
2024-02-03 14:30:00,275.776,10.863,4.11323485,376.78389,158.04086,404.43724
2024-02-03 15:00:00,137.262,10.863,3.5735137,395.23853,101.27427,567.08826
2024-02-03 15:30:00,523.3,10.638,3.7367568,317.812765,96.1157575,471.91347
2024-02-03 16:00:00,397.244,10.413,3.8999999,240.387,90.957245,376.73868
2024-02-03 16:30:00,286.906,9.913,3.64189245,167.546895,65.5960775,303.44308
2024-02-03 17:00:00,97.192,9.413,3.383785,94.70679,40.23491,230.14748
2024-02-03 17:30:00,8.94,8.638,2.9890047500000003,47.353395,20.117455,115.07374
2024-02-03 18:00:00,0.046,7.863,2.5942245,0.0,0.0,0.0
2024-02-03 18:30:00,0.0,7.163,2.32788865,0.0,0.0,0.0
2024-02-03 19:00:00,0.0,6.463,2.0615528,0.0,0.0,0.0
2024-02-03 19:30:00,0.0,6.038,1.8307764,0.0,0.0,0.0
2024-02-03 20:00:00,0.0,5.613,1.6,0.0,0.0,0.0
2024-02-03 20:30:00,0.0,5.188000000000001,1.32201535,0.0,0.0,0.0
2024-02-03 21:00:00,0.0,4.763,1.0440307,0.0,0.0,0.0
2024-02-03 21:30:00,0.0,4.138,1.05352265,0.0,0.0,0.0
2024-02-03 22:00:00,0.0,3.513,1.0630146,0.0,0.0,0.0
2024-02-03 22:30:00,0.0,3.188,0.6315073,0.0,0.0,0.0
2024-02-03 23:00:00,0.0,2.863,0.2,0.0,0.0,0.0
2024-02-03 23:30:00,0.0,2.4129999,0.2,0.0,0.0,0.0
2024-02-04 00:00:00,0.0,1.9629998,0.2,0.0,0.0,0.0
2024-02-04 00:30:00,0.0,1.4879999,0.25,0.0,0.0,0.0
2024-02-04 01:00:00,0.0,1.013,0.3,0.0,0.0,0.0
2024-02-04 01:30:00,0.0,0.8379999499999999,0.25,0.0,0.0,0.0
2024-02-04 02:00:00,0.0,0.6629999,0.2,0.0,0.0,0.0
2024-02-04 02:30:00,0.0,1.76299995,0.15,0.0,0.0,0.0
2024-02-04 03:00:00,0.0,2.863,0.1,0.0,0.0,0.0
2024-02-04 03:30:00,0.0,2.813,0.15,0.0,0.0,0.0
2024-02-04 04:00:00,0.0,2.763,0.2,0.0,0.0,0.0
2024-02-04 04:30:00,0.0,2.6129999,0.2,0.0,0.0,0.0
2024-02-04 05:00:00,0.0,2.4629998,0.2,0.0,0.0,0.0
2024-02-04 05:30:00,0.0,2.2129998,0.41622775,0.0,0.0,0.0
2024-02-04 06:00:00,0.0,1.9629998,0.6324555,0.0,0.0,0.0
2024-02-04 06:30:00,0.0,1.93799985,0.669781135,0.0,0.0,0.0
2024-02-04 07:00:00,0.0,1.9129999,0.70710677,0.0,0.0,0.0
2024-02-04 07:30:00,12.1,2.63799995,0.403553385,25.6657315,15.622618500000002,57.149723
2024-02-04 08:00:00,140.761,3.363,0.1,51.331463,31.245237,114.299446
2024-02-04 08:30:00,286.507,5.41300015,0.370156215,140.3104315,59.6629585,379.183748
2024-02-04 09:00:00,416.931,7.4630003,0.64031243,229.2894,88.08068,644.06805
2024-02-04 09:30:00,523.067,8.88800015,0.872424215,315.27077,96.71208,708.051125
2024-02-04 10:00:00,621.518,10.313,1.104536,401.25214,105.34348,772.0342
2024-02-04 10:30:00,693.428,11.138,1.3089053,461.33847,116.206695,772.4955
2024-02-04 11:00:00,746.3240000000001,11.963,1.5132746,521.4248,127.06991,772.9568
2024-02-04 11:30:00,777.996,12.288,1.6298498,466.63829,151.41746999999998,586.10607
2024-02-04 12:00:00,798.713,12.613,1.746425,411.85178,175.76503,399.25534
2024-02-04 12:30:00,391.863,13.013,1.79516695,425.871555,191.38636,387.09187
2024-02-04 13:00:00,217.929,13.413,1.8439089,439.89133,207.00769,374.9284
2024-02-04 13:30:00,194.707,13.363,2.1323263,398.697725,199.060135,326.67358
2024-02-04 14:00:00,156.85,13.313,2.4207437,357.50412,191.11258,278.41876
2024-02-04 14:30:00,82.102,13.638,2.2362860500000004,351.41455,163.72433999999998,339.241545
2024-02-04 15:00:00,50.92099999999999,13.963,2.0518284,345.32498,136.3361,400.06433
2024-02-04 15:30:00,146.865,13.538,1.88614675,281.2976,121.06155,339.19719
2024-02-04 16:00:00,53.336000000000006,13.113,1.7204651,217.27022,105.787,278.33005
2024-02-04 16:30:00,39.448,12.563,1.15178015,156.090565,74.43578,246.95649000000003
2024-02-04 17:00:00,56.745000000000005,12.013,0.5830952,94.91091,43.08456,215.58293
2024-02-04 17:30:00,11.108,11.413,0.7940414,47.455455,21.54228,107.791465
2024-02-04 18:00:00,0.394,10.813,1.0049876,0.0,0.0,0.0
2024-02-04 18:30:00,0.0,10.163,1.085589,0.0,0.0,0.0
2024-02-04 19:00:00,0.0,9.513,1.1661904,0.0,0.0,0.0
2024-02-04 19:30:00,0.0,8.863,1.07806993,0.0,0.0,0.0
2024-02-04 20:00:00,0.0,8.213,0.98994946,0.0,0.0,0.0
2024-02-04 20:30:00,0.0,7.26299985,0.7011300149999999,0.0,0.0,0.0
2024-02-04 21:00:00,0.0,6.3129997,0.41231057,0.0,0.0,0.0
2024-02-04 21:30:00,0.0,5.6879997,0.41231057,0.0,0.0,0.0
2024-02-04 22:00:00,0.0,5.0629997,0.41231057,0.0,0.0,0.0
2024-02-04 22:30:00,0.0,4.58799985,0.306155285,0.0,0.0,0.0
2024-02-04 23:00:00,0.0,4.113,0.2,0.0,0.0,0.0
2024-02-04 23:30:00,0.0,3.83799985,0.15,0.0,0.0,0.0
2024-02-05 00:00:00,0.0,3.5629997,0.1,0.0,0.0,0.0
2024-02-05 00:30:00,0.0,3.48799985,0.15,0.0,0.0,0.0
2024-02-05 01:00:00,0.0,3.413,0.2,0.0,0.0,0.0
2024-02-05 01:30:00,0.0,3.263,0.306155285,0.0,0.0,0.0
2024-02-05 02:00:00,0.0,3.113,0.41231057,0.0,0.0,0.0
2024-02-05 02:30:00,0.0,3.388,0.364269165,0.0,0.0,0.0
2024-02-05 03:00:00,0.0,3.663,0.31622776,0.0,0.0,0.0
2024-02-05 03:30:00,0.0,3.588,0.30811388,0.0,0.0,0.0
2024-02-05 04:00:00,0.0,3.513,0.3,0.0,0.0,0.0
2024-02-05 04:30:00,0.0,3.513,0.25,0.0,0.0,0.0
2024-02-05 05:00:00,0.0,3.513,0.2,0.0,0.0,0.0
2024-02-05 05:30:00,0.0,3.3629999,0.15,0.0,0.0,0.0
2024-02-05 06:00:00,0.0,3.2129998,0.1,0.0,0.0,0.0
2024-02-05 06:30:00,0.0,3.0879998,0.15,0.0,0.0,0.0
2024-02-05 07:00:00,0.0,2.9629998,0.2,0.0,0.0,0.0
2024-02-05 07:30:00,11.234000000000002,3.2879999,0.25,26.70066,15.575385,63.07416500000001
2024-02-05 08:00:00,156.17600000000002,3.613,0.3,53.40132,31.15077,126.14833
2024-02-05 08:30:00,0.0,6.288,0.51055515,148.59821,59.458505,413.828865
2024-02-05 09:00:00,434.834,8.963,0.7211103,243.7951,87.76624,701.5094
2024-02-05 09:30:00,540.29,11.088,0.7636680499999999,331.76213,95.31472,760.398315
2024-02-05 10:00:00,627.679,13.213,0.8062258,419.72916,102.8632,819.28723
2024-02-05 10:30:00,696.6220000000001,14.338,0.81542347,485.79155,105.63154,841.084865
2024-02-05 11:00:00,743.3499999999999,15.463,0.82462114,551.85394,108.39988,862.8825
2024-02-05 11:30:00,782.301,16.288,0.5925881399999999,588.93382,109.834045,863.82043
2024-02-05 12:00:00,792.871,17.113,0.36055514,626.0137,111.26821,864.75836
2024-02-05 12:30:00,805.3439999999999,17.512999999999998,0.386432855,630.5125499999999,109.87881,853.4642
2024-02-05 13:00:00,790.672,17.913,0.41231057,635.0114,108.48941,842.17004
2024-02-05 13:30:00,775.967,18.012999999999998,0.6589245349999999,607.12533,105.1302525,817.831295
2024-02-05 14:00:00,468.884,18.113,0.9055385,579.23926,101.771095,793.49255
2024-02-05 14:30:00,532.099,18.363,0.8799694499999999,522.559815,95.7680525,753.966525
2024-02-05 15:00:00,616.9929999999999,18.613,0.8544004,465.88037,89.76501,714.4405
2024-02-05 15:30:00,523.672,17.9130005,0.94921555,385.002075,80.75769500000001,644.46905
2024-02-05 16:00:00,422.276,17.213001,1.0440307,304.12378,71.75038,574.4976
2024-02-05 16:30:00,282.985,16.1880005,0.7456221599999999,213.4565,56.96974850000001,452.314885
2024-02-05 17:00:00,141.176,15.163,0.44721362,122.78922,42.189117,330.13217
2024-02-05 17:30:00,28.227,13.313,0.7621232600000001,61.39461,21.0945585,165.066085
2024-02-05 18:00:00,0.853,11.463,1.0770329,0.0,0.0,0.0
2024-02-05 18:30:00,0.0,11.338,1.24029985,0.0,0.0,0.0
2024-02-05 19:00:00,0.0,11.213,1.4035668,0.0,0.0,0.0
2024-02-05 19:30:00,0.0,10.563,1.65703205,0.0,0.0,0.0
2024-02-05 20:00:00,0.0,9.913,1.9104973,0.0,0.0,0.0
2024-02-05 20:30:00,0.0,9.588,2.02412645,0.0,0.0,0.0
2024-02-05 21:00:00,0.0,9.263,2.1377556,0.0,0.0,0.0
2024-02-05 21:30:00,0.0,9.188,2.03064695,0.0,0.0,0.0
2024-02-05 22:00:00,0.0,9.113,1.9235383,0.0,0.0,0.0
2024-02-05 22:30:00,0.0,9.063,1.824903,0.0,0.0,0.0
2024-02-05 23:00:00,0.0,9.013,1.7262677,0.0,0.0,0.0
2024-02-05 23:30:00,0.0,8.913,1.79721085,0.0,0.0,0.0
2024-02-06 00:00:00,0.0,8.813,1.868154,0.0,0.0,0.0
2024-02-06 00:30:00,0.0,8.763,1.868154,0.0,0.0,0.0
2024-02-06 01:00:00,0.0,8.713,1.868154,0.0,0.0,0.0
2024-02-06 01:30:00,0.0,8.687999999999999,1.93031995,0.0,0.0,0.0
2024-02-06 02:00:00,0.0,8.663,1.9924859,0.0,0.0,0.0
2024-02-06 02:30:00,0.0,8.937999999999999,1.9924859,0.0,0.0,0.0
2024-02-06 03:00:00,0.0,9.213,1.9924859,0.0,0.0,0.0
2024-02-06 03:30:00,0.0,9.038,1.8593768,0.0,0.0,0.0
2024-02-06 04:00:00,0.0,8.863,1.7262677,0.0,0.0,0.0
2024-02-06 04:30:00,0.0,8.588000000000001,1.66935965,0.0,0.0,0.0
2024-02-06 05:00:00,0.0,8.313,1.6124516,0.0,0.0,0.0
2024-02-06 05:30:00,0.0,8.263,1.66208795,0.0,0.0,0.0
2024-02-06 06:00:00,0.0,8.213,1.7117243,0.0,0.0,0.0
2024-02-06 06:30:00,0.0,8.01299985,1.5558621499999998,0.0,0.0,0.0
2024-02-06 07:00:00,0.0,7.8129997,1.4,0.0,0.0,0.0
2024-02-06 07:30:00,6.7170000000000005,8.08799985,1.27008775,27.73002,16.638012,62.628855
2024-02-06 08:00:00,56.761,8.363,1.1401755,55.46004,33.276024,125.25771
2024-02-06 08:30:00,153.473,9.738,1.1721675,147.79737,64.526147,382.430105
2024-02-06 09:00:00,293.46500000000003,11.113,1.2041595,240.1347,95.77627,639.6025
2024-02-06 09:30:00,517.531,12.988,1.1240951,329.6953,102.80475,716.16032
2024-02-06 10:00:00,510.108,14.863,1.0440307,419.2559,109.83323,792.71814
2024-02-06 10:30:00,714.153,15.888,1.06284805,488.16463,111.82784,824.41982
2024-02-06 11:00:00,770.6560000000001,16.913,1.0816654,557.07336,113.82245,856.1215
2024-02-06 11:30:00,800.836,17.5630005,1.3218577,595.65631,114.096735,861.8223
2024-02-06 12:00:00,816.519,18.213001,1.56205,634.23926,114.37102,867.5231
2024-02-06 12:30:00,826.703,18.338001,2.1123777,639.12868,112.92742,856.86598
2024-02-06 13:00:00,817.5279999999999,18.463001,2.6627054,644.0181,111.48382,846.20886
2024-02-06 13:30:00,780.6990000000001,18.213001,2.9321338,614.10265,109.974275,815.69128
2024-02-06 14:00:00,747.6790000000001,17.963001,3.2015622,584.1872,108.46473,785.1737
2024-02-06 14:30:00,686.0339999999999,17.7880005,2.99092495,528.356965,100.496865,750.705715
2024-02-06 15:00:00,615.189,17.613,2.7802877,472.52673,92.529,716.23773
2024-02-06 15:30:00,531.143,16.887999999999998,2.6280857,390.252225,83.842682,643.12555
2024-02-06 16:00:00,417.388,16.163,2.4758837,307.97772,75.156364,570.01337
2024-02-06 16:30:00,281.196,15.363,2.12816655,213.6622875,59.162187,438.648395
2024-02-06 17:00:00,128.133,14.563,1.7804494,119.346855,43.16801,307.28342
2024-02-06 17:30:00,30.623,13.463,1.87511045,59.6734275,21.584005,153.64171
2024-02-06 18:00:00,0.0,12.363,1.9697715,0.0,0.0,0.0
2024-02-06 18:30:00,0.0,11.788,2.31341875,0.0,0.0,0.0
2024-02-06 19:00:00,0.0,11.213,2.657066,0.0,0.0,0.0
2024-02-06 19:30:00,0.0,10.838,2.9293141,0.0,0.0,0.0
2024-02-06 20:00:00,0.0,10.463,3.2015622,0.0,0.0,0.0
2024-02-06 20:30:00,0.0,10.338,3.17081285,0.0,0.0,0.0
2024-02-06 21:00:00,0.0,10.213,3.1400635,0.0,0.0,0.0
2024-02-06 21:30:00,0.0,10.038,3.2207892,0.0,0.0,0.0
2024-02-06 22:00:00,0.0,9.863,3.3015149,0.0,0.0,0.0
2024-02-06 22:30:00,0.0,9.713,3.28859145,0.0,0.0,0.0
2024-02-06 23:00:00,0.0,9.563,3.275668,0.0,0.0,0.0
2024-02-06 23:30:00,0.0,9.488,3.361928,0.0,0.0,0.0
2024-02-07 00:00:00,0.0,9.413,3.448188,0.0,0.0,0.0
2024-02-07 00:30:00,0.0,9.313,3.53655085,0.0,0.0,0.0
2024-02-07 01:00:00,0.0,9.213,3.6249137,0.0,0.0,0.0
2024-02-07 01:30:00,0.0,9.138,3.63248435,0.0,0.0,0.0
2024-02-07 02:00:00,0.0,9.063,3.640055,0.0,0.0,0.0
2024-02-07 02:30:00,0.0,8.688,3.9140667,0.0,0.0,0.0
2024-02-07 03:00:00,0.0,8.313,4.1880784,0.0,0.0,0.0
2024-02-07 03:30:00,0.0,8.413,4.0619061,0.0,0.0,0.0
2024-02-07 04:00:00,0.0,8.513,3.9357338,0.0,0.0,0.0
2024-02-07 04:30:00,0.0,8.413,3.74128165,0.0,0.0,0.0
2024-02-07 05:00:00,0.0,8.313,3.5468295,0.0,0.0,0.0
2024-02-07 05:30:00,0.0,8.238,3.52911975,0.0,0.0,0.0
2024-02-07 06:00:00,0.0,8.163,3.51141,0.0,0.0,0.0
2024-02-07 06:30:00,0.0,8.238,3.50213,0.0,0.0,0.0
2024-02-07 07:00:00,0.0,8.313,3.49285,0.0,0.0,0.0
2024-02-07 07:30:00,10.247,8.688,3.35654925,26.542591,17.69506,49.73353
2024-02-07 08:00:00,52.307,9.063,3.2202485,53.085182,35.39012,99.46706
2024-02-07 08:30:00,90.172,10.038,2.97577425,132.340071,67.48211,294.23266
2024-02-07 09:00:00,451.361,11.013,2.7313,211.59496,99.5741,488.99826
2024-02-07 09:30:00,563.113,12.063,3.1460994,299.84808,114.667185,572.34423
2024-02-07 10:00:00,651.301,13.113,3.5608988,388.1012,129.76027,655.6902
2024-02-07 10:30:00,729.191,13.988,3.84200215,466.985325,127.780925,730.4803850000001
2024-02-07 11:00:00,801.825,14.863,4.1231055,545.86945,125.80158,805.27057
2024-02-07 11:30:00,845.604,15.313,4.4657158500000005,575.449775,135.15094,784.288035
2024-02-07 12:00:00,848.3149999999999,15.763,4.8083262,605.0301,144.5003,763.3055
2024-02-07 12:30:00,855.625,15.988000499999998,4.9166319000000005,611.6043999999999,138.94576,764.28
2024-02-07 13:00:00,847.701,16.213001,5.0249376,618.1787,133.39122,765.2545
2024-02-07 13:30:00,813.1180000000002,16.2880005,4.88365005,584.14445,133.31795499999998,724.27475
2024-02-07 14:00:00,710.2930000000001,16.363,4.7423625,550.1102,133.24469,683.295
2024-02-07 14:30:00,724.603,16.313000000000002,4.6383381,503.405,125.95736,657.750465
2024-02-07 15:00:00,613.794,16.263,4.5343137,456.6998,118.67003,632.20593
2024-02-07 15:30:00,491.045,15.8379995,4.32263735,367.89728,114.581045,520.498065
2024-02-07 16:00:00,271.926,15.412999,4.110961,279.09476,110.49206,408.7902
2024-02-07 16:30:00,139.098,14.7129995,3.73551035,196.8113,86.5972265,307.347815
2024-02-07 17:00:00,98.619,14.013,3.3600597,114.52784,62.702393,205.90543
2024-02-07 17:30:00,36.962,12.888,3.22437435,57.26392,31.3511965,102.952715
2024-02-07 18:00:00,0.205,11.763,3.088689,0.0,0.0,0.0
2024-02-07 18:30:00,0.0,11.088,3.0284267,0.0,0.0,0.0
2024-02-07 19:00:00,0.0,10.413,2.9681644,0.0,0.0,0.0
2024-02-07 19:30:00,0.0,10.188,2.96056445,0.0,0.0,0.0
2024-02-07 20:00:00,0.0,9.963,2.9529645,0.0,0.0,0.0
2024-02-07 20:30:00,0.0,9.838,3.1089651500000004,0.0,0.0,0.0
2024-02-07 21:00:00,0.0,9.713,3.2649658,0.0,0.0,0.0
2024-02-07 21:30:00,0.0,9.588,3.2885325,0.0,0.0,0.0
2024-02-07 22:00:00,0.0,9.463,3.3120992,0.0,0.0,0.0
2024-02-07 22:30:00,0.0,9.413,3.3331006,0.0,0.0,0.0
2024-02-07 23:00:00,0.0,9.363,3.354102,0.0,0.0,0.0
2024-02-07 23:30:00,0.0,9.313,3.423476,0.0,0.0,0.0
2024-02-08 00:00:00,0.0,9.263,3.49285,0.0,0.0,0.0
2024-02-08 00:30:00,0.0,9.188,3.49285,0.0,0.0,0.0
2024-02-08 01:00:00,0.0,9.113,3.49285,0.0,0.0,0.0
2024-02-08 01:30:00,0.0,9.088,3.408502,0.0,0.0,0.0
2024-02-08 02:00:00,0.0,9.063,3.324154,0.0,0.0,0.0
2024-02-08 02:30:00,0.0,9.588,3.4821045,0.0,0.0,0.0
2024-02-08 03:00:00,0.0,10.113,3.640055,0.0,0.0,0.0
2024-02-08 03:30:00,0.0,10.163,3.6123723,0.0,0.0,0.0
2024-02-08 04:00:00,0.0,10.213,3.5846896,0.0,0.0,0.0
2024-02-08 04:30:00,0.0,10.238,3.5846896,0.0,0.0,0.0
2024-02-08 05:00:00,0.0,10.263,3.5846896,0.0,0.0,0.0
2024-02-08 05:30:00,0.0,10.213,3.51933645,0.0,0.0,0.0
2024-02-08 06:00:00,0.0,10.163,3.4539833,0.0,0.0,0.0
2024-02-08 06:30:00,0.0,10.138,3.38228615,0.0,0.0,0.0
2024-02-08 07:00:00,0.0,10.113,3.310589,0.0,0.0,0.0
2024-02-08 07:30:00,11.713,10.263,3.26541875,25.363223999999995,19.84948,30.8443125
2024-02-08 08:00:00,44.062,10.413,3.2202485,50.726448,39.69896,61.688625
2024-02-08 08:30:00,190.527,11.088,3.671677,123.880384,85.98687,170.0759725
2024-02-08 09:00:00,129.457,11.763,4.1231055,197.03432,132.27478,278.46332
2024-02-08 09:30:00,598.831,12.763,4.35992175,308.245525,122.69335,524.32553
2024-02-08 10:00:00,690.7439999999999,13.763,4.596738,419.45673,113.11192,770.18774
2024-02-08 10:30:00,729.4650000000001,14.438,4.95214,476.515565,125.439545,761.60052
2024-02-08 11:00:00,803.514,15.113,5.307542,533.5744,137.76717,753.0133
2024-02-08 11:30:00,845.97,15.413,5.3818655,582.2429199999999,130.727457,793.98657
2024-02-08 12:00:00,959.35,15.713,5.456189,630.91144,123.687744,834.95984
2024-02-08 12:30:00,745.5520000000001,15.713,5.4689885,633.521945,122.5701295,821.0029
2024-02-08 13:00:00,992.845,15.713,5.481788,636.13245,121.452515,807.04596
2024-02-08 13:30:00,933.4830000000002,15.463,5.43161885,590.3498549999999,126.4170575,739.816345
2024-02-08 14:00:00,783.149,15.213,5.3814497,544.56726,131.3816,672.58673
2024-02-08 14:30:00,736.898,14.963,5.24513285,482.358415,121.920665,621.79944
2024-02-08 15:00:00,522.503,14.713,5.108816,420.14957,112.45973,571.01215
2024-02-08 15:30:00,234.02,14.288,5.438849149999999,347.42032,98.048505,514.884725
2024-02-08 16:00:00,88.33699999999999,13.863,5.7688823,274.69107,83.63728,458.7573
2024-02-08 16:30:00,58.325,12.963,5.064464149999999,182.79554,68.89524,301.291615
2024-02-08 17:00:00,46.256,12.063,4.360046,90.90001,54.1532,143.82593
2024-02-08 17:30:00,9.486,11.413,4.11004895,45.450005,27.0766,71.912965
2024-02-08 18:00:00,0.0,10.763,3.8600519,0.0,0.0,0.0
2024-02-08 18:30:00,0.0,10.338,3.69779295,0.0,0.0,0.0
2024-02-08 19:00:00,0.0,9.913,3.535534,0.0,0.0,0.0
2024-02-08 19:30:00,0.0,9.738,3.6014791,0.0,0.0,0.0
2024-02-08 20:00:00,0.0,9.563,3.6674242,0.0,0.0,0.0
2024-02-08 20:30:00,0.0,9.438,3.65167795,0.0,0.0,0.0
2024-02-08 21:00:00,0.0,9.313,3.6359317,0.0,0.0,0.0
2024-02-08 21:30:00,0.0,9.188,3.5514594,0.0,0.0,0.0
2024-02-08 22:00:00,0.0,9.063,3.4669871,0.0,0.0,0.0
2024-02-08 22:30:00,0.0,9.113,3.34361765,0.0,0.0,0.0
2024-02-08 23:00:00,0.0,9.163,3.2202482,0.0,0.0,0.0
2024-02-08 23:30:00,0.0,9.163,2.9930557,0.0,0.0,0.0
2024-02-09 00:00:00,0.0,9.163,2.7658632,0.0,0.0,0.0
2024-02-09 00:30:00,0.0,9.113,2.47951725,0.0,0.0,0.0
2024-02-09 01:00:00,0.0,9.063,2.1931713,0.0,0.0,0.0
2024-02-09 01:30:00,0.0,8.788,1.9811759,0.0,0.0,0.0
2024-02-09 02:00:00,0.0,8.513,1.7691805,0.0,0.0,0.0
2024-02-09 02:30:00,0.0,8.613,1.5422375,0.0,0.0,0.0
2024-02-09 03:00:00,0.0,8.713,1.3152945,0.0,0.0,0.0
2024-02-09 03:30:00,0.0,8.638,1.53085975,0.0,0.0,0.0
2024-02-09 04:00:00,0.0,8.563,1.746425,0.0,0.0,0.0
2024-02-09 04:30:00,0.0,8.463000000000001,1.6794383,0.0,0.0,0.0
2024-02-09 05:00:00,0.0,8.363,1.6124516,0.0,0.0,0.0
2024-02-09 05:30:00,0.0,8.08799985,1.3161277500000002,0.0,0.0,0.0
2024-02-09 06:00:00,0.0,7.8129997,1.0198039,0.0,0.0,0.0
2024-02-09 06:30:00,0.0,7.36299985,0.91301485,0.0,0.0,0.0
2024-02-09 07:00:00,0.0,6.913,0.8062258,0.0,0.0,0.0
2024-02-09 07:30:00,18.766,7.138,1.0701961,31.889433,18.693805,73.43444
2024-02-09 08:00:00,158.043,7.363,1.3341664,63.778866,37.38761,146.86888
2024-02-09 08:30:00,303.852,9.113,1.34715675,158.868008,65.36701,413.52517
2024-02-09 09:00:00,432.988,10.863,1.3601471,253.95715,93.34641,680.18146
2024-02-09 09:30:00,544.197,12.063,1.44165085,345.281875,98.454043,754.74771
2024-02-09 10:00:00,654.9989999999999,13.263,1.5231546,436.6066,103.561676,829.31396
2024-02-09 10:30:00,711.666,14.113,1.45799665,501.89505,108.062046,843.798855
2024-02-09 11:00:00,760.2700000000001,14.963,1.3928387,567.1835,112.562416,858.28375
2024-02-09 11:30:00,807.454,15.663,1.23725205,581.84335,130.064703,796.105775
2024-02-09 12:00:00,809.088,16.363,1.0816654,596.5032,147.56699,733.9278
2024-02-09 12:30:00,880.363,16.688000000000002,1.30404955,594.43028,146.957045,714.31495
2024-02-09 13:00:00,817.136,17.013,1.5264337,592.35736,146.3471,694.7021
2024-02-09 13:30:00,703.846,16.763,2.25486015,579.97116,136.50308,703.7402
2024-02-09 14:00:00,766.6659999999999,16.513,2.9832866,567.58496,126.65906,712.7783
2024-02-09 14:30:00,403.532,15.813,3.5434718,458.45573,144.35888,528.81348
2024-02-09 15:00:00,648.6370000000001,15.113,4.103657,349.3265,162.0587,344.84866
2024-02-09 15:30:00,521.841,14.788,3.78460085,297.881815,133.19187499999998,341.406815
2024-02-09 16:00:00,416.326,14.463,3.4655447,246.43713,104.32505,337.96497
2024-02-09 16:30:00,288.749,14.088,2.93693185,172.898275,78.7882515,257.88892
2024-02-09 17:00:00,176.005,13.713,2.408319,99.35942,53.251453,177.81287
2024-02-09 17:30:00,51.613,13.038,1.6342757650000002,49.67971,26.6257265,88.906435
2024-02-09 18:00:00,0.608,12.363,0.86023253,0.0,0.0,0.0
2024-02-09 18:30:00,0.0,11.838,0.930116265,0.0,0.0,0.0
2024-02-09 19:00:00,0.0,11.313,1.0,0.0,0.0,0.0
2024-02-09 19:30:00,0.0,10.838,1.0315073,0.0,0.0,0.0
2024-02-09 20:00:00,0.0,10.363,1.0630146,0.0,0.0,0.0
2024-02-09 20:30:00,0.0,10.513,1.3829766,0.0,0.0,0.0
2024-02-09 21:00:00,0.0,10.663,1.7029386,0.0,0.0,0.0
2024-02-09 21:30:00,0.0,10.338,1.7638836,0.0,0.0,0.0
2024-02-09 22:00:00,0.0,10.013,1.8248286,0.0,0.0,0.0
2024-02-09 22:30:00,0.0,9.663,1.77554815,0.0,0.0,0.0
2024-02-09 23:00:00,0.0,9.313,1.7262677,0.0,0.0,0.0
2024-02-09 23:30:00,0.0,9.163,1.87555665,0.0,0.0,0.0
2024-02-10 00:00:00,0.0,9.013,2.0248456,0.0,0.0,0.0
2024-02-10 00:30:00,0.0,8.913,2.2217613,0.0,0.0,0.0
2024-02-10 01:00:00,0.0,8.813,2.418677,0.0,0.0,0.0
2024-02-10 01:30:00,0.0,8.713000000000001,2.62443575,0.0,0.0,0.0
2024-02-10 02:00:00,0.0,8.613,2.8301945,0.0,0.0,0.0
2024-02-10 02:30:00,0.0,8.238,2.6357528,0.0,0.0,0.0
2024-02-10 03:00:00,0.0,7.863,2.4413111,0.0,0.0,0.0
2024-02-10 03:30:00,0.0,7.66300015,2.40069795,0.0,0.0,0.0
2024-02-10 04:00:00,0.0,7.4630003,2.3600848,0.0,0.0,0.0
2024-02-10 04:30:00,0.0,7.563000150000001,2.45773555,0.0,0.0,0.0
2024-02-10 05:00:00,0.0,7.663,2.5553863,0.0,0.0,0.0
2024-02-10 05:30:00,0.0,7.813000150000001,2.6642356,0.0,0.0,0.0
2024-02-10 06:00:00,0.0,7.9630003,2.7730849,0.0,0.0,0.0
2024-02-10 06:30:00,0.0,7.988000149999999,2.6163798500000004,0.0,0.0,0.0
2024-02-10 07:00:00,0.0,8.013,2.4596748,0.0,0.0,0.0
2024-02-10 07:30:00,13.401,8.312999999999999,2.5498754000000003,33.99472,19.7388685,78.895355
2024-02-10 08:00:00,44.238,8.613,2.640076,67.98944,39.477737,157.79071
2024-02-10 08:30:00,336.189,10.113,2.5085245,160.500275,69.657276,398.297025
2024-02-10 09:00:00,442.708,11.613,2.376973,253.01111,99.836815,638.80334
2024-02-10 09:30:00,561.417,12.713,2.85281815,346.894355,105.1625325,726.65875
2024-02-10 10:00:00,642.2429999999999,13.813,3.3286633,440.7776,110.48825,814.51416
2024-02-10 10:30:00,773.5239999999999,14.513,3.5943576000000004,506.01845,116.41147,827.7501299999999
2024-02-10 11:00:00,809.311,15.213,3.8600519,571.2593,122.33469,840.9861
2024-02-10 11:30:00,759.978,15.538,4.0701193,603.0456,126.62465,829.548865
2024-02-10 12:00:00,843.184,15.863,4.2801867,634.8319,130.91461,818.11163
2024-02-10 12:30:00,840.2750000000001,15.938,4.48316815,637.9976750000001,132.659995,801.0753649999999
2024-02-10 13:00:00,906.725,16.013,4.6861496,641.16345,134.40538,784.0391
2024-02-10 13:30:00,854.962,15.938,4.66309645,613.981505,128.16888,765.15975
2024-02-10 14:00:00,833.506,15.863,4.6400433,586.79956,121.93238,746.2804
2024-02-10 14:30:00,676.863,15.463,4.67055345,538.46108,110.068542,731.21387
2024-02-10 15:00:00,694.1550000000001,15.063,4.7010636,490.1226,98.204704,716.14734
2024-02-10 15:30:00,566.4499999999999,14.538,4.7779791,409.23212,88.602102,651.7344350000001
2024-02-10 16:00:00,472.7190000000001,14.013,4.8548946,328.34164,78.9995,587.32153
2024-02-10 16:30:00,282.18100000000004,13.488,4.6421708,232.51384,64.35175699999999,458.94648500000005
2024-02-10 17:00:00,123.833,12.963,4.429447,136.68604,49.704014,330.57144
2024-02-10 17:30:00,45.791,12.163,3.98813825,68.34302,24.852007,165.28572
2024-02-10 18:00:00,0.612,11.363,3.5468295,0.0,0.0,0.0
2024-02-10 18:30:00,0.0,10.938,3.56575955,0.0,0.0,0.0
2024-02-10 19:00:00,0.0,10.513,3.5846896,0.0,0.0,0.0
2024-02-10 19:30:00,0.0,10.363,3.41484295,0.0,0.0,0.0
2024-02-10 20:00:00,0.0,10.213,3.2449963,0.0,0.0,0.0
2024-02-10 20:30:00,0.0,10.063,3.0828063500000003,0.0,0.0,0.0
2024-02-10 21:00:00,0.0,9.913,2.9206164,0.0,0.0,0.0
2024-02-10 21:30:00,0.0,9.763,2.9137523,0.0,0.0,0.0
2024-02-10 22:00:00,0.0,9.613,2.9068882,0.0,0.0,0.0
2024-02-10 22:30:00,0.0,9.563,2.9839669,0.0,0.0,0.0
2024-02-10 23:00:00,0.0,9.513,3.0610456,0.0,0.0,0.0
2024-02-10 23:30:00,0.0,9.488,3.2719303,0.0,0.0,0.0
2024-02-11 00:00:00,0.0,9.463,3.482815,0.0,0.0,0.0
2024-02-11 00:30:00,0.0,9.538,3.4914074,0.0,0.0,0.0
2024-02-11 01:00:00,0.0,9.613,3.4999998,0.0,0.0,0.0
2024-02-11 01:30:00,0.0,9.813,3.64010575,0.0,0.0,0.0
2024-02-11 02:00:00,0.0,10.013,3.7802117,0.0,0.0,0.0
2024-02-11 02:30:00,0.0,10.588,4.23797715,0.0,0.0,0.0
2024-02-11 03:00:00,0.0,11.163,4.6957426,0.0,0.0,0.0
2024-02-11 03:30:00,0.0,11.338,4.83081315,0.0,0.0,0.0
2024-02-11 04:00:00,0.0,11.513,4.9658837,0.0,0.0,0.0
2024-02-11 04:30:00,0.0,11.713,5.082942,0.0,0.0,0.0
2024-02-11 05:00:00,0.0,11.913,5.2000003,0.0,0.0,0.0
2024-02-11 05:30:00,0.0,12.038,5.1460755,0.0,0.0,0.0
2024-02-11 06:00:00,0.0,12.163,5.0921507,0.0,0.0,0.0
2024-02-11 06:30:00,0.0,12.263,5.028513350000001,0.0,0.0,0.0
2024-02-11 07:00:00,0.48,12.363,4.964876,0.0,0.0,0.0
2024-02-11 07:30:00,12.737,12.363,4.84093325,12.030165,12.030165,0.0
2024-02-11 08:00:00,22.285,12.363,4.7169905,24.06033,24.06033,0.0
2024-02-11 08:30:00,53.587,12.788,4.87494115,67.21273500000001,61.08134,25.178525
2024-02-11 09:00:00,50.929,13.213,5.0328918,110.36514,98.10235,50.35705
2024-02-11 09:30:00,86.77099999999999,13.788,5.16077925,163.187085,132.402485,85.383235
2024-02-11 10:00:00,113.563,14.363,5.2886667,216.00903,166.70262,120.40942
2024-02-11 10:30:00,156.398,14.713,5.57903935,278.30934,205.621435,149.49036
2024-02-11 11:00:00,165.803,15.063,5.869412,340.60965,244.54025,178.5713
2024-02-11 11:30:00,366.36,14.913,5.33730865,286.130615,235.498925,93.4725715
2024-02-11 12:00:00,187.18,14.763,4.8052053,231.65158,226.4576,8.373843
2024-02-11 12:30:00,751.251,15.438,4.9046018,365.229555,251.1227,175.5543215
2024-02-11 13:00:00,1039.689,16.113,5.0039983,498.80753,275.7878,342.7348
2024-02-11 13:30:00,339.466,16.137999999999998,5.57201565,520.96898,235.085665,449.3646250000001
2024-02-11 14:00:00,214.656,16.163,6.140033,543.13043,194.38353,555.99445
2024-02-11 14:30:00,747.9459999999999,15.763,6.1302453,512.287365,156.245327,607.4106750000001
2024-02-11 15:00:00,408.87,15.363,6.1204576,481.4443,118.107124,658.8269
2024-02-11 15:30:00,627.2189999999999,14.988,6.0639765,402.703975,106.86499,595.7939
2024-02-11 16:00:00,113.03900000000002,14.613,6.0074954,323.96365,95.622856,532.7609
2024-02-11 16:30:00,21.648,13.988,5.95755885,221.2434025,84.68529799999999,350.244885
2024-02-11 17:00:00,28.162,13.363,5.9076223,118.523155,73.74774,167.72887
2024-02-11 17:30:00,11.338,12.813,5.6556625,59.2615775,36.87387,83.864435
2024-02-11 18:00:00,0.044,12.263,5.4037027,0.0,0.0,0.0
2024-02-11 18:30:00,0.0,12.188,5.752261150000001,0.0,0.0,0.0
2024-02-11 19:00:00,0.0,12.113,6.1008196,0.0,0.0,0.0
2024-02-11 19:30:00,0.0,12.263,6.453717,0.0,0.0,0.0
2024-02-11 20:00:00,0.0,12.413,6.8066144,0.0,0.0,0.0
2024-02-11 20:30:00,0.0,12.538,6.60486935,0.0,0.0,0.0
2024-02-11 21:00:00,0.0,12.663,6.4031243,0.0,0.0,0.0
2024-02-11 21:30:00,0.0,12.588,6.10156215,0.0,0.0,0.0
2024-02-11 22:00:00,0.0,12.513,5.8,0.0,0.0,0.0
2024-02-11 22:30:00,0.0,12.513,5.74429265,0.0,0.0,0.0
2024-02-11 23:00:00,0.0,12.513,5.6885853,0.0,0.0,0.0
2024-02-11 23:30:00,0.0,12.513,5.50182915,0.0,0.0,0.0
2024-02-12 00:00:00,0.0,12.513,5.315073,0.0,0.0,0.0
2024-02-12 00:30:00,0.0,12.538,5.1075365,0.0,0.0,0.0
2024-02-12 01:00:00,0.0,12.563,4.9,0.0,0.0,0.0
2024-02-12 01:30:00,0.0,12.388,4.9505,0.0,0.0,0.0
2024-02-12 02:00:00,0.0,12.213,5.001,0.0,0.0,0.0
2024-02-12 02:30:00,0.0,12.838,5.2230907,0.0,0.0,0.0
2024-02-12 03:00:00,0.0,13.463,5.4451814,0.0,0.0,0.0
2024-02-12 03:30:00,0.0,13.213,4.7225907,0.0,0.0,0.0
2024-02-12 04:00:00,0.0,12.963,4.0,0.0,0.0,0.0
2024-02-12 04:30:00,0.0,13.138,4.661766500000001,0.0,0.0,0.0
2024-02-12 05:00:00,0.0,13.313,5.323533,0.0,0.0,0.0
2024-02-12 05:30:00,0.0,13.113,5.3117665,0.0,0.0,0.0
2024-02-12 06:00:00,0.0,12.913,5.3,0.0,0.0,0.0
2024-02-12 06:30:00,0.0,12.913,5.615215,0.0,0.0,0.0
2024-02-12 07:00:00,0.0,12.913,5.93043,0.0,0.0,0.0
2024-02-12 07:30:00,7.036,12.988,5.8169687,14.1802625,14.1802625,0.0
2024-02-12 08:00:00,36.255,13.063,5.7035074,28.360525,28.360525,0.0
2024-02-12 08:30:00,112.167,13.463,5.7792101,68.4788475,64.4064525,16.4657325
2024-02-12 09:00:00,133.907,13.863,5.8549128,108.59717,100.45238,32.931465
2024-02-12 09:30:00,44.347,14.013,5.7261169,145.75413,137.57796000000002,26.3892715
2024-02-12 10:00:00,135.916,14.163,5.597321,182.91109,174.70354,19.847078
2024-02-12 10:30:00,132.797,13.913,5.0122547,168.92438,158.8195,20.991094
2024-02-12 11:00:00,173.378,13.663,4.4271884,154.93767,142.93546,22.13511
2024-02-12 11:30:00,78.90100000000001,13.513,3.9492497,188.077485,175.84490499999998,21.0440335
2024-02-12 12:00:00,66.426,13.363,3.471311,221.2173,208.75435,19.952957
2024-02-12 12:30:00,113.469,13.038,3.743764,216.14691,205.93286,16.055801000000002
2024-02-12 13:00:00,124.515,12.713,4.016217,211.07652,203.11137,12.158645
2024-02-12 13:30:00,168.74800000000002,11.813,3.749516,208.951215,199.726505,14.3789955
2024-02-12 14:00:00,90.43,10.913,3.482815,206.82591,196.34164,16.599346
2024-02-12 14:30:00,162.356,12.038,3.3792415,238.29012,194.704975,77.29472799999999
2024-02-12 15:00:00,566.3330000000001,13.163,3.275668,269.75433,193.06831,137.99011
2024-02-12 15:30:00,154.215,13.313,3.7697345,264.516665,144.01359000000002,258.889455
2024-02-12 16:00:00,388.324,13.463,4.263801,259.279,94.95887,379.7888
2024-02-12 16:30:00,363.779,13.238,4.4367865,197.244855,71.340147,351.44674
2024-02-12 17:00:00,107.84,13.013,4.609772,135.21071,47.721424,323.10468
2024-02-12 17:30:00,31.952,12.013,4.17705035,67.605355,23.860712,161.55234
2024-02-12 18:00:00,1.584,11.013,3.7443287,0.0,0.0,0.0
2024-02-12 18:30:00,0.0,10.338,3.39531895,0.0,0.0,0.0
2024-02-12 19:00:00,0.0,9.663,3.0463092,0.0,0.0,0.0
2024-02-12 19:30:00,0.0,9.438,3.29868265,0.0,0.0,0.0
2024-02-12 20:00:00,0.0,9.213,3.5510561,0.0,0.0,0.0
2024-02-12 20:30:00,0.0,9.063,3.5817673,0.0,0.0,0.0
2024-02-12 21:00:00,0.0,8.913,3.6124785,0.0,0.0,0.0
2024-02-12 21:30:00,0.0,8.663,3.57400625,0.0,0.0,0.0
2024-02-12 22:00:00,0.0,8.413,3.535534,0.0,0.0,0.0
2024-02-12 22:30:00,0.0,8.18800015,3.579534,0.0,0.0,0.0
2024-02-12 23:00:00,0.0,7.9630003,3.623534,0.0,0.0,0.0
2024-02-12 23:30:00,0.0,7.91300015,3.54742245,0.0,0.0,0.0
2024-02-13 00:00:00,0.0,7.863,3.4713109,0.0,0.0,0.0
2024-02-13 00:30:00,0.0,7.71299985,3.2661782500000003,0.0,0.0,0.0
2024-02-13 01:00:00,0.0,7.5629997,3.0610456,0.0,0.0,0.0
2024-02-13 01:30:00,0.0,7.48799985,2.7232088,0.0,0.0,0.0
2024-02-13 02:00:00,0.0,7.413,2.385372,0.0,0.0,0.0
2024-02-13 02:30:00,0.0,7.788,2.5389772,0.0,0.0,0.0
2024-02-13 03:00:00,0.0,8.163,2.6925824,0.0,0.0,0.0
2024-02-13 03:30:00,0.0,8.038,2.0409134,0.0,0.0,0.0
2024-02-13 04:00:00,0.0,7.913,1.3892444,0.0,0.0,0.0
2024-02-13 04:30:00,0.0,7.188000000000001,1.3617054,0.0,0.0,0.0
2024-02-13 05:00:00,0.0,6.463,1.3341664,0.0,0.0,0.0
2024-02-13 05:30:00,0.0,6.01299985,1.0170832,0.0,0.0,0.0
2024-02-13 06:00:00,0.0,5.5629997,0.7,0.0,0.0,0.0
2024-02-13 06:30:00,0.0,5.13799985,0.7,0.0,0.0,0.0
2024-02-13 07:00:00,0.058,4.713,0.7,0.0,0.0,0.0
2024-02-13 07:30:00,27.046,5.238,0.7531129,39.168695,21.760385,94.57038
2024-02-13 08:00:00,183.148,5.763,0.8062258,78.33739,43.52077,189.14076
2024-02-13 08:30:00,327.668,7.688,0.9621299,175.76472,69.09564,449.903355
2024-02-13 09:00:00,456.84899999999993,9.613,1.118034,273.19205,94.67051,710.66595
2024-02-13 09:30:00,562.536,10.788,0.87524475,363.19255,101.203165,768.906225
2024-02-13 10:00:00,656.529,11.963,0.6324555,453.19305,107.73582,827.1465
2024-02-13 10:30:00,719.471,12.788,0.31622775,520.49014,111.665165,845.58042
2024-02-13 11:00:00,771.8020000000001,13.613,0.0,587.78723,115.59451,864.01434
2024-02-13 11:30:00,855.495,14.063,0.31622775,592.420215,127.366935,796.00397
2024-02-13 12:00:00,231.881,14.513,0.6324555,597.0532,139.13936,727.9936
2024-02-13 12:30:00,134.921,14.788,0.70674025,576.8124499999999,142.75039500000003,674.98645
2024-02-13 13:00:00,203.009,15.063,0.781025,556.5717,146.36143,621.9793
2024-02-13 13:30:00,881.499,14.963,0.694650625,521.39255,147.066085,577.0686000000001
2024-02-13 14:00:00,54.754000000000005,14.863,0.60827625,486.2134,147.77074,532.1579
2024-02-13 14:30:00,127.303,14.638,0.912414375,402.447565,156.94123,402.30498
2024-02-13 15:00:00,165.541,14.413,1.2165525,318.68173,166.11172,272.45206
2024-02-13 15:30:00,98.359,14.038,1.03547645,285.05908,139.711765,294.36235
2024-02-13 16:00:00,72.209,13.663,0.8544004,251.43643,113.31181,316.27264
2024-02-13 16:30:00,81.19200000000001,13.313,1.08484745,180.41279,84.6702,255.29642
2024-02-13 17:00:00,87.503,12.963,1.3152945,109.38915,56.02859,194.3202
2024-02-13 17:30:00,11.550999999999998,11.713,1.32473045,54.694575,28.014295000000004,97.1601
2024-02-13 18:00:00,1.9290000000000005,10.463,1.3341664,0.0,0.0,0.0
2024-02-13 18:30:00,0.0,9.913,1.32473045,0.0,0.0,0.0
2024-02-13 19:00:00,0.0,9.363,1.3152945,0.0,0.0,0.0
2024-02-13 19:30:00,0.0,8.488,1.24074245,0.0,0.0,0.0
2024-02-13 20:00:00,0.0,7.613,1.1661904,0.0,0.0,0.0
2024-02-13 20:30:00,0.0,7.263,0.8330952,0.0,0.0,0.0
2024-02-13 21:00:00,0.0,6.913,0.5,0.0,0.0,0.0
2024-02-13 21:30:00,0.0,6.86299985,0.43027757,0.0,0.0,0.0
2024-02-13 22:00:00,0.0,6.8129997,0.36055514,0.0,0.0,0.0
2024-02-13 22:30:00,0.0,6.46299985,0.5707900699999999,0.0,0.0,0.0
2024-02-13 23:00:00,0.0,6.113,0.781025,0.0,0.0,0.0
2024-02-13 23:30:00,0.0,5.938000000000001,0.88548723,0.0,0.0,0.0
2024-02-14 00:00:00,0.0,5.763,0.98994946,0.0,0.0,0.0
2024-02-14 00:30:00,0.0,5.588,1.10530253,0.0,0.0,0.0
2024-02-14 01:00:00,0.0,5.413,1.2206556,0.0,0.0,0.0
2024-02-14 01:30:00,0.0,5.263,1.34856895,0.0,0.0,0.0
2024-02-14 02:00:00,0.0,5.113,1.4764823,0.0,0.0,0.0
2024-02-14 02:30:00,0.0,5.96299985,1.5382411500000002,0.0,0.0,0.0
2024-02-14 03:00:00,0.0,6.8129997,1.6,0.0,0.0,0.0
2024-02-14 03:30:00,0.0,6.6879997,1.45000005,0.0,0.0,0.0
2024-02-14 04:00:00,0.0,6.5629997,1.3000001,0.0,0.0,0.0
2024-02-14 04:30:00,0.0,6.58799985,1.45622585,0.0,0.0,0.0
2024-02-14 05:00:00,0.0,6.613,1.6124516,0.0,0.0,0.0
2024-02-14 05:30:00,0.0,6.863,2.1709602,0.0,0.0,0.0
2024-02-14 06:00:00,0.0,7.113,2.7294688,0.0,0.0,0.0
2024-02-14 06:30:00,0.0,7.41300015,3.2315499,0.0,0.0,0.0
2024-02-14 07:00:00,0.576,7.7130003,3.733631,0.0,0.0,0.0
2024-02-14 07:30:00,2.861,8.06300015,3.6778925,35.8163375,23.87756,64.41915
2024-02-14 08:00:00,27.835,8.413,3.622154,71.632675,47.75512,128.8383
2024-02-14 08:30:00,349.116,9.213,4.194876300000001,159.1086525,76.42838,341.679925
2024-02-14 09:00:00,489.6679999999999,10.013,4.7675986,246.58463,105.10164,554.52155
2024-02-14 09:30:00,164.42,10.588,4.86623765,300.482395,120.970755,535.124055
2024-02-14 10:00:00,48.191,11.163,4.9648767,354.38016,136.83987,515.72656
2024-02-14 10:30:00,66.441,11.513,5.1889122,438.76848,154.522825,576.42388
2024-02-14 11:00:00,90.337,11.863,5.4129477,523.1568,172.20578,637.1212
2024-02-14 11:30:00,97.408,12.163,5.28038125,546.5424499999999,160.847555,650.43445
2024-02-14 12:00:00,380.277,12.463,5.1478148,569.9281,149.48933,663.7477
2024-02-14 12:30:00,156.668,12.588,5.3279954,553.2946,169.332425,593.5476
2024-02-14 13:00:00,935.003,12.713,5.508176,536.6611,189.17552,523.3475
2024-02-14 13:30:00,315.30400000000003,12.638,5.3617688,492.90228,188.99371,464.94105
2024-02-14 14:00:00,317.032,12.563,5.2153616,449.14346,188.8119,406.5346
2024-02-14 14:30:00,522.615,12.363,5.4361078,411.115615,167.12645,404.99441
2024-02-14 15:00:00,677.583,12.163,5.656854,373.08777,145.441,403.45422
2024-02-14 15:30:00,254.765,11.813,5.6893708,318.677905,119.94081,394.367245
2024-02-14 16:00:00,151.278,11.463,5.7218876,264.26804,94.44062,385.28027
2024-02-14 16:30:00,183.058,10.713,5.56279515,190.51905,72.38627,311.95274
2024-02-14 17:00:00,144.994,9.963,5.4037027,116.77006,50.33192,238.62521
2024-02-14 17:30:00,25.204,9.763,5.352323050000001,58.38503,25.16596,119.31260500000002
2024-02-14 18:00:00,0.8400000000000001,9.563,5.3009434,0.0,0.0,0.0
2024-02-14 18:30:00,0.0,9.438,5.50091005,0.0,0.0,0.0
2024-02-14 19:00:00,0.0,9.313,5.7008767,0.0,0.0,0.0
2024-02-14 19:30:00,0.0,8.738,5.352437500000001,0.0,0.0,0.0
2024-02-14 20:00:00,0.0,8.163,5.0039983,0.0,0.0,0.0
2024-02-14 20:30:00,0.0,8.263,5.42304365,0.0,0.0,0.0
2024-02-14 21:00:00,0.0,8.363,5.842089,0.0,0.0,0.0
2024-02-14 21:30:00,0.0,8.513,5.79245535,0.0,0.0,0.0
2024-02-14 22:00:00,0.0,8.663,5.7428217,0.0,0.0,0.0
2024-02-14 22:30:00,0.0,8.638,5.51006555,0.0,0.0,0.0
2024-02-14 23:00:00,0.0,8.613,5.2773094,0.0,0.0,0.0
2024-02-14 23:30:00,0.0,8.513,5.1135285,0.0,0.0,0.0
2024-02-15 00:00:00,0.0,8.413,4.9497476,0.0,0.0,0.0
2024-02-15 00:30:00,0.0,8.312999999999999,5.2289618,0.0,0.0,0.0
2024-02-15 01:00:00,0.0,8.213,5.508176,0.0,0.0,0.0
2024-02-15 01:30:00,0.0,8.338,5.9183415,0.0,0.0,0.0
2024-02-15 02:00:00,0.0,8.463,6.328507,0.0,0.0,0.0
2024-02-15 02:30:00,0.0,8.388,6.465768349999999,0.0,0.0,0.0
2024-02-15 03:00:00,0.0,8.313,6.6030297,0.0,0.0,0.0
2024-02-15 03:30:00,0.0,8.463000000000001,6.96006655,0.0,0.0,0.0
2024-02-15 04:00:00,0.0,8.613,7.3171034,0.0,0.0,0.0
2024-02-15 04:30:00,0.0,8.363,7.42053245,0.0,0.0,0.0
2024-02-15 05:00:00,0.0,8.113,7.5239615,0.0,0.0,0.0
2024-02-15 05:30:00,0.0,8.03800015,7.21777295,0.0,0.0,0.0
2024-02-15 06:00:00,0.0,7.9630003,6.9115844,0.0,0.0,0.0
2024-02-15 06:30:00,0.0,7.58800015,6.6121352,0.0,0.0,0.0
2024-02-15 07:00:00,0.096,7.213,6.312686,0.0,0.0,0.0
2024-02-15 07:30:00,25.03,7.538,6.56552175,28.1513785,22.737652,29.007005
2024-02-15 08:00:00,40.833,7.863,6.8183575,56.302757,45.475304,58.01401
2024-02-15 08:30:00,255.146,8.313,6.87219775,120.1148035,77.110192,174.06459
2024-02-15 09:00:00,236.823,8.763,6.926038,183.92685,108.74508,290.11517
2024-02-15 09:30:00,589.549,9.238,7.37869275,222.790315,140.811735,249.24768
2024-02-15 10:00:00,704.03,9.713,7.8313475,261.65378,172.87839,208.38019
2024-02-15 10:30:00,840.856,9.963,8.073196750000001,349.23144,188.83335,313.140765
2024-02-15 11:00:00,281.276,10.213,8.315046,436.8091,204.78831,417.90134
2024-02-15 11:30:00,275.29999999999995,10.013,7.9902765,410.931435,217.079985,330.981225
2024-02-15 12:00:00,205.475,9.813,7.665507,385.05377,229.37166,244.06111
2024-02-15 12:30:00,845.1779999999999,9.213,7.516840999999999,287.11438,191.35148,148.84255000000002
2024-02-15 13:00:00,775.874,8.613,7.368175,189.17499,153.3313,53.62399
2024-02-15 13:30:00,421.211,8.788,7.1633117,193.785005,147.24849,71.19234
2024-02-15 14:00:00,105.043,8.963,6.9584484,198.39502,141.16568,88.76069
2024-02-15 14:30:00,142.584,8.663,6.8825312,204.05282,158.71553,73.7957085
2024-02-15 15:00:00,183.343,8.363,6.806614,209.71062,176.26538,58.830727
2024-02-15 15:30:00,36.058,7.962999849999999,6.5133712500000005,174.137835,140.40573,67.6521985
2024-02-15 16:00:00,7.612999999999999,7.5629997,6.2201285,138.56505,104.54608,76.47367
2024-02-15 16:30:00,67.851,7.61299985,6.1666145,94.5971935,75.22500500000001,46.608357
2024-02-15 17:00:00,44.016000000000005,7.663,6.1131005,50.629337,45.90393,16.743044
2024-02-15 17:30:00,9.708,7.313000000000001,6.0398371,25.314668500000003,22.951965,8.371522
2024-02-15 18:00:00,0.517,6.963,5.9665737,0.0,0.0,0.0
2024-02-15 18:30:00,0.0,6.913,5.73374135,0.0,0.0,0.0
2024-02-15 19:00:00,0.0,6.863,5.500909,0.0,0.0,0.0
2024-02-15 19:30:00,0.0,6.83799985,5.318041,0.0,0.0,0.0
2024-02-15 20:00:00,0.0,6.8129997,5.135173,0.0,0.0,0.0
2024-02-15 20:30:00,0.0,6.73799985,5.0675865,0.0,0.0,0.0
2024-02-15 21:00:00,0.0,6.663,5.0,0.0,0.0,0.0
2024-02-15 21:30:00,0.0,6.813000000000001,5.08118175,0.0,0.0,0.0
2024-02-15 22:00:00,0.0,6.963,5.1623635,0.0,0.0,0.0
2024-02-15 22:30:00,0.0,6.963,4.800416,0.0,0.0,0.0
2024-02-15 23:00:00,0.0,6.963,4.4384685,0.0,0.0,0.0
2024-02-15 23:30:00,0.0,7.113,4.62755325,0.0,0.0,0.0
2024-02-16 00:00:00,0.0,7.263,4.816638,0.0,0.0,0.0
2024-02-16 00:30:00,0.0,7.16299985,5.0602052,0.0,0.0,0.0
2024-02-16 01:00:00,0.0,7.0629997,5.3037724,0.0,0.0,0.0
2024-02-16 01:30:00,0.0,7.2879996,5.0602052,0.0,0.0,0.0
2024-02-16 02:00:00,0.0,7.5129995,4.816638,0.0,0.0,0.0
2024-02-16 02:30:00,0.0,7.5129995,5.3600135,0.0,0.0,0.0
2024-02-16 03:00:00,0.0,7.5129995,5.903389,0.0,0.0,0.0
2024-02-16 03:30:00,0.0,7.5129995,5.9554422,0.0,0.0,0.0
2024-02-16 04:00:00,0.0,7.5129995,6.0074954,0.0,0.0,0.0
2024-02-16 04:30:00,0.0,7.4879999,6.4070549,0.0,0.0,0.0
2024-02-16 05:00:00,0.0,7.4630003,6.8066144,0.0,0.0,0.0
2024-02-16 05:30:00,0.0,7.41300015,7.0563882,0.0,0.0,0.0
2024-02-16 06:00:00,0.0,7.363,7.306162,0.0,0.0,0.0
2024-02-16 06:30:00,0.0,7.388,7.40441425,0.0,0.0,0.0
2024-02-16 07:00:00,0.0,7.413,7.5026665,0.0,0.0,0.0
2024-02-16 07:30:00,1.312,7.36299985,7.35133325,19.4444065,15.1234265,22.98438
2024-02-16 08:00:00,12.807,7.3129997,7.2,38.888813,30.246853,45.96876
2024-02-16 08:30:00,40.18299999999999,7.66299985,6.859601,76.96435650000001,63.9485035,56.01995
2024-02-16 09:00:00,59.334,8.013,6.519202,115.0399,97.650154,66.07114
2024-02-16 09:30:00,141.43,8.463000000000001,6.7273093500000005,162.51612,117.072582,118.44166
2024-02-16 10:00:00,179.72299999999998,8.913,6.9354167,209.99234,136.49501,170.81218
2024-02-16 10:30:00,326.598,9.638,7.270667850000001,325.45465,166.77339,303.29744
2024-02-16 11:00:00,678.6370000000001,10.363,7.605919,440.91696,197.05177,435.7827
2024-02-16 11:30:00,224.45,10.763,7.4584349,481.42373,194.50714,474.73465
2024-02-16 12:00:00,305.355,11.163,7.3109508,521.9305,191.96251,513.6866
2024-02-16 12:30:00,517.4649999999999,11.138,7.1069244000000005,487.97308,207.9917,427.742575
2024-02-16 13:00:00,179.82799999999995,11.113,6.902898,454.01566,224.02089,341.79855
2024-02-16 13:30:00,203.73,11.338,6.954662000000001,466.471955,223.633165,367.83476
2024-02-16 14:00:00,209.562,11.563,7.006426,478.92825,223.24544,393.87097
2024-02-16 14:30:00,152.734,11.363,6.7036035,428.047425,198.90468,373.804105
2024-02-16 15:00:00,173.97899999999998,11.163,6.400781,377.1666,174.56392,353.73724
2024-02-16 15:30:00,111.539,10.963,6.25202935,311.1564,147.52975,315.711105
2024-02-16 16:00:00,74.56,10.763,6.1032777,245.1462,120.49558,277.68497
2024-02-16 16:30:00,43.52799999999999,10.238,5.80345655,181.6377475,91.8168265,234.97085500000003
2024-02-16 17:00:00,27.46,9.713,5.5036354,118.129295,63.138073,192.25674
2024-02-16 17:30:00,6.883000000000001,9.238,5.1039442,59.06464749999999,31.569036500000003,96.12837
2024-02-16 18:00:00,0.146,8.763,4.704253,0.0,0.0,0.0
2024-02-16 18:30:00,0.0,8.562999999999999,4.5526947,0.0,0.0,0.0
2024-02-16 19:00:00,0.0,8.363,4.4011364,0.0,0.0,0.0
2024-02-16 19:30:00,0.0,8.238,4.351149550000001,0.0,0.0,0.0
2024-02-16 20:00:00,0.0,8.113,4.3011627,0.0,0.0,0.0
2024-02-16 20:30:00,0.0,8.238,4.40280235,0.0,0.0,0.0
2024-02-16 21:00:00,0.0,8.363,4.504442,0.0,0.0,0.0
2024-02-16 21:30:00,0.0,8.338000000000001,4.5110923,0.0,0.0,0.0
2024-02-16 22:00:00,0.0,8.313,4.5177426,0.0,0.0,0.0
2024-02-16 22:30:00,0.0,8.113,4.2744358,0.0,0.0,0.0
2024-02-16 23:00:00,0.0,7.913,4.031129,0.0,0.0,0.0
2024-02-16 23:30:00,0.0,7.988,3.93910285,0.0,0.0,0.0
2024-02-17 00:00:00,0.0,8.063,3.8470767,0.0,0.0,0.0
2024-02-17 00:30:00,0.0,8.038,3.9366206,0.0,0.0,0.0
2024-02-17 01:00:00,0.0,8.013,4.0261645,0.0,0.0,0.0
2024-02-17 01:30:00,0.0,8.038,4.17178525,0.0,0.0,0.0
2024-02-17 02:00:00,0.0,8.063,4.317406,0.0,0.0,0.0
2024-02-17 02:30:00,0.0,8.388,4.367775,0.0,0.0,0.0
2024-02-17 03:00:00,0.0,8.713,4.418144,0.0,0.0,0.0
2024-02-17 03:30:00,0.0,8.538,4.239466,0.0,0.0,0.0
2024-02-17 04:00:00,0.0,8.363,4.060788,0.0,0.0,0.0
2024-02-17 04:30:00,0.0,8.263,4.020997,0.0,0.0,0.0
2024-02-17 05:00:00,0.0,8.163,3.981206,0.0,0.0,0.0
2024-02-17 05:30:00,0.0,8.088000000000001,4.138276,0.0,0.0,0.0
2024-02-17 06:00:00,0.0,8.013,4.295346,0.0,0.0,0.0
2024-02-17 06:30:00,0.0,7.988000149999999,4.6098875,0.0,0.0,0.0
2024-02-17 07:00:00,0.0,7.9630003,4.924429,0.0,0.0,0.0
2024-02-17 07:30:00,1.97,8.08800015,4.8058229,23.712288,18.3231315,28.45252
2024-02-17 08:00:00,52.116,8.213,4.6872168,47.424576,36.646263,56.90504
2024-02-17 08:30:00,72.72699999999999,8.437999999999999,5.2289159000000005,82.35918050000001,64.97407150000001,73.331083
2024-02-17 09:00:00,79.585,8.663,5.770615,117.293785,93.30188,89.757126
2024-02-17 09:30:00,115.259,9.288,6.135692000000001,190.8918425,135.20262,145.421188
2024-02-17 10:00:00,98.793,9.913,6.500769,264.4899,177.10336,201.08525
2024-02-17 10:30:00,70.18299999999999,10.188,6.5598405,321.5681,179.94906500000002,274.16146
2024-02-17 11:00:00,81.379,10.463,6.618912,378.6463,182.79477,347.23767
2024-02-17 11:30:00,82.55899999999998,10.888,6.605665800000001,389.53827,220.033005,284.279245
2024-02-17 12:00:00,63.742,11.313,6.5924196,400.43024,257.27124,221.32082
2024-02-17 12:30:00,158.597,11.188,6.4362733,339.603655,241.14208,150.34631
2024-02-17 13:00:00,93.509,11.063,6.280127,278.77707,225.01292,79.3718
2024-02-17 13:30:00,84.82,10.938,6.11705875,274.41486999999995,216.99681,86.409535
2024-02-17 14:00:00,210.283,10.813,5.9539905,270.05267,208.9807,93.44727
2024-02-17 14:30:00,47.906,11.113,5.78101025,281.63852,190.014125,152.59807999999998
2024-02-17 15:00:00,30.715,11.413,5.60803,293.22437,171.04755,211.74889
2024-02-17 15:30:00,22.61,10.863,5.4544867,206.95011,141.700465,115.0619105
2024-02-17 16:00:00,17.217,10.313,5.3009434,120.67585,112.35338,18.374931
2024-02-17 16:30:00,6.267,10.013,5.3509347,96.1763075,83.4821235,38.6302795
2024-02-17 17:00:00,10.986,9.713,5.400926,71.676765,54.610867,58.885628
2024-02-17 17:30:00,3.61,9.188,5.1519932,35.8383825,27.3054335,29.442814
2024-02-17 18:00:00,0.064,8.663,4.9030604,0.0,0.0,0.0
2024-02-17 18:30:00,0.0,8.588000000000001,4.746088950000001,0.0,0.0,0.0
2024-02-17 19:00:00,0.0,8.513,4.5891175,0.0,0.0,0.0
2024-02-17 19:30:00,0.0,8.363,4.65940545,0.0,0.0,0.0
2024-02-17 20:00:00,0.0,8.213,4.7296934,0.0,0.0,0.0
2024-02-17 20:30:00,0.0,8.138,4.748646000000001,0.0,0.0,0.0
2024-02-17 21:00:00,0.0,8.063,4.7675986,0.0,0.0,0.0
2024-02-17 21:30:00,0.0,8.038,4.53438065,0.0,0.0,0.0
2024-02-17 22:00:00,0.0,8.013,4.3011627,0.0,0.0,0.0
2024-02-17 22:30:00,0.0,8.038,4.16614585,0.0,0.0,0.0
2024-02-17 23:00:00,0.0,8.063,4.031129,0.0,0.0,0.0
2024-02-17 23:30:00,0.0,7.963000000000001,3.83284265,0.0,0.0,0.0
2024-02-18 00:00:00,0.0,7.863,3.6345563,0.0,0.0,0.0
2024-02-18 00:30:00,0.0,7.963000000000001,3.68409365,0.0,0.0,0.0
2024-02-18 01:00:00,0.0,8.063,3.733631,0.0,0.0,0.0
2024-02-18 01:30:00,0.0,8.088000000000001,4.1717015,0.0,0.0,0.0
2024-02-18 02:00:00,0.0,8.113,4.609772,0.0,0.0,0.0
2024-02-18 02:30:00,0.0,8.088000000000001,4.6394095,0.0,0.0,0.0
2024-02-18 03:00:00,0.0,8.063,4.669047,0.0,0.0,0.0
2024-02-18 03:30:00,0.0,8.263,5.0145421500000005,0.0,0.0,0.0
2024-02-18 04:00:00,0.0,8.463,5.3600373,0.0,0.0,0.0
2024-02-18 04:30:00,0.0,8.187999999999999,5.45895715,0.0,0.0,0.0
2024-02-18 05:00:00,0.0,7.913,5.557877,0.0,0.0,0.0
2024-02-18 05:30:00,0.0,8.138,5.590077000000001,0.0,0.0,0.0
2024-02-18 06:00:00,0.0,8.363,5.622277,0.0,0.0,0.0
2024-02-18 06:30:00,0.0,8.388,5.811555,0.0,0.0,0.0
2024-02-18 07:00:00,0.0,8.413,6.000833,0.0,0.0,0.0
2024-02-18 07:30:00,12.311,8.663,6.50612615,29.038658000000005,22.585623,33.808615
2024-02-18 08:00:00,29.505,8.913,7.0114193,58.077316,45.171246,67.61723
2024-02-18 08:30:00,85.392,9.313,7.41083465,118.69000300000002,79.69684799999999,153.687455
2024-02-18 09:00:00,137.743,9.713,7.81025,179.30269,114.22245,239.75768
2024-02-18 09:30:00,137.667,10.263,8.1598285,246.74917,151.951765,261.72742500000004
2024-02-18 10:00:00,78.178,10.813,8.509407,314.19565,189.68108,283.69717
2024-02-18 10:30:00,177.134,11.288,8.6618,382.741805,205.215785,344.617585
2024-02-18 11:00:00,462.349,11.763,8.814193,451.28796,220.75049,405.538
2024-02-18 11:30:00,1000.139,11.963,8.7117455,471.961865,219.792245,412.95366
2024-02-18 12:00:00,951.392,12.163,8.609298,492.63577,218.834,420.36932
2024-02-18 12:30:00,909.07,12.288,8.6687065,521.106305,200.51533,479.58563
2024-02-18 13:00:00,352.736,12.413,8.728115,549.57684,182.19666,538.80194
2024-02-18 13:30:00,980.468,12.413,8.637814500000001,533.44462,181.771165,524.72281
2024-02-18 14:00:00,977.987,12.413,8.547514,517.3124,181.34567,510.64368
2024-02-18 14:30:00,850.822,12.238,8.3113925,465.57155,166.28522500000005,481.232975
2024-02-18 15:00:00,275.287,12.063,8.075271,413.8307,151.22478,451.82227
2024-02-18 15:30:00,663.694,11.738,7.89282675,347.35346,132.287715,409.223175
2024-02-18 16:00:00,492.237,11.413,7.7103825,280.87622,113.35065,366.62408
2024-02-18 16:30:00,145.53599999999997,10.963,7.539278749999999,210.435935,89.958605,308.3698
2024-02-18 17:00:00,93.848,10.513,7.368175,139.99565,66.56656,250.11552
2024-02-18 17:30:00,11.133,10.063,7.04005215,70.11756983000001,33.35260595,125.329511075
2024-02-18 18:00:00,2.147,9.613,6.7119293,0.23948966,0.1386519,0.54350215
2024-02-18 18:30:00,0.0,9.413,6.7563324,0.11974483,0.06932595,0.271751075
2024-02-18 19:00:00,0.0,9.213,6.8007355,0.0,0.0,0.0
2024-02-18 19:30:00,0.0,9.113,6.65382745,0.0,0.0,0.0
2024-02-18 20:00:00,0.0,9.013,6.5069194,0.0,0.0,0.0
2024-02-18 20:30:00,0.0,8.863,6.2038834000000005,0.0,0.0,0.0
2024-02-18 21:00:00,0.0,8.713,5.9008474,0.0,0.0,0.0
2024-02-18 21:30:00,0.0,8.588,5.5504237,0.0,0.0,0.0
2024-02-18 22:00:00,0.0,8.463,5.2,0.0,0.0,0.0
2024-02-18 22:30:00,0.0,8.363,5.0,0.0,0.0,0.0
2024-02-18 23:00:00,0.0,8.263,4.8,0.0,0.0,0.0
2024-02-18 23:30:00,0.0,8.163,4.602271699999999,0.0,0.0,0.0
2024-02-19 00:00:00,0.0,8.063,4.4045434,0.0,0.0,0.0
2024-02-19 00:30:00,0.0,7.76300015,4.112769,0.0,0.0,0.0
2024-02-19 01:00:00,0.0,7.4630003,3.8209946,0.0,0.0,0.0
2024-02-19 01:30:00,0.0,7.188000150000001,3.6222216,0.0,0.0,0.0
2024-02-19 02:00:00,0.0,6.913,3.4234486,0.0,0.0,0.0
2024-02-19 02:30:00,0.0,7.163,3.52900245,0.0,0.0,0.0
2024-02-19 03:00:00,0.0,7.413,3.6345563,0.0,0.0,0.0
2024-02-19 03:30:00,0.0,7.538,3.67334925,0.0,0.0,0.0
2024-02-19 04:00:00,0.0,7.663,3.7121422,0.0,0.0,0.0
2024-02-19 04:30:00,0.0,7.638,3.7168505,0.0,0.0,0.0
2024-02-19 05:00:00,0.0,7.613,3.7215588,0.0,0.0,0.0
2024-02-19 05:30:00,0.0,7.46299985,3.6221709,0.0,0.0,0.0
2024-02-19 06:00:00,0.0,7.3129997,3.522783,0.0,0.0,0.0
2024-02-19 06:30:00,0.0,7.08799985,3.2421008,0.0,0.0,0.0
2024-02-19 07:00:00,2.2840000000000003,6.863,2.9614186,0.0,0.0,0.0
2024-02-19 07:30:00,30.879,7.33799985,2.8636410000000003,45.07726,28.978237,83.685815
2024-02-19 08:00:00,223.848,7.8129997,2.7658634,90.15452,57.956474,167.37163
2024-02-19 08:30:00,342.156,9.28799985,2.7329317,180.077475,87.213622,362.19981500000006
2024-02-19 09:00:00,579.344,10.763,2.7,270.00043,116.47077,557.028
2024-02-19 09:30:00,620.4280000000001,11.663,3.3025625,369.189065,120.99567,665.26605
2024-02-19 10:00:00,200.102,12.563,3.905125,468.3777,125.52057,773.5041
2024-02-19 10:30:00,728.057,13.038,4.37123985,527.0856699999999,130.14286,780.36463
2024-02-19 11:00:00,847.731,13.513,4.8373547,585.79364,134.76515,787.22516
2024-02-19 11:30:00,1053.69,13.688,5.19086055,625.731295,140.481735,789.64801
2024-02-19 12:00:00,962.122,13.863,5.5443664,665.66895,146.19832,792.07086
2024-02-19 12:30:00,218.805,13.913,5.6829392,649.4295999999999,153.24352499999998,740.5563950000001
2024-02-19 13:00:00,954.7659999999998,13.963,5.821512,633.19025,160.28873,689.04193
2024-02-19 13:30:00,880.8029999999999,14.238,5.960756,620.64914,150.787995,696.9455849999999
2024-02-19 14:00:00,906.849,14.513,6.1,608.10803,141.28726,704.84924
2024-02-19 14:30:00,754.962,14.113,6.056659249999999,520.599335,153.546965,580.70723
2024-02-19 15:00:00,458.919,13.713,6.0133185,433.09064,165.80667,456.56522
2024-02-19 15:30:00,561.444,13.213,5.9604704,355.09630000000004,140.911125,403.02109
2024-02-19 16:00:00,483.695,12.713,5.9076223,277.10196,116.01558,349.47696
2024-02-19 16:30:00,404.862,12.263,5.75782615,217.183785,89.391935,333.65048
2024-02-19 17:00:00,253.052,11.813,5.60803,157.26561,62.76829,317.824
2024-02-19 17:30:00,78.218,10.988,4.99090775,79.73829665000001,31.990382350000004,161.621754
2024-02-19 18:00:00,5.728,10.163,4.3737855,2.2109833,1.2124747,5.419508
2024-02-19 18:30:00,0.0,9.463,3.7569245,1.10549165,0.60623735,2.709754
2024-02-19 19:00:00,0.0,8.763,3.1400635,0.0,0.0,0.0
2024-02-19 19:30:00,0.0,8.36300015,2.77107295,0.0,0.0,0.0
2024-02-19 20:00:00,0.0,7.9630003,2.4020824,0.0,0.0,0.0
2024-02-19 20:30:00,0.0,7.688000150000001,2.1351182,0.0,0.0,0.0
2024-02-19 21:00:00,0.0,7.413,1.868154,0.0,0.0,0.0
2024-02-19 21:30:00,0.0,7.013,1.519312,0.0,0.0,0.0
2024-02-19 22:00:00,0.0,6.613,1.17047,0.0,0.0,0.0
2024-02-19 22:30:00,0.0,6.313000000000001,1.3468123,0.0,0.0,0.0
2024-02-19 23:00:00,0.0,6.013,1.5231546,0.0,0.0,0.0
2024-02-19 23:30:00,0.0,6.213,1.59973005,0.0,0.0,0.0
2024-02-20 00:00:00,0.0,6.413,1.6763055,0.0,0.0,0.0
2024-02-20 00:30:00,0.0,6.788,1.63971375,0.0,0.0,0.0
2024-02-20 01:00:00,0.0,7.163,1.603122,0.0,0.0,0.0
2024-02-20 01:30:00,0.0,6.938000000000001,1.5664139499999998,0.0,0.0,0.0
2024-02-20 02:00:00,0.0,6.713,1.5297059,0.0,0.0,0.0
2024-02-20 02:30:00,0.0,6.463,1.61485295,0.0,0.0,0.0
2024-02-20 03:00:00,0.0,6.213,1.7,0.0,0.0,0.0
2024-02-20 03:30:00,0.0,6.213,1.68815275,0.0,0.0,0.0
2024-02-20 04:00:00,0.0,6.213,1.6763055,0.0,0.0,0.0
2024-02-20 04:30:00,0.0,6.063000000000001,1.58145615,0.0,0.0,0.0
2024-02-20 05:00:00,0.0,5.913,1.4866068,0.0,0.0,0.0
2024-02-20 05:30:00,0.0,5.913,1.4450868,0.0,0.0,0.0
2024-02-20 06:00:00,0.0,5.913,1.4035668,0.0,0.0,0.0
2024-02-20 06:30:00,0.0,6.088,1.52640455,0.0,0.0,0.0
2024-02-20 07:00:00,0.698,6.263,1.6492423,0.0,0.0,0.0
2024-02-20 07:30:00,16.814,6.86300015,1.7733044,52.48459,31.0623075,110.46895
2024-02-20 08:00:00,73.893,7.4630003,1.8973665,104.96918,62.124615,220.9379
2024-02-20 08:30:00,333.806,8.61300015,2.05548035,183.063615,91.0758955,362.63628
2024-02-20 09:00:00,577.792,9.763,2.2135942,261.15805,120.027176,504.33466
2024-02-20 09:30:00,150.952,10.538,2.2611367500000004,359.83246,128.499418,611.32428
2024-02-20 10:00:00,230.599,11.313,2.3086793,458.50687,136.97166,718.3139
2024-02-20 10:30:00,360.746,12.063,1.94490905,511.662635,157.01026000000002,694.94235
2024-02-20 11:00:00,871.278,12.813,1.5811388,564.8184,177.04886,671.5708
2024-02-20 11:30:00,418.667,13.463,1.23778302,580.4327499999999,168.34291,666.22867
2024-02-20 12:00:00,882.769,14.113,0.89442724,596.0471,159.63696,660.88654
2024-02-20 12:30:00,316.93,14.138,1.01730137,534.964115,165.43565999999998,549.5050699999999
2024-02-20 13:00:00,917.521,14.163,1.1401755,473.88113,171.23436,438.1236
2024-02-20 13:30:00,416.098,13.613,1.1401755,401.171065,189.69348,309.29497000000003
2024-02-20 14:00:00,92.175,13.063,1.1401755,328.461,208.1526,180.46634
2024-02-20 14:30:00,208.798,11.988,1.2859788,271.20269,180.226,142.50927
2024-02-20 15:00:00,273.66299999999995,10.913,1.4317821,213.94438,152.2994,104.5522
2024-02-20 15:30:00,207.94,11.113,1.19023268,198.492125,127.5513075,138.569475
2024-02-20 16:00:00,114.808,11.313,0.94868326,183.03987,102.803215,172.58675
2024-02-20 16:30:00,33.092,11.013,1.04442938,109.888698,69.7703705,86.293375
2024-02-20 17:00:00,24.409,10.713,1.1401755,36.737526,36.737526,0.0
2024-02-20 17:30:00,8.099,10.238,1.31339115,19.2457365,19.11581455,0.70955825
2024-02-20 18:00:00,0.08,9.763,1.4866068,1.753947,1.4941031,1.4191165
2024-02-20 18:30:00,0.0,9.513,1.43972275,0.8769735,0.74705155,0.70955825
2024-02-20 19:00:00,0.0,9.263,1.3928387,0.0,0.0,0.0
2024-02-20 19:30:00,0.0,9.088,1.2984991,0.0,0.0,0.0
2024-02-20 20:00:00,0.0,8.913,1.2041595,0.0,0.0,0.0
2024-02-20 20:30:00,0.0,8.788,1.15207975,0.0,0.0,0.0
2024-02-20 21:00:00,0.0,8.663,1.1,0.0,0.0,0.0
2024-02-20 21:30:00,0.0,8.013,1.31485295,0.0,0.0,0.0
2024-02-20 22:00:00,0.0,7.363,1.5297059,0.0,0.0,0.0
2024-02-20 22:30:00,0.0,7.363,1.5664139499999998,0.0,0.0,0.0
2024-02-20 23:00:00,0.0,7.363,1.603122,0.0,0.0,0.0
2024-02-20 23:30:00,0.0,7.21299985,1.65303035,0.0,0.0,0.0
2024-02-21 00:00:00,0.0,7.0629997,1.7029387,0.0,0.0,0.0
2024-02-21 00:30:00,0.0,7.21299985,1.6514693500000002,0.0,0.0,0.0
2024-02-21 01:00:00,0.0,7.363,1.6,0.0,0.0,0.0
2024-02-21 01:30:00,0.0,7.238,1.56485295,0.0,0.0,0.0
2024-02-21 02:00:00,0.0,7.113,1.5297059,0.0,0.0,0.0
2024-02-21 02:30:00,0.0,6.638,1.61485295,0.0,0.0,0.0
2024-02-21 03:00:00,0.0,6.163,1.7,0.0,0.0,0.0
2024-02-21 03:30:00,0.0,5.788,1.7232124999999998,0.0,0.0,0.0
2024-02-21 04:00:00,0.0,5.413,1.746425,0.0,0.0,0.0
2024-02-21 04:30:00,0.0,5.138,1.84403685,0.0,0.0,0.0
2024-02-21 05:00:00,0.0,4.863,1.9416487,0.0,0.0,0.0
2024-02-21 05:30:00,0.0,4.913,1.92082435,0.0,0.0,0.0
2024-02-21 06:00:00,0.0,4.963,1.9,0.0,0.0,0.0
2024-02-21 06:30:00,0.0,5.01299985,1.90524865,0.0,0.0,0.0
2024-02-21 07:00:00,4.628,5.0629997,1.9104973,0.0,0.0,0.0
2024-02-21 07:30:00,86.93299999999999,6.0629997,1.8496759,52.030243,31.8552515,103.892675
2024-02-21 08:00:00,235.779,7.0629997,1.7888545,104.060486,63.710503,207.78535
2024-02-21 08:30:00,255.546,8.03799985,1.61553755,185.453278,98.2381515,339.88625
2024-02-21 09:00:00,301.723,9.013,1.4422206,266.84607,132.7658,471.98715
2024-02-21 09:30:00,334.18000000000006,9.913,1.4777475999999998,343.84256,154.49245000000002,506.582105
2024-02-21 10:00:00,423.82,10.813,1.5132746,420.83905,176.2191,541.17706
2024-02-21 10:30:00,639.733,11.538,1.1471498,451.41455,224.89051,449.686265
2024-02-21 11:00:00,559.35,12.263,0.781025,481.99005,273.56192,358.19547
2024-02-21 11:30:00,697.369,13.038,0.99259225,506.815275,287.567885,352.1225
2024-02-21 12:00:00,583.928,13.813,1.2041595,531.6405,301.57385,346.04953
2024-02-21 12:30:00,568.303,13.963,1.91070495,461.437985,284.683025,261.80388
2024-02-21 13:00:00,393.643,14.113,2.6172504,391.23547,267.7922,177.55823
2024-02-21 13:30:00,482.618,14.113,2.6324453,340.301085,248.01927,134.32434
2024-02-21 14:00:00,364.009,14.113,2.6476402,289.3667,228.24634,91.09045
2024-02-21 14:30:00,251.233,13.688,2.0738201,261.689835,210.721545,79.915615
2024-02-21 15:00:00,180.128,13.263,1.5,234.01297,193.19675,68.74078
2024-02-21 15:30:00,129.878,13.063,1.1531129,199.861935,160.62304,74.534295
2024-02-21 16:00:00,48.69500000000001,12.863,0.8062258,165.7109,128.04933,80.32781
2024-02-21 16:30:00,35.361000000000004,12.388,0.6031129,115.24064,91.8828935,55.01901
2024-02-21 17:00:00,40.012,11.913,0.4,64.77038,55.716457,29.71021
2024-02-21 17:30:00,23.382,11.388,0.38027757,33.6773777,29.011967500000004,15.615410700000002
2024-02-21 18:00:00,2.28,10.863,0.36055514,2.5843754,2.307478,1.5206114
2024-02-21 18:30:00,0.0,10.513,0.47182517,1.2921877,1.153739,0.7603057
2024-02-21 19:00:00,0.0,10.163,0.5830952,0.0,0.0,0.0
2024-02-21 19:30:00,0.0,10.063,0.611703815,0.0,0.0,0.0
2024-02-21 20:00:00,0.0,9.963,0.64031243,0.0,0.0,0.0
2024-02-21 20:30:00,0.0,9.713,0.8300581650000001,0.0,0.0,0.0
2024-02-21 21:00:00,0.0,9.463,1.0198039,0.0,0.0,0.0
2024-02-21 21:30:00,0.0,9.488,1.0198039,0.0,0.0,0.0
2024-02-21 22:00:00,0.0,9.513,1.0198039,0.0,0.0,0.0
2024-02-21 22:30:00,0.0,9.113,1.02468345,0.0,0.0,0.0
2024-02-21 23:00:00,0.0,8.713,1.029563,0.0,0.0,0.0
2024-02-21 23:30:00,0.0,8.488,0.9419817,0.0,0.0,0.0
2024-02-22 00:00:00,0.0,8.263,0.8544004,0.0,0.0,0.0
2024-02-22 00:30:00,0.0,7.91299985,0.7272002,0.0,0.0,0.0
2024-02-22 01:00:00,0.0,7.5629997,0.6,0.0,0.0,0.0
2024-02-22 01:30:00,0.0,6.5629997,0.4118034049999999,0.0,0.0,0.0
2024-02-22 02:00:00,0.0,5.5629997,0.22360681,0.0,0.0,0.0
2024-02-22 02:30:00,0.0,6.23799985,0.6042462799999999,0.0,0.0,0.0
2024-02-22 03:00:00,0.0,6.913,0.98488575,0.0,0.0,0.0
2024-02-22 03:30:00,0.0,6.688000000000001,1.094522625,0.0,0.0,0.0
2024-02-22 04:00:00,0.0,6.463,1.2041595,0.0,0.0,0.0
2024-02-22 04:30:00,0.0,6.438000000000001,1.2041595,0.0,0.0,0.0
2024-02-22 05:00:00,0.0,6.413,1.2041595,0.0,0.0,0.0
2024-02-22 05:30:00,0.0,6.138,1.18731475,0.0,0.0,0.0
2024-02-22 06:00:00,0.0,5.863,1.17047,0.0,0.0,0.0
2024-02-22 06:30:00,0.0,5.613,1.085235,0.0,0.0,0.0
2024-02-22 07:00:00,4.265,5.363,1.0,0.0,0.0,0.0
2024-02-22 07:30:00,76.02399999999999,6.038,0.95276925,53.97311,31.138332500000004,119.084975
2024-02-22 08:00:00,211.468,6.713,0.9055385,107.94622,62.276665,238.16995
2024-02-22 08:30:00,345.023,8.363,0.913746475,198.087825,88.1291525,421.2407050000001
2024-02-22 09:00:00,469.627,10.013,0.92195445,288.22943,113.98164,604.31146
2024-02-22 09:30:00,269.808,11.113,1.299129975,383.801315,119.51776,690.307005
2024-02-22 10:00:00,669.4449999999999,12.213,1.6763055,479.3732,125.05388,776.30255
2024-02-22 10:30:00,741.764,13.038,1.84438335,538.044175,131.42042,779.483875
2024-02-22 11:00:00,833.595,13.863,2.0124612,596.71515,137.78696,782.6652
2024-02-22 11:30:00,763.121,14.363,2.14859655,605.033025,146.598405,733.42177
2024-02-22 12:00:00,743.388,14.863,2.2847319,613.3509,155.40985,684.17834
2024-02-22 12:30:00,978.802,14.963,2.5503788,567.9853,178.74472500000002,571.1571200000001
2024-02-22 13:00:00,663.895,15.063,2.8160257,522.6197,202.0796,458.1359
2024-02-22 13:30:00,850.625,14.738,2.61735135,423.21192,215.18315,299.790325
2024-02-22 14:00:00,844.845,14.413,2.418677,323.80414,228.2867,141.44475
2024-02-22 14:30:00,102.121,14.438,2.4442473,305.28653,207.6155,154.20085
2024-02-22 15:00:00,18.404,14.463,2.4698176,286.76892,186.9443,166.95695
2024-02-22 15:30:00,10.920000000000002,14.013,2.4149512,246.879975,149.619515,183.630065
2024-02-22 16:00:00,9.662,13.563,2.3600848,206.99103,112.29473,200.30318
2024-02-22 16:30:00,32.498000000000005,13.113,1.9300424,143.37559,82.73408,143.2545
2024-02-22 17:00:00,14.887999999999998,12.663,1.5,79.76015,53.17343,86.20582
2024-02-22 17:30:00,9.869,12.288,0.956155285,41.942869,28.119076250000003,46.0300972
2024-02-22 18:00:00,7.532,11.913,0.41231057,4.125588,3.0647225,5.8543744
2024-02-22 18:30:00,0.0,11.488,0.596667785,2.062794,1.5323612499999997,2.9271872
2024-02-22 19:00:00,0.0,11.063,0.781025,0.0,0.0,0.0
2024-02-22 19:30:00,0.0,10.613,0.9405125,0.0,0.0,0.0
2024-02-22 20:00:00,0.0,10.163,1.1,0.0,0.0,0.0
2024-02-22 20:30:00,0.0,9.06300015,1.2226812,0.0,0.0,0.0
2024-02-22 21:00:00,0.0,7.9630003,1.3453624,0.0,0.0,0.0
2024-02-22 21:30:00,0.0,7.613000149999999,1.31299365,0.0,0.0,0.0
2024-02-22 22:00:00,0.0,7.263,1.2806249,0.0,0.0,0.0
2024-02-22 22:30:00,0.0,7.113,1.2059979,0.0,0.0,0.0
2024-02-22 23:00:00,0.0,6.963,1.1313709,0.0,0.0,0.0
2024-02-22 23:30:00,0.0,6.838,1.1677652,0.0,0.0,0.0
2024-02-23 00:00:00,0.0,6.713,1.2041595,0.0,0.0,0.0
2024-02-23 00:30:00,0.0,6.488,1.16109675,0.0,0.0,0.0
2024-02-23 01:00:00,0.0,6.263,1.118034,0.0,0.0,0.0
2024-02-23 01:30:00,0.0,5.888,1.06891895,0.0,0.0,0.0
2024-02-23 02:00:00,0.0,5.513,1.0198039,0.0,0.0,0.0
2024-02-23 02:30:00,0.0,6.138,1.3584301,0.0,0.0,0.0
2024-02-23 03:00:00,0.0,6.763,1.6970563,0.0,0.0,0.0
2024-02-23 03:30:00,0.0,6.863,1.8744423500000005,0.0,0.0,0.0
2024-02-23 04:00:00,0.0,6.963,2.0518284,0.0,0.0,0.0
2024-02-23 04:30:00,0.0,6.913,1.8069392,0.0,0.0,0.0
2024-02-23 05:00:00,0.0,6.863,1.56205,0.0,0.0,0.0
2024-02-23 05:30:00,0.0,6.763,1.4537062,0.0,0.0,0.0
2024-02-23 06:00:00,0.0,6.663,1.3453624,0.0,0.0,0.0
2024-02-23 06:30:00,0.0,6.538,1.3833147,0.0,0.0,0.0
2024-02-23 07:00:00,5.196000000000001,6.413,1.421267,0.0,0.0,0.0
2024-02-23 07:30:00,82.59700000000001,7.163,1.6658821,56.87275000000001,32.498715,128.58135
2024-02-23 08:00:00,206.86900000000003,7.913,1.9104972,113.7455,64.99743,257.1627
2024-02-23 08:30:00,346.974,9.463,1.73787235,202.467965,89.95333,429.7329
2024-02-23 09:00:00,473.24,11.013,1.5652475,291.19043,114.90923,602.3031
2024-02-23 09:30:00,573.805,12.163,1.7005018,382.671205,123.95154,671.26312
2024-02-23 10:00:00,663.1410000000001,13.313,1.8357561,474.15198,132.99385,740.22314
2024-02-23 10:30:00,735.035,14.288,2.12721655,545.0173649999999,132.097115,780.23522
2024-02-23 11:00:00,791.335,15.263,2.418677,615.88275,131.20038,820.2473
2024-02-23 11:30:00,825.0930000000001,15.788001,2.6627826,653.3759749999999,131.89049,824.371
2024-02-23 12:00:00,838.944,16.313002,2.9068882,690.8692,132.5806,828.4947
2024-02-23 12:30:00,847.81,15.9880005,3.0542252000000003,685.8659,139.45317,793.82525
2024-02-23 13:00:00,841.737,15.662999,3.2015622,680.8626,146.32574,759.1558
2024-02-23 13:30:00,821.0550000000001,15.8379995,2.46101365,569.71136,177.294235,563.7220500000001
2024-02-23 14:00:00,781.553,16.013,1.7204651,458.56012,208.26273,368.2883
2024-02-23 14:30:00,731.5840000000001,15.9629995,2.00040805,479.87509,172.22784,487.27565
2024-02-23 15:00:00,641.553,15.912999,2.280351,501.19006,136.19295,606.263
2024-02-23 15:30:00,544.103,15.5629995,2.10064415,412.95908,122.21782,530.20975
2024-02-23 16:00:00,436.606,15.213,1.9209373,324.7281,108.24269,454.1565
2024-02-23 16:30:00,339.27599999999995,14.838,1.76669445,246.69487,87.150915,391.469075
2024-02-23 17:00:00,100.171,14.463,1.6124516,168.66164,66.05914,328.78165
2024-02-23 17:30:00,68.57799999999999,13.538,1.40830555,88.730463,35.6551635,174.223186
2024-02-23 18:00:00,9.959,12.613,1.2041595,8.799286,5.251187,19.664722
2024-02-23 18:30:00,0.0,11.613,1.22857795,4.399643,2.6255935,9.832361
2024-02-23 19:00:00,0.0,10.613,1.2529964,0.0,0.0,0.0
2024-02-23 19:30:00,0.0,9.888,1.1855152,0.0,0.0,0.0
2024-02-23 20:00:00,0.0,9.163,1.118034,0.0,0.0,0.0
2024-02-23 20:30:00,0.0,8.738,1.12910475,0.0,0.0,0.0
2024-02-23 21:00:00,0.0,8.313,1.1401755,0.0,0.0,0.0
2024-02-23 21:30:00,0.0,8.163,1.31339115,0.0,0.0,0.0
2024-02-23 22:00:00,0.0,8.013,1.4866068,0.0,0.0,0.0
2024-02-23 22:30:00,0.0,7.988000149999999,1.66525785,0.0,0.0,0.0
2024-02-23 23:00:00,0.0,7.9630003,1.8439089,0.0,0.0,0.0
2024-02-23 23:30:00,0.0,7.8629999,1.98261455,0.0,0.0,0.0
2024-02-24 00:00:00,0.0,7.7629995,2.1213202,0.0,0.0,0.0
2024-02-24 00:30:00,0.0,7.6629996,2.1213202,0.0,0.0,0.0
2024-02-24 01:00:00,0.0,7.5629997,2.1213202,0.0,0.0,0.0
2024-02-24 01:30:00,0.0,7.48799985,2.0159087,0.0,0.0,0.0
2024-02-24 02:00:00,0.0,7.413,1.9104972,0.0,0.0,0.0
2024-02-24 02:30:00,0.0,7.638,1.8067179,0.0,0.0,0.0
2024-02-24 03:00:00,0.0,7.863,1.7029386,0.0,0.0,0.0
2024-02-24 03:30:00,0.0,7.638,1.6576951,0.0,0.0,0.0
2024-02-24 04:00:00,0.0,7.413,1.6124516,0.0,0.0,0.0
2024-02-24 04:30:00,0.0,7.013,1.50264515,0.0,0.0,0.0
2024-02-24 05:00:00,0.0,6.613,1.3928387,0.0,0.0,0.0
2024-02-24 05:30:00,0.0,6.313000000000001,1.37649285,0.0,0.0,0.0
2024-02-24 06:00:00,0.0,6.013,1.360147,0.0,0.0,0.0
2024-02-24 06:30:00,0.0,6.013,1.33007355,0.0,0.0,0.0
2024-02-24 07:00:00,5.759,6.013,1.3000001,0.0,0.0,0.0
2024-02-24 07:30:00,52.777,7.063,1.7130147,61.662725,32.82048,153.74884
2024-02-24 08:00:00,144.46800000000002,8.113,2.1260293,123.32545,65.64096,307.49768
2024-02-24 08:30:00,231.595,10.238,1.98225345,219.79026,86.18039,506.382415
2024-02-24 09:00:00,380.597,12.363,1.8384776,316.25507,106.71982,705.26715
2024-02-24 09:30:00,596.362,13.438,2.1490762,408.188875,113.42083,760.864225
2024-02-24 10:00:00,687.539,14.513,2.4596748,500.12268,120.12184,816.4613
2024-02-24 10:30:00,759.8050000000001,15.063,2.66249225,569.197175,123.4546275,837.6979
2024-02-24 11:00:00,812.138,15.613,2.8653097,638.27167,126.787415,858.9345
2024-02-24 11:30:00,843.854,16.088001,2.71425545,674.31122,130.1832425,854.5454649999999
2024-02-24 12:00:00,866.503,16.563002,2.5632012,710.35077,133.57907,850.15643
2024-02-24 12:30:00,871.771,16.8880015,2.8627394500000003,717.483285,130.9897,845.774615
2024-02-24 13:00:00,874.0319999999999,17.213001,3.1622777,724.6158,128.40033,841.3928
2024-02-24 13:30:00,846.85,17.1880005,3.55914295,690.51625,127.73977,807.660635
2024-02-24 14:00:00,806.334,17.163,3.9560082,656.4167,127.07921,773.92847
2024-02-24 14:30:00,747.201,16.8130005,4.0969661,598.91035,119.860155,740.6214
2024-02-24 15:00:00,667.909,16.463001,4.237924,541.404,112.6411,707.31433
2024-02-24 15:30:00,573.7819999999999,15.988000499999998,3.9307292,450.07105,104.628375,626.371465
2024-02-24 16:00:00,462.798,15.513,3.6235344,358.7381,96.61565,545.4286
2024-02-24 16:30:00,340.91100000000006,14.988,3.3126002000000003,272.17913,79.009258,469.436375
2024-02-24 17:00:00,207.277,14.463,3.001666,185.62016,61.402866,393.44415
2024-02-24 17:30:00,73.603,13.363,2.5316094,99.311104,34.1576735,213.6613185
2024-02-24 18:00:00,8.844000000000001,12.263,2.0615528,13.002048,6.912481,33.878487
2024-02-24 18:30:00,0.0,11.313,1.9964368,6.501024,3.4562405,16.9392435
2024-02-24 19:00:00,0.0,10.363,1.9313208,0.0,0.0,0.0
2024-02-24 19:30:00,0.0,9.988,2.02867505,0.0,0.0,0.0
2024-02-24 20:00:00,0.0,9.613,2.1260293,0.0,0.0,0.0
2024-02-24 20:30:00,0.0,9.413,2.1596003,0.0,0.0,0.0
2024-02-24 21:00:00,0.0,9.213,2.1931713,0.0,0.0,0.0
2024-02-24 21:30:00,0.0,9.013,1.98681035,0.0,0.0,0.0
2024-02-24 22:00:00,0.0,8.813,1.7804494,0.0,0.0,0.0
2024-02-24 22:30:00,0.0,8.638,1.7804494,0.0,0.0,0.0
2024-02-24 23:00:00,0.0,8.463,1.7804494,0.0,0.0,0.0
2024-02-24 23:30:00,0.0,8.312999999999999,1.741694,0.0,0.0,0.0
2024-02-25 00:00:00,0.0,8.163,1.7029386,0.0,0.0,0.0
2024-02-25 00:30:00,0.0,8.06300015,1.69999745,0.0,0.0,0.0
2024-02-25 01:00:00,0.0,7.9630003,1.6970563,0.0,0.0,0.0
2024-02-25 01:30:00,0.0,7.813000150000001,1.7677669,0.0,0.0,0.0
2024-02-25 02:00:00,0.0,7.663,1.8384775,0.0,0.0,0.0
2024-02-25 02:30:00,0.0,8.013,2.1998636,0.0,0.0,0.0
2024-02-25 03:00:00,0.0,8.363,2.5612497,0.0,0.0,0.0
2024-02-25 03:30:00,0.0,8.238,2.2730965,0.0,0.0,0.0
2024-02-25 04:00:00,0.0,8.113,1.9849433,0.0,0.0,0.0
2024-02-25 04:30:00,0.0,8.163,1.99247165,0.0,0.0,0.0
2024-02-25 05:00:00,0.0,8.213,2.0,0.0,0.0,0.0
2024-02-25 05:30:00,0.0,8.312999999999999,1.99247165,0.0,0.0,0.0
2024-02-25 06:00:00,0.0,8.413,1.9849433,0.0,0.0,0.0
2024-02-25 06:30:00,0.0,8.388,1.9144261,0.0,0.0,0.0
2024-02-25 07:00:00,6.319,8.363,1.8439089,0.0,0.0,0.0
2024-02-25 07:30:00,102.986,8.838000000000001,1.92195445,63.36222000000001,35.092922,152.123
2024-02-25 08:00:00,238.632,9.313,2.0,126.72444,70.185844,304.246
2024-02-25 08:30:00,379.636,10.913,2.1423659500000003,223.56202,90.2224045,500.49825
2024-02-25 09:00:00,502.856,12.513,2.2847319,320.3996,110.258965,696.7505
2024-02-25 09:30:00,606.893,13.238,2.85409025,404.17765,121.4591575,726.32785
2024-02-25 10:00:00,694.346,13.963,3.4234486,487.9557,132.65935,755.9052
2024-02-25 10:30:00,788.856,14.538,3.8900266,545.0509,147.012925,745.191675
2024-02-25 11:00:00,850.6600000000001,15.113,4.3566046,602.1461,161.3665,734.47815
2024-02-25 11:30:00,954.683,15.413,4.68628955,636.47753,172.815965,723.401425
2024-02-25 12:00:00,310.705,15.713,5.0159745,670.80896,184.26543,712.3247
2024-02-25 12:30:00,652.626,15.8129995,5.1099095,674.79535,176.23397,714.15625
2024-02-25 13:00:00,296.975,15.912999,5.2038445,678.78174,168.20251,715.9878
2024-02-25 13:30:00,267.73900000000003,15.912999,5.41306075,658.56882,156.25076,716.8858
2024-02-25 14:00:00,454.449,15.912999,5.622277,638.3559,144.29901,717.7838
2024-02-25 14:30:00,282.039,15.662999,5.68254935,559.56244,152.126195,621.71627
2024-02-25 15:00:00,369.971,15.412999,5.7428217,480.76898,159.95338,525.64874
2024-02-25 15:30:00,481.913,15.1629995,5.79245535,406.51324,137.17545,487.664735
2024-02-25 16:00:00,266.849,14.913,5.842089,332.2575,114.39752,449.68073
2024-02-25 16:30:00,201.821,14.488,5.5215250000000005,235.93795,105.037547,293.6366
2024-02-25 17:00:00,104.385,14.063,5.200961,139.6184,95.677574,137.59247
2024-02-25 17:30:00,36.901,13.413,4.351194700000001,74.737239,52.3019165,71.39129
2024-02-25 18:00:00,4.936999999999999,12.763,3.5014284,9.856078,8.926259,5.19011
2024-02-25 18:30:00,0.0,12.188,3.3039366,4.928039,4.4631295,2.595055
2024-02-25 19:00:00,0.0,11.613,3.1064448,0.0,0.0,0.0
2024-02-25 19:30:00,0.0,11.588,3.5538473999999995,0.0,0.0,0.0
2024-02-25 20:00:00,0.0,11.563,4.00125,0.0,0.0,0.0
2024-02-25 20:30:00,0.0,11.538,4.3527515,0.0,0.0,0.0
2024-02-25 21:00:00,0.0,11.513,4.704253,0.0,0.0,0.0
2024-02-25 21:30:00,0.0,11.613,4.9040865,0.0,0.0,0.0
2024-02-25 22:00:00,0.0,11.713,5.10392,0.0,0.0,0.0
2024-02-25 22:30:00,0.0,11.663,5.306048,0.0,0.0,0.0
2024-02-25 23:00:00,0.0,11.613,5.508176,0.0,0.0,0.0
2024-02-25 23:30:00,0.0,11.838,5.86857015,0.0,0.0,0.0
2024-02-26 00:00:00,0.0,12.063,6.2289643,0.0,0.0,0.0
2024-02-26 00:30:00,0.0,12.138,6.56774165,0.0,0.0,0.0
2024-02-26 01:00:00,0.0,12.213,6.906519,0.0,0.0,0.0
2024-02-26 01:30:00,0.0,11.313,6.00276925,0.0,0.0,0.0
2024-02-26 02:00:00,0.0,10.413,5.0990195,0.0,0.0,0.0
2024-02-26 02:30:00,0.0,10.713,4.29593475,0.0,0.0,0.0
2024-02-26 03:00:00,0.0,11.013,3.49285,0.0,0.0,0.0
2024-02-26 03:30:00,0.0,10.663,3.9172543,0.0,0.0,0.0
2024-02-26 04:00:00,0.0,10.313,4.3416586,0.0,0.0,0.0
2024-02-26 04:30:00,0.0,9.863,3.44852245,0.0,0.0,0.0
2024-02-26 05:00:00,0.0,9.413,2.5553863,0.0,0.0,0.0
2024-02-26 05:30:00,0.0,9.088,2.89324265,0.0,0.0,0.0
2024-02-26 06:00:00,0.0,8.763,3.231099,0.0,0.0,0.0
2024-02-26 06:30:00,0.0,8.763,3.1655495,0.0,0.0,0.0
2024-02-26 07:00:00,3.971,8.763,3.1,0.0,0.0,0.0
2024-02-26 07:30:00,20.544,9.038,3.5599752,24.8619825,19.1246015,31.136427
2024-02-26 08:00:00,61.244,9.313,4.0199504,49.723965,38.249203,62.272854
2024-02-26 08:30:00,275.097,9.838,4.1105702,78.5175075,72.7801265,31.136427
2024-02-26 09:00:00,90.847,10.363,4.20119,107.31105,107.31105,0.0
2024-02-26 09:30:00,100.485,10.938,4.1530325,130.84602999999998,113.564575,36.40586
2024-02-26 10:00:00,454.612,11.513,4.104875,154.38101,119.8181,72.81172
2024-02-26 10:30:00,44.875,11.763,4.5529375000000005,176.22393499999998,136.2135,73.986275
2024-02-26 11:00:00,199.235,12.013,5.001,198.06686,152.6089,75.16083
2024-02-26 11:30:00,50.73400000000001,11.563,4.824828,190.62155,150.29937,63.164119
2024-02-26 12:00:00,128.708,11.113,4.648656,183.17624,147.98984,51.167408
2024-02-26 12:30:00,48.609,11.613,5.08566815,188.12288,141.66877,65.800436
2024-02-26 13:00:00,66.416,12.113,5.5226803,193.06952,135.3477,80.433464
2024-02-26 13:30:00,150.185,12.038,5.38288545,182.552645,137.443915,63.673882
2024-02-26 14:00:00,273.336,11.963,5.2430906,172.03577,139.54013,46.9143
2024-02-26 14:30:00,137.971,11.763,5.63194395,208.765765,170.6961,58.9711575
2024-02-26 15:00:00,219.038,11.563,6.0207973,245.49576,201.85207,71.028015
2024-02-26 15:30:00,116.592,11.338,6.1809664,181.69877,150.613215,54.4829065
2024-02-26 16:00:00,118.113,11.113,6.3411355,117.90178,99.37436,37.937798
2024-02-26 16:30:00,156.491,11.088,6.122262,110.540913,88.112855,59.728059
2024-02-26 17:00:00,340.415,11.063,5.9033885,103.180046,76.85135,81.51832
2024-02-26 17:30:00,48.565,10.738,5.24134495,56.4350875,41.9306155,48.261048
2024-02-26 18:00:00,2.502,10.413,4.5793014,9.690129,7.009881,15.003776
2024-02-26 18:30:00,0.0,10.238,4.6204232,4.8450645,3.5049405,7.501888
2024-02-26 19:00:00,0.0,10.063,4.661545,0.0,0.0,0.0
2024-02-26 19:30:00,0.0,10.088,4.533044,0.0,0.0,0.0
2024-02-26 20:00:00,0.0,10.113,4.404543,0.0,0.0,0.0
2024-02-26 20:30:00,0.0,10.238,4.61577515,0.0,0.0,0.0
2024-02-26 21:00:00,0.0,10.363,4.8270073,0.0,0.0,0.0
2024-02-26 21:30:00,0.0,10.388,4.46898415,0.0,0.0,0.0
2024-02-26 22:00:00,0.0,10.413,4.110961,0.0,0.0,0.0
2024-02-26 22:30:00,0.0,10.388,3.40640605,0.0,0.0,0.0
2024-02-26 23:00:00,0.0,10.363,2.7018511,0.0,0.0,0.0
2024-02-26 23:30:00,0.0,10.113,2.2111581,0.0,0.0,0.0
2024-02-27 00:00:00,0.0,9.863,1.7204651,0.0,0.0,0.0
2024-02-27 00:30:00,0.0,8.988,1.12949078,0.0,0.0,0.0
2024-02-27 01:00:00,0.0,8.113,0.53851646,0.0,0.0,0.0
2024-02-27 01:30:00,0.0,7.91300015,0.381061635,0.0,0.0,0.0
2024-02-27 02:00:00,0.0,7.7130003,0.22360681,0.0,0.0,0.0
2024-02-27 02:30:00,0.0,8.56300015,0.806425605,0.0,0.0,0.0
2024-02-27 03:00:00,0.0,9.413,1.3892444,0.0,0.0,0.0
2024-02-27 03:30:00,0.0,9.663,1.34462225,0.0,0.0,0.0
2024-02-27 04:00:00,0.0,9.913,1.3000001,0.0,0.0,0.0
2024-02-27 04:30:00,0.0,9.913,1.20226805,0.0,0.0,0.0
2024-02-27 05:00:00,0.0,9.913,1.104536,0.0,0.0,0.0
2024-02-27 05:30:00,0.0,10.063,1.40813015,0.0,0.0,0.0
2024-02-27 06:00:00,0.0,10.213,1.7117243,0.0,0.0,0.0
2024-02-27 06:30:00,0.0,10.413,1.8382063,0.0,0.0,0.0
2024-02-27 07:00:00,3.516,10.613,1.9646883,0.0,0.0,0.0
2024-02-27 07:30:00,17.373,10.938,1.98733175,42.24475,33.7958,46.198575
2024-02-27 08:00:00,42.008,11.263,2.0099752,84.4895,67.5916,92.39715
2024-02-27 08:30:00,78.597,11.913,2.1117847000000003,164.026145,107.89559,199.61015
2024-02-27 09:00:00,395.009,12.563,2.2135942,243.56279,148.19958,306.82315
2024-02-27 09:30:00,605.18,13.463,3.1665301,351.90801,146.014355,483.431505
2024-02-27 10:00:00,786.991,14.363,4.119466,460.25323,143.82913,660.03986
2024-02-27 10:30:00,789.094,14.988,4.12128575,523.257045,156.28421,672.514405
2024-02-27 11:00:00,297.73,15.613,4.1231055,586.26086,168.73929,684.98895
2024-02-27 11:30:00,1032.457,16.0380005,3.99287355,571.95038,198.690995,580.09535
2024-02-27 12:00:00,1062.247,16.463001,3.8626416,557.6399,228.6427,475.20175
2024-02-27 12:30:00,431.3499999999999,16.7380005,3.7759074,555.463075,227.76493,463.5865
2024-02-27 13:00:00,314.414,17.013,3.6891732,553.28625,226.88716,451.97125
2024-02-27 13:30:00,435.0709999999999,16.563000000000002,3.55119145,506.053625,223.84739,396.724165
2024-02-27 14:00:00,599.498,16.113,3.4132097,458.821,220.80762,341.47708
2024-02-27 14:30:00,467.5950000000001,15.488,3.33908775,385.87028,206.371865,268.529325
2024-02-27 15:00:00,676.478,14.863,3.2649658,312.91956,191.93611,195.58157
2024-02-27 15:30:00,262.987,14.288,3.2877774,209.1555,147.820645,99.503648
2024-02-27 16:00:00,233.41700000000003,13.713,3.310589,105.39144,103.70518,3.425726
2024-02-27 16:30:00,325.99,13.363,3.0015857,70.5551065,69.71197649999999,1.712863
2024-02-27 17:00:00,116.863,13.013,2.6925824,35.718773,35.718773,0.0
2024-02-27 17:30:00,70.851,12.888,2.3512788,19.9997278,19.9997278,0.0
2024-02-27 18:00:00,11.36,12.763,2.0099752,4.2806826,4.2806826,0.0
2024-02-27 18:30:00,0.0,12.563,1.7549876,2.1403413,2.1403413,0.0
2024-02-27 19:00:00,0.0,12.363,1.5,0.0,0.0,0.0
2024-02-27 19:30:00,0.0,12.238,1.1772002,0.0,0.0,0.0
2024-02-27 20:00:00,0.0,12.113,0.8544004,0.0,0.0,0.0
2024-02-27 20:30:00,0.0,11.988,0.888177425,0.0,0.0,0.0
2024-02-27 21:00:00,0.0,11.863,0.92195445,0.0,0.0,0.0
2024-02-27 21:30:00,0.0,11.563,0.7525248250000001,0.0,0.0,0.0
2024-02-27 22:00:00,0.0,11.263,0.5830952,0.0,0.0,0.0
2024-02-27 22:30:00,0.0,10.363,0.85723305,0.0,0.0,0.0
2024-02-27 23:00:00,0.0,9.463,1.1313709,0.0,0.0,0.0
2024-02-27 23:30:00,0.0,9.063,1.1739617,0.0,0.0,0.0
2024-02-28 00:00:00,0.0,8.663,1.2165525,0.0,0.0,0.0
2024-02-28 00:30:00,0.0,8.663,1.0610455,0.0,0.0,0.0
2024-02-28 01:00:00,0.0,8.663,0.9055385,0.0,0.0,0.0
2024-02-28 01:30:00,0.0,8.888,0.9626712,0.0,0.0,0.0
2024-02-28 02:00:00,0.0,9.113,1.0198039,0.0,0.0,0.0
2024-02-28 02:30:00,0.0,9.338,1.5539326,0.0,0.0,0.0
2024-02-28 03:00:00,0.0,9.563,2.0880613,0.0,0.0,0.0
2024-02-28 03:30:00,0.0,9.713,2.11290845,0.0,0.0,0.0
2024-02-28 04:00:00,0.0,9.863,2.1377556,0.0,0.0,0.0
2024-02-28 04:30:00,0.0,9.938,1.99083225,0.0,0.0,0.0
2024-02-28 05:00:00,0.0,10.013,1.8439089,0.0,0.0,0.0
2024-02-28 05:30:00,0.0,10.213,2.03998845,0.0,0.0,0.0
2024-02-28 06:00:00,0.0,10.413,2.236068,0.0,0.0,0.0
2024-02-28 06:30:00,0.0,10.363,2.03591205,0.0,0.0,0.0
2024-02-28 07:00:00,11.219,10.313,1.8357561,0.0,0.0,0.0
2024-02-28 07:30:00,31.747,10.713,1.8371168,36.894405,35.049685,10.1542005
2024-02-28 08:00:00,104.855,11.113,1.8384775,73.78881,70.09937,20.308401
2024-02-28 08:30:00,200.543,11.713,2.38296695,121.03119,106.34116,50.8681005
2024-02-28 09:00:00,204.925,12.313,2.9274564,168.27357,142.58295,81.4278
2024-02-28 09:30:00,279.394,13.088,3.220145,249.042545,194.252565,127.347955
2024-02-28 10:00:00,869.019,13.863,3.5128336,329.81152,245.92218,173.26811
2024-02-28 10:30:00,788.5590000000001,14.288,3.56265595,394.07515,235.38381,276.68792
2024-02-28 11:00:00,966.097,14.713,3.6124783,458.33878,224.84544,380.10773
2024-02-28 11:30:00,144.857,15.1380005,3.738207,518.24651,232.91461,431.92334
2024-02-28 12:00:00,465.25,15.563001,3.8639357,578.15424,240.98378,483.73895
2024-02-28 12:30:00,303.65099999999995,15.8130015,4.0206276,583.10797,241.387825,480.115265
2024-02-28 13:00:00,376.285,16.063002,4.1773195,588.0617,241.79187,476.49158
2024-02-28 13:30:00,359.199,16.038001,4.28524805,574.136715,229.40111,482.91484
2024-02-28 14:00:00,474.9939999999999,16.013,4.3931766,560.21173,217.01035,489.3381
2024-02-28 14:30:00,623.0980000000001,15.763000000000002,4.3674176,496.24153,200.874735,443.42717
2024-02-28 15:00:00,177.406,15.513,4.3416586,432.27133,184.73912,397.51624
2024-02-28 15:30:00,632.668,15.113,4.30858495,354.143445,151.877505,356.99445000000003
2024-02-28 16:00:00,483.355,14.713,4.2755113,276.01556,119.01589,316.47266
2024-02-28 16:30:00,356.43699999999995,14.313,4.11069765,206.131475,97.513793,249.45247
2024-02-28 17:00:00,214.534,13.913,3.945884,136.24739,76.011696,182.43228
2024-02-28 17:30:00,85.691,13.288,3.3871555,76.8870475,43.482943,109.6965975
2024-02-28 18:00:00,9.734,12.663,2.828427,17.526705,10.95419,36.960915
2024-02-28 18:30:00,0.0,12.238,2.89069575,8.7633525,5.477095,18.4804575
2024-02-28 19:00:00,0.0,11.813,2.9529645,0.0,0.0,0.0
2024-02-28 19:30:00,0.0,11.838,3.057621,0.0,0.0,0.0
2024-02-28 20:00:00,0.0,11.863,3.1622775,0.0,0.0,0.0
2024-02-28 20:30:00,0.0,11.738,3.14318875,0.0,0.0,0.0
2024-02-28 21:00:00,0.0,11.613,3.1241,0.0,0.0,0.0
2024-02-28 21:30:00,0.0,11.513,3.1899321,0.0,0.0,0.0
2024-02-28 22:00:00,0.0,11.413,3.2557642,0.0,0.0,0.0
2024-02-28 22:30:00,0.0,11.313,3.26036485,0.0,0.0,0.0
2024-02-28 23:00:00,0.0,11.213,3.2649655,0.0,0.0,0.0
2024-02-28 23:30:00,0.0,11.188,3.2945598,0.0,0.0,0.0
2024-02-29 00:00:00,0.0,11.163,3.3241541,0.0,0.0,0.0
2024-02-29 00:30:00,0.0,11.088,3.3606058,0.0,0.0,0.0
2024-02-29 01:00:00,0.0,11.013,3.3970575,0.0,0.0,0.0
2024-02-29 01:30:00,0.0,10.888,3.4087919,0.0,0.0,0.0
2024-02-29 02:00:00,0.0,10.763,3.4205263,0.0,0.0,0.0
2024-02-29 02:30:00,0.0,10.663,3.2794987,0.0,0.0,0.0
2024-02-29 03:00:00,0.0,10.563,3.1384711,0.0,0.0,0.0
2024-02-29 03:30:00,0.0,10.563,3.33700255,0.0,0.0,0.0
2024-02-29 04:00:00,0.0,10.563,3.535534,0.0,0.0,0.0
2024-02-29 04:30:00,0.0,10.263,3.5795342000000003,0.0,0.0,0.0
2024-02-29 05:00:00,0.0,9.963,3.6235344,0.0,0.0,0.0
2024-02-29 05:30:00,0.0,9.663,3.6454793,0.0,0.0,0.0
2024-02-29 06:00:00,0.0,9.363,3.6674242,0.0,0.0,0.0
2024-02-29 06:30:00,0.0,9.363,3.4461636,0.0,0.0,0.0
2024-02-29 07:00:00,11.605,9.363,3.224903,0.0,0.0,0.0
2024-02-29 07:30:00,59.55799999999999,10.363,3.59739475,62.57842,37.184275,140.594665
2024-02-29 08:00:00,169.223,11.363,3.9698865,125.15684,74.36855,281.18933
2024-02-29 08:30:00,167.68,12.188,4.19005095,194.46253,105.046975,340.50784
2024-02-29 09:00:00,188.325,13.013,4.4102154,263.76822,135.7254,399.82635
2024-02-29 09:30:00,356.333,13.363,4.6071902,284.52965,182.059925,278.54698
2024-02-29 10:00:00,545.714,13.713,4.804165,305.29108,228.39445,157.26761
2024-02-29 10:30:00,513.527,14.063,4.7026258,350.88231,264.360235,156.29001499999998
2024-02-29 11:00:00,317.212,14.413,4.6010866,396.47354,300.32602,155.31242
2024-02-29 11:30:00,433.123,14.388,4.60922265,368.837385,297.49991,110.80964
2024-02-29 12:00:00,516.329,14.363,4.6173587,341.20123,294.6738,66.30686
2024-02-29 12:30:00,390.902,14.163,4.27463975,284.02287,260.759155,33.15343
2024-02-29 13:00:00,417.648,13.963,3.9319208,226.84451,226.84451,0.0
2024-02-29 13:30:00,254.247,14.213,4.0377954,275.95945500000005,249.18863,37.93529
2024-02-29 14:00:00,344.712,14.463,4.14367,325.0744,271.53275,75.87058
2024-02-29 14:30:00,251.216,14.638,4.2921955,284.989905,240.92093,65.5330035
2024-02-29 15:00:00,195.398,14.813,4.440721,244.90541,210.30911,55.195427
2024-02-29 15:30:00,232.518,14.513,4.25996825,195.96913,177.825965,29.28797975
2024-02-29 16:00:00,184.995,14.213,4.0792155,147.03285,145.34282,3.3805325
2024-02-29 16:30:00,102.494,13.838,3.9402655,101.586238,100.741223,1.69026625
2024-02-29 17:00:00,39.234,13.463,3.8013155,56.139626,56.139626,0.0
2024-02-29 17:30:00,18.411,13.213,3.64708275,32.630847,32.630847,0.0
2024-02-29 18:00:00,6.321000000000001,12.963,3.49285,9.122068,9.122068,0.0
2024-02-29 18:30:00,0.0,12.713,3.5387698,4.561034,4.561034,0.0
2024-02-29 19:00:00,0.0,12.463,3.5846896,0.0,0.0,0.0
2024-02-29 19:30:00,0.0,12.313,3.3805828,0.0,0.0,0.0
2024-02-29 20:00:00,0.0,12.163,3.176476,0.0,0.0,0.0
2024-02-29 20:30:00,0.0,11.988,3.22072075,0.0,0.0,0.0
2024-02-29 21:00:00,0.0,11.813,3.2649655,0.0,0.0,0.0
2024-02-29 21:30:00,0.0,11.738,3.37675915,0.0,0.0,0.0
2024-02-29 22:00:00,0.0,11.663,3.4885528,0.0,0.0,0.0
2024-02-29 22:30:00,0.0,11.913,3.88203205,0.0,0.0,0.0
2024-02-29 23:00:00,0.0,12.163,4.2755113,0.0,0.0,0.0
2024-02-29 23:30:00,0.0,12.288,4.29008015,0.0,0.0,0.0
